2024-10-30 12:00:00,212 INFO [Process Cluster Protocol Request-2] o.a.n.c.p.impl.SocketProtocolListener Finished processing request 7c4774c4-2003-4b8e-91d5-89f4f55f91aa (type=HEARTBEAT, length=2243 bytes) from mynifi:8080 in 1 millis
2024-10-30 12:00:00,214 INFO [Clustering Tasks Thread-3] o.a.n.c.c.ClusterProtocolHeartbeater Heartbeat created at 2024-10-30 12:00:00,208 and sent to mynifi:8082 at 2024-10-30 12:00:00,214; send took 5 millis
2024-10-30 12:00:04,965 INFO [Heartbeat Monitor Thread-1] o.a.n.c.c.h.AbstractHeartbeatMonitor Finished processing 1 heartbeats in 24766 nanos
2024-10-30 12:00:05,218 INFO [Process Cluster Protocol Request-3] o.a.n.c.p.impl.SocketProtocolListener Finished processing request 023bc6c0-9485-41e2-aa8a-af73164bdb16 (type=HEARTBEAT, length=2243 bytes) from mynifi:8080 in 896625 nanos
2024-10-30 12:00:05,219 INFO [Clustering Tasks Thread-3] o.a.n.c.c.ClusterProtocolHeartbeater Heartbeat created at 2024-10-30 12:00:05,216 and sent to mynifi:8082 at 2024-10-30 12:00:05,219; send took 3 millis
2024-10-30 12:00:06,586 INFO [pool-13-thread-1] o.a.n.c.r.WriteAheadFlowFileRepository Initiating checkpoint of FlowFile Repository
2024-10-30 12:00:06,586 INFO [pool-13-thread-1] o.a.n.c.r.WriteAheadFlowFileRepository Successfully checkpointed FlowFile Repository with 1 records in 0 milliseconds
2024-10-30 12:00:09,965 INFO [Heartbeat Monitor Thread-1] o.a.n.c.c.h.AbstractHeartbeatMonitor Finished processing 1 heartbeats in 7748 nanos
2024-10-30 12:00:10,226 INFO [Process Cluster Protocol Request-4] o.a.n.c.p.impl.SocketProtocolListener Finished processing request cf4a27a6-f81a-4748-93b5-75a01481b8a5 (type=HEARTBEAT, length=2243 bytes) from mynifi:8080 in 2 millis
2024-10-30 12:00:10,229 INFO [Clustering Tasks Thread-3] o.a.n.c.c.ClusterProtocolHeartbeater Heartbeat created at 2024-10-30 12:00:10,219 and sent to mynifi:8082 at 2024-10-30 12:00:10,229; send took 9 millis
2024-10-30 12:00:14,965 INFO [Heartbeat Monitor Thread-1] o.a.n.c.c.h.AbstractHeartbeatMonitor Finished processing 1 heartbeats in 10820 nanos
2024-10-30 12:00:15,232 INFO [Process Cluster Protocol Request-5] o.a.n.c.p.impl.SocketProtocolListener Finished processing request 486719b7-7121-426d-b1f6-1dd54d50dd35 (type=HEARTBEAT, length=2243 bytes) from mynifi:8080 in 1 millis
2024-10-30 12:00:15,234 INFO [Clustering Tasks Thread-3] o.a.n.c.c.ClusterProtocolHeartbeater Heartbeat created at 2024-10-30 12:00:15,229 and sent to mynifi:8082 at 2024-10-30 12:00:15,234; send took 4 millis
2024-10-30 12:00:19,966 INFO [Heartbeat Monitor Thread-1] o.a.n.c.c.h.AbstractHeartbeatMonitor Finished processing 1 heartbeats in 41124 nanos
2024-10-30 12:00:20,237 INFO [Process Cluster Protocol Request-6] o.a.n.c.p.impl.SocketProtocolListener Finished processing request d3bc76d6-f4bc-43d1-85cd-efe594efe066 (type=HEARTBEAT, length=2243 bytes) from mynifi:8080 in 1 millis
2024-10-30 12:00:20,239 INFO [Clustering Tasks Thread-3] o.a.n.c.c.ClusterProtocolHeartbeater Heartbeat created at 2024-10-30 12:00:20,234 and sent to mynifi:8082 at 2024-10-30 12:00:20,239; send took 4 millis
2024-10-30 12:00:24,966 INFO [Heartbeat Monitor Thread-1] o.a.n.c.c.h.AbstractHeartbeatMonitor Finished processing 1 heartbeats in 15828 nanos
2024-10-30 12:00:25,242 INFO [Process Cluster Protocol Request-7] o.a.n.c.p.impl.SocketProtocolListener Finished processing request 3b202bd0-b80c-4bb7-b6c3-93e61581142a (type=HEARTBEAT, length=2243 bytes) from mynifi:8080 in 1 millis
2024-10-30 12:00:25,244 INFO [Clustering Tasks Thread-3] o.a.n.c.c.ClusterProtocolHeartbeater Heartbeat created at 2024-10-30 12:00:25,239 and sent to mynifi:8082 at 2024-10-30 12:00:25,244; send took 5 millis
2024-10-30 12:00:26,586 INFO [pool-13-thread-1] o.a.n.c.r.WriteAheadFlowFileRepository Initiating checkpoint of FlowFile Repository
2024-10-30 12:00:26,586 INFO [pool-13-thread-1] o.a.n.c.r.WriteAheadFlowFileRepository Successfully checkpointed FlowFile Repository with 1 records in 0 milliseconds
2024-10-30 12:00:29,966 INFO [Heartbeat Monitor Thread-1] o.a.n.c.c.h.AbstractHeartbeatMonitor Finished processing 1 heartbeats in 7030 nanos
2024-10-30 12:00:30,247 INFO [Process Cluster Protocol Request-8] o.a.n.c.p.impl.SocketProtocolListener Finished processing request 66a98ae7-58fe-483d-a427-d9db11901015 (type=HEARTBEAT, length=2243 bytes) from mynifi:8080 in 1 millis
2024-10-30 12:00:30,249 INFO [Clustering Tasks Thread-3] o.a.n.c.c.ClusterProtocolHeartbeater Heartbeat created at 2024-10-30 12:00:30,244 and sent to mynifi:8082 at 2024-10-30 12:00:30,249; send took 4 millis
2024-10-30 12:00:34,967 INFO [Heartbeat Monitor Thread-1] o.a.n.c.c.h.AbstractHeartbeatMonitor Finished processing 1 heartbeats in 14444 nanos
2024-10-30 12:00:35,251 INFO [Process Cluster Protocol Request-9] o.a.n.c.p.impl.SocketProtocolListener Finished processing request 14c2df42-a3ef-47be-9dc9-2342fc29d3fe (type=HEARTBEAT, length=2243 bytes) from mynifi:8080 in 927134 nanos
2024-10-30 12:00:35,252 INFO [Clustering Tasks Thread-3] o.a.n.c.c.ClusterProtocolHeartbeater Heartbeat created at 2024-10-30 12:00:35,249 and sent to mynifi:8082 at 2024-10-30 12:00:35,252; send took 3 millis
2024-10-30 12:00:39,967 INFO [Heartbeat Monitor Thread-1] o.a.n.c.c.h.AbstractHeartbeatMonitor Finished processing 1 heartbeats in 74267 nanos
2024-10-30 12:00:40,257 INFO [Process Cluster Protocol Request-10] o.a.n.c.p.impl.SocketProtocolListener Finished processing request fbc69436-5789-4b1f-b97d-ffd1304ebecb (type=HEARTBEAT, length=2243 bytes) from mynifi:8080 in 2 millis
2024-10-30 12:00:40,259 INFO [Clustering Tasks Thread-3] o.a.n.c.c.ClusterProtocolHeartbeater Heartbeat created at 2024-10-30 12:00:40,252 and sent to mynifi:8082 at 2024-10-30 12:00:40,259; send took 6 millis
2024-10-30 12:00:41,295 INFO [Cleanup Archive for default] o.a.n.c.repository.FileSystemRepository Successfully deleted 0 files (0 bytes) from archive
2024-10-30 12:00:44,967 INFO [Heartbeat Monitor Thread-1] o.a.n.c.c.h.AbstractHeartbeatMonitor Finished processing 1 heartbeats in 7950 nanos
2024-10-30 12:00:45,265 INFO [Process Cluster Protocol Request-1] o.a.n.c.p.impl.SocketProtocolListener Finished processing request d0da1fde-5c10-4d8e-94f5-c495295a3953 (type=HEARTBEAT, length=2243 bytes) from mynifi:8080 in 2 millis
2024-10-30 12:00:45,268 INFO [Clustering Tasks Thread-3] o.a.n.c.c.ClusterProtocolHeartbeater Heartbeat created at 2024-10-30 12:00:45,259 and sent to mynifi:8082 at 2024-10-30 12:00:45,268; send took 8 millis
2024-10-30 12:00:46,587 INFO [pool-13-thread-1] o.a.n.c.r.WriteAheadFlowFileRepository Initiating checkpoint of FlowFile Repository
2024-10-30 12:00:46,587 INFO [pool-13-thread-1] o.a.n.c.r.WriteAheadFlowFileRepository Successfully checkpointed FlowFile Repository with 1 records in 0 milliseconds
2024-10-30 12:00:49,968 INFO [Heartbeat Monitor Thread-1] o.a.n.c.c.h.AbstractHeartbeatMonitor Finished processing 1 heartbeats in 6931 nanos
2024-10-30 12:00:50,274 INFO [Process Cluster Protocol Request-2] o.a.n.c.p.impl.SocketProtocolListener Finished processing request 70f72d74-5bf2-48e1-9430-addd91517155 (type=HEARTBEAT, length=2243 bytes) from mynifi:8080 in 2 millis
2024-10-30 12:00:50,277 INFO [Clustering Tasks Thread-3] o.a.n.c.c.ClusterProtocolHeartbeater Heartbeat created at 2024-10-30 12:00:50,268 and sent to mynifi:8082 at 2024-10-30 12:00:50,277; send took 8 millis
2024-10-30 12:00:54,968 INFO [Heartbeat Monitor Thread-1] o.a.n.c.c.h.AbstractHeartbeatMonitor Finished processing 1 heartbeats in 14403 nanos
2024-10-30 12:00:55,279 INFO [Process Cluster Protocol Request-3] o.a.n.c.p.impl.SocketProtocolListener Finished processing request 473c643a-82ff-4d24-a8db-be56783b1bd2 (type=HEARTBEAT, length=2243 bytes) from mynifi:8080 in 999789 nanos
2024-10-30 12:00:55,280 INFO [Clustering Tasks Thread-3] o.a.n.c.c.ClusterProtocolHeartbeater Heartbeat created at 2024-10-30 12:00:55,277 and sent to mynifi:8082 at 2024-10-30 12:00:55,280; send took 3 millis
2024-10-30 12:00:59,968 INFO [Heartbeat Monitor Thread-1] o.a.n.c.c.h.AbstractHeartbeatMonitor Finished processing 1 heartbeats in 9782 nanos
2024-10-30 12:01:00,284 INFO [Process Cluster Protocol Request-4] o.a.n.c.p.impl.SocketProtocolListener Finished processing request 9d1afc53-97ff-4b56-8b0d-f602f23c5d2d (type=HEARTBEAT, length=2243 bytes) from mynifi:8080 in 1 millis
2024-10-30 12:01:00,285 INFO [Clustering Tasks Thread-3] o.a.n.c.c.ClusterProtocolHeartbeater Heartbeat created at 2024-10-30 12:01:00,281 and sent to mynifi:8082 at 2024-10-30 12:01:00,285; send took 4 millis
2024-10-30 12:01:04,969 INFO [Heartbeat Monitor Thread-1] o.a.n.c.c.h.AbstractHeartbeatMonitor Finished processing 1 heartbeats in 11862 nanos
2024-10-30 12:01:05,291 INFO [Process Cluster Protocol Request-5] o.a.n.c.p.impl.SocketProtocolListener Finished processing request fede59f0-0da5-47fe-9477-ae3d3983bae6 (type=HEARTBEAT, length=2243 bytes) from mynifi:8080 in 2 millis
2024-10-30 12:01:05,293 INFO [Clustering Tasks Thread-3] o.a.n.c.c.ClusterProtocolHeartbeater Heartbeat created at 2024-10-30 12:01:05,285 and sent to mynifi:8082 at 2024-10-30 12:01:05,293; send took 8 millis
2024-10-30 12:01:06,587 INFO [pool-13-thread-1] o.a.n.c.r.WriteAheadFlowFileRepository Initiating checkpoint of FlowFile Repository
2024-10-30 12:01:06,587 INFO [pool-13-thread-1] o.a.n.c.r.WriteAheadFlowFileRepository Successfully checkpointed FlowFile Repository with 1 records in 0 milliseconds
2024-10-30 12:01:09,969 INFO [Heartbeat Monitor Thread-1] o.a.n.c.c.h.AbstractHeartbeatMonitor Finished processing 1 heartbeats in 31643 nanos
2024-10-30 12:01:10,296 INFO [Process Cluster Protocol Request-6] o.a.n.c.p.impl.SocketProtocolListener Finished processing request 8620a0ae-af62-473b-8636-1acc7fe5ab46 (type=HEARTBEAT, length=2243 bytes) from mynifi:8080 in 1 millis
2024-10-30 12:01:10,297 INFO [Clustering Tasks Thread-3] o.a.n.c.c.ClusterProtocolHeartbeater Heartbeat created at 2024-10-30 12:01:10,294 and sent to mynifi:8082 at 2024-10-30 12:01:10,297; send took 3 millis
2024-10-30 12:01:14,969 INFO [Heartbeat Monitor Thread-1] o.a.n.c.c.h.AbstractHeartbeatMonitor Finished processing 1 heartbeats in 16439 nanos
2024-10-30 12:01:15,303 INFO [Process Cluster Protocol Request-7] o.a.n.c.p.impl.SocketProtocolListener Finished processing request 924990a5-c8ad-4af4-a059-a7d8624b7209 (type=HEARTBEAT, length=2243 bytes) from mynifi:8080 in 2 millis
2024-10-30 12:01:15,306 INFO [Clustering Tasks Thread-3] o.a.n.c.c.ClusterProtocolHeartbeater Heartbeat created at 2024-10-30 12:01:15,297 and sent to mynifi:8082 at 2024-10-30 12:01:15,306; send took 8 millis
2024-10-30 12:01:19,970 INFO [Heartbeat Monitor Thread-1] o.a.n.c.c.h.AbstractHeartbeatMonitor Finished processing 1 heartbeats in 15439 nanos
2024-10-30 12:01:20,312 INFO [Process Cluster Protocol Request-8] o.a.n.c.p.impl.SocketProtocolListener Finished processing request bfd253c7-fa87-4044-ad73-fefdf1f779a3 (type=HEARTBEAT, length=2243 bytes) from mynifi:8080 in 2 millis
2024-10-30 12:01:20,316 INFO [Clustering Tasks Thread-3] o.a.n.c.c.ClusterProtocolHeartbeater Heartbeat created at 2024-10-30 12:01:20,307 and sent to mynifi:8082 at 2024-10-30 12:01:20,316; send took 8 millis
2024-10-30 12:01:24,970 INFO [Heartbeat Monitor Thread-1] o.a.n.c.c.h.AbstractHeartbeatMonitor Finished processing 1 heartbeats in 7257 nanos
2024-10-30 12:01:25,319 INFO [Process Cluster Protocol Request-9] o.a.n.c.p.impl.SocketProtocolListener Finished processing request fba37952-c80f-4db5-93ad-1839ee0eab97 (type=HEARTBEAT, length=2243 bytes) from mynifi:8080 in 1 millis
2024-10-30 12:01:25,320 INFO [Clustering Tasks Thread-3] o.a.n.c.c.ClusterProtocolHeartbeater Heartbeat created at 2024-10-30 12:01:25,316 and sent to mynifi:8082 at 2024-10-30 12:01:25,320; send took 3 millis
2024-10-30 12:01:26,587 INFO [pool-13-thread-1] o.a.n.c.r.WriteAheadFlowFileRepository Initiating checkpoint of FlowFile Repository
2024-10-30 12:01:26,587 INFO [pool-13-thread-1] o.a.n.c.r.WriteAheadFlowFileRepository Successfully checkpointed FlowFile Repository with 1 records in 0 milliseconds
2024-10-30 12:01:29,970 INFO [Heartbeat Monitor Thread-1] o.a.n.c.c.h.AbstractHeartbeatMonitor Finished processing 1 heartbeats in 7150 nanos
2024-10-30 12:01:30,322 INFO [Process Cluster Protocol Request-10] o.a.n.c.p.impl.SocketProtocolListener Finished processing request 00556963-e2c3-4461-9e82-9f65bc806b05 (type=HEARTBEAT, length=2243 bytes) from mynifi:8080 in 1 millis
2024-10-30 12:01:30,323 INFO [Clustering Tasks Thread-3] o.a.n.c.c.ClusterProtocolHeartbeater Heartbeat created at 2024-10-30 12:01:30,320 and sent to mynifi:8082 at 2024-10-30 12:01:30,323; send took 3 millis
2024-10-30 12:01:34,970 INFO [Heartbeat Monitor Thread-1] o.a.n.c.c.h.AbstractHeartbeatMonitor Finished processing 1 heartbeats in 13586 nanos
2024-10-30 12:01:35,329 INFO [Process Cluster Protocol Request-1] o.a.n.c.p.impl.SocketProtocolListener Finished processing request f143eb19-191e-4827-afda-1487321b6529 (type=HEARTBEAT, length=2243 bytes) from mynifi:8080 in 2 millis
2024-10-30 12:01:35,331 INFO [Clustering Tasks Thread-3] o.a.n.c.c.ClusterProtocolHeartbeater Heartbeat created at 2024-10-30 12:01:35,324 and sent to mynifi:8082 at 2024-10-30 12:01:35,331; send took 7 millis
2024-10-30 12:01:37,534 INFO [Write-Ahead Local State Provider Maintenance] org.wali.MinimalLockingWriteAheadLog org.wali.MinimalLockingWriteAheadLog@4ccfd904 checkpointed with 25 Records and 0 Swap Files in 5 milliseconds (Stop-the-world time = 1 milliseconds, Clear Edit Logs time = 2 millis), max Transaction ID 107
2024-10-30 12:01:39,971 INFO [Heartbeat Monitor Thread-1] o.a.n.c.c.h.AbstractHeartbeatMonitor Finished processing 1 heartbeats in 8019 nanos
2024-10-30 12:01:40,334 INFO [Process Cluster Protocol Request-2] o.a.n.c.p.impl.SocketProtocolListener Finished processing request 87d0d306-1065-44f1-9aaf-d4fb503883ac (type=HEARTBEAT, length=2243 bytes) from mynifi:8080 in 1 millis
2024-10-30 12:01:40,335 INFO [Clustering Tasks Thread-3] o.a.n.c.c.ClusterProtocolHeartbeater Heartbeat created at 2024-10-30 12:01:40,331 and sent to mynifi:8082 at 2024-10-30 12:01:40,335; send took 3 millis
2024-10-30 12:01:41,315 INFO [Cleanup Archive for default] o.a.n.c.repository.FileSystemRepository Successfully deleted 0 files (0 bytes) from archive
2024-10-30 12:01:44,971 INFO [Heartbeat Monitor Thread-1] o.a.n.c.c.h.AbstractHeartbeatMonitor Finished processing 1 heartbeats in 13384 nanos
2024-10-30 12:01:45,337 INFO [Process Cluster Protocol Request-3] o.a.n.c.p.impl.SocketProtocolListener Finished processing request ff5352ca-ccd7-455c-be2c-bbfd4ba886c2 (type=HEARTBEAT, length=2243 bytes) from mynifi:8080 in 848388 nanos
2024-10-30 12:01:45,338 INFO [Clustering Tasks Thread-3] o.a.n.c.c.ClusterProtocolHeartbeater Heartbeat created at 2024-10-30 12:01:45,335 and sent to mynifi:8082 at 2024-10-30 12:01:45,338; send took 2 millis
2024-10-30 12:01:46,588 INFO [pool-13-thread-1] o.a.n.c.r.WriteAheadFlowFileRepository Initiating checkpoint of FlowFile Repository
2024-10-30 12:01:46,588 INFO [pool-13-thread-1] o.a.n.c.r.WriteAheadFlowFileRepository Successfully checkpointed FlowFile Repository with 1 records in 0 milliseconds
2024-10-30 12:01:49,971 INFO [Heartbeat Monitor Thread-1] o.a.n.c.c.h.AbstractHeartbeatMonitor Finished processing 1 heartbeats in 7610 nanos
2024-10-30 12:01:50,344 INFO [Process Cluster Protocol Request-4] o.a.n.c.p.impl.SocketProtocolListener Finished processing request 2b7511b4-0832-439d-8a26-78ad484b9d5c (type=HEARTBEAT, length=2243 bytes) from mynifi:8080 in 2 millis
2024-10-30 12:01:50,347 INFO [Clustering Tasks Thread-3] o.a.n.c.c.ClusterProtocolHeartbeater Heartbeat created at 2024-10-30 12:01:50,338 and sent to mynifi:8082 at 2024-10-30 12:01:50,347; send took 9 millis
2024-10-30 12:01:54,972 INFO [Heartbeat Monitor Thread-1] o.a.n.c.c.h.AbstractHeartbeatMonitor Finished processing 1 heartbeats in 6752 nanos
2024-10-30 12:01:55,350 INFO [Process Cluster Protocol Request-5] o.a.n.c.p.impl.SocketProtocolListener Finished processing request c5d02903-9efc-4d6a-b278-9b4aa1e37944 (type=HEARTBEAT, length=2243 bytes) from mynifi:8080 in 951173 nanos
2024-10-30 12:01:55,351 INFO [Clustering Tasks Thread-3] o.a.n.c.c.ClusterProtocolHeartbeater Heartbeat created at 2024-10-30 12:01:55,348 and sent to mynifi:8082 at 2024-10-30 12:01:55,351; send took 3 millis
2024-10-30 12:01:59,972 INFO [Heartbeat Monitor Thread-1] o.a.n.c.c.h.AbstractHeartbeatMonitor Finished processing 1 heartbeats in 14196 nanos
2024-10-30 12:02:00,357 INFO [Process Cluster Protocol Request-6] o.a.n.c.p.impl.SocketProtocolListener Finished processing request 9b9c79b9-c353-4920-a5d1-018300b4df3b (type=HEARTBEAT, length=2243 bytes) from mynifi:8080 in 2 millis
2024-10-30 12:02:00,359 INFO [Clustering Tasks Thread-3] o.a.n.c.c.ClusterProtocolHeartbeater Heartbeat created at 2024-10-30 12:02:00,351 and sent to mynifi:8082 at 2024-10-30 12:02:00,359; send took 8 millis
2024-10-30 12:02:04,972 INFO [Heartbeat Monitor Thread-1] o.a.n.c.c.h.AbstractHeartbeatMonitor Finished processing 1 heartbeats in 12655 nanos
2024-10-30 12:02:05,365 INFO [Process Cluster Protocol Request-7] o.a.n.c.p.impl.SocketProtocolListener Finished processing request e895ddf7-c3e1-4ce3-a6ec-76aa6476b901 (type=HEARTBEAT, length=2243 bytes) from mynifi:8080 in 2 millis
2024-10-30 12:02:05,367 INFO [Clustering Tasks Thread-3] o.a.n.c.c.ClusterProtocolHeartbeater Heartbeat created at 2024-10-30 12:02:05,360 and sent to mynifi:8082 at 2024-10-30 12:02:05,367; send took 7 millis
2024-10-30 12:02:06,588 INFO [pool-13-thread-1] o.a.n.c.r.WriteAheadFlowFileRepository Initiating checkpoint of FlowFile Repository
2024-10-30 12:02:06,588 INFO [pool-13-thread-1] o.a.n.c.r.WriteAheadFlowFileRepository Successfully checkpointed FlowFile Repository with 1 records in 0 milliseconds
2024-10-30 12:02:09,973 INFO [Heartbeat Monitor Thread-1] o.a.n.c.c.h.AbstractHeartbeatMonitor Finished processing 1 heartbeats in 11136 nanos
2024-10-30 12:02:10,370 INFO [Process Cluster Protocol Request-8] o.a.n.c.p.impl.SocketProtocolListener Finished processing request 52d409ee-5b23-498f-8598-cdf94a520481 (type=HEARTBEAT, length=2243 bytes) from mynifi:8080 in 1 millis
2024-10-30 12:02:10,371 INFO [Clustering Tasks Thread-3] o.a.n.c.c.ClusterProtocolHeartbeater Heartbeat created at 2024-10-30 12:02:10,368 and sent to mynifi:8082 at 2024-10-30 12:02:10,371; send took 3 millis
2024-10-30 12:02:14,973 INFO [Heartbeat Monitor Thread-1] o.a.n.c.c.h.AbstractHeartbeatMonitor Finished processing 1 heartbeats in 37098 nanos
2024-10-30 12:02:15,375 INFO [Process Cluster Protocol Request-9] o.a.n.c.p.impl.SocketProtocolListener Finished processing request ef89635d-ea8d-44c4-ae77-b52af900735f (type=HEARTBEAT, length=2243 bytes) from mynifi:8080 in 1 millis
2024-10-30 12:02:15,376 INFO [Clustering Tasks Thread-3] o.a.n.c.c.ClusterProtocolHeartbeater Heartbeat created at 2024-10-30 12:02:15,372 and sent to mynifi:8082 at 2024-10-30 12:02:15,376; send took 4 millis
2024-10-30 12:02:19,973 INFO [Heartbeat Monitor Thread-1] o.a.n.c.c.h.AbstractHeartbeatMonitor Finished processing 1 heartbeats in 9949 nanos
2024-10-30 12:02:20,379 INFO [Process Cluster Protocol Request-10] o.a.n.c.p.impl.SocketProtocolListener Finished processing request edff2179-487b-4e35-8db0-6c4cbfd5d4f8 (type=HEARTBEAT, length=2243 bytes) from mynifi:8080 in 1 millis
2024-10-30 12:02:20,380 INFO [Clustering Tasks Thread-3] o.a.n.c.c.ClusterProtocolHeartbeater Heartbeat created at 2024-10-30 12:02:20,377 and sent to mynifi:8082 at 2024-10-30 12:02:20,380; send took 3 millis
2024-10-30 12:02:24,973 INFO [Heartbeat Monitor Thread-1] o.a.n.c.c.h.AbstractHeartbeatMonitor Finished processing 1 heartbeats in 8659 nanos
2024-10-30 12:02:25,386 INFO [Process Cluster Protocol Request-1] o.a.n.c.p.impl.SocketProtocolListener Finished processing request 14dd9ef0-eede-4565-a0f8-8cd4e7afb288 (type=HEARTBEAT, length=2243 bytes) from mynifi:8080 in 2 millis
2024-10-30 12:02:25,389 INFO [Clustering Tasks Thread-3] o.a.n.c.c.ClusterProtocolHeartbeater Heartbeat created at 2024-10-30 12:02:25,381 and sent to mynifi:8082 at 2024-10-30 12:02:25,389; send took 8 millis
2024-10-30 12:02:26,588 INFO [pool-13-thread-1] o.a.n.c.r.WriteAheadFlowFileRepository Initiating checkpoint of FlowFile Repository
2024-10-30 12:02:26,588 INFO [pool-13-thread-1] o.a.n.c.r.WriteAheadFlowFileRepository Successfully checkpointed FlowFile Repository with 1 records in 0 milliseconds
2024-10-30 12:02:29,974 INFO [Heartbeat Monitor Thread-1] o.a.n.c.c.h.AbstractHeartbeatMonitor Finished processing 1 heartbeats in 14549 nanos
2024-10-30 12:02:30,393 INFO [Process Cluster Protocol Request-2] o.a.n.c.p.impl.SocketProtocolListener Finished processing request 12851ebd-1df2-46a8-a11b-9ed2d1bb9a59 (type=HEARTBEAT, length=2243 bytes) from mynifi:8080 in 1 millis
2024-10-30 12:02:30,396 INFO [Clustering Tasks Thread-3] o.a.n.c.c.ClusterProtocolHeartbeater Heartbeat created at 2024-10-30 12:02:30,389 and sent to mynifi:8082 at 2024-10-30 12:02:30,396; send took 6 millis
2024-10-30 12:02:34,974 INFO [Heartbeat Monitor Thread-1] o.a.n.c.c.h.AbstractHeartbeatMonitor Finished processing 1 heartbeats in 5879 nanos
2024-10-30 12:02:35,402 INFO [Process Cluster Protocol Request-3] o.a.n.c.p.impl.SocketProtocolListener Finished processing request bdb707fe-fec9-494d-9cf3-978697f3c8e3 (type=HEARTBEAT, length=2243 bytes) from mynifi:8080 in 3 millis
2024-10-30 12:02:35,405 INFO [Clustering Tasks Thread-3] o.a.n.c.c.ClusterProtocolHeartbeater Heartbeat created at 2024-10-30 12:02:35,396 and sent to mynifi:8082 at 2024-10-30 12:02:35,405; send took 8 millis
2024-10-30 12:02:39,974 INFO [Heartbeat Monitor Thread-1] o.a.n.c.c.h.AbstractHeartbeatMonitor Finished processing 1 heartbeats in 6848 nanos
2024-10-30 12:02:40,408 INFO [Process Cluster Protocol Request-4] o.a.n.c.p.impl.SocketProtocolListener Finished processing request caaccd3d-2171-49ea-b565-735a33f13cd4 (type=HEARTBEAT, length=2243 bytes) from mynifi:8080 in 1 millis
2024-10-30 12:02:40,409 INFO [Clustering Tasks Thread-3] o.a.n.c.c.ClusterProtocolHeartbeater Heartbeat created at 2024-10-30 12:02:40,406 and sent to mynifi:8082 at 2024-10-30 12:02:40,409; send took 3 millis
2024-10-30 12:02:41,340 INFO [Cleanup Archive for default] o.a.n.c.repository.FileSystemRepository Successfully deleted 0 files (0 bytes) from archive
2024-10-30 12:02:44,974 INFO [Heartbeat Monitor Thread-1] o.a.n.c.c.h.AbstractHeartbeatMonitor Finished processing 1 heartbeats in 7511 nanos
2024-10-30 12:02:45,415 INFO [Process Cluster Protocol Request-5] o.a.n.c.p.impl.SocketProtocolListener Finished processing request 8cbd8f94-ab22-4f3e-9a7e-fda174157678 (type=HEARTBEAT, length=2243 bytes) from mynifi:8080 in 2 millis
2024-10-30 12:02:45,418 INFO [Clustering Tasks Thread-3] o.a.n.c.c.ClusterProtocolHeartbeater Heartbeat created at 2024-10-30 12:02:45,409 and sent to mynifi:8082 at 2024-10-30 12:02:45,418; send took 8 millis
2024-10-30 12:02:46,589 INFO [pool-13-thread-1] o.a.n.c.r.WriteAheadFlowFileRepository Initiating checkpoint of FlowFile Repository
2024-10-30 12:02:46,589 INFO [pool-13-thread-1] o.a.n.c.r.WriteAheadFlowFileRepository Successfully checkpointed FlowFile Repository with 1 records in 0 milliseconds
2024-10-30 12:02:49,975 INFO [Heartbeat Monitor Thread-1] o.a.n.c.c.h.AbstractHeartbeatMonitor Finished processing 1 heartbeats in 30328 nanos
2024-10-30 12:02:50,424 INFO [Process Cluster Protocol Request-6] o.a.n.c.p.impl.SocketProtocolListener Finished processing request 1a6eebc4-c746-491d-bbd0-96d8721f6cba (type=HEARTBEAT, length=2243 bytes) from mynifi:8080 in 2 millis
2024-10-30 12:02:50,427 INFO [Clustering Tasks Thread-3] o.a.n.c.c.ClusterProtocolHeartbeater Heartbeat created at 2024-10-30 12:02:50,418 and sent to mynifi:8082 at 2024-10-30 12:02:50,427; send took 8 millis
2024-10-30 12:02:54,975 INFO [Heartbeat Monitor Thread-1] o.a.n.c.c.h.AbstractHeartbeatMonitor Finished processing 1 heartbeats in 22722 nanos
2024-10-30 12:02:55,429 INFO [Process Cluster Protocol Request-7] o.a.n.c.p.impl.SocketProtocolListener Finished processing request bf64d4f0-5510-473e-bcc3-86da39a0311f (type=HEARTBEAT, length=2243 bytes) from mynifi:8080 in 1 millis
2024-10-30 12:02:55,431 INFO [Clustering Tasks Thread-3] o.a.n.c.c.ClusterProtocolHeartbeater Heartbeat created at 2024-10-30 12:02:55,427 and sent to mynifi:8082 at 2024-10-30 12:02:55,431; send took 3 millis
2024-10-30 12:02:59,975 INFO [Heartbeat Monitor Thread-1] o.a.n.c.c.h.AbstractHeartbeatMonitor Finished processing 1 heartbeats in 26448 nanos
2024-10-30 12:03:00,433 INFO [Process Cluster Protocol Request-8] o.a.n.c.p.impl.SocketProtocolListener Finished processing request 2b43e708-9455-4049-90d4-30c370eb68ac (type=HEARTBEAT, length=2243 bytes) from mynifi:8080 in 1 millis
2024-10-30 12:03:00,434 INFO [Clustering Tasks Thread-3] o.a.n.c.c.ClusterProtocolHeartbeater Heartbeat created at 2024-10-30 12:03:00,431 and sent to mynifi:8082 at 2024-10-30 12:03:00,434; send took 3 millis
2024-10-30 12:03:04,976 INFO [Heartbeat Monitor Thread-1] o.a.n.c.c.h.AbstractHeartbeatMonitor Finished processing 1 heartbeats in 14302 nanos
2024-10-30 12:03:05,439 INFO [Process Cluster Protocol Request-9] o.a.n.c.p.impl.SocketProtocolListener Finished processing request dda44a59-092e-4ee9-ac08-9cc29bfb79d1 (type=HEARTBEAT, length=2243 bytes) from mynifi:8080 in 2 millis
2024-10-30 12:03:05,442 INFO [Clustering Tasks Thread-3] o.a.n.c.c.ClusterProtocolHeartbeater Heartbeat created at 2024-10-30 12:03:05,434 and sent to mynifi:8082 at 2024-10-30 12:03:05,442; send took 7 millis
2024-10-30 12:03:06,589 INFO [pool-13-thread-1] o.a.n.c.r.WriteAheadFlowFileRepository Initiating checkpoint of FlowFile Repository
2024-10-30 12:03:06,589 INFO [pool-13-thread-1] o.a.n.c.r.WriteAheadFlowFileRepository Successfully checkpointed FlowFile Repository with 1 records in 0 milliseconds
2024-10-30 12:03:09,976 INFO [Heartbeat Monitor Thread-1] o.a.n.c.c.h.AbstractHeartbeatMonitor Finished processing 1 heartbeats in 9250 nanos
2024-10-30 12:03:10,445 INFO [Process Cluster Protocol Request-10] o.a.n.c.p.impl.SocketProtocolListener Finished processing request 5ba6bbd1-ada7-4f76-9c18-74858fc817fd (type=HEARTBEAT, length=2243 bytes) from mynifi:8080 in 1 millis
2024-10-30 12:03:10,447 INFO [Clustering Tasks Thread-3] o.a.n.c.c.ClusterProtocolHeartbeater Heartbeat created at 2024-10-30 12:03:10,442 and sent to mynifi:8082 at 2024-10-30 12:03:10,447; send took 4 millis
2024-10-30 12:03:14,976 INFO [Heartbeat Monitor Thread-1] o.a.n.c.c.h.AbstractHeartbeatMonitor Finished processing 1 heartbeats in 6685 nanos
2024-10-30 12:03:15,452 INFO [Process Cluster Protocol Request-1] o.a.n.c.p.impl.SocketProtocolListener Finished processing request 34a41135-be7a-43fb-b48a-e129b2fb836d (type=HEARTBEAT, length=2243 bytes) from mynifi:8080 in 2 millis
2024-10-30 12:03:15,454 INFO [Clustering Tasks Thread-3] o.a.n.c.c.ClusterProtocolHeartbeater Heartbeat created at 2024-10-30 12:03:15,447 and sent to mynifi:8082 at 2024-10-30 12:03:15,454; send took 6 millis
2024-10-30 12:03:19,977 INFO [Heartbeat Monitor Thread-1] o.a.n.c.c.h.AbstractHeartbeatMonitor Finished processing 1 heartbeats in 9411 nanos
2024-10-30 12:03:20,457 INFO [Process Cluster Protocol Request-2] o.a.n.c.p.impl.SocketProtocolListener Finished processing request c81d6467-7139-4a7b-81f1-191c18c17b11 (type=HEARTBEAT, length=2243 bytes) from mynifi:8080 in 1 millis
2024-10-30 12:03:20,458 INFO [Clustering Tasks Thread-3] o.a.n.c.c.ClusterProtocolHeartbeater Heartbeat created at 2024-10-30 12:03:20,454 and sent to mynifi:8082 at 2024-10-30 12:03:20,458; send took 3 millis
2024-10-30 12:03:24,977 INFO [Heartbeat Monitor Thread-1] o.a.n.c.c.h.AbstractHeartbeatMonitor Finished processing 1 heartbeats in 14353 nanos
2024-10-30 12:03:25,461 INFO [Process Cluster Protocol Request-3] o.a.n.c.p.impl.SocketProtocolListener Finished processing request 6398a808-d9ec-42de-a522-dfbd920361ac (type=HEARTBEAT, length=2243 bytes) from mynifi:8080 in 1 millis
2024-10-30 12:03:25,462 INFO [Clustering Tasks Thread-3] o.a.n.c.c.ClusterProtocolHeartbeater Heartbeat created at 2024-10-30 12:03:25,458 and sent to mynifi:8082 at 2024-10-30 12:03:25,462; send took 4 millis
2024-10-30 12:03:26,589 INFO [pool-13-thread-1] o.a.n.c.r.WriteAheadFlowFileRepository Initiating checkpoint of FlowFile Repository
2024-10-30 12:03:26,589 INFO [pool-13-thread-1] o.a.n.c.r.WriteAheadFlowFileRepository Successfully checkpointed FlowFile Repository with 1 records in 0 milliseconds
2024-10-30 12:03:29,977 INFO [Heartbeat Monitor Thread-1] o.a.n.c.c.h.AbstractHeartbeatMonitor Finished processing 1 heartbeats in 14206 nanos
2024-10-30 12:03:30,469 INFO [Process Cluster Protocol Request-4] o.a.n.c.p.impl.SocketProtocolListener Finished processing request fac088cf-45b7-4cde-9432-40103801c827 (type=HEARTBEAT, length=2243 bytes) from mynifi:8080 in 2 millis
2024-10-30 12:03:30,472 INFO [Clustering Tasks Thread-3] o.a.n.c.c.ClusterProtocolHeartbeater Heartbeat created at 2024-10-30 12:03:30,463 and sent to mynifi:8082 at 2024-10-30 12:03:30,472; send took 8 millis
2024-10-30 12:03:34,978 INFO [Heartbeat Monitor Thread-1] o.a.n.c.c.h.AbstractHeartbeatMonitor Finished processing 1 heartbeats in 14002 nanos
2024-10-30 12:03:35,474 INFO [Process Cluster Protocol Request-5] o.a.n.c.p.impl.SocketProtocolListener Finished processing request eb330f2f-667d-420a-a7c6-5f989598d1ec (type=HEARTBEAT, length=2243 bytes) from mynifi:8080 in 928490 nanos
2024-10-30 12:03:35,475 INFO [Clustering Tasks Thread-3] o.a.n.c.c.ClusterProtocolHeartbeater Heartbeat created at 2024-10-30 12:03:35,472 and sent to mynifi:8082 at 2024-10-30 12:03:35,475; send took 2 millis
2024-10-30 12:03:37,541 INFO [Write-Ahead Local State Provider Maintenance] org.wali.MinimalLockingWriteAheadLog org.wali.MinimalLockingWriteAheadLog@4ccfd904 checkpointed with 25 Records and 0 Swap Files in 7 milliseconds (Stop-the-world time = 2 milliseconds, Clear Edit Logs time = 3 millis), max Transaction ID 107
2024-10-30 12:03:39,978 INFO [Heartbeat Monitor Thread-1] o.a.n.c.c.h.AbstractHeartbeatMonitor Finished processing 1 heartbeats in 5776 nanos
2024-10-30 12:03:40,478 INFO [Process Cluster Protocol Request-6] o.a.n.c.p.impl.SocketProtocolListener Finished processing request 903c6b65-c511-40b6-8d3f-ccab6e9cda09 (type=HEARTBEAT, length=2243 bytes) from mynifi:8080 in 1 millis
2024-10-30 12:03:40,481 INFO [Clustering Tasks Thread-3] o.a.n.c.c.ClusterProtocolHeartbeater Heartbeat created at 2024-10-30 12:03:40,475 and sent to mynifi:8082 at 2024-10-30 12:03:40,481; send took 5 millis
2024-10-30 12:03:41,400 INFO [Cleanup Archive for default] o.a.n.c.repository.FileSystemRepository Successfully deleted 0 files (0 bytes) from archive
2024-10-30 12:03:44,978 INFO [Heartbeat Monitor Thread-1] o.a.n.c.c.h.AbstractHeartbeatMonitor Finished processing 1 heartbeats in 7657 nanos
2024-10-30 12:03:45,484 INFO [Process Cluster Protocol Request-7] o.a.n.c.p.impl.SocketProtocolListener Finished processing request ca5363b9-89db-436a-a84a-bd051a7c51dc (type=HEARTBEAT, length=2243 bytes) from mynifi:8080 in 1 millis
2024-10-30 12:03:45,485 INFO [Clustering Tasks Thread-3] o.a.n.c.c.ClusterProtocolHeartbeater Heartbeat created at 2024-10-30 12:03:45,481 and sent to mynifi:8082 at 2024-10-30 12:03:45,485; send took 3 millis
2024-10-30 12:03:46,589 INFO [pool-13-thread-1] o.a.n.c.r.WriteAheadFlowFileRepository Initiating checkpoint of FlowFile Repository
2024-10-30 12:03:46,589 INFO [pool-13-thread-1] o.a.n.c.r.WriteAheadFlowFileRepository Successfully checkpointed FlowFile Repository with 1 records in 0 milliseconds
2024-10-30 12:03:49,978 INFO [Heartbeat Monitor Thread-1] o.a.n.c.c.h.AbstractHeartbeatMonitor Finished processing 1 heartbeats in 14372 nanos
2024-10-30 12:03:50,488 INFO [Process Cluster Protocol Request-8] o.a.n.c.p.impl.SocketProtocolListener Finished processing request 32f90fb0-1b0b-4455-9da7-0057d5367087 (type=HEARTBEAT, length=2243 bytes) from mynifi:8080 in 1 millis
2024-10-30 12:03:50,489 INFO [Clustering Tasks Thread-3] o.a.n.c.c.ClusterProtocolHeartbeater Heartbeat created at 2024-10-30 12:03:50,486 and sent to mynifi:8082 at 2024-10-30 12:03:50,489; send took 3 millis
2024-10-30 12:03:54,979 INFO [Heartbeat Monitor Thread-1] o.a.n.c.c.h.AbstractHeartbeatMonitor Finished processing 1 heartbeats in 13734 nanos
2024-10-30 12:03:55,493 INFO [Process Cluster Protocol Request-9] o.a.n.c.p.impl.SocketProtocolListener Finished processing request 3b32bcfe-7c51-4060-849e-72371ec32fdb (type=HEARTBEAT, length=2243 bytes) from mynifi:8080 in 1 millis
2024-10-30 12:03:55,494 INFO [Clustering Tasks Thread-3] o.a.n.c.c.ClusterProtocolHeartbeater Heartbeat created at 2024-10-30 12:03:55,490 and sent to mynifi:8082 at 2024-10-30 12:03:55,494; send took 4 millis
2024-10-30 12:03:59,979 INFO [Heartbeat Monitor Thread-1] o.a.n.c.c.h.AbstractHeartbeatMonitor Finished processing 1 heartbeats in 7388 nanos
2024-10-30 12:04:00,496 INFO [Process Cluster Protocol Request-10] o.a.n.c.p.impl.SocketProtocolListener Finished processing request 06ca25c6-4308-42ed-aaa5-8c181aec8f15 (type=HEARTBEAT, length=2243 bytes) from mynifi:8080 in 1 millis
2024-10-30 12:04:00,498 INFO [Clustering Tasks Thread-3] o.a.n.c.c.ClusterProtocolHeartbeater Heartbeat created at 2024-10-30 12:04:00,494 and sent to mynifi:8082 at 2024-10-30 12:04:00,498; send took 3 millis
2024-10-30 12:04:04,979 INFO [Heartbeat Monitor Thread-1] o.a.n.c.c.h.AbstractHeartbeatMonitor Finished processing 1 heartbeats in 11554 nanos
2024-10-30 12:04:05,504 INFO [Process Cluster Protocol Request-1] o.a.n.c.p.impl.SocketProtocolListener Finished processing request 1338883c-99ae-46fd-9564-aa2285283a51 (type=HEARTBEAT, length=2243 bytes) from mynifi:8080 in 2 millis
2024-10-30 12:04:05,507 INFO [Clustering Tasks Thread-3] o.a.n.c.c.ClusterProtocolHeartbeater Heartbeat created at 2024-10-30 12:04:05,498 and sent to mynifi:8082 at 2024-10-30 12:04:05,507; send took 8 millis
2024-10-30 12:04:06,590 INFO [pool-13-thread-1] o.a.n.c.r.WriteAheadFlowFileRepository Initiating checkpoint of FlowFile Repository
2024-10-30 12:04:06,590 INFO [pool-13-thread-1] o.a.n.c.r.WriteAheadFlowFileRepository Successfully checkpointed FlowFile Repository with 1 records in 0 milliseconds
2024-10-30 12:04:09,980 INFO [Heartbeat Monitor Thread-1] o.a.n.c.c.h.AbstractHeartbeatMonitor Finished processing 1 heartbeats in 13985 nanos
2024-10-30 12:04:10,511 INFO [Process Cluster Protocol Request-2] o.a.n.c.p.impl.SocketProtocolListener Finished processing request d5efc21a-8907-4386-b9e4-2b3b04174e52 (type=HEARTBEAT, length=2243 bytes) from mynifi:8080 in 1 millis
2024-10-30 12:04:10,512 INFO [Clustering Tasks Thread-3] o.a.n.c.c.ClusterProtocolHeartbeater Heartbeat created at 2024-10-30 12:04:10,507 and sent to mynifi:8082 at 2024-10-30 12:04:10,512; send took 5 millis
2024-10-30 12:04:14,980 INFO [Heartbeat Monitor Thread-1] o.a.n.c.c.h.AbstractHeartbeatMonitor Finished processing 1 heartbeats in 7079 nanos
2024-10-30 12:04:15,516 INFO [Process Cluster Protocol Request-3] o.a.n.c.p.impl.SocketProtocolListener Finished processing request 18cd8fb0-5bab-4e05-a436-03ccb3f5f04e (type=HEARTBEAT, length=2243 bytes) from mynifi:8080 in 1 millis
2024-10-30 12:04:15,518 INFO [Clustering Tasks Thread-3] o.a.n.c.c.ClusterProtocolHeartbeater Heartbeat created at 2024-10-30 12:04:15,513 and sent to mynifi:8082 at 2024-10-30 12:04:15,518; send took 5 millis
2024-10-30 12:04:19,980 INFO [Heartbeat Monitor Thread-1] o.a.n.c.c.h.AbstractHeartbeatMonitor Finished processing 1 heartbeats in 11111 nanos
2024-10-30 12:04:20,524 INFO [Process Cluster Protocol Request-4] o.a.n.c.p.impl.SocketProtocolListener Finished processing request 6cce5759-907f-4ff9-81de-84cdbc72bf26 (type=HEARTBEAT, length=2243 bytes) from mynifi:8080 in 2 millis
2024-10-30 12:04:20,526 INFO [Clustering Tasks Thread-3] o.a.n.c.c.ClusterProtocolHeartbeater Heartbeat created at 2024-10-30 12:04:20,518 and sent to mynifi:8082 at 2024-10-30 12:04:20,526; send took 8 millis
2024-10-30 12:04:24,981 INFO [Heartbeat Monitor Thread-1] o.a.n.c.c.h.AbstractHeartbeatMonitor Finished processing 1 heartbeats in 14302 nanos
2024-10-30 12:04:25,530 INFO [Process Cluster Protocol Request-5] o.a.n.c.p.impl.SocketProtocolListener Finished processing request 402fcc5e-aef5-4c44-8286-1718b6b1fc9d (type=HEARTBEAT, length=2243 bytes) from mynifi:8080 in 1 millis
2024-10-30 12:04:25,531 INFO [Clustering Tasks Thread-3] o.a.n.c.c.ClusterProtocolHeartbeater Heartbeat created at 2024-10-30 12:04:25,527 and sent to mynifi:8082 at 2024-10-30 12:04:25,531; send took 4 millis
2024-10-30 12:04:26,590 INFO [pool-13-thread-1] o.a.n.c.r.WriteAheadFlowFileRepository Initiating checkpoint of FlowFile Repository
2024-10-30 12:04:26,590 INFO [pool-13-thread-1] o.a.n.c.r.WriteAheadFlowFileRepository Successfully checkpointed FlowFile Repository with 1 records in 0 milliseconds
2024-10-30 12:04:29,981 INFO [Heartbeat Monitor Thread-1] o.a.n.c.c.h.AbstractHeartbeatMonitor Finished processing 1 heartbeats in 6513 nanos
2024-10-30 12:04:30,537 INFO [Process Cluster Protocol Request-6] o.a.n.c.p.impl.SocketProtocolListener Finished processing request 3353c676-18b1-48c1-add7-31be2258aea1 (type=HEARTBEAT, length=2243 bytes) from mynifi:8080 in 2 millis
2024-10-30 12:04:30,539 INFO [Clustering Tasks Thread-3] o.a.n.c.c.ClusterProtocolHeartbeater Heartbeat created at 2024-10-30 12:04:30,531 and sent to mynifi:8082 at 2024-10-30 12:04:30,539; send took 8 millis
2024-10-30 12:04:34,981 INFO [Heartbeat Monitor Thread-1] o.a.n.c.c.h.AbstractHeartbeatMonitor Finished processing 1 heartbeats in 6322 nanos
2024-10-30 12:04:35,542 INFO [Process Cluster Protocol Request-7] o.a.n.c.p.impl.SocketProtocolListener Finished processing request a426b77e-b26e-4d28-9952-a266c3861857 (type=HEARTBEAT, length=2243 bytes) from mynifi:8080 in 1 millis
2024-10-30 12:04:35,543 INFO [Clustering Tasks Thread-3] o.a.n.c.c.ClusterProtocolHeartbeater Heartbeat created at 2024-10-30 12:04:35,540 and sent to mynifi:8082 at 2024-10-30 12:04:35,543; send took 3 millis
2024-10-30 12:04:39,981 INFO [Heartbeat Monitor Thread-1] o.a.n.c.c.h.AbstractHeartbeatMonitor Finished processing 1 heartbeats in 14033 nanos
2024-10-30 12:04:40,546 INFO [Process Cluster Protocol Request-8] o.a.n.c.p.impl.SocketProtocolListener Finished processing request 9989f13b-59bf-4eb7-a277-54aeb10e7092 (type=HEARTBEAT, length=2243 bytes) from mynifi:8080 in 1 millis
2024-10-30 12:04:40,547 INFO [Clustering Tasks Thread-3] o.a.n.c.c.ClusterProtocolHeartbeater Heartbeat created at 2024-10-30 12:04:40,543 and sent to mynifi:8082 at 2024-10-30 12:04:40,547; send took 3 millis
2024-10-30 12:04:41,427 INFO [Cleanup Archive for default] o.a.n.c.repository.FileSystemRepository Successfully deleted 0 files (0 bytes) from archive
2024-10-30 12:04:44,982 INFO [Heartbeat Monitor Thread-1] o.a.n.c.c.h.AbstractHeartbeatMonitor Finished processing 1 heartbeats in 6802 nanos
2024-10-30 12:04:45,551 INFO [Process Cluster Protocol Request-9] o.a.n.c.p.impl.SocketProtocolListener Finished processing request 416a0a3c-444c-4e32-b8c5-59200b4c9449 (type=HEARTBEAT, length=2243 bytes) from mynifi:8080 in 1 millis
2024-10-30 12:04:45,553 INFO [Clustering Tasks Thread-3] o.a.n.c.c.ClusterProtocolHeartbeater Heartbeat created at 2024-10-30 12:04:45,547 and sent to mynifi:8082 at 2024-10-30 12:04:45,553; send took 5 millis
2024-10-30 12:04:46,590 INFO [pool-13-thread-1] o.a.n.c.r.WriteAheadFlowFileRepository Initiating checkpoint of FlowFile Repository
2024-10-30 12:04:46,590 INFO [pool-13-thread-1] o.a.n.c.r.WriteAheadFlowFileRepository Successfully checkpointed FlowFile Repository with 1 records in 0 milliseconds
2024-10-30 12:04:49,982 INFO [Heartbeat Monitor Thread-1] o.a.n.c.c.h.AbstractHeartbeatMonitor Finished processing 1 heartbeats in 9378 nanos
2024-10-30 12:04:50,559 INFO [Process Cluster Protocol Request-10] o.a.n.c.p.impl.SocketProtocolListener Finished processing request 8b114f07-dfb4-4de0-9295-f5259d6daeb7 (type=HEARTBEAT, length=2243 bytes) from mynifi:8080 in 2 millis
2024-10-30 12:04:50,562 INFO [Clustering Tasks Thread-3] o.a.n.c.c.ClusterProtocolHeartbeater Heartbeat created at 2024-10-30 12:04:50,553 and sent to mynifi:8082 at 2024-10-30 12:04:50,562; send took 8 millis
2024-10-30 12:04:54,982 INFO [Heartbeat Monitor Thread-1] o.a.n.c.c.h.AbstractHeartbeatMonitor Finished processing 1 heartbeats in 6333 nanos
2024-10-30 12:04:55,568 INFO [Process Cluster Protocol Request-1] o.a.n.c.p.impl.SocketProtocolListener Finished processing request 11c775e0-b282-47dc-94aa-cde01a715b98 (type=HEARTBEAT, length=2243 bytes) from mynifi:8080 in 2 millis
2024-10-30 12:04:55,571 INFO [Clustering Tasks Thread-3] o.a.n.c.c.ClusterProtocolHeartbeater Heartbeat created at 2024-10-30 12:04:55,562 and sent to mynifi:8082 at 2024-10-30 12:04:55,571; send took 8 millis
2024-10-30 12:04:59,982 INFO [Heartbeat Monitor Thread-1] o.a.n.c.c.h.AbstractHeartbeatMonitor Finished processing 1 heartbeats in 7187 nanos
2024-10-30 12:05:00,573 INFO [Process Cluster Protocol Request-2] o.a.n.c.p.impl.SocketProtocolListener Finished processing request d0f611dc-51da-4c06-aa1c-a607e1bd6d52 (type=HEARTBEAT, length=2243 bytes) from mynifi:8080 in 1 millis
2024-10-30 12:05:00,574 INFO [Clustering Tasks Thread-3] o.a.n.c.c.ClusterProtocolHeartbeater Heartbeat created at 2024-10-30 12:05:00,571 and sent to mynifi:8082 at 2024-10-30 12:05:00,574; send took 3 millis
2024-10-30 12:05:04,982 INFO [Heartbeat Monitor Thread-1] o.a.n.c.c.h.AbstractHeartbeatMonitor Finished processing 1 heartbeats in 7277 nanos
2024-10-30 12:05:05,580 INFO [Process Cluster Protocol Request-3] o.a.n.c.p.impl.SocketProtocolListener Finished processing request f6851c34-7f86-4544-a879-33dcce776889 (type=HEARTBEAT, length=2243 bytes) from mynifi:8080 in 2 millis
2024-10-30 12:05:05,582 INFO [Clustering Tasks Thread-3] o.a.n.c.c.ClusterProtocolHeartbeater Heartbeat created at 2024-10-30 12:05:05,574 and sent to mynifi:8082 at 2024-10-30 12:05:05,582; send took 7 millis
2024-10-30 12:05:06,590 INFO [pool-13-thread-1] o.a.n.c.r.WriteAheadFlowFileRepository Initiating checkpoint of FlowFile Repository
2024-10-30 12:05:06,590 INFO [pool-13-thread-1] o.a.n.c.r.WriteAheadFlowFileRepository Successfully checkpointed FlowFile Repository with 1 records in 0 milliseconds
2024-10-30 12:05:09,983 INFO [Heartbeat Monitor Thread-1] o.a.n.c.c.h.AbstractHeartbeatMonitor Finished processing 1 heartbeats in 6718 nanos
2024-10-30 12:05:10,585 INFO [Process Cluster Protocol Request-4] o.a.n.c.p.impl.SocketProtocolListener Finished processing request e5995d7d-0e7c-4f21-add6-b1610f5a1c81 (type=HEARTBEAT, length=2243 bytes) from mynifi:8080 in 1 millis
2024-10-30 12:05:10,586 INFO [Clustering Tasks Thread-3] o.a.n.c.c.ClusterProtocolHeartbeater Heartbeat created at 2024-10-30 12:05:10,582 and sent to mynifi:8082 at 2024-10-30 12:05:10,586; send took 3 millis
2024-10-30 12:05:14,983 INFO [Heartbeat Monitor Thread-1] o.a.n.c.c.h.AbstractHeartbeatMonitor Finished processing 1 heartbeats in 17142 nanos
2024-10-30 12:05:15,588 INFO [Process Cluster Protocol Request-5] o.a.n.c.p.impl.SocketProtocolListener Finished processing request 7584e16e-dddd-4aa1-a6ab-0b08c30164bd (type=HEARTBEAT, length=2243 bytes) from mynifi:8080 in 867140 nanos
2024-10-30 12:05:15,589 INFO [Clustering Tasks Thread-3] o.a.n.c.c.ClusterProtocolHeartbeater Heartbeat created at 2024-10-30 12:05:15,586 and sent to mynifi:8082 at 2024-10-30 12:05:15,589; send took 2 millis
2024-10-30 12:05:19,983 INFO [Heartbeat Monitor Thread-1] o.a.n.c.c.h.AbstractHeartbeatMonitor Finished processing 1 heartbeats in 14030 nanos
2024-10-30 12:05:20,591 INFO [Process Cluster Protocol Request-6] o.a.n.c.p.impl.SocketProtocolListener Finished processing request 120fd320-3e2c-491a-bd92-2a4ab6ad4d78 (type=HEARTBEAT, length=2243 bytes) from mynifi:8080 in 979319 nanos
2024-10-30 12:05:20,592 INFO [Clustering Tasks Thread-3] o.a.n.c.c.ClusterProtocolHeartbeater Heartbeat created at 2024-10-30 12:05:20,589 and sent to mynifi:8082 at 2024-10-30 12:05:20,592; send took 3 millis
2024-10-30 12:05:24,983 INFO [Heartbeat Monitor Thread-1] o.a.n.c.c.h.AbstractHeartbeatMonitor Finished processing 1 heartbeats in 7195 nanos
2024-10-30 12:05:25,597 INFO [Process Cluster Protocol Request-7] o.a.n.c.p.impl.SocketProtocolListener Finished processing request d4e67d1c-cc6d-4128-a369-7a10089f1220 (type=HEARTBEAT, length=2243 bytes) from mynifi:8080 in 2 millis
2024-10-30 12:05:25,600 INFO [Clustering Tasks Thread-3] o.a.n.c.c.ClusterProtocolHeartbeater Heartbeat created at 2024-10-30 12:05:25,592 and sent to mynifi:8082 at 2024-10-30 12:05:25,600; send took 7 millis
2024-10-30 12:05:26,591 INFO [pool-13-thread-1] o.a.n.c.r.WriteAheadFlowFileRepository Initiating checkpoint of FlowFile Repository
2024-10-30 12:05:26,591 INFO [pool-13-thread-1] o.a.n.c.r.WriteAheadFlowFileRepository Successfully checkpointed FlowFile Repository with 1 records in 0 milliseconds
2024-10-30 12:05:29,984 INFO [Heartbeat Monitor Thread-1] o.a.n.c.c.h.AbstractHeartbeatMonitor Finished processing 1 heartbeats in 8266 nanos
2024-10-30 12:05:30,603 INFO [Process Cluster Protocol Request-8] o.a.n.c.p.impl.SocketProtocolListener Finished processing request 4d09019b-2980-4531-8f65-0f00d09f4ed5 (type=HEARTBEAT, length=2243 bytes) from mynifi:8080 in 1 millis
2024-10-30 12:05:30,604 INFO [Clustering Tasks Thread-3] o.a.n.c.c.ClusterProtocolHeartbeater Heartbeat created at 2024-10-30 12:05:30,600 and sent to mynifi:8082 at 2024-10-30 12:05:30,604; send took 3 millis
2024-10-30 12:05:34,984 INFO [Heartbeat Monitor Thread-1] o.a.n.c.c.h.AbstractHeartbeatMonitor Finished processing 1 heartbeats in 8410 nanos
2024-10-30 12:05:35,608 INFO [Process Cluster Protocol Request-9] o.a.n.c.p.impl.SocketProtocolListener Finished processing request 1c4352a3-4f3d-4d17-8cca-722f9a755419 (type=HEARTBEAT, length=2243 bytes) from mynifi:8080 in 1 millis
2024-10-30 12:05:35,609 INFO [Clustering Tasks Thread-3] o.a.n.c.c.ClusterProtocolHeartbeater Heartbeat created at 2024-10-30 12:05:35,604 and sent to mynifi:8082 at 2024-10-30 12:05:35,609; send took 4 millis
2024-10-30 12:05:37,547 INFO [Write-Ahead Local State Provider Maintenance] org.wali.MinimalLockingWriteAheadLog org.wali.MinimalLockingWriteAheadLog@4ccfd904 checkpointed with 25 Records and 0 Swap Files in 5 milliseconds (Stop-the-world time = 1 milliseconds, Clear Edit Logs time = 1 millis), max Transaction ID 107
2024-10-30 12:05:39,984 INFO [Heartbeat Monitor Thread-1] o.a.n.c.c.h.AbstractHeartbeatMonitor Finished processing 1 heartbeats in 13987 nanos
2024-10-30 12:05:40,616 INFO [Process Cluster Protocol Request-10] o.a.n.c.p.impl.SocketProtocolListener Finished processing request 446ffefd-85b5-45ad-a259-9713eb29873f (type=HEARTBEAT, length=2243 bytes) from mynifi:8080 in 2 millis
2024-10-30 12:05:40,618 INFO [Clustering Tasks Thread-3] o.a.n.c.c.ClusterProtocolHeartbeater Heartbeat created at 2024-10-30 12:05:40,609 and sent to mynifi:8082 at 2024-10-30 12:05:40,618; send took 8 millis
2024-10-30 12:05:41,466 INFO [Cleanup Archive for default] o.a.n.c.repository.FileSystemRepository Successfully deleted 0 files (0 bytes) from archive
2024-10-30 12:05:44,985 INFO [Heartbeat Monitor Thread-1] o.a.n.c.c.h.AbstractHeartbeatMonitor Finished processing 1 heartbeats in 15098 nanos
2024-10-30 12:05:45,621 INFO [Process Cluster Protocol Request-1] o.a.n.c.p.impl.SocketProtocolListener Finished processing request 35a73b5b-09e9-453b-bd36-e7f6cae11b78 (type=HEARTBEAT, length=2243 bytes) from mynifi:8080 in 1 millis
2024-10-30 12:05:45,622 INFO [Clustering Tasks Thread-3] o.a.n.c.c.ClusterProtocolHeartbeater Heartbeat created at 2024-10-30 12:05:45,619 and sent to mynifi:8082 at 2024-10-30 12:05:45,622; send took 3 millis
2024-10-30 12:05:46,591 INFO [pool-13-thread-1] o.a.n.c.r.WriteAheadFlowFileRepository Initiating checkpoint of FlowFile Repository
2024-10-30 12:05:46,591 INFO [pool-13-thread-1] o.a.n.c.r.WriteAheadFlowFileRepository Successfully checkpointed FlowFile Repository with 1 records in 0 milliseconds
2024-10-30 12:05:49,985 INFO [Heartbeat Monitor Thread-1] o.a.n.c.c.h.AbstractHeartbeatMonitor Finished processing 1 heartbeats in 14314 nanos
2024-10-30 12:05:50,627 INFO [Process Cluster Protocol Request-2] o.a.n.c.p.impl.SocketProtocolListener Finished processing request 9b7cf9a6-4b29-4dcc-a67e-ded09ae91aa2 (type=HEARTBEAT, length=2243 bytes) from mynifi:8080 in 1 millis
2024-10-30 12:05:50,629 INFO [Clustering Tasks Thread-3] o.a.n.c.c.ClusterProtocolHeartbeater Heartbeat created at 2024-10-30 12:05:50,623 and sent to mynifi:8082 at 2024-10-30 12:05:50,629; send took 6 millis
2024-10-30 12:05:54,985 INFO [Heartbeat Monitor Thread-1] o.a.n.c.c.h.AbstractHeartbeatMonitor Finished processing 1 heartbeats in 14001 nanos
2024-10-30 12:05:55,636 INFO [Process Cluster Protocol Request-3] o.a.n.c.p.impl.SocketProtocolListener Finished processing request ff95b320-b2c9-4680-b2cc-a212a4c43993 (type=HEARTBEAT, length=2243 bytes) from mynifi:8080 in 2 millis
2024-10-30 12:05:55,638 INFO [Clustering Tasks Thread-3] o.a.n.c.c.ClusterProtocolHeartbeater Heartbeat created at 2024-10-30 12:05:55,630 and sent to mynifi:8082 at 2024-10-30 12:05:55,638; send took 8 millis
2024-10-30 12:05:59,986 INFO [Heartbeat Monitor Thread-1] o.a.n.c.c.h.AbstractHeartbeatMonitor Finished processing 1 heartbeats in 5891 nanos
2024-10-30 12:06:00,641 INFO [Process Cluster Protocol Request-4] o.a.n.c.p.impl.SocketProtocolListener Finished processing request beb53fb9-39cd-4d58-b845-de8e64e974b6 (type=HEARTBEAT, length=2243 bytes) from mynifi:8080 in 1 millis
2024-10-30 12:06:00,642 INFO [Clustering Tasks Thread-3] o.a.n.c.c.ClusterProtocolHeartbeater Heartbeat created at 2024-10-30 12:06:00,638 and sent to mynifi:8082 at 2024-10-30 12:06:00,642; send took 3 millis
2024-10-30 12:06:04,986 INFO [Heartbeat Monitor Thread-1] o.a.n.c.c.h.AbstractHeartbeatMonitor Finished processing 1 heartbeats in 12410 nanos
2024-10-30 12:06:05,647 INFO [Process Cluster Protocol Request-5] o.a.n.c.p.impl.SocketProtocolListener Finished processing request fd044944-e503-476b-90e7-5ff4c2b63099 (type=HEARTBEAT, length=2243 bytes) from mynifi:8080 in 2 millis
2024-10-30 12:06:05,650 INFO [Clustering Tasks Thread-3] o.a.n.c.c.ClusterProtocolHeartbeater Heartbeat created at 2024-10-30 12:06:05,642 and sent to mynifi:8082 at 2024-10-30 12:06:05,650; send took 7 millis
2024-10-30 12:06:06,591 INFO [pool-13-thread-1] o.a.n.c.r.WriteAheadFlowFileRepository Initiating checkpoint of FlowFile Repository
2024-10-30 12:06:06,591 INFO [pool-13-thread-1] o.a.n.c.r.WriteAheadFlowFileRepository Successfully checkpointed FlowFile Repository with 1 records in 0 milliseconds
2024-10-30 12:06:09,986 INFO [Heartbeat Monitor Thread-1] o.a.n.c.c.h.AbstractHeartbeatMonitor Finished processing 1 heartbeats in 14085 nanos
2024-10-30 12:06:10,655 INFO [Process Cluster Protocol Request-6] o.a.n.c.p.impl.SocketProtocolListener Finished processing request 28298f36-38d7-4648-a46e-bca223c23db8 (type=HEARTBEAT, length=2243 bytes) from mynifi:8080 in 2 millis
2024-10-30 12:06:10,658 INFO [Clustering Tasks Thread-3] o.a.n.c.c.ClusterProtocolHeartbeater Heartbeat created at 2024-10-30 12:06:10,650 and sent to mynifi:8082 at 2024-10-30 12:06:10,658; send took 7 millis
2024-10-30 12:06:14,987 INFO [Heartbeat Monitor Thread-1] o.a.n.c.c.h.AbstractHeartbeatMonitor Finished processing 1 heartbeats in 11010 nanos
2024-10-30 12:06:15,664 INFO [Process Cluster Protocol Request-7] o.a.n.c.p.impl.SocketProtocolListener Finished processing request c499aed1-2be3-4d0c-8a79-61d6b99ff7ae (type=HEARTBEAT, length=2243 bytes) from mynifi:8080 in 2 millis
2024-10-30 12:06:15,667 INFO [Clustering Tasks Thread-3] o.a.n.c.c.ClusterProtocolHeartbeater Heartbeat created at 2024-10-30 12:06:15,658 and sent to mynifi:8082 at 2024-10-30 12:06:15,667; send took 8 millis
2024-10-30 12:06:19,987 INFO [Heartbeat Monitor Thread-1] o.a.n.c.c.h.AbstractHeartbeatMonitor Finished processing 1 heartbeats in 7769 nanos
2024-10-30 12:06:20,670 INFO [Process Cluster Protocol Request-8] o.a.n.c.p.impl.SocketProtocolListener Finished processing request 153c83c3-d718-4310-b78f-271e7e97d600 (type=HEARTBEAT, length=2243 bytes) from mynifi:8080 in 881891 nanos
2024-10-30 12:06:20,670 INFO [Clustering Tasks Thread-3] o.a.n.c.c.ClusterProtocolHeartbeater Heartbeat created at 2024-10-30 12:06:20,668 and sent to mynifi:8082 at 2024-10-30 12:06:20,670; send took 2 millis
2024-10-30 12:06:24,987 INFO [Heartbeat Monitor Thread-1] o.a.n.c.c.h.AbstractHeartbeatMonitor Finished processing 1 heartbeats in 14794 nanos
2024-10-30 12:06:25,674 INFO [Process Cluster Protocol Request-9] o.a.n.c.p.impl.SocketProtocolListener Finished processing request a00ec92e-151a-49e7-b064-497d3edbca7f (type=HEARTBEAT, length=2243 bytes) from mynifi:8080 in 1 millis
2024-10-30 12:06:25,676 INFO [Clustering Tasks Thread-3] o.a.n.c.c.ClusterProtocolHeartbeater Heartbeat created at 2024-10-30 12:06:25,671 and sent to mynifi:8082 at 2024-10-30 12:06:25,676; send took 5 millis
2024-10-30 12:06:26,591 INFO [pool-13-thread-1] o.a.n.c.r.WriteAheadFlowFileRepository Initiating checkpoint of FlowFile Repository
2024-10-30 12:06:26,591 INFO [pool-13-thread-1] o.a.n.c.r.WriteAheadFlowFileRepository Successfully checkpointed FlowFile Repository with 1 records in 0 milliseconds
2024-10-30 12:06:29,988 INFO [Heartbeat Monitor Thread-1] o.a.n.c.c.h.AbstractHeartbeatMonitor Finished processing 1 heartbeats in 12565 nanos
2024-10-30 12:06:30,683 INFO [Process Cluster Protocol Request-10] o.a.n.c.p.impl.SocketProtocolListener Finished processing request 414ee3f2-c2a1-47d8-aade-7fb8253c86c7 (type=HEARTBEAT, length=2243 bytes) from mynifi:8080 in 2 millis
2024-10-30 12:06:30,685 INFO [Clustering Tasks Thread-3] o.a.n.c.c.ClusterProtocolHeartbeater Heartbeat created at 2024-10-30 12:06:30,677 and sent to mynifi:8082 at 2024-10-30 12:06:30,685; send took 8 millis
2024-10-30 12:06:34,988 INFO [Heartbeat Monitor Thread-1] o.a.n.c.c.h.AbstractHeartbeatMonitor Finished processing 1 heartbeats in 9847 nanos
2024-10-30 12:06:35,688 INFO [Process Cluster Protocol Request-1] o.a.n.c.p.impl.SocketProtocolListener Finished processing request 178cf8dc-eaa4-4a9a-b9dc-f89654d43d65 (type=HEARTBEAT, length=2243 bytes) from mynifi:8080 in 1 millis
2024-10-30 12:06:35,689 INFO [Clustering Tasks Thread-3] o.a.n.c.c.ClusterProtocolHeartbeater Heartbeat created at 2024-10-30 12:06:35,685 and sent to mynifi:8082 at 2024-10-30 12:06:35,689; send took 3 millis
2024-10-30 12:06:39,988 INFO [Heartbeat Monitor Thread-1] o.a.n.c.c.h.AbstractHeartbeatMonitor Finished processing 1 heartbeats in 14770 nanos
2024-10-30 12:06:40,695 INFO [Process Cluster Protocol Request-2] o.a.n.c.p.impl.SocketProtocolListener Finished processing request e495cad4-4eeb-4a6c-9932-9920ae895659 (type=HEARTBEAT, length=2243 bytes) from mynifi:8080 in 2 millis
2024-10-30 12:06:40,698 INFO [Clustering Tasks Thread-3] o.a.n.c.c.ClusterProtocolHeartbeater Heartbeat created at 2024-10-30 12:06:40,690 and sent to mynifi:8082 at 2024-10-30 12:06:40,698; send took 8 millis
2024-10-30 12:06:41,504 INFO [Cleanup Archive for default] o.a.n.c.repository.FileSystemRepository Successfully deleted 0 files (0 bytes) from archive
2024-10-30 12:06:44,989 INFO [Heartbeat Monitor Thread-1] o.a.n.c.c.h.AbstractHeartbeatMonitor Finished processing 1 heartbeats in 15389 nanos
2024-10-30 12:06:45,701 INFO [Process Cluster Protocol Request-3] o.a.n.c.p.impl.SocketProtocolListener Finished processing request 4cf43269-2080-40f5-87aa-791810db179b (type=HEARTBEAT, length=2243 bytes) from mynifi:8080 in 1 millis
2024-10-30 12:06:45,702 INFO [Clustering Tasks Thread-3] o.a.n.c.c.ClusterProtocolHeartbeater Heartbeat created at 2024-10-30 12:06:45,698 and sent to mynifi:8082 at 2024-10-30 12:06:45,702; send took 3 millis
2024-10-30 12:06:46,592 INFO [pool-13-thread-1] o.a.n.c.r.WriteAheadFlowFileRepository Initiating checkpoint of FlowFile Repository
2024-10-30 12:06:46,592 INFO [pool-13-thread-1] o.a.n.c.r.WriteAheadFlowFileRepository Successfully checkpointed FlowFile Repository with 1 records in 0 milliseconds
2024-10-30 12:06:49,989 INFO [Heartbeat Monitor Thread-1] o.a.n.c.c.h.AbstractHeartbeatMonitor Finished processing 1 heartbeats in 8059 nanos
2024-10-30 12:06:50,706 INFO [Process Cluster Protocol Request-4] o.a.n.c.p.impl.SocketProtocolListener Finished processing request 0cdd7a88-17ea-4bb2-84ba-94ddd656aee3 (type=HEARTBEAT, length=2243 bytes) from mynifi:8080 in 1 millis
2024-10-30 12:06:50,708 INFO [Clustering Tasks Thread-3] o.a.n.c.c.ClusterProtocolHeartbeater Heartbeat created at 2024-10-30 12:06:50,702 and sent to mynifi:8082 at 2024-10-30 12:06:50,708; send took 5 millis
2024-10-30 12:06:54,989 INFO [Heartbeat Monitor Thread-1] o.a.n.c.c.h.AbstractHeartbeatMonitor Finished processing 1 heartbeats in 6194 nanos
2024-10-30 12:06:55,714 INFO [Process Cluster Protocol Request-5] o.a.n.c.p.impl.SocketProtocolListener Finished processing request c65bc635-184e-4204-884b-05e66003714c (type=HEARTBEAT, length=2243 bytes) from mynifi:8080 in 2 millis
2024-10-30 12:06:55,717 INFO [Clustering Tasks Thread-3] o.a.n.c.c.ClusterProtocolHeartbeater Heartbeat created at 2024-10-30 12:06:55,708 and sent to mynifi:8082 at 2024-10-30 12:06:55,717; send took 8 millis
2024-10-30 12:06:59,990 INFO [Heartbeat Monitor Thread-1] o.a.n.c.c.h.AbstractHeartbeatMonitor Finished processing 1 heartbeats in 7860 nanos
2024-10-30 12:07:00,720 INFO [Process Cluster Protocol Request-6] o.a.n.c.p.impl.SocketProtocolListener Finished processing request 03b93027-4dce-4a1a-bf33-317886624a08 (type=HEARTBEAT, length=2243 bytes) from mynifi:8080 in 1 millis
2024-10-30 12:07:00,721 INFO [Clustering Tasks Thread-3] o.a.n.c.c.ClusterProtocolHeartbeater Heartbeat created at 2024-10-30 12:07:00,717 and sent to mynifi:8082 at 2024-10-30 12:07:00,721; send took 3 millis
2024-10-30 12:07:04,990 INFO [Heartbeat Monitor Thread-1] o.a.n.c.c.h.AbstractHeartbeatMonitor Finished processing 1 heartbeats in 8396 nanos
2024-10-30 12:07:05,724 INFO [Process Cluster Protocol Request-7] o.a.n.c.p.impl.SocketProtocolListener Finished processing request 9b661d63-90c6-43d7-99b5-c09ef25cd0a9 (type=HEARTBEAT, length=2243 bytes) from mynifi:8080 in 1 millis
2024-10-30 12:07:05,725 INFO [Clustering Tasks Thread-3] o.a.n.c.c.ClusterProtocolHeartbeater Heartbeat created at 2024-10-30 12:07:05,721 and sent to mynifi:8082 at 2024-10-30 12:07:05,725; send took 3 millis
2024-10-30 12:07:06,592 INFO [pool-13-thread-1] o.a.n.c.r.WriteAheadFlowFileRepository Initiating checkpoint of FlowFile Repository
2024-10-30 12:07:06,592 INFO [pool-13-thread-1] o.a.n.c.r.WriteAheadFlowFileRepository Successfully checkpointed FlowFile Repository with 1 records in 0 milliseconds
2024-10-30 12:07:09,990 INFO [Heartbeat Monitor Thread-1] o.a.n.c.c.h.AbstractHeartbeatMonitor Finished processing 1 heartbeats in 5715 nanos
2024-10-30 12:07:10,727 INFO [Process Cluster Protocol Request-8] o.a.n.c.p.impl.SocketProtocolListener Finished processing request 7f5ecf75-4fd8-4907-9d2e-22c40ca557ce (type=HEARTBEAT, length=2243 bytes) from mynifi:8080 in 836028 nanos
2024-10-30 12:07:10,728 INFO [Clustering Tasks Thread-3] o.a.n.c.c.ClusterProtocolHeartbeater Heartbeat created at 2024-10-30 12:07:10,725 and sent to mynifi:8082 at 2024-10-30 12:07:10,728; send took 2 millis
2024-10-30 12:07:14,990 INFO [Heartbeat Monitor Thread-1] o.a.n.c.c.h.AbstractHeartbeatMonitor Finished processing 1 heartbeats in 5319 nanos
2024-10-30 12:07:15,730 INFO [Process Cluster Protocol Request-9] o.a.n.c.p.impl.SocketProtocolListener Finished processing request ccdda2bb-b49b-482d-bf25-50db0219fede (type=HEARTBEAT, length=2243 bytes) from mynifi:8080 in 1 millis
2024-10-30 12:07:15,732 INFO [Clustering Tasks Thread-3] o.a.n.c.c.ClusterProtocolHeartbeater Heartbeat created at 2024-10-30 12:07:15,728 and sent to mynifi:8082 at 2024-10-30 12:07:15,732; send took 3 millis
2024-10-30 12:07:19,990 INFO [Heartbeat Monitor Thread-1] o.a.n.c.c.h.AbstractHeartbeatMonitor Finished processing 1 heartbeats in 14320 nanos
2024-10-30 12:07:20,735 INFO [Process Cluster Protocol Request-10] o.a.n.c.p.impl.SocketProtocolListener Finished processing request 246c8fcf-9594-4efc-8b2e-525d2c229581 (type=HEARTBEAT, length=2243 bytes) from mynifi:8080 in 1 millis
2024-10-30 12:07:20,736 INFO [Clustering Tasks Thread-3] o.a.n.c.c.ClusterProtocolHeartbeater Heartbeat created at 2024-10-30 12:07:20,732 and sent to mynifi:8082 at 2024-10-30 12:07:20,736; send took 3 millis
2024-10-30 12:07:24,991 INFO [Heartbeat Monitor Thread-1] o.a.n.c.c.h.AbstractHeartbeatMonitor Finished processing 1 heartbeats in 8951 nanos
2024-10-30 12:07:25,742 INFO [Process Cluster Protocol Request-1] o.a.n.c.p.impl.SocketProtocolListener Finished processing request f51c89b1-3779-48c2-8f57-a125e589f75c (type=HEARTBEAT, length=2243 bytes) from mynifi:8080 in 3 millis
2024-10-30 12:07:25,745 INFO [Clustering Tasks Thread-3] o.a.n.c.c.ClusterProtocolHeartbeater Heartbeat created at 2024-10-30 12:07:25,736 and sent to mynifi:8082 at 2024-10-30 12:07:25,745; send took 8 millis
2024-10-30 12:07:26,592 INFO [pool-13-thread-1] o.a.n.c.r.WriteAheadFlowFileRepository Initiating checkpoint of FlowFile Repository
2024-10-30 12:07:26,592 INFO [pool-13-thread-1] o.a.n.c.r.WriteAheadFlowFileRepository Successfully checkpointed FlowFile Repository with 1 records in 0 milliseconds
2024-10-30 12:07:29,991 INFO [Heartbeat Monitor Thread-1] o.a.n.c.c.h.AbstractHeartbeatMonitor Finished processing 1 heartbeats in 6683 nanos
2024-10-30 12:07:30,748 INFO [Process Cluster Protocol Request-2] o.a.n.c.p.impl.SocketProtocolListener Finished processing request 3db4d66b-5293-49c4-ba77-f43598e3c6b0 (type=HEARTBEAT, length=2243 bytes) from mynifi:8080 in 1 millis
2024-10-30 12:07:30,749 INFO [Clustering Tasks Thread-3] o.a.n.c.c.ClusterProtocolHeartbeater Heartbeat created at 2024-10-30 12:07:30,746 and sent to mynifi:8082 at 2024-10-30 12:07:30,749; send took 3 millis
2024-10-30 12:07:34,991 INFO [Heartbeat Monitor Thread-1] o.a.n.c.c.h.AbstractHeartbeatMonitor Finished processing 1 heartbeats in 10394 nanos
2024-10-30 12:07:35,752 INFO [Process Cluster Protocol Request-3] o.a.n.c.p.impl.SocketProtocolListener Finished processing request 5dab0573-c59c-4dc9-8913-90d439ec4e2e (type=HEARTBEAT, length=2243 bytes) from mynifi:8080 in 1 millis
2024-10-30 12:07:35,753 INFO [Clustering Tasks Thread-3] o.a.n.c.c.ClusterProtocolHeartbeater Heartbeat created at 2024-10-30 12:07:35,749 and sent to mynifi:8082 at 2024-10-30 12:07:35,753; send took 3 millis
2024-10-30 12:07:37,556 INFO [Write-Ahead Local State Provider Maintenance] org.wali.MinimalLockingWriteAheadLog org.wali.MinimalLockingWriteAheadLog@4ccfd904 checkpointed with 25 Records and 0 Swap Files in 9 milliseconds (Stop-the-world time = 4 milliseconds, Clear Edit Logs time = 3 millis), max Transaction ID 107
2024-10-30 12:07:39,992 INFO [Heartbeat Monitor Thread-1] o.a.n.c.c.h.AbstractHeartbeatMonitor Finished processing 1 heartbeats in 13932 nanos
2024-10-30 12:07:40,758 INFO [Process Cluster Protocol Request-4] o.a.n.c.p.impl.SocketProtocolListener Finished processing request e23aa102-888b-4081-b3a4-a2ce33d99df2 (type=HEARTBEAT, length=2243 bytes) from mynifi:8080 in 2 millis
2024-10-30 12:07:40,761 INFO [Clustering Tasks Thread-3] o.a.n.c.c.ClusterProtocolHeartbeater Heartbeat created at 2024-10-30 12:07:40,753 and sent to mynifi:8082 at 2024-10-30 12:07:40,761; send took 7 millis
2024-10-30 12:07:41,537 INFO [Cleanup Archive for default] o.a.n.c.repository.FileSystemRepository Successfully deleted 0 files (0 bytes) from archive
2024-10-30 12:07:44,992 INFO [Heartbeat Monitor Thread-1] o.a.n.c.c.h.AbstractHeartbeatMonitor Finished processing 1 heartbeats in 7487 nanos
2024-10-30 12:07:45,763 INFO [Process Cluster Protocol Request-5] o.a.n.c.p.impl.SocketProtocolListener Finished processing request b10b0942-65ec-44e7-b480-0ab3fa0587a6 (type=HEARTBEAT, length=2243 bytes) from mynifi:8080 in 754590 nanos
2024-10-30 12:07:45,764 INFO [Clustering Tasks Thread-3] o.a.n.c.c.ClusterProtocolHeartbeater Heartbeat created at 2024-10-30 12:07:45,761 and sent to mynifi:8082 at 2024-10-30 12:07:45,764; send took 2 millis
2024-10-30 12:07:46,592 INFO [pool-13-thread-1] o.a.n.c.r.WriteAheadFlowFileRepository Initiating checkpoint of FlowFile Repository
2024-10-30 12:07:46,593 INFO [pool-13-thread-1] o.a.n.c.r.WriteAheadFlowFileRepository Successfully checkpointed FlowFile Repository with 1 records in 0 milliseconds
2024-10-30 12:07:49,992 INFO [Heartbeat Monitor Thread-1] o.a.n.c.c.h.AbstractHeartbeatMonitor Finished processing 1 heartbeats in 11484 nanos
2024-10-30 12:07:50,768 INFO [Process Cluster Protocol Request-6] o.a.n.c.p.impl.SocketProtocolListener Finished processing request b557471f-6221-4c17-9f93-0f1b6362cbd2 (type=HEARTBEAT, length=2243 bytes) from mynifi:8080 in 1 millis
2024-10-30 12:07:50,770 INFO [Clustering Tasks Thread-3] o.a.n.c.c.ClusterProtocolHeartbeater Heartbeat created at 2024-10-30 12:07:50,764 and sent to mynifi:8082 at 2024-10-30 12:07:50,770; send took 5 millis
2024-10-30 12:07:54,992 INFO [Heartbeat Monitor Thread-1] o.a.n.c.c.h.AbstractHeartbeatMonitor Finished processing 1 heartbeats in 10628 nanos
2024-10-30 12:07:55,772 INFO [Process Cluster Protocol Request-7] o.a.n.c.p.impl.SocketProtocolListener Finished processing request d9286bc0-0117-4e3e-a102-0e9117d5d5d8 (type=HEARTBEAT, length=2243 bytes) from mynifi:8080 in 1 millis
2024-10-30 12:07:55,774 INFO [Clustering Tasks Thread-3] o.a.n.c.c.ClusterProtocolHeartbeater Heartbeat created at 2024-10-30 12:07:55,770 and sent to mynifi:8082 at 2024-10-30 12:07:55,774; send took 3 millis
2024-10-30 12:07:59,993 INFO [Heartbeat Monitor Thread-1] o.a.n.c.c.h.AbstractHeartbeatMonitor Finished processing 1 heartbeats in 7584 nanos
2024-10-30 12:08:00,776 INFO [Process Cluster Protocol Request-8] o.a.n.c.p.impl.SocketProtocolListener Finished processing request b0cffb8d-c8b6-4daf-aa97-11c83482f8ec (type=HEARTBEAT, length=2243 bytes) from mynifi:8080 in 980089 nanos
2024-10-30 12:08:00,777 INFO [Clustering Tasks Thread-3] o.a.n.c.c.ClusterProtocolHeartbeater Heartbeat created at 2024-10-30 12:08:00,774 and sent to mynifi:8082 at 2024-10-30 12:08:00,777; send took 3 millis
2024-10-30 12:08:04,993 INFO [Heartbeat Monitor Thread-1] o.a.n.c.c.h.AbstractHeartbeatMonitor Finished processing 1 heartbeats in 15310 nanos
2024-10-30 12:08:05,783 INFO [Process Cluster Protocol Request-9] o.a.n.c.p.impl.SocketProtocolListener Finished processing request 3c4b8c96-274c-413e-add2-4cc1cf7c475c (type=HEARTBEAT, length=2243 bytes) from mynifi:8080 in 2 millis
2024-10-30 12:08:05,785 INFO [Clustering Tasks Thread-3] o.a.n.c.c.ClusterProtocolHeartbeater Heartbeat created at 2024-10-30 12:08:05,777 and sent to mynifi:8082 at 2024-10-30 12:08:05,785; send took 7 millis
2024-10-30 12:08:06,593 INFO [pool-13-thread-1] o.a.n.c.r.WriteAheadFlowFileRepository Initiating checkpoint of FlowFile Repository
2024-10-30 12:08:06,593 INFO [pool-13-thread-1] o.a.n.c.r.WriteAheadFlowFileRepository Successfully checkpointed FlowFile Repository with 1 records in 0 milliseconds
2024-10-30 12:08:09,993 INFO [Heartbeat Monitor Thread-1] o.a.n.c.c.h.AbstractHeartbeatMonitor Finished processing 1 heartbeats in 14002 nanos
2024-10-30 12:08:10,789 INFO [Process Cluster Protocol Request-10] o.a.n.c.p.impl.SocketProtocolListener Finished processing request 8a0c1e31-a94c-4552-b1cd-03e98a111913 (type=HEARTBEAT, length=2243 bytes) from mynifi:8080 in 1 millis
2024-10-30 12:08:10,790 INFO [Clustering Tasks Thread-3] o.a.n.c.c.ClusterProtocolHeartbeater Heartbeat created at 2024-10-30 12:08:10,786 and sent to mynifi:8082 at 2024-10-30 12:08:10,790; send took 3 millis
2024-10-30 12:08:14,994 INFO [Heartbeat Monitor Thread-1] o.a.n.c.c.h.AbstractHeartbeatMonitor Finished processing 1 heartbeats in 10449 nanos
2024-10-30 12:08:15,792 INFO [Process Cluster Protocol Request-1] o.a.n.c.p.impl.SocketProtocolListener Finished processing request 3510fd99-8c66-42d4-ac84-7f0fa7ae27b4 (type=HEARTBEAT, length=2243 bytes) from mynifi:8080 in 1 millis
2024-10-30 12:08:15,793 INFO [Clustering Tasks Thread-3] o.a.n.c.c.ClusterProtocolHeartbeater Heartbeat created at 2024-10-30 12:08:15,790 and sent to mynifi:8082 at 2024-10-30 12:08:15,793; send took 3 millis
2024-10-30 12:08:19,994 INFO [Heartbeat Monitor Thread-1] o.a.n.c.c.h.AbstractHeartbeatMonitor Finished processing 1 heartbeats in 14321 nanos
2024-10-30 12:08:20,799 INFO [Process Cluster Protocol Request-2] o.a.n.c.p.impl.SocketProtocolListener Finished processing request 286c13fd-11ed-435d-a8e5-3ada2902b194 (type=HEARTBEAT, length=2243 bytes) from mynifi:8080 in 2 millis
2024-10-30 12:08:20,802 INFO [Clustering Tasks Thread-3] o.a.n.c.c.ClusterProtocolHeartbeater Heartbeat created at 2024-10-30 12:08:20,794 and sent to mynifi:8082 at 2024-10-30 12:08:20,802; send took 7 millis
2024-10-30 12:08:24,994 INFO [Heartbeat Monitor Thread-1] o.a.n.c.c.h.AbstractHeartbeatMonitor Finished processing 1 heartbeats in 9381 nanos
2024-10-30 12:08:25,806 INFO [Process Cluster Protocol Request-3] o.a.n.c.p.impl.SocketProtocolListener Finished processing request e468e86c-a0f7-4c30-8819-0503123302a3 (type=HEARTBEAT, length=2243 bytes) from mynifi:8080 in 2 millis
2024-10-30 12:08:25,808 INFO [Clustering Tasks Thread-3] o.a.n.c.c.ClusterProtocolHeartbeater Heartbeat created at 2024-10-30 12:08:25,802 and sent to mynifi:8082 at 2024-10-30 12:08:25,808; send took 6 millis
2024-10-30 12:08:26,593 INFO [pool-13-thread-1] o.a.n.c.r.WriteAheadFlowFileRepository Initiating checkpoint of FlowFile Repository
2024-10-30 12:08:26,593 INFO [pool-13-thread-1] o.a.n.c.r.WriteAheadFlowFileRepository Successfully checkpointed FlowFile Repository with 1 records in 0 milliseconds
2024-10-30 12:08:29,995 INFO [Heartbeat Monitor Thread-1] o.a.n.c.c.h.AbstractHeartbeatMonitor Finished processing 1 heartbeats in 12687 nanos
2024-10-30 12:08:30,811 INFO [Process Cluster Protocol Request-4] o.a.n.c.p.impl.SocketProtocolListener Finished processing request 7c83a634-4cdb-4e57-ac7c-32a23dda2150 (type=HEARTBEAT, length=2243 bytes) from mynifi:8080 in 1 millis
2024-10-30 12:08:30,812 INFO [Clustering Tasks Thread-3] o.a.n.c.c.ClusterProtocolHeartbeater Heartbeat created at 2024-10-30 12:08:30,809 and sent to mynifi:8082 at 2024-10-30 12:08:30,812; send took 3 millis
2024-10-30 12:08:34,995 INFO [Heartbeat Monitor Thread-1] o.a.n.c.c.h.AbstractHeartbeatMonitor Finished processing 1 heartbeats in 7766 nanos
2024-10-30 12:08:35,817 INFO [Process Cluster Protocol Request-5] o.a.n.c.p.impl.SocketProtocolListener Finished processing request 59aa9875-9b6b-421e-b993-8c581d5844c6 (type=HEARTBEAT, length=2243 bytes) from mynifi:8080 in 2 millis
2024-10-30 12:08:35,820 INFO [Clustering Tasks Thread-3] o.a.n.c.c.ClusterProtocolHeartbeater Heartbeat created at 2024-10-30 12:08:35,812 and sent to mynifi:8082 at 2024-10-30 12:08:35,820; send took 7 millis
2024-10-30 12:08:39,995 INFO [Heartbeat Monitor Thread-1] o.a.n.c.c.h.AbstractHeartbeatMonitor Finished processing 1 heartbeats in 15190 nanos
2024-10-30 12:08:40,823 INFO [Process Cluster Protocol Request-6] o.a.n.c.p.impl.SocketProtocolListener Finished processing request b2cb5a9a-ad29-4d04-80c9-ed9c7a8207d3 (type=HEARTBEAT, length=2243 bytes) from mynifi:8080 in 1 millis
2024-10-30 12:08:40,825 INFO [Clustering Tasks Thread-3] o.a.n.c.c.ClusterProtocolHeartbeater Heartbeat created at 2024-10-30 12:08:40,820 and sent to mynifi:8082 at 2024-10-30 12:08:40,825; send took 4 millis
2024-10-30 12:08:41,584 INFO [Cleanup Archive for default] o.a.n.c.repository.FileSystemRepository Successfully deleted 0 files (0 bytes) from archive
2024-10-30 12:08:44,996 INFO [Heartbeat Monitor Thread-1] o.a.n.c.c.h.AbstractHeartbeatMonitor Finished processing 1 heartbeats in 7733 nanos
2024-10-30 12:08:45,829 INFO [Process Cluster Protocol Request-7] o.a.n.c.p.impl.SocketProtocolListener Finished processing request a0c79808-88cf-4bfa-b1f1-037eecc3116b (type=HEARTBEAT, length=2243 bytes) from mynifi:8080 in 2 millis
2024-10-30 12:08:45,831 INFO [Clustering Tasks Thread-3] o.a.n.c.c.ClusterProtocolHeartbeater Heartbeat created at 2024-10-30 12:08:45,825 and sent to mynifi:8082 at 2024-10-30 12:08:45,831; send took 5 millis
2024-10-30 12:08:46,593 INFO [pool-13-thread-1] o.a.n.c.r.WriteAheadFlowFileRepository Initiating checkpoint of FlowFile Repository
2024-10-30 12:08:46,593 INFO [pool-13-thread-1] o.a.n.c.r.WriteAheadFlowFileRepository Successfully checkpointed FlowFile Repository with 1 records in 0 milliseconds
2024-10-30 12:08:49,996 INFO [Heartbeat Monitor Thread-1] o.a.n.c.c.h.AbstractHeartbeatMonitor Finished processing 1 heartbeats in 7593 nanos
2024-10-30 12:08:50,837 INFO [Process Cluster Protocol Request-8] o.a.n.c.p.impl.SocketProtocolListener Finished processing request d086854d-d160-4a14-9cee-8535c08b3cb9 (type=HEARTBEAT, length=2243 bytes) from mynifi:8080 in 2 millis
2024-10-30 12:08:50,839 INFO [Clustering Tasks Thread-3] o.a.n.c.c.ClusterProtocolHeartbeater Heartbeat created at 2024-10-30 12:08:50,831 and sent to mynifi:8082 at 2024-10-30 12:08:50,839; send took 8 millis
2024-10-30 12:08:54,996 INFO [Heartbeat Monitor Thread-1] o.a.n.c.c.h.AbstractHeartbeatMonitor Finished processing 1 heartbeats in 10344 nanos
2024-10-30 12:08:55,846 INFO [Process Cluster Protocol Request-9] o.a.n.c.p.impl.SocketProtocolListener Finished processing request 31e97922-282e-4871-88e8-bcd27ccfeab8 (type=HEARTBEAT, length=2243 bytes) from mynifi:8080 in 2 millis
2024-10-30 12:08:55,849 INFO [Clustering Tasks Thread-3] o.a.n.c.c.ClusterProtocolHeartbeater Heartbeat created at 2024-10-30 12:08:55,840 and sent to mynifi:8082 at 2024-10-30 12:08:55,849; send took 9 millis
2024-10-30 12:08:59,996 INFO [Heartbeat Monitor Thread-1] o.a.n.c.c.h.AbstractHeartbeatMonitor Finished processing 1 heartbeats in 14457 nanos
2024-10-30 12:09:00,852 INFO [Process Cluster Protocol Request-10] o.a.n.c.p.impl.SocketProtocolListener Finished processing request e47ab0a5-561b-4ebc-9e02-bbf5664ed6dc (type=HEARTBEAT, length=2243 bytes) from mynifi:8080 in 1 millis
2024-10-30 12:09:00,853 INFO [Clustering Tasks Thread-3] o.a.n.c.c.ClusterProtocolHeartbeater Heartbeat created at 2024-10-30 12:09:00,850 and sent to mynifi:8082 at 2024-10-30 12:09:00,853; send took 3 millis
2024-10-30 12:09:04,997 INFO [Heartbeat Monitor Thread-1] o.a.n.c.c.h.AbstractHeartbeatMonitor Finished processing 1 heartbeats in 13197 nanos
2024-10-30 12:09:05,856 INFO [Process Cluster Protocol Request-1] o.a.n.c.p.impl.SocketProtocolListener Finished processing request 6fe0c811-844f-4be6-9161-1cf24eaade80 (type=HEARTBEAT, length=2243 bytes) from mynifi:8080 in 1 millis
2024-10-30 12:09:05,857 INFO [Clustering Tasks Thread-3] o.a.n.c.c.ClusterProtocolHeartbeater Heartbeat created at 2024-10-30 12:09:05,853 and sent to mynifi:8082 at 2024-10-30 12:09:05,857; send took 3 millis
2024-10-30 12:09:06,593 INFO [pool-13-thread-1] o.a.n.c.r.WriteAheadFlowFileRepository Initiating checkpoint of FlowFile Repository
2024-10-30 12:09:06,593 INFO [pool-13-thread-1] o.a.n.c.r.WriteAheadFlowFileRepository Successfully checkpointed FlowFile Repository with 1 records in 0 milliseconds
2024-10-30 12:09:09,997 INFO [Heartbeat Monitor Thread-1] o.a.n.c.c.h.AbstractHeartbeatMonitor Finished processing 1 heartbeats in 6477 nanos
2024-10-30 12:09:10,863 INFO [Process Cluster Protocol Request-2] o.a.n.c.p.impl.SocketProtocolListener Finished processing request 0a8b3de6-6909-476f-a899-0de200c149b5 (type=HEARTBEAT, length=2243 bytes) from mynifi:8080 in 2 millis
2024-10-30 12:09:10,865 INFO [Clustering Tasks Thread-3] o.a.n.c.c.ClusterProtocolHeartbeater Heartbeat created at 2024-10-30 12:09:10,857 and sent to mynifi:8082 at 2024-10-30 12:09:10,865; send took 7 millis
2024-10-30 12:09:14,997 INFO [Heartbeat Monitor Thread-1] o.a.n.c.c.h.AbstractHeartbeatMonitor Finished processing 1 heartbeats in 29241 nanos
2024-10-30 12:09:15,871 INFO [Process Cluster Protocol Request-3] o.a.n.c.p.impl.SocketProtocolListener Finished processing request 8d7301a3-10ca-4a30-a470-f99d20fcc74d (type=HEARTBEAT, length=2243 bytes) from mynifi:8080 in 3 millis
2024-10-30 12:09:15,874 INFO [Clustering Tasks Thread-3] o.a.n.c.c.ClusterProtocolHeartbeater Heartbeat created at 2024-10-30 12:09:15,865 and sent to mynifi:8082 at 2024-10-30 12:09:15,874; send took 9 millis
2024-10-30 12:09:19,998 INFO [Heartbeat Monitor Thread-1] o.a.n.c.c.h.AbstractHeartbeatMonitor Finished processing 1 heartbeats in 14610 nanos
2024-10-30 12:09:20,877 INFO [Process Cluster Protocol Request-4] o.a.n.c.p.impl.SocketProtocolListener Finished processing request fe209fcb-04ec-43b5-a3e1-bd1e7fa5421e (type=HEARTBEAT, length=2243 bytes) from mynifi:8080 in 1 millis
2024-10-30 12:09:20,879 INFO [Clustering Tasks Thread-3] o.a.n.c.c.ClusterProtocolHeartbeater Heartbeat created at 2024-10-30 12:09:20,875 and sent to mynifi:8082 at 2024-10-30 12:09:20,879; send took 4 millis
2024-10-30 12:09:24,998 INFO [Heartbeat Monitor Thread-1] o.a.n.c.c.h.AbstractHeartbeatMonitor Finished processing 1 heartbeats in 7967 nanos
2024-10-30 12:09:25,881 INFO [Process Cluster Protocol Request-5] o.a.n.c.p.impl.SocketProtocolListener Finished processing request 04a08d97-2c1f-4659-a56e-13c12fcf463c (type=HEARTBEAT, length=2243 bytes) from mynifi:8080 in 969676 nanos
2024-10-30 12:09:25,882 INFO [Clustering Tasks Thread-3] o.a.n.c.c.ClusterProtocolHeartbeater Heartbeat created at 2024-10-30 12:09:25,879 and sent to mynifi:8082 at 2024-10-30 12:09:25,882; send took 3 millis
2024-10-30 12:09:26,594 INFO [pool-13-thread-1] o.a.n.c.r.WriteAheadFlowFileRepository Initiating checkpoint of FlowFile Repository
2024-10-30 12:09:26,594 INFO [pool-13-thread-1] o.a.n.c.r.WriteAheadFlowFileRepository Successfully checkpointed FlowFile Repository with 1 records in 0 milliseconds
2024-10-30 12:09:29,998 INFO [Heartbeat Monitor Thread-1] o.a.n.c.c.h.AbstractHeartbeatMonitor Finished processing 1 heartbeats in 14893 nanos
2024-10-30 12:09:30,885 INFO [Process Cluster Protocol Request-6] o.a.n.c.p.impl.SocketProtocolListener Finished processing request 5f736b8f-9164-483c-9bbc-8c05cc98d04c (type=HEARTBEAT, length=2243 bytes) from mynifi:8080 in 1 millis
2024-10-30 12:09:30,886 INFO [Clustering Tasks Thread-3] o.a.n.c.c.ClusterProtocolHeartbeater Heartbeat created at 2024-10-30 12:09:30,882 and sent to mynifi:8082 at 2024-10-30 12:09:30,886; send took 3 millis
2024-10-30 12:09:34,998 INFO [Heartbeat Monitor Thread-1] o.a.n.c.c.h.AbstractHeartbeatMonitor Finished processing 1 heartbeats in 14818 nanos
2024-10-30 12:09:35,889 INFO [Process Cluster Protocol Request-7] o.a.n.c.p.impl.SocketProtocolListener Finished processing request f225d781-401e-4722-935e-75120a9d3a82 (type=HEARTBEAT, length=2243 bytes) from mynifi:8080 in 1 millis
2024-10-30 12:09:35,890 INFO [Clustering Tasks Thread-3] o.a.n.c.c.ClusterProtocolHeartbeater Heartbeat created at 2024-10-30 12:09:35,886 and sent to mynifi:8082 at 2024-10-30 12:09:35,890; send took 4 millis
2024-10-30 12:09:37,563 INFO [Write-Ahead Local State Provider Maintenance] org.wali.MinimalLockingWriteAheadLog org.wali.MinimalLockingWriteAheadLog@4ccfd904 checkpointed with 25 Records and 0 Swap Files in 6 milliseconds (Stop-the-world time = 2 milliseconds, Clear Edit Logs time = 2 millis), max Transaction ID 107
2024-10-30 12:09:39,999 INFO [Heartbeat Monitor Thread-1] o.a.n.c.c.h.AbstractHeartbeatMonitor Finished processing 1 heartbeats in 6064 nanos
2024-10-30 12:09:40,896 INFO [Process Cluster Protocol Request-8] o.a.n.c.p.impl.SocketProtocolListener Finished processing request 426e9e17-4aab-491e-9ab5-78f5c7a685e6 (type=HEARTBEAT, length=2243 bytes) from mynifi:8080 in 2 millis
2024-10-30 12:09:40,899 INFO [Clustering Tasks Thread-3] o.a.n.c.c.ClusterProtocolHeartbeater Heartbeat created at 2024-10-30 12:09:40,891 and sent to mynifi:8082 at 2024-10-30 12:09:40,899; send took 8 millis
2024-10-30 12:09:41,630 INFO [Cleanup Archive for default] o.a.n.c.repository.FileSystemRepository Successfully deleted 0 files (0 bytes) from archive
2024-10-30 12:09:44,999 INFO [Heartbeat Monitor Thread-1] o.a.n.c.c.h.AbstractHeartbeatMonitor Finished processing 1 heartbeats in 14699 nanos
2024-10-30 12:09:45,904 INFO [Process Cluster Protocol Request-9] o.a.n.c.p.impl.SocketProtocolListener Finished processing request a04513f9-5753-43ec-9b7b-d719329db824 (type=HEARTBEAT, length=2243 bytes) from mynifi:8080 in 2 millis
2024-10-30 12:09:45,906 INFO [Clustering Tasks Thread-3] o.a.n.c.c.ClusterProtocolHeartbeater Heartbeat created at 2024-10-30 12:09:45,900 and sent to mynifi:8082 at 2024-10-30 12:09:45,906; send took 6 millis
2024-10-30 12:09:46,594 INFO [pool-13-thread-1] o.a.n.c.r.WriteAheadFlowFileRepository Initiating checkpoint of FlowFile Repository
2024-10-30 12:09:46,594 INFO [pool-13-thread-1] o.a.n.c.r.WriteAheadFlowFileRepository Successfully checkpointed FlowFile Repository with 1 records in 0 milliseconds
2024-10-30 12:09:49,999 INFO [Heartbeat Monitor Thread-1] o.a.n.c.c.h.AbstractHeartbeatMonitor Finished processing 1 heartbeats in 7032 nanos
2024-10-30 12:09:50,908 INFO [Process Cluster Protocol Request-10] o.a.n.c.p.impl.SocketProtocolListener Finished processing request b9fd92f4-f07e-45d7-9ffc-e9e2f96a62f8 (type=HEARTBEAT, length=2243 bytes) from mynifi:8080 in 1 millis
2024-10-30 12:09:50,909 INFO [Clustering Tasks Thread-3] o.a.n.c.c.ClusterProtocolHeartbeater Heartbeat created at 2024-10-30 12:09:50,906 and sent to mynifi:8082 at 2024-10-30 12:09:50,909; send took 3 millis
2024-10-30 12:09:55,000 INFO [Heartbeat Monitor Thread-1] o.a.n.c.c.h.AbstractHeartbeatMonitor Finished processing 1 heartbeats in 16957 nanos
2024-10-30 12:09:55,912 INFO [Process Cluster Protocol Request-1] o.a.n.c.p.impl.SocketProtocolListener Finished processing request 230198cc-3bbf-46db-be2f-98ad92e373da (type=HEARTBEAT, length=2243 bytes) from mynifi:8080 in 921370 nanos
2024-10-30 12:09:55,912 INFO [Clustering Tasks Thread-3] o.a.n.c.c.ClusterProtocolHeartbeater Heartbeat created at 2024-10-30 12:09:55,909 and sent to mynifi:8082 at 2024-10-30 12:09:55,912; send took 2 millis
2024-10-30 12:10:00,000 INFO [Heartbeat Monitor Thread-1] o.a.n.c.c.h.AbstractHeartbeatMonitor Finished processing 1 heartbeats in 9748 nanos
2024-10-30 12:10:00,915 INFO [Process Cluster Protocol Request-2] o.a.n.c.p.impl.SocketProtocolListener Finished processing request cff3dc01-2005-4e77-9522-0c13a791eaca (type=HEARTBEAT, length=2243 bytes) from mynifi:8080 in 1 millis
2024-10-30 12:10:00,916 INFO [Clustering Tasks Thread-3] o.a.n.c.c.ClusterProtocolHeartbeater Heartbeat created at 2024-10-30 12:10:00,913 and sent to mynifi:8082 at 2024-10-30 12:10:00,916; send took 3 millis
2024-10-30 12:10:05,000 INFO [Heartbeat Monitor Thread-1] o.a.n.c.c.h.AbstractHeartbeatMonitor Finished processing 1 heartbeats in 5921 nanos
2024-10-30 12:10:05,922 INFO [Process Cluster Protocol Request-3] o.a.n.c.p.impl.SocketProtocolListener Finished processing request b84db707-aaba-43d4-9051-090c5a50ed0a (type=HEARTBEAT, length=2243 bytes) from mynifi:8080 in 2 millis
2024-10-30 12:10:05,925 INFO [Clustering Tasks Thread-3] o.a.n.c.c.ClusterProtocolHeartbeater Heartbeat created at 2024-10-30 12:10:05,917 and sent to mynifi:8082 at 2024-10-30 12:10:05,925; send took 7 millis
2024-10-30 12:10:06,594 INFO [pool-13-thread-1] o.a.n.c.r.WriteAheadFlowFileRepository Initiating checkpoint of FlowFile Repository
2024-10-30 12:10:06,594 INFO [pool-13-thread-1] o.a.n.c.r.WriteAheadFlowFileRepository Successfully checkpointed FlowFile Repository with 1 records in 0 milliseconds
2024-10-30 12:10:10,000 INFO [Heartbeat Monitor Thread-1] o.a.n.c.c.h.AbstractHeartbeatMonitor Finished processing 1 heartbeats in 6991 nanos
2024-10-30 12:10:10,928 INFO [Process Cluster Protocol Request-4] o.a.n.c.p.impl.SocketProtocolListener Finished processing request c94a792f-fa35-4f49-87db-47b314196bf1 (type=HEARTBEAT, length=2243 bytes) from mynifi:8080 in 1 millis
2024-10-30 12:10:10,930 INFO [Clustering Tasks Thread-3] o.a.n.c.c.ClusterProtocolHeartbeater Heartbeat created at 2024-10-30 12:10:10,925 and sent to mynifi:8082 at 2024-10-30 12:10:10,930; send took 4 millis
2024-10-30 12:10:15,001 INFO [Heartbeat Monitor Thread-1] o.a.n.c.c.h.AbstractHeartbeatMonitor Finished processing 1 heartbeats in 7794 nanos
2024-10-30 12:10:15,933 INFO [Process Cluster Protocol Request-5] o.a.n.c.p.impl.SocketProtocolListener Finished processing request 19ffb9b3-7b0b-4362-b04c-a73d52a3e28c (type=HEARTBEAT, length=2243 bytes) from mynifi:8080 in 1 millis
2024-10-30 12:10:15,935 INFO [Clustering Tasks Thread-3] o.a.n.c.c.ClusterProtocolHeartbeater Heartbeat created at 2024-10-30 12:10:15,930 and sent to mynifi:8082 at 2024-10-30 12:10:15,935; send took 5 millis
2024-10-30 12:10:20,001 INFO [Heartbeat Monitor Thread-1] o.a.n.c.c.h.AbstractHeartbeatMonitor Finished processing 1 heartbeats in 6992 nanos
2024-10-30 12:10:20,940 INFO [Process Cluster Protocol Request-6] o.a.n.c.p.impl.SocketProtocolListener Finished processing request 7d76c3c7-c348-42d3-8d74-af9a7531422b (type=HEARTBEAT, length=2243 bytes) from mynifi:8080 in 1 millis
2024-10-30 12:10:20,943 INFO [Clustering Tasks Thread-3] o.a.n.c.c.ClusterProtocolHeartbeater Heartbeat created at 2024-10-30 12:10:20,935 and sent to mynifi:8082 at 2024-10-30 12:10:20,943; send took 7 millis
2024-10-30 12:10:25,001 INFO [Heartbeat Monitor Thread-1] o.a.n.c.c.h.AbstractHeartbeatMonitor Finished processing 1 heartbeats in 7368 nanos
2024-10-30 12:10:25,946 INFO [Process Cluster Protocol Request-7] o.a.n.c.p.impl.SocketProtocolListener Finished processing request 46454945-2f12-4dd5-bbac-881d70bd124c (type=HEARTBEAT, length=2243 bytes) from mynifi:8080 in 1 millis
2024-10-30 12:10:25,947 INFO [Clustering Tasks Thread-3] o.a.n.c.c.ClusterProtocolHeartbeater Heartbeat created at 2024-10-30 12:10:25,944 and sent to mynifi:8082 at 2024-10-30 12:10:25,947; send took 3 millis
2024-10-30 12:10:26,594 INFO [pool-13-thread-1] o.a.n.c.r.WriteAheadFlowFileRepository Initiating checkpoint of FlowFile Repository
2024-10-30 12:10:26,594 INFO [pool-13-thread-1] o.a.n.c.r.WriteAheadFlowFileRepository Successfully checkpointed FlowFile Repository with 1 records in 0 milliseconds
2024-10-30 12:10:30,001 INFO [Heartbeat Monitor Thread-1] o.a.n.c.c.h.AbstractHeartbeatMonitor Finished processing 1 heartbeats in 11681 nanos
2024-10-30 12:10:30,950 INFO [Process Cluster Protocol Request-8] o.a.n.c.p.impl.SocketProtocolListener Finished processing request 6089e086-ae95-4e1e-b1ce-daf728ef5785 (type=HEARTBEAT, length=2243 bytes) from mynifi:8080 in 1 millis
2024-10-30 12:10:30,951 INFO [Clustering Tasks Thread-3] o.a.n.c.c.ClusterProtocolHeartbeater Heartbeat created at 2024-10-30 12:10:30,947 and sent to mynifi:8082 at 2024-10-30 12:10:30,951; send took 3 millis
2024-10-30 12:10:35,002 INFO [Heartbeat Monitor Thread-1] o.a.n.c.c.h.AbstractHeartbeatMonitor Finished processing 1 heartbeats in 5991 nanos
2024-10-30 12:10:35,955 INFO [Process Cluster Protocol Request-9] o.a.n.c.p.impl.SocketProtocolListener Finished processing request f45d34af-f5ee-44c2-bad7-0edce07d41cb (type=HEARTBEAT, length=2243 bytes) from mynifi:8080 in 2 millis
2024-10-30 12:10:35,957 INFO [Clustering Tasks Thread-3] o.a.n.c.c.ClusterProtocolHeartbeater Heartbeat created at 2024-10-30 12:10:35,951 and sent to mynifi:8082 at 2024-10-30 12:10:35,957; send took 6 millis
2024-10-30 12:10:40,002 INFO [Heartbeat Monitor Thread-1] o.a.n.c.c.h.AbstractHeartbeatMonitor Finished processing 1 heartbeats in 14640 nanos
2024-10-30 12:10:40,960 INFO [Process Cluster Protocol Request-10] o.a.n.c.p.impl.SocketProtocolListener Finished processing request a21977c6-fe47-4bc7-955d-e19cb8348e84 (type=HEARTBEAT, length=2243 bytes) from mynifi:8080 in 1 millis
2024-10-30 12:10:40,962 INFO [Clustering Tasks Thread-3] o.a.n.c.c.ClusterProtocolHeartbeater Heartbeat created at 2024-10-30 12:10:40,958 and sent to mynifi:8082 at 2024-10-30 12:10:40,962; send took 4 millis
2024-10-30 12:10:41,680 INFO [Cleanup Archive for default] o.a.n.c.repository.FileSystemRepository Successfully deleted 0 files (0 bytes) from archive
2024-10-30 12:10:45,002 INFO [Heartbeat Monitor Thread-1] o.a.n.c.c.h.AbstractHeartbeatMonitor Finished processing 1 heartbeats in 16138 nanos
2024-10-30 12:10:45,965 INFO [Process Cluster Protocol Request-1] o.a.n.c.p.impl.SocketProtocolListener Finished processing request 2c7c181b-3ee2-4db9-8b07-fc05a0ef1072 (type=HEARTBEAT, length=2243 bytes) from mynifi:8080 in 1 millis
2024-10-30 12:10:45,967 INFO [Clustering Tasks Thread-3] o.a.n.c.c.ClusterProtocolHeartbeater Heartbeat created at 2024-10-30 12:10:45,962 and sent to mynifi:8082 at 2024-10-30 12:10:45,967; send took 4 millis
2024-10-30 12:10:46,594 INFO [pool-13-thread-1] o.a.n.c.r.WriteAheadFlowFileRepository Initiating checkpoint of FlowFile Repository
2024-10-30 12:10:46,595 INFO [pool-13-thread-1] o.a.n.c.r.WriteAheadFlowFileRepository Successfully checkpointed FlowFile Repository with 1 records in 0 milliseconds
2024-10-30 12:10:50,003 INFO [Heartbeat Monitor Thread-1] o.a.n.c.c.h.AbstractHeartbeatMonitor Finished processing 1 heartbeats in 10483 nanos
2024-10-30 12:10:50,969 INFO [Process Cluster Protocol Request-2] o.a.n.c.p.impl.SocketProtocolListener Finished processing request d882ff0c-1d48-4204-96b5-b72773c46ca6 (type=HEARTBEAT, length=2243 bytes) from mynifi:8080 in 1 millis
2024-10-30 12:10:50,970 INFO [Clustering Tasks Thread-3] o.a.n.c.c.ClusterProtocolHeartbeater Heartbeat created at 2024-10-30 12:10:50,967 and sent to mynifi:8082 at 2024-10-30 12:10:50,970; send took 3 millis
2024-10-30 12:10:55,003 INFO [Heartbeat Monitor Thread-1] o.a.n.c.c.h.AbstractHeartbeatMonitor Finished processing 1 heartbeats in 7499 nanos
2024-10-30 12:10:55,973 INFO [Process Cluster Protocol Request-3] o.a.n.c.p.impl.SocketProtocolListener Finished processing request 5711524c-590e-455f-9a56-2f49be6bb278 (type=HEARTBEAT, length=2243 bytes) from mynifi:8080 in 854531 nanos
2024-10-30 12:10:55,973 INFO [Clustering Tasks Thread-3] o.a.n.c.c.ClusterProtocolHeartbeater Heartbeat created at 2024-10-30 12:10:55,971 and sent to mynifi:8082 at 2024-10-30 12:10:55,973; send took 2 millis
2024-10-30 12:11:00,003 INFO [Heartbeat Monitor Thread-1] o.a.n.c.c.h.AbstractHeartbeatMonitor Finished processing 1 heartbeats in 6714 nanos
2024-10-30 12:11:00,976 INFO [Process Cluster Protocol Request-4] o.a.n.c.p.impl.SocketProtocolListener Finished processing request 225c7942-673c-4c17-a832-ed83215396b5 (type=HEARTBEAT, length=2243 bytes) from mynifi:8080 in 1 millis
2024-10-30 12:11:00,978 INFO [Clustering Tasks Thread-3] o.a.n.c.c.ClusterProtocolHeartbeater Heartbeat created at 2024-10-30 12:11:00,974 and sent to mynifi:8082 at 2024-10-30 12:11:00,978; send took 3 millis
2024-10-30 12:11:05,003 INFO [Heartbeat Monitor Thread-1] o.a.n.c.c.h.AbstractHeartbeatMonitor Finished processing 1 heartbeats in 9989 nanos
2024-10-30 12:11:05,982 INFO [Process Cluster Protocol Request-5] o.a.n.c.p.impl.SocketProtocolListener Finished processing request 65ab67e9-d13c-4472-a859-8f192a0f7bc2 (type=HEARTBEAT, length=2243 bytes) from mynifi:8080 in 1 millis
2024-10-30 12:11:05,984 INFO [Clustering Tasks Thread-3] o.a.n.c.c.ClusterProtocolHeartbeater Heartbeat created at 2024-10-30 12:11:05,978 and sent to mynifi:8082 at 2024-10-30 12:11:05,984; send took 5 millis
2024-10-30 12:11:06,595 INFO [pool-13-thread-1] o.a.n.c.r.WriteAheadFlowFileRepository Initiating checkpoint of FlowFile Repository
2024-10-30 12:11:06,595 INFO [pool-13-thread-1] o.a.n.c.r.WriteAheadFlowFileRepository Successfully checkpointed FlowFile Repository with 1 records in 0 milliseconds
2024-10-30 12:11:10,004 INFO [Heartbeat Monitor Thread-1] o.a.n.c.c.h.AbstractHeartbeatMonitor Finished processing 1 heartbeats in 8649 nanos
2024-10-30 12:11:10,986 INFO [Process Cluster Protocol Request-6] o.a.n.c.p.impl.SocketProtocolListener Finished processing request fa06050d-137a-4099-9853-60f9ac08837d (type=HEARTBEAT, length=2243 bytes) from mynifi:8080 in 837414 nanos
2024-10-30 12:11:10,986 INFO [Clustering Tasks Thread-3] o.a.n.c.c.ClusterProtocolHeartbeater Heartbeat created at 2024-10-30 12:11:10,984 and sent to mynifi:8082 at 2024-10-30 12:11:10,986; send took 2 millis
2024-10-30 12:11:15,004 INFO [Heartbeat Monitor Thread-1] o.a.n.c.c.h.AbstractHeartbeatMonitor Finished processing 1 heartbeats in 6914 nanos
2024-10-30 12:11:15,989 INFO [Process Cluster Protocol Request-7] o.a.n.c.p.impl.SocketProtocolListener Finished processing request 5cdd6235-e82b-4f70-99bb-c2287947a8fa (type=HEARTBEAT, length=2243 bytes) from mynifi:8080 in 926765 nanos
2024-10-30 12:11:15,989 INFO [Clustering Tasks Thread-3] o.a.n.c.c.ClusterProtocolHeartbeater Heartbeat created at 2024-10-30 12:11:15,987 and sent to mynifi:8082 at 2024-10-30 12:11:15,989; send took 2 millis
2024-10-30 12:11:20,004 INFO [Heartbeat Monitor Thread-1] o.a.n.c.c.h.AbstractHeartbeatMonitor Finished processing 1 heartbeats in 10670 nanos
2024-10-30 12:11:20,993 INFO [Process Cluster Protocol Request-8] o.a.n.c.p.impl.SocketProtocolListener Finished processing request 1680356b-4528-430a-9679-8a0c284224eb (type=HEARTBEAT, length=2243 bytes) from mynifi:8080 in 1 millis
2024-10-30 12:11:20,995 INFO [Clustering Tasks Thread-3] o.a.n.c.c.ClusterProtocolHeartbeater Heartbeat created at 2024-10-30 12:11:20,990 and sent to mynifi:8082 at 2024-10-30 12:11:20,995; send took 4 millis
2024-10-30 12:11:25,004 INFO [Heartbeat Monitor Thread-1] o.a.n.c.c.h.AbstractHeartbeatMonitor Finished processing 1 heartbeats in 9067 nanos
2024-10-30 12:11:25,997 INFO [Process Cluster Protocol Request-9] o.a.n.c.p.impl.SocketProtocolListener Finished processing request 33d9956f-83ae-4a79-853d-c5533db8b564 (type=HEARTBEAT, length=2243 bytes) from mynifi:8080 in 1 millis
2024-10-30 12:11:25,999 INFO [Clustering Tasks Thread-3] o.a.n.c.c.ClusterProtocolHeartbeater Heartbeat created at 2024-10-30 12:11:25,995 and sent to mynifi:8082 at 2024-10-30 12:11:25,999; send took 3 millis
2024-10-30 12:11:26,595 INFO [pool-13-thread-1] o.a.n.c.r.WriteAheadFlowFileRepository Initiating checkpoint of FlowFile Repository
2024-10-30 12:11:26,595 INFO [pool-13-thread-1] o.a.n.c.r.WriteAheadFlowFileRepository Successfully checkpointed FlowFile Repository with 1 records in 0 milliseconds
2024-10-30 12:11:30,005 INFO [Heartbeat Monitor Thread-1] o.a.n.c.c.h.AbstractHeartbeatMonitor Finished processing 1 heartbeats in 8106 nanos
2024-10-30 12:11:31,002 INFO [Process Cluster Protocol Request-10] o.a.n.c.p.impl.SocketProtocolListener Finished processing request d8d20252-76ef-482a-81b3-fe08ec9897d2 (type=HEARTBEAT, length=2243 bytes) from mynifi:8080 in 1 millis
2024-10-30 12:11:31,004 INFO [Clustering Tasks Thread-3] o.a.n.c.c.ClusterProtocolHeartbeater Heartbeat created at 2024-10-30 12:11:30,999 and sent to mynifi:8082 at 2024-10-30 12:11:31,004; send took 4 millis
2024-10-30 12:11:35,005 INFO [Heartbeat Monitor Thread-1] o.a.n.c.c.h.AbstractHeartbeatMonitor Finished processing 1 heartbeats in 17785 nanos
2024-10-30 12:11:36,007 INFO [Process Cluster Protocol Request-1] o.a.n.c.p.impl.SocketProtocolListener Finished processing request 208793d8-6869-44dc-87b4-429f7d34b676 (type=HEARTBEAT, length=2243 bytes) from mynifi:8080 in 1 millis
2024-10-30 12:11:36,008 INFO [Clustering Tasks Thread-3] o.a.n.c.c.ClusterProtocolHeartbeater Heartbeat created at 2024-10-30 12:11:36,004 and sent to mynifi:8082 at 2024-10-30 12:11:36,008; send took 4 millis
2024-10-30 12:11:37,569 INFO [Write-Ahead Local State Provider Maintenance] org.wali.MinimalLockingWriteAheadLog org.wali.MinimalLockingWriteAheadLog@4ccfd904 checkpointed with 25 Records and 0 Swap Files in 6 milliseconds (Stop-the-world time = 2 milliseconds, Clear Edit Logs time = 2 millis), max Transaction ID 107
2024-10-30 12:11:40,006 INFO [Heartbeat Monitor Thread-1] o.a.n.c.c.h.AbstractHeartbeatMonitor Finished processing 1 heartbeats in 11760 nanos
2024-10-30 12:11:41,011 INFO [Process Cluster Protocol Request-2] o.a.n.c.p.impl.SocketProtocolListener Finished processing request ab779fee-e56a-4d36-82be-77c6d7b09eeb (type=HEARTBEAT, length=2243 bytes) from mynifi:8080 in 1 millis
2024-10-30 12:11:41,013 INFO [Clustering Tasks Thread-3] o.a.n.c.c.ClusterProtocolHeartbeater Heartbeat created at 2024-10-30 12:11:41,008 and sent to mynifi:8082 at 2024-10-30 12:11:41,013; send took 4 millis
2024-10-30 12:11:41,707 INFO [Cleanup Archive for default] o.a.n.c.repository.FileSystemRepository Successfully deleted 0 files (0 bytes) from archive
2024-10-30 12:11:45,006 INFO [Heartbeat Monitor Thread-1] o.a.n.c.c.h.AbstractHeartbeatMonitor Finished processing 1 heartbeats in 7069 nanos
2024-10-30 12:11:46,015 INFO [Process Cluster Protocol Request-3] o.a.n.c.p.impl.SocketProtocolListener Finished processing request bea93e99-fab0-4d29-a02f-61220ade38df (type=HEARTBEAT, length=2243 bytes) from mynifi:8080 in 1 millis
2024-10-30 12:11:46,017 INFO [Clustering Tasks Thread-3] o.a.n.c.c.ClusterProtocolHeartbeater Heartbeat created at 2024-10-30 12:11:46,013 and sent to mynifi:8082 at 2024-10-30 12:11:46,017; send took 4 millis
2024-10-30 12:11:46,595 INFO [pool-13-thread-1] o.a.n.c.r.WriteAheadFlowFileRepository Initiating checkpoint of FlowFile Repository
2024-10-30 12:11:46,595 INFO [pool-13-thread-1] o.a.n.c.r.WriteAheadFlowFileRepository Successfully checkpointed FlowFile Repository with 1 records in 0 milliseconds
2024-10-30 12:11:50,006 INFO [Heartbeat Monitor Thread-1] o.a.n.c.c.h.AbstractHeartbeatMonitor Finished processing 1 heartbeats in 6330 nanos
2024-10-30 12:11:51,020 INFO [Process Cluster Protocol Request-4] o.a.n.c.p.impl.SocketProtocolListener Finished processing request fa85bcc8-3300-4565-baaa-91387d7150e2 (type=HEARTBEAT, length=2243 bytes) from mynifi:8080 in 1 millis
2024-10-30 12:11:51,021 INFO [Clustering Tasks Thread-3] o.a.n.c.c.ClusterProtocolHeartbeater Heartbeat created at 2024-10-30 12:11:51,017 and sent to mynifi:8082 at 2024-10-30 12:11:51,021; send took 3 millis
2024-10-30 12:11:55,007 INFO [Heartbeat Monitor Thread-1] o.a.n.c.c.h.AbstractHeartbeatMonitor Finished processing 1 heartbeats in 11620 nanos
2024-10-30 12:11:56,028 INFO [Process Cluster Protocol Request-5] o.a.n.c.p.impl.SocketProtocolListener Finished processing request 9620f02a-f05a-49c0-9d19-2b17b369281f (type=HEARTBEAT, length=2243 bytes) from mynifi:8080 in 3 millis
2024-10-30 12:11:56,030 INFO [Clustering Tasks Thread-3] o.a.n.c.c.ClusterProtocolHeartbeater Heartbeat created at 2024-10-30 12:11:56,021 and sent to mynifi:8082 at 2024-10-30 12:11:56,030; send took 8 millis
2024-10-30 12:12:00,007 INFO [Heartbeat Monitor Thread-1] o.a.n.c.c.h.AbstractHeartbeatMonitor Finished processing 1 heartbeats in 11059 nanos
2024-10-30 12:12:01,033 INFO [Process Cluster Protocol Request-6] o.a.n.c.p.impl.SocketProtocolListener Finished processing request 06d85356-5c37-412d-9e03-d838474dc207 (type=HEARTBEAT, length=2243 bytes) from mynifi:8080 in 1 millis
2024-10-30 12:12:01,034 INFO [Clustering Tasks Thread-3] o.a.n.c.c.ClusterProtocolHeartbeater Heartbeat created at 2024-10-30 12:12:01,030 and sent to mynifi:8082 at 2024-10-30 12:12:01,034; send took 4 millis
2024-10-30 12:12:05,007 INFO [Heartbeat Monitor Thread-1] o.a.n.c.c.h.AbstractHeartbeatMonitor Finished processing 1 heartbeats in 7283 nanos
2024-10-30 12:12:06,040 INFO [Process Cluster Protocol Request-7] o.a.n.c.p.impl.SocketProtocolListener Finished processing request 75210fbf-7531-41e5-a5cf-0cf96b135774 (type=HEARTBEAT, length=2243 bytes) from mynifi:8080 in 2 millis
2024-10-30 12:12:06,042 INFO [Clustering Tasks Thread-3] o.a.n.c.c.ClusterProtocolHeartbeater Heartbeat created at 2024-10-30 12:12:06,035 and sent to mynifi:8082 at 2024-10-30 12:12:06,042; send took 6 millis
2024-10-30 12:12:06,595 INFO [pool-13-thread-1] o.a.n.c.r.WriteAheadFlowFileRepository Initiating checkpoint of FlowFile Repository
2024-10-30 12:12:06,595 INFO [pool-13-thread-1] o.a.n.c.r.WriteAheadFlowFileRepository Successfully checkpointed FlowFile Repository with 1 records in 0 milliseconds
2024-10-30 12:12:10,007 INFO [Heartbeat Monitor Thread-1] o.a.n.c.c.h.AbstractHeartbeatMonitor Finished processing 1 heartbeats in 8467 nanos
2024-10-30 12:12:11,047 INFO [Process Cluster Protocol Request-8] o.a.n.c.p.impl.SocketProtocolListener Finished processing request b7ded455-7786-4612-96c8-3cf6edb547a6 (type=HEARTBEAT, length=2243 bytes) from mynifi:8080 in 2 millis
2024-10-30 12:12:11,049 INFO [Clustering Tasks Thread-3] o.a.n.c.c.ClusterProtocolHeartbeater Heartbeat created at 2024-10-30 12:12:11,042 and sent to mynifi:8082 at 2024-10-30 12:12:11,049; send took 6 millis
2024-10-30 12:12:15,007 INFO [Heartbeat Monitor Thread-1] o.a.n.c.c.h.AbstractHeartbeatMonitor Finished processing 1 heartbeats in 5888 nanos
2024-10-30 12:12:16,054 INFO [Process Cluster Protocol Request-9] o.a.n.c.p.impl.SocketProtocolListener Finished processing request 3bc661ea-0d84-4689-9082-b8657799f863 (type=HEARTBEAT, length=2243 bytes) from mynifi:8080 in 2 millis
2024-10-30 12:12:16,057 INFO [Clustering Tasks Thread-3] o.a.n.c.c.ClusterProtocolHeartbeater Heartbeat created at 2024-10-30 12:12:16,049 and sent to mynifi:8082 at 2024-10-30 12:12:16,057; send took 7 millis
2024-10-30 12:12:20,008 INFO [Heartbeat Monitor Thread-1] o.a.n.c.c.h.AbstractHeartbeatMonitor Finished processing 1 heartbeats in 8483 nanos
2024-10-30 12:12:21,059 INFO [Process Cluster Protocol Request-10] o.a.n.c.p.impl.SocketProtocolListener Finished processing request 60e1273c-5c5b-4a2b-91f3-651db4c2a3d2 (type=HEARTBEAT, length=2243 bytes) from mynifi:8080 in 1 millis
2024-10-30 12:12:21,061 INFO [Clustering Tasks Thread-3] o.a.n.c.c.ClusterProtocolHeartbeater Heartbeat created at 2024-10-30 12:12:21,057 and sent to mynifi:8082 at 2024-10-30 12:12:21,061; send took 3 millis
2024-10-30 12:12:25,008 INFO [Heartbeat Monitor Thread-1] o.a.n.c.c.h.AbstractHeartbeatMonitor Finished processing 1 heartbeats in 6606 nanos
2024-10-30 12:12:26,063 INFO [Process Cluster Protocol Request-1] o.a.n.c.p.impl.SocketProtocolListener Finished processing request c453ed92-e4d6-412e-b0c3-588235cef16c (type=HEARTBEAT, length=2243 bytes) from mynifi:8080 in 1 millis
2024-10-30 12:12:26,064 INFO [Clustering Tasks Thread-3] o.a.n.c.c.ClusterProtocolHeartbeater Heartbeat created at 2024-10-30 12:12:26,061 and sent to mynifi:8082 at 2024-10-30 12:12:26,064; send took 3 millis
2024-10-30 12:12:26,596 INFO [pool-13-thread-1] o.a.n.c.r.WriteAheadFlowFileRepository Initiating checkpoint of FlowFile Repository
2024-10-30 12:12:26,596 INFO [pool-13-thread-1] o.a.n.c.r.WriteAheadFlowFileRepository Successfully checkpointed FlowFile Repository with 1 records in 0 milliseconds
2024-10-30 12:12:30,008 INFO [Heartbeat Monitor Thread-1] o.a.n.c.c.h.AbstractHeartbeatMonitor Finished processing 1 heartbeats in 8316 nanos
2024-10-30 12:12:31,070 INFO [Process Cluster Protocol Request-2] o.a.n.c.p.impl.SocketProtocolListener Finished processing request 2fa75fd9-70f9-4866-827b-2b59ee286a01 (type=HEARTBEAT, length=2243 bytes) from mynifi:8080 in 2 millis
2024-10-30 12:12:31,072 INFO [Clustering Tasks Thread-3] o.a.n.c.c.ClusterProtocolHeartbeater Heartbeat created at 2024-10-30 12:12:31,065 and sent to mynifi:8082 at 2024-10-30 12:12:31,072; send took 6 millis
2024-10-30 12:12:35,008 INFO [Heartbeat Monitor Thread-1] o.a.n.c.c.h.AbstractHeartbeatMonitor Finished processing 1 heartbeats in 13419 nanos
2024-10-30 12:12:36,077 INFO [Process Cluster Protocol Request-3] o.a.n.c.p.impl.SocketProtocolListener Finished processing request 6a911b76-e5dc-4045-b061-e91a6c9b1606 (type=HEARTBEAT, length=2243 bytes) from mynifi:8080 in 2 millis
2024-10-30 12:12:36,080 INFO [Clustering Tasks Thread-3] o.a.n.c.c.ClusterProtocolHeartbeater Heartbeat created at 2024-10-30 12:12:36,072 and sent to mynifi:8082 at 2024-10-30 12:12:36,080; send took 8 millis
2024-10-30 12:12:40,009 INFO [Heartbeat Monitor Thread-1] o.a.n.c.c.h.AbstractHeartbeatMonitor Finished processing 1 heartbeats in 10172 nanos
2024-10-30 12:12:41,083 INFO [Process Cluster Protocol Request-4] o.a.n.c.p.impl.SocketProtocolListener Finished processing request 51c38dd9-43fe-4ce4-96a0-c355fffa74db (type=HEARTBEAT, length=2243 bytes) from mynifi:8080 in 1 millis
2024-10-30 12:12:41,084 INFO [Clustering Tasks Thread-3] o.a.n.c.c.ClusterProtocolHeartbeater Heartbeat created at 2024-10-30 12:12:41,080 and sent to mynifi:8082 at 2024-10-30 12:12:41,084; send took 3 millis
2024-10-30 12:12:41,746 INFO [Cleanup Archive for default] o.a.n.c.repository.FileSystemRepository Successfully deleted 0 files (0 bytes) from archive
2024-10-30 12:12:45,009 INFO [Heartbeat Monitor Thread-1] o.a.n.c.c.h.AbstractHeartbeatMonitor Finished processing 1 heartbeats in 6708 nanos
2024-10-30 12:12:46,090 INFO [Process Cluster Protocol Request-5] o.a.n.c.p.impl.SocketProtocolListener Finished processing request 417b592a-8fa0-4a70-a6b1-ceafdc27b4e3 (type=HEARTBEAT, length=2243 bytes) from mynifi:8080 in 2 millis
2024-10-30 12:12:46,093 INFO [Clustering Tasks Thread-3] o.a.n.c.c.ClusterProtocolHeartbeater Heartbeat created at 2024-10-30 12:12:46,085 and sent to mynifi:8082 at 2024-10-30 12:12:46,093; send took 8 millis
2024-10-30 12:12:46,596 INFO [pool-13-thread-1] o.a.n.c.r.WriteAheadFlowFileRepository Initiating checkpoint of FlowFile Repository
2024-10-30 12:12:46,596 INFO [pool-13-thread-1] o.a.n.c.r.WriteAheadFlowFileRepository Successfully checkpointed FlowFile Repository with 1 records in 0 milliseconds
2024-10-30 12:12:50,009 INFO [Heartbeat Monitor Thread-1] o.a.n.c.c.h.AbstractHeartbeatMonitor Finished processing 1 heartbeats in 13065 nanos
2024-10-30 12:12:51,096 INFO [Process Cluster Protocol Request-6] o.a.n.c.p.impl.SocketProtocolListener Finished processing request ecbc4b57-ee12-41e4-86e9-82cea96ed541 (type=HEARTBEAT, length=2243 bytes) from mynifi:8080 in 1 millis
2024-10-30 12:12:51,098 INFO [Clustering Tasks Thread-3] o.a.n.c.c.ClusterProtocolHeartbeater Heartbeat created at 2024-10-30 12:12:51,094 and sent to mynifi:8082 at 2024-10-30 12:12:51,098; send took 4 millis
2024-10-30 12:12:55,010 INFO [Heartbeat Monitor Thread-1] o.a.n.c.c.h.AbstractHeartbeatMonitor Finished processing 1 heartbeats in 23927 nanos
2024-10-30 12:12:56,100 INFO [Process Cluster Protocol Request-7] o.a.n.c.p.impl.SocketProtocolListener Finished processing request 5ba6579f-9a79-4203-b914-2877f2d93403 (type=HEARTBEAT, length=2243 bytes) from mynifi:8080 in 959675 nanos
2024-10-30 12:12:56,101 INFO [Clustering Tasks Thread-3] o.a.n.c.c.ClusterProtocolHeartbeater Heartbeat created at 2024-10-30 12:12:56,098 and sent to mynifi:8082 at 2024-10-30 12:12:56,101; send took 3 millis
2024-10-30 12:13:00,010 INFO [Heartbeat Monitor Thread-1] o.a.n.c.c.h.AbstractHeartbeatMonitor Finished processing 1 heartbeats in 7999 nanos
2024-10-30 12:13:01,105 INFO [Process Cluster Protocol Request-8] o.a.n.c.p.impl.SocketProtocolListener Finished processing request 27e2297f-dc6d-4a18-bfe9-350b9f2a6a5f (type=HEARTBEAT, length=2243 bytes) from mynifi:8080 in 1 millis
2024-10-30 12:13:01,107 INFO [Clustering Tasks Thread-3] o.a.n.c.c.ClusterProtocolHeartbeater Heartbeat created at 2024-10-30 12:13:01,102 and sent to mynifi:8082 at 2024-10-30 12:13:01,107; send took 5 millis
2024-10-30 12:13:05,010 INFO [Heartbeat Monitor Thread-1] o.a.n.c.c.h.AbstractHeartbeatMonitor Finished processing 1 heartbeats in 6678 nanos
2024-10-30 12:13:06,109 INFO [Process Cluster Protocol Request-9] o.a.n.c.p.impl.SocketProtocolListener Finished processing request bcb9212b-f0a4-42e8-a1a7-fadbe0adffea (type=HEARTBEAT, length=2243 bytes) from mynifi:8080 in 682913 nanos
2024-10-30 12:13:06,110 INFO [Clustering Tasks Thread-3] o.a.n.c.c.ClusterProtocolHeartbeater Heartbeat created at 2024-10-30 12:13:06,107 and sent to mynifi:8082 at 2024-10-30 12:13:06,110; send took 2 millis
2024-10-30 12:13:06,596 INFO [pool-13-thread-1] o.a.n.c.r.WriteAheadFlowFileRepository Initiating checkpoint of FlowFile Repository
2024-10-30 12:13:06,596 INFO [pool-13-thread-1] o.a.n.c.r.WriteAheadFlowFileRepository Successfully checkpointed FlowFile Repository with 1 records in 0 milliseconds
2024-10-30 12:13:10,010 INFO [Heartbeat Monitor Thread-1] o.a.n.c.c.h.AbstractHeartbeatMonitor Finished processing 1 heartbeats in 7956 nanos
2024-10-30 12:13:11,112 INFO [Process Cluster Protocol Request-10] o.a.n.c.p.impl.SocketProtocolListener Finished processing request 0d613e32-e046-4764-9a96-525e866ccaa4 (type=HEARTBEAT, length=2243 bytes) from mynifi:8080 in 1 millis
2024-10-30 12:13:11,113 INFO [Clustering Tasks Thread-3] o.a.n.c.c.ClusterProtocolHeartbeater Heartbeat created at 2024-10-30 12:13:11,110 and sent to mynifi:8082 at 2024-10-30 12:13:11,113; send took 3 millis
2024-10-30 12:13:15,011 INFO [Heartbeat Monitor Thread-1] o.a.n.c.c.h.AbstractHeartbeatMonitor Finished processing 1 heartbeats in 12022 nanos
2024-10-30 12:13:16,115 INFO [Process Cluster Protocol Request-1] o.a.n.c.p.impl.SocketProtocolListener Finished processing request 380a5c08-c026-4295-9acd-eddaae5615ed (type=HEARTBEAT, length=2243 bytes) from mynifi:8080 in 1 millis
2024-10-30 12:13:16,116 INFO [Clustering Tasks Thread-3] o.a.n.c.c.ClusterProtocolHeartbeater Heartbeat created at 2024-10-30 12:13:16,113 and sent to mynifi:8082 at 2024-10-30 12:13:16,116; send took 3 millis
2024-10-30 12:13:20,011 INFO [Heartbeat Monitor Thread-1] o.a.n.c.c.h.AbstractHeartbeatMonitor Finished processing 1 heartbeats in 8046 nanos
2024-10-30 12:13:21,119 INFO [Process Cluster Protocol Request-2] o.a.n.c.p.impl.SocketProtocolListener Finished processing request b1534746-f0cf-4369-80ef-58843b716225 (type=HEARTBEAT, length=2243 bytes) from mynifi:8080 in 1 millis
2024-10-30 12:13:21,120 INFO [Clustering Tasks Thread-1] o.a.n.c.c.ClusterProtocolHeartbeater Heartbeat created at 2024-10-30 12:13:21,117 and sent to mynifi:8082 at 2024-10-30 12:13:21,120; send took 3 millis
2024-10-30 12:13:25,011 INFO [Heartbeat Monitor Thread-1] o.a.n.c.c.h.AbstractHeartbeatMonitor Finished processing 1 heartbeats in 7844 nanos
2024-10-30 12:13:26,126 INFO [Process Cluster Protocol Request-3] o.a.n.c.p.impl.SocketProtocolListener Finished processing request 12155942-45b0-48b2-ad8d-bc9e660bfe91 (type=HEARTBEAT, length=2243 bytes) from mynifi:8080 in 2 millis
2024-10-30 12:13:26,129 INFO [Clustering Tasks Thread-1] o.a.n.c.c.ClusterProtocolHeartbeater Heartbeat created at 2024-10-30 12:13:26,121 and sent to mynifi:8082 at 2024-10-30 12:13:26,129; send took 8 millis
2024-10-30 12:13:26,596 INFO [pool-13-thread-1] o.a.n.c.r.WriteAheadFlowFileRepository Initiating checkpoint of FlowFile Repository
2024-10-30 12:13:26,596 INFO [pool-13-thread-1] o.a.n.c.r.WriteAheadFlowFileRepository Successfully checkpointed FlowFile Repository with 1 records in 0 milliseconds
2024-10-30 12:13:30,012 INFO [Heartbeat Monitor Thread-1] o.a.n.c.c.h.AbstractHeartbeatMonitor Finished processing 1 heartbeats in 11974 nanos
2024-10-30 12:13:31,135 INFO [Process Cluster Protocol Request-4] o.a.n.c.p.impl.SocketProtocolListener Finished processing request b95207e4-60c2-419d-b2aa-8b2d0d6a2e0a (type=HEARTBEAT, length=2243 bytes) from mynifi:8080 in 2 millis
2024-10-30 12:13:31,138 INFO [Clustering Tasks Thread-1] o.a.n.c.c.ClusterProtocolHeartbeater Heartbeat created at 2024-10-30 12:13:31,130 and sent to mynifi:8082 at 2024-10-30 12:13:31,138; send took 8 millis
2024-10-30 12:13:35,012 INFO [Heartbeat Monitor Thread-1] o.a.n.c.c.h.AbstractHeartbeatMonitor Finished processing 1 heartbeats in 15332 nanos
2024-10-30 12:13:36,141 INFO [Process Cluster Protocol Request-5] o.a.n.c.p.impl.SocketProtocolListener Finished processing request ba99ac14-b305-4d6d-b5c0-0d31bc06eb67 (type=HEARTBEAT, length=2243 bytes) from mynifi:8080 in 912956 nanos
2024-10-30 12:13:36,142 INFO [Clustering Tasks Thread-1] o.a.n.c.c.ClusterProtocolHeartbeater Heartbeat created at 2024-10-30 12:13:36,139 and sent to mynifi:8082 at 2024-10-30 12:13:36,142; send took 3 millis
2024-10-30 12:13:37,573 INFO [Write-Ahead Local State Provider Maintenance] org.wali.MinimalLockingWriteAheadLog org.wali.MinimalLockingWriteAheadLog@4ccfd904 checkpointed with 25 Records and 0 Swap Files in 3 milliseconds (Stop-the-world time = 1 milliseconds, Clear Edit Logs time = 1 millis), max Transaction ID 107
2024-10-30 12:13:40,012 INFO [Heartbeat Monitor Thread-1] o.a.n.c.c.h.AbstractHeartbeatMonitor Finished processing 1 heartbeats in 8830 nanos
2024-10-30 12:13:41,144 INFO [Process Cluster Protocol Request-6] o.a.n.c.p.impl.SocketProtocolListener Finished processing request 8884236b-883c-4d5e-aeb6-36363b1b482d (type=HEARTBEAT, length=2243 bytes) from mynifi:8080 in 1 millis
2024-10-30 12:13:41,145 INFO [Clustering Tasks Thread-1] o.a.n.c.c.ClusterProtocolHeartbeater Heartbeat created at 2024-10-30 12:13:41,142 and sent to mynifi:8082 at 2024-10-30 12:13:41,145; send took 3 millis
2024-10-30 12:13:41,779 INFO [Cleanup Archive for default] o.a.n.c.repository.FileSystemRepository Successfully deleted 0 files (0 bytes) from archive
2024-10-30 12:13:45,012 INFO [Heartbeat Monitor Thread-1] o.a.n.c.c.h.AbstractHeartbeatMonitor Finished processing 1 heartbeats in 7874 nanos
2024-10-30 12:13:46,148 INFO [Process Cluster Protocol Request-7] o.a.n.c.p.impl.SocketProtocolListener Finished processing request f6a1bbc2-28a3-45ad-9064-2c7303003218 (type=HEARTBEAT, length=2243 bytes) from mynifi:8080 in 1 millis
2024-10-30 12:13:46,149 INFO [Clustering Tasks Thread-1] o.a.n.c.c.ClusterProtocolHeartbeater Heartbeat created at 2024-10-30 12:13:46,146 and sent to mynifi:8082 at 2024-10-30 12:13:46,149; send took 3 millis
2024-10-30 12:13:46,597 INFO [pool-13-thread-1] o.a.n.c.r.WriteAheadFlowFileRepository Initiating checkpoint of FlowFile Repository
2024-10-30 12:13:46,597 INFO [pool-13-thread-1] o.a.n.c.r.WriteAheadFlowFileRepository Successfully checkpointed FlowFile Repository with 1 records in 0 milliseconds
2024-10-30 12:13:50,012 INFO [Heartbeat Monitor Thread-1] o.a.n.c.c.h.AbstractHeartbeatMonitor Finished processing 1 heartbeats in 10871 nanos
2024-10-30 12:13:51,152 INFO [Process Cluster Protocol Request-8] o.a.n.c.p.impl.SocketProtocolListener Finished processing request ec1fda5f-fafd-456c-ae6b-1dbab8deaf0f (type=HEARTBEAT, length=2243 bytes) from mynifi:8080 in 1 millis
2024-10-30 12:13:51,154 INFO [Clustering Tasks Thread-1] o.a.n.c.c.ClusterProtocolHeartbeater Heartbeat created at 2024-10-30 12:13:51,149 and sent to mynifi:8082 at 2024-10-30 12:13:51,154; send took 4 millis
2024-10-30 12:13:55,013 INFO [Heartbeat Monitor Thread-1] o.a.n.c.c.h.AbstractHeartbeatMonitor Finished processing 1 heartbeats in 13026 nanos
2024-10-30 12:13:56,160 INFO [Process Cluster Protocol Request-9] o.a.n.c.p.impl.SocketProtocolListener Finished processing request 1e906a28-0f55-42aa-bef2-88e3d7dfc991 (type=HEARTBEAT, length=2243 bytes) from mynifi:8080 in 2 millis
2024-10-30 12:13:56,162 INFO [Clustering Tasks Thread-1] o.a.n.c.c.ClusterProtocolHeartbeater Heartbeat created at 2024-10-30 12:13:56,154 and sent to mynifi:8082 at 2024-10-30 12:13:56,162; send took 8 millis
2024-10-30 12:14:00,013 INFO [Heartbeat Monitor Thread-1] o.a.n.c.c.h.AbstractHeartbeatMonitor Finished processing 1 heartbeats in 6900 nanos
2024-10-30 12:14:01,165 INFO [Process Cluster Protocol Request-10] o.a.n.c.p.impl.SocketProtocolListener Finished processing request c32abc5c-c2b1-430a-ab52-fe995677e4e7 (type=HEARTBEAT, length=2243 bytes) from mynifi:8080 in 1 millis
2024-10-30 12:14:01,167 INFO [Clustering Tasks Thread-1] o.a.n.c.c.ClusterProtocolHeartbeater Heartbeat created at 2024-10-30 12:14:01,162 and sent to mynifi:8082 at 2024-10-30 12:14:01,167; send took 4 millis
2024-10-30 12:14:05,013 INFO [Heartbeat Monitor Thread-1] o.a.n.c.c.h.AbstractHeartbeatMonitor Finished processing 1 heartbeats in 7752 nanos
2024-10-30 12:14:06,169 INFO [Process Cluster Protocol Request-1] o.a.n.c.p.impl.SocketProtocolListener Finished processing request f1b76da5-07db-4637-b83e-0d6ffa8b2a6f (type=HEARTBEAT, length=2243 bytes) from mynifi:8080 in 1 millis
2024-10-30 12:14:06,170 INFO [Clustering Tasks Thread-1] o.a.n.c.c.ClusterProtocolHeartbeater Heartbeat created at 2024-10-30 12:14:06,167 and sent to mynifi:8082 at 2024-10-30 12:14:06,170; send took 2 millis
2024-10-30 12:14:06,597 INFO [pool-13-thread-1] o.a.n.c.r.WriteAheadFlowFileRepository Initiating checkpoint of FlowFile Repository
2024-10-30 12:14:06,597 INFO [pool-13-thread-1] o.a.n.c.r.WriteAheadFlowFileRepository Successfully checkpointed FlowFile Repository with 1 records in 0 milliseconds
2024-10-30 12:14:10,014 INFO [Heartbeat Monitor Thread-1] o.a.n.c.c.h.AbstractHeartbeatMonitor Finished processing 1 heartbeats in 17305 nanos
2024-10-30 12:14:11,173 INFO [Process Cluster Protocol Request-2] o.a.n.c.p.impl.SocketProtocolListener Finished processing request 9ef7260c-e8d3-4cd4-8f7a-ea9e4e89f182 (type=HEARTBEAT, length=2243 bytes) from mynifi:8080 in 1 millis
2024-10-30 12:14:11,188 INFO [Clustering Tasks Thread-1] o.a.n.c.c.ClusterProtocolHeartbeater Heartbeat created at 2024-10-30 12:14:11,170 and sent to mynifi:8082 at 2024-10-30 12:14:11,188; send took 17 millis
2024-10-30 12:14:15,014 INFO [Heartbeat Monitor Thread-1] o.a.n.c.c.h.AbstractHeartbeatMonitor Finished processing 1 heartbeats in 13927 nanos
2024-10-30 12:14:16,191 INFO [Process Cluster Protocol Request-3] o.a.n.c.p.impl.SocketProtocolListener Finished processing request cc2fd63d-b7eb-49ea-9081-f26994d0c342 (type=HEARTBEAT, length=2243 bytes) from mynifi:8080 in 993033 nanos
2024-10-30 12:14:16,192 INFO [Clustering Tasks Thread-1] o.a.n.c.c.ClusterProtocolHeartbeater Heartbeat created at 2024-10-30 12:14:16,188 and sent to mynifi:8082 at 2024-10-30 12:14:16,192; send took 3 millis
2024-10-30 12:14:20,014 INFO [Heartbeat Monitor Thread-1] o.a.n.c.c.h.AbstractHeartbeatMonitor Finished processing 1 heartbeats in 14073 nanos
2024-10-30 12:14:21,194 INFO [Process Cluster Protocol Request-4] o.a.n.c.p.impl.SocketProtocolListener Finished processing request 1ced6690-492d-4a36-be2c-cd6e1dadad6f (type=HEARTBEAT, length=2243 bytes) from mynifi:8080 in 946823 nanos
2024-10-30 12:14:21,195 INFO [Clustering Tasks Thread-1] o.a.n.c.c.ClusterProtocolHeartbeater Heartbeat created at 2024-10-30 12:14:21,192 and sent to mynifi:8082 at 2024-10-30 12:14:21,195; send took 3 millis
2024-10-30 12:14:25,015 INFO [Heartbeat Monitor Thread-1] o.a.n.c.c.h.AbstractHeartbeatMonitor Finished processing 1 heartbeats in 14462 nanos
2024-10-30 12:14:26,199 INFO [Process Cluster Protocol Request-5] o.a.n.c.p.impl.SocketProtocolListener Finished processing request b9e74c03-71a4-46c6-93b2-9869fe3ea2f3 (type=HEARTBEAT, length=2243 bytes) from mynifi:8080 in 1 millis
2024-10-30 12:14:26,201 INFO [Clustering Tasks Thread-1] o.a.n.c.c.ClusterProtocolHeartbeater Heartbeat created at 2024-10-30 12:14:26,196 and sent to mynifi:8082 at 2024-10-30 12:14:26,201; send took 5 millis
2024-10-30 12:14:26,597 INFO [pool-13-thread-1] o.a.n.c.r.WriteAheadFlowFileRepository Initiating checkpoint of FlowFile Repository
2024-10-30 12:14:26,597 INFO [pool-13-thread-1] o.a.n.c.r.WriteAheadFlowFileRepository Successfully checkpointed FlowFile Repository with 1 records in 0 milliseconds
2024-10-30 12:14:30,015 INFO [Heartbeat Monitor Thread-1] o.a.n.c.c.h.AbstractHeartbeatMonitor Finished processing 1 heartbeats in 27043 nanos
2024-10-30 12:14:31,207 INFO [Process Cluster Protocol Request-6] o.a.n.c.p.impl.SocketProtocolListener Finished processing request a464fc5d-3646-4828-9ccc-07056a016937 (type=HEARTBEAT, length=2243 bytes) from mynifi:8080 in 2 millis
2024-10-30 12:14:31,209 INFO [Clustering Tasks Thread-1] o.a.n.c.c.ClusterProtocolHeartbeater Heartbeat created at 2024-10-30 12:14:31,201 and sent to mynifi:8082 at 2024-10-30 12:14:31,209; send took 8 millis
2024-10-30 12:14:35,015 INFO [Heartbeat Monitor Thread-1] o.a.n.c.c.h.AbstractHeartbeatMonitor Finished processing 1 heartbeats in 7436 nanos
2024-10-30 12:14:36,212 INFO [Process Cluster Protocol Request-7] o.a.n.c.p.impl.SocketProtocolListener Finished processing request df8f3985-dc21-41d5-953a-365c2ed6929f (type=HEARTBEAT, length=2243 bytes) from mynifi:8080 in 1 millis
2024-10-30 12:14:36,213 INFO [Clustering Tasks Thread-1] o.a.n.c.c.ClusterProtocolHeartbeater Heartbeat created at 2024-10-30 12:14:36,210 and sent to mynifi:8082 at 2024-10-30 12:14:36,213; send took 3 millis
2024-10-30 12:14:40,016 INFO [Heartbeat Monitor Thread-1] o.a.n.c.c.h.AbstractHeartbeatMonitor Finished processing 1 heartbeats in 7924 nanos
2024-10-30 12:14:41,219 INFO [Process Cluster Protocol Request-8] o.a.n.c.p.impl.SocketProtocolListener Finished processing request 3d5855e9-1e28-4bfa-aeff-078ca4a937e9 (type=HEARTBEAT, length=2243 bytes) from mynifi:8080 in 2 millis
2024-10-30 12:14:41,223 INFO [Clustering Tasks Thread-1] o.a.n.c.c.ClusterProtocolHeartbeater Heartbeat created at 2024-10-30 12:14:41,214 and sent to mynifi:8082 at 2024-10-30 12:14:41,223; send took 9 millis
2024-10-30 12:14:41,836 INFO [Cleanup Archive for default] o.a.n.c.repository.FileSystemRepository Successfully deleted 0 files (0 bytes) from archive
2024-10-30 12:14:45,016 INFO [Heartbeat Monitor Thread-1] o.a.n.c.c.h.AbstractHeartbeatMonitor Finished processing 1 heartbeats in 8085 nanos
2024-10-30 12:14:46,225 INFO [Process Cluster Protocol Request-9] o.a.n.c.p.impl.SocketProtocolListener Finished processing request a43a159a-04bb-4f46-9c14-d9e4a5d91e29 (type=HEARTBEAT, length=2243 bytes) from mynifi:8080 in 899439 nanos
2024-10-30 12:14:46,226 INFO [Clustering Tasks Thread-1] o.a.n.c.c.ClusterProtocolHeartbeater Heartbeat created at 2024-10-30 12:14:46,223 and sent to mynifi:8082 at 2024-10-30 12:14:46,226; send took 2 millis
2024-10-30 12:14:46,597 INFO [pool-13-thread-1] o.a.n.c.r.WriteAheadFlowFileRepository Initiating checkpoint of FlowFile Repository
2024-10-30 12:14:46,597 INFO [pool-13-thread-1] o.a.n.c.r.WriteAheadFlowFileRepository Successfully checkpointed FlowFile Repository with 1 records in 0 milliseconds
2024-10-30 12:14:50,016 INFO [Heartbeat Monitor Thread-1] o.a.n.c.c.h.AbstractHeartbeatMonitor Finished processing 1 heartbeats in 7299 nanos
2024-10-30 12:14:51,233 INFO [Process Cluster Protocol Request-10] o.a.n.c.p.impl.SocketProtocolListener Finished processing request 1d2d4f55-9fb9-4bdf-ab0e-159ce945494f (type=HEARTBEAT, length=2243 bytes) from mynifi:8080 in 2 millis
2024-10-30 12:14:51,236 INFO [Clustering Tasks Thread-1] o.a.n.c.c.ClusterProtocolHeartbeater Heartbeat created at 2024-10-30 12:14:51,227 and sent to mynifi:8082 at 2024-10-30 12:14:51,236; send took 9 millis
2024-10-30 12:14:55,016 INFO [Heartbeat Monitor Thread-1] o.a.n.c.c.h.AbstractHeartbeatMonitor Finished processing 1 heartbeats in 5926 nanos
2024-10-30 12:14:56,239 INFO [Process Cluster Protocol Request-1] o.a.n.c.p.impl.SocketProtocolListener Finished processing request 634173aa-94c2-465e-af82-db8f7539ad9e (type=HEARTBEAT, length=2243 bytes) from mynifi:8080 in 1 millis
2024-10-30 12:14:56,240 INFO [Clustering Tasks Thread-1] o.a.n.c.c.ClusterProtocolHeartbeater Heartbeat created at 2024-10-30 12:14:56,236 and sent to mynifi:8082 at 2024-10-30 12:14:56,240; send took 4 millis
2024-10-30 12:15:00,017 INFO [Heartbeat Monitor Thread-1] o.a.n.c.c.h.AbstractHeartbeatMonitor Finished processing 1 heartbeats in 11860 nanos
2024-10-30 12:15:01,243 INFO [Process Cluster Protocol Request-2] o.a.n.c.p.impl.SocketProtocolListener Finished processing request be876cac-ce6b-4eed-b071-d4976192848e (type=HEARTBEAT, length=2243 bytes) from mynifi:8080 in 1 millis
2024-10-30 12:15:01,244 INFO [Clustering Tasks Thread-1] o.a.n.c.c.ClusterProtocolHeartbeater Heartbeat created at 2024-10-30 12:15:01,240 and sent to mynifi:8082 at 2024-10-30 12:15:01,244; send took 3 millis
2024-10-30 12:15:05,017 INFO [Heartbeat Monitor Thread-1] o.a.n.c.c.h.AbstractHeartbeatMonitor Finished processing 1 heartbeats in 7858 nanos
2024-10-30 12:15:06,247 INFO [Process Cluster Protocol Request-3] o.a.n.c.p.impl.SocketProtocolListener Finished processing request e2e78318-efbd-4cf1-829b-943a478028f6 (type=HEARTBEAT, length=2243 bytes) from mynifi:8080 in 1 millis
2024-10-30 12:15:06,248 INFO [Clustering Tasks Thread-1] o.a.n.c.c.ClusterProtocolHeartbeater Heartbeat created at 2024-10-30 12:15:06,244 and sent to mynifi:8082 at 2024-10-30 12:15:06,248; send took 3 millis
2024-10-30 12:15:06,598 INFO [pool-13-thread-1] o.a.n.c.r.WriteAheadFlowFileRepository Initiating checkpoint of FlowFile Repository
2024-10-30 12:15:06,598 INFO [pool-13-thread-1] o.a.n.c.r.WriteAheadFlowFileRepository Successfully checkpointed FlowFile Repository with 1 records in 0 milliseconds
2024-10-30 12:15:10,017 INFO [Heartbeat Monitor Thread-1] o.a.n.c.c.h.AbstractHeartbeatMonitor Finished processing 1 heartbeats in 13840 nanos
2024-10-30 12:15:11,252 INFO [Process Cluster Protocol Request-4] o.a.n.c.p.impl.SocketProtocolListener Finished processing request 589266bc-24ef-48c9-9d1a-2045655b1b21 (type=HEARTBEAT, length=2243 bytes) from mynifi:8080 in 1 millis
2024-10-30 12:15:11,253 INFO [Clustering Tasks Thread-1] o.a.n.c.c.ClusterProtocolHeartbeater Heartbeat created at 2024-10-30 12:15:11,248 and sent to mynifi:8082 at 2024-10-30 12:15:11,253; send took 4 millis
2024-10-30 12:15:15,018 INFO [Heartbeat Monitor Thread-1] o.a.n.c.c.h.AbstractHeartbeatMonitor Finished processing 1 heartbeats in 7327 nanos
2024-10-30 12:15:16,256 INFO [Process Cluster Protocol Request-5] o.a.n.c.p.impl.SocketProtocolListener Finished processing request 9de2a25c-1dc4-4f95-a5e7-8e304e396149 (type=HEARTBEAT, length=2243 bytes) from mynifi:8080 in 1 millis
2024-10-30 12:15:16,257 INFO [Clustering Tasks Thread-1] o.a.n.c.c.ClusterProtocolHeartbeater Heartbeat created at 2024-10-30 12:15:16,253 and sent to mynifi:8082 at 2024-10-30 12:15:16,257; send took 4 millis
2024-10-30 12:15:20,018 INFO [Heartbeat Monitor Thread-1] o.a.n.c.c.h.AbstractHeartbeatMonitor Finished processing 1 heartbeats in 7364 nanos
2024-10-30 12:15:21,261 INFO [Process Cluster Protocol Request-6] o.a.n.c.p.impl.SocketProtocolListener Finished processing request f7807d28-6b30-422a-ab42-771cbb7194dc (type=HEARTBEAT, length=2243 bytes) from mynifi:8080 in 1 millis
2024-10-30 12:15:21,262 INFO [Clustering Tasks Thread-1] o.a.n.c.c.ClusterProtocolHeartbeater Heartbeat created at 2024-10-30 12:15:21,258 and sent to mynifi:8082 at 2024-10-30 12:15:21,262; send took 4 millis
2024-10-30 12:15:25,018 INFO [Heartbeat Monitor Thread-1] o.a.n.c.c.h.AbstractHeartbeatMonitor Finished processing 1 heartbeats in 7821 nanos
2024-10-30 12:15:26,266 INFO [Process Cluster Protocol Request-7] o.a.n.c.p.impl.SocketProtocolListener Finished processing request f17aa173-e513-48d9-943c-2a657e555367 (type=HEARTBEAT, length=2243 bytes) from mynifi:8080 in 1 millis
2024-10-30 12:15:26,267 INFO [Clustering Tasks Thread-1] o.a.n.c.c.ClusterProtocolHeartbeater Heartbeat created at 2024-10-30 12:15:26,262 and sent to mynifi:8082 at 2024-10-30 12:15:26,267; send took 4 millis
2024-10-30 12:15:26,598 INFO [pool-13-thread-1] o.a.n.c.r.WriteAheadFlowFileRepository Initiating checkpoint of FlowFile Repository
2024-10-30 12:15:26,598 INFO [pool-13-thread-1] o.a.n.c.r.WriteAheadFlowFileRepository Successfully checkpointed FlowFile Repository with 1 records in 0 milliseconds
2024-10-30 12:15:30,018 INFO [Heartbeat Monitor Thread-1] o.a.n.c.c.h.AbstractHeartbeatMonitor Finished processing 1 heartbeats in 13401 nanos
2024-10-30 12:15:31,269 INFO [Process Cluster Protocol Request-8] o.a.n.c.p.impl.SocketProtocolListener Finished processing request fd55373f-53d0-4183-9e6c-fad3ed56a0e1 (type=HEARTBEAT, length=2243 bytes) from mynifi:8080 in 987072 nanos
2024-10-30 12:15:31,270 INFO [Clustering Tasks Thread-1] o.a.n.c.c.ClusterProtocolHeartbeater Heartbeat created at 2024-10-30 12:15:31,267 and sent to mynifi:8082 at 2024-10-30 12:15:31,270; send took 2 millis
2024-10-30 12:15:35,019 INFO [Heartbeat Monitor Thread-1] o.a.n.c.c.h.AbstractHeartbeatMonitor Finished processing 1 heartbeats in 7393 nanos
2024-10-30 12:15:36,274 INFO [Process Cluster Protocol Request-9] o.a.n.c.p.impl.SocketProtocolListener Finished processing request ae8df947-73c8-4045-8acf-3ec943239ff1 (type=HEARTBEAT, length=2243 bytes) from mynifi:8080 in 1 millis
2024-10-30 12:15:36,276 INFO [Clustering Tasks Thread-1] o.a.n.c.c.ClusterProtocolHeartbeater Heartbeat created at 2024-10-30 12:15:36,271 and sent to mynifi:8082 at 2024-10-30 12:15:36,276; send took 5 millis
2024-10-30 12:15:37,579 INFO [Write-Ahead Local State Provider Maintenance] org.wali.MinimalLockingWriteAheadLog org.wali.MinimalLockingWriteAheadLog@4ccfd904 checkpointed with 25 Records and 0 Swap Files in 6 milliseconds (Stop-the-world time = 2 milliseconds, Clear Edit Logs time = 2 millis), max Transaction ID 107
2024-10-30 12:15:40,019 INFO [Heartbeat Monitor Thread-1] o.a.n.c.c.h.AbstractHeartbeatMonitor Finished processing 1 heartbeats in 70205 nanos
2024-10-30 12:15:41,280 INFO [Process Cluster Protocol Request-10] o.a.n.c.p.impl.SocketProtocolListener Finished processing request 2be43953-b190-4b12-95dc-6a4ff80c9506 (type=HEARTBEAT, length=2243 bytes) from mynifi:8080 in 1 millis
2024-10-30 12:15:41,282 INFO [Clustering Tasks Thread-1] o.a.n.c.c.ClusterProtocolHeartbeater Heartbeat created at 2024-10-30 12:15:41,277 and sent to mynifi:8082 at 2024-10-30 12:15:41,282; send took 5 millis
2024-10-30 12:15:41,881 INFO [Cleanup Archive for default] o.a.n.c.repository.FileSystemRepository Successfully deleted 0 files (0 bytes) from archive
2024-10-30 12:15:45,019 INFO [Heartbeat Monitor Thread-1] o.a.n.c.c.h.AbstractHeartbeatMonitor Finished processing 1 heartbeats in 14451 nanos
2024-10-30 12:15:46,285 INFO [Process Cluster Protocol Request-1] o.a.n.c.p.impl.SocketProtocolListener Finished processing request 0c6d95fd-57d3-4a71-ba17-4312d9a40ea7 (type=HEARTBEAT, length=2243 bytes) from mynifi:8080 in 1 millis
2024-10-30 12:15:46,286 INFO [Clustering Tasks Thread-1] o.a.n.c.c.ClusterProtocolHeartbeater Heartbeat created at 2024-10-30 12:15:46,282 and sent to mynifi:8082 at 2024-10-30 12:15:46,286; send took 3 millis
2024-10-30 12:15:46,598 INFO [pool-13-thread-1] o.a.n.c.r.WriteAheadFlowFileRepository Initiating checkpoint of FlowFile Repository
2024-10-30 12:15:46,598 INFO [pool-13-thread-1] o.a.n.c.r.WriteAheadFlowFileRepository Successfully checkpointed FlowFile Repository with 1 records in 0 milliseconds
2024-10-30 12:15:50,020 INFO [Heartbeat Monitor Thread-1] o.a.n.c.c.h.AbstractHeartbeatMonitor Finished processing 1 heartbeats in 8352 nanos
2024-10-30 12:15:51,289 INFO [Process Cluster Protocol Request-2] o.a.n.c.p.impl.SocketProtocolListener Finished processing request 4fb0dc79-3bdf-4d06-a779-8d68584e2f90 (type=HEARTBEAT, length=2243 bytes) from mynifi:8080 in 1 millis
2024-10-30 12:15:51,291 INFO [Clustering Tasks Thread-1] o.a.n.c.c.ClusterProtocolHeartbeater Heartbeat created at 2024-10-30 12:15:51,286 and sent to mynifi:8082 at 2024-10-30 12:15:51,291; send took 4 millis
2024-10-30 12:15:55,020 INFO [Heartbeat Monitor Thread-1] o.a.n.c.c.h.AbstractHeartbeatMonitor Finished processing 1 heartbeats in 10657 nanos
2024-10-30 12:15:56,294 INFO [Process Cluster Protocol Request-3] o.a.n.c.p.impl.SocketProtocolListener Finished processing request 349c6714-4f8e-47f3-92d6-fd4ad7040cef (type=HEARTBEAT, length=2243 bytes) from mynifi:8080 in 1 millis
2024-10-30 12:15:56,295 INFO [Clustering Tasks Thread-1] o.a.n.c.c.ClusterProtocolHeartbeater Heartbeat created at 2024-10-30 12:15:56,291 and sent to mynifi:8082 at 2024-10-30 12:15:56,295; send took 4 millis
2024-10-30 12:16:00,020 INFO [Heartbeat Monitor Thread-1] o.a.n.c.c.h.AbstractHeartbeatMonitor Finished processing 1 heartbeats in 14506 nanos
2024-10-30 12:16:01,301 INFO [Process Cluster Protocol Request-4] o.a.n.c.p.impl.SocketProtocolListener Finished processing request f3b956f1-6c9f-4974-877a-ade3edefc464 (type=HEARTBEAT, length=2243 bytes) from mynifi:8080 in 2 millis
2024-10-30 12:16:01,304 INFO [Clustering Tasks Thread-1] o.a.n.c.c.ClusterProtocolHeartbeater Heartbeat created at 2024-10-30 12:16:01,296 and sent to mynifi:8082 at 2024-10-30 12:16:01,304; send took 8 millis
2024-10-30 12:16:05,021 INFO [Heartbeat Monitor Thread-1] o.a.n.c.c.h.AbstractHeartbeatMonitor Finished processing 1 heartbeats in 6687 nanos
2024-10-30 12:16:06,307 INFO [Process Cluster Protocol Request-5] o.a.n.c.p.impl.SocketProtocolListener Finished processing request c7ff5c69-ecd9-40be-8085-067a97b6c2d8 (type=HEARTBEAT, length=2243 bytes) from mynifi:8080 in 1 millis
2024-10-30 12:16:06,309 INFO [Clustering Tasks Thread-1] o.a.n.c.c.ClusterProtocolHeartbeater Heartbeat created at 2024-10-30 12:16:06,304 and sent to mynifi:8082 at 2024-10-30 12:16:06,309; send took 4 millis
2024-10-30 12:16:06,598 INFO [pool-13-thread-1] o.a.n.c.r.WriteAheadFlowFileRepository Initiating checkpoint of FlowFile Repository
2024-10-30 12:16:06,598 INFO [pool-13-thread-1] o.a.n.c.r.WriteAheadFlowFileRepository Successfully checkpointed FlowFile Repository with 1 records in 0 milliseconds
2024-10-30 12:16:10,021 INFO [Heartbeat Monitor Thread-1] o.a.n.c.c.h.AbstractHeartbeatMonitor Finished processing 1 heartbeats in 9571 nanos
2024-10-30 12:16:11,312 INFO [Process Cluster Protocol Request-6] o.a.n.c.p.impl.SocketProtocolListener Finished processing request bf6a0d9b-6d04-414c-ba68-7a5bae786c86 (type=HEARTBEAT, length=2243 bytes) from mynifi:8080 in 1 millis
2024-10-30 12:16:11,314 INFO [Clustering Tasks Thread-1] o.a.n.c.c.ClusterProtocolHeartbeater Heartbeat created at 2024-10-30 12:16:11,309 and sent to mynifi:8082 at 2024-10-30 12:16:11,314; send took 4 millis
2024-10-30 12:16:15,021 INFO [Heartbeat Monitor Thread-1] o.a.n.c.c.h.AbstractHeartbeatMonitor Finished processing 1 heartbeats in 13649 nanos
2024-10-30 12:16:16,319 INFO [Process Cluster Protocol Request-7] o.a.n.c.p.impl.SocketProtocolListener Finished processing request cfe41dcd-731e-4f98-9830-6fffcddaaf3b (type=HEARTBEAT, length=2243 bytes) from mynifi:8080 in 2 millis
2024-10-30 12:16:16,321 INFO [Clustering Tasks Thread-1] o.a.n.c.c.ClusterProtocolHeartbeater Heartbeat created at 2024-10-30 12:16:16,314 and sent to mynifi:8082 at 2024-10-30 12:16:16,321; send took 7 millis
2024-10-30 12:16:20,021 INFO [Heartbeat Monitor Thread-1] o.a.n.c.c.h.AbstractHeartbeatMonitor Finished processing 1 heartbeats in 8791 nanos
2024-10-30 12:16:21,328 INFO [Process Cluster Protocol Request-8] o.a.n.c.p.impl.SocketProtocolListener Finished processing request 0dc6b8d6-7254-4841-8179-e9716e1e41cb (type=HEARTBEAT, length=2243 bytes) from mynifi:8080 in 2 millis
2024-10-30 12:16:21,331 INFO [Clustering Tasks Thread-1] o.a.n.c.c.ClusterProtocolHeartbeater Heartbeat created at 2024-10-30 12:16:21,322 and sent to mynifi:8082 at 2024-10-30 12:16:21,331; send took 9 millis
2024-10-30 12:16:25,022 INFO [Heartbeat Monitor Thread-1] o.a.n.c.c.h.AbstractHeartbeatMonitor Finished processing 1 heartbeats in 8696 nanos
2024-10-30 12:16:26,336 INFO [Process Cluster Protocol Request-9] o.a.n.c.p.impl.SocketProtocolListener Finished processing request 15eebfcb-71f1-4a10-8920-c23508edce6b (type=HEARTBEAT, length=2243 bytes) from mynifi:8080 in 2 millis
2024-10-30 12:16:26,338 INFO [Clustering Tasks Thread-1] o.a.n.c.c.ClusterProtocolHeartbeater Heartbeat created at 2024-10-30 12:16:26,331 and sent to mynifi:8082 at 2024-10-30 12:16:26,338; send took 6 millis
2024-10-30 12:16:26,598 INFO [pool-13-thread-1] o.a.n.c.r.WriteAheadFlowFileRepository Initiating checkpoint of FlowFile Repository
2024-10-30 12:16:26,599 INFO [pool-13-thread-1] o.a.n.c.r.WriteAheadFlowFileRepository Successfully checkpointed FlowFile Repository with 1 records in 0 milliseconds
2024-10-30 12:16:30,022 INFO [Heartbeat Monitor Thread-1] o.a.n.c.c.h.AbstractHeartbeatMonitor Finished processing 1 heartbeats in 84383 nanos
2024-10-30 12:16:31,342 INFO [Process Cluster Protocol Request-10] o.a.n.c.p.impl.SocketProtocolListener Finished processing request 85419902-f52c-4e0d-a1e7-a5bd442f902e (type=HEARTBEAT, length=2243 bytes) from mynifi:8080 in 1 millis
2024-10-30 12:16:31,344 INFO [Clustering Tasks Thread-1] o.a.n.c.c.ClusterProtocolHeartbeater Heartbeat created at 2024-10-30 12:16:31,338 and sent to mynifi:8082 at 2024-10-30 12:16:31,344; send took 5 millis
2024-10-30 12:16:35,022 INFO [Heartbeat Monitor Thread-1] o.a.n.c.c.h.AbstractHeartbeatMonitor Finished processing 1 heartbeats in 8067 nanos
2024-10-30 12:16:36,347 INFO [Process Cluster Protocol Request-1] o.a.n.c.p.impl.SocketProtocolListener Finished processing request 3419e84f-7629-4b90-afe6-c9bc0edc6451 (type=HEARTBEAT, length=2243 bytes) from mynifi:8080 in 1 millis
2024-10-30 12:16:36,348 INFO [Clustering Tasks Thread-1] o.a.n.c.c.ClusterProtocolHeartbeater Heartbeat created at 2024-10-30 12:16:36,345 and sent to mynifi:8082 at 2024-10-30 12:16:36,348; send took 3 millis
2024-10-30 12:16:40,023 INFO [Heartbeat Monitor Thread-1] o.a.n.c.c.h.AbstractHeartbeatMonitor Finished processing 1 heartbeats in 11982 nanos
2024-10-30 12:16:41,353 INFO [Process Cluster Protocol Request-2] o.a.n.c.p.impl.SocketProtocolListener Finished processing request 4420da09-cde0-4f32-94b1-32a6bd700221 (type=HEARTBEAT, length=2243 bytes) from mynifi:8080 in 1 millis
2024-10-30 12:16:41,355 INFO [Clustering Tasks Thread-1] o.a.n.c.c.ClusterProtocolHeartbeater Heartbeat created at 2024-10-30 12:16:41,349 and sent to mynifi:8082 at 2024-10-30 12:16:41,355; send took 6 millis
2024-10-30 12:16:41,935 INFO [Cleanup Archive for default] o.a.n.c.repository.FileSystemRepository Successfully deleted 0 files (0 bytes) from archive
2024-10-30 12:16:45,023 INFO [Heartbeat Monitor Thread-1] o.a.n.c.c.h.AbstractHeartbeatMonitor Finished processing 1 heartbeats in 5954 nanos
2024-10-30 12:16:46,358 INFO [Process Cluster Protocol Request-3] o.a.n.c.p.impl.SocketProtocolListener Finished processing request 8e310910-a084-43f2-a66e-685ee1485e8c (type=HEARTBEAT, length=2243 bytes) from mynifi:8080 in 1 millis
2024-10-30 12:16:46,360 INFO [Clustering Tasks Thread-1] o.a.n.c.c.ClusterProtocolHeartbeater Heartbeat created at 2024-10-30 12:16:46,355 and sent to mynifi:8082 at 2024-10-30 12:16:46,360; send took 4 millis
2024-10-30 12:16:46,599 INFO [pool-13-thread-1] o.a.n.c.r.WriteAheadFlowFileRepository Initiating checkpoint of FlowFile Repository
2024-10-30 12:16:46,599 INFO [pool-13-thread-1] o.a.n.c.r.WriteAheadFlowFileRepository Successfully checkpointed FlowFile Repository with 1 records in 0 milliseconds
2024-10-30 12:16:50,023 INFO [Heartbeat Monitor Thread-1] o.a.n.c.c.h.AbstractHeartbeatMonitor Finished processing 1 heartbeats in 9589 nanos
2024-10-30 12:16:51,366 INFO [Process Cluster Protocol Request-4] o.a.n.c.p.impl.SocketProtocolListener Finished processing request a4d6b086-9396-4c59-b494-c1d7127df0f1 (type=HEARTBEAT, length=2243 bytes) from mynifi:8080 in 2 millis
2024-10-30 12:16:51,368 INFO [Clustering Tasks Thread-1] o.a.n.c.c.ClusterProtocolHeartbeater Heartbeat created at 2024-10-30 12:16:51,360 and sent to mynifi:8082 at 2024-10-30 12:16:51,368; send took 8 millis
2024-10-30 12:16:55,023 INFO [Heartbeat Monitor Thread-1] o.a.n.c.c.h.AbstractHeartbeatMonitor Finished processing 1 heartbeats in 7431 nanos
2024-10-30 12:16:56,374 INFO [Process Cluster Protocol Request-5] o.a.n.c.p.impl.SocketProtocolListener Finished processing request 673ce27b-8a3b-44f6-a957-7ff626f182fb (type=HEARTBEAT, length=2243 bytes) from mynifi:8080 in 2 millis
2024-10-30 12:16:56,378 INFO [Clustering Tasks Thread-1] o.a.n.c.c.ClusterProtocolHeartbeater Heartbeat created at 2024-10-30 12:16:56,369 and sent to mynifi:8082 at 2024-10-30 12:16:56,378; send took 9 millis
2024-10-30 12:17:00,024 INFO [Heartbeat Monitor Thread-1] o.a.n.c.c.h.AbstractHeartbeatMonitor Finished processing 1 heartbeats in 7552 nanos
2024-10-30 12:17:01,383 INFO [Process Cluster Protocol Request-6] o.a.n.c.p.impl.SocketProtocolListener Finished processing request ffd347ba-9792-4af4-abcd-ec4acf5dd13e (type=HEARTBEAT, length=2243 bytes) from mynifi:8080 in 2 millis
2024-10-30 12:17:01,385 INFO [Clustering Tasks Thread-1] o.a.n.c.c.ClusterProtocolHeartbeater Heartbeat created at 2024-10-30 12:17:01,378 and sent to mynifi:8082 at 2024-10-30 12:17:01,385; send took 6 millis
2024-10-30 12:17:05,024 INFO [Heartbeat Monitor Thread-1] o.a.n.c.c.h.AbstractHeartbeatMonitor Finished processing 1 heartbeats in 6846 nanos
2024-10-30 12:17:06,388 INFO [Process Cluster Protocol Request-7] o.a.n.c.p.impl.SocketProtocolListener Finished processing request 0a993829-463f-4092-9708-3b2344d2fdbb (type=HEARTBEAT, length=2243 bytes) from mynifi:8080 in 1 millis
2024-10-30 12:17:06,389 INFO [Clustering Tasks Thread-1] o.a.n.c.c.ClusterProtocolHeartbeater Heartbeat created at 2024-10-30 12:17:06,385 and sent to mynifi:8082 at 2024-10-30 12:17:06,389; send took 3 millis
2024-10-30 12:17:06,599 INFO [pool-13-thread-1] o.a.n.c.r.WriteAheadFlowFileRepository Initiating checkpoint of FlowFile Repository
2024-10-30 12:17:06,599 INFO [pool-13-thread-1] o.a.n.c.r.WriteAheadFlowFileRepository Successfully checkpointed FlowFile Repository with 1 records in 0 milliseconds
2024-10-30 12:17:10,024 INFO [Heartbeat Monitor Thread-1] o.a.n.c.c.h.AbstractHeartbeatMonitor Finished processing 1 heartbeats in 6804 nanos
2024-10-30 12:17:11,392 INFO [Process Cluster Protocol Request-8] o.a.n.c.p.impl.SocketProtocolListener Finished processing request 6040c7ba-3456-4f1d-948b-9006fd2c9a4c (type=HEARTBEAT, length=2243 bytes) from mynifi:8080 in 1 millis
2024-10-30 12:17:11,393 INFO [Clustering Tasks Thread-1] o.a.n.c.c.ClusterProtocolHeartbeater Heartbeat created at 2024-10-30 12:17:11,389 and sent to mynifi:8082 at 2024-10-30 12:17:11,393; send took 3 millis
2024-10-30 12:17:15,024 INFO [Heartbeat Monitor Thread-1] o.a.n.c.c.h.AbstractHeartbeatMonitor Finished processing 1 heartbeats in 8070 nanos
2024-10-30 12:17:16,397 INFO [Process Cluster Protocol Request-9] o.a.n.c.p.impl.SocketProtocolListener Finished processing request 7e1b7c40-9031-4f1a-af2f-7db2b1b563fe (type=HEARTBEAT, length=2243 bytes) from mynifi:8080 in 1 millis
2024-10-30 12:17:16,398 INFO [Clustering Tasks Thread-1] o.a.n.c.c.ClusterProtocolHeartbeater Heartbeat created at 2024-10-30 12:17:16,393 and sent to mynifi:8082 at 2024-10-30 12:17:16,398; send took 5 millis
2024-10-30 12:17:20,025 INFO [Heartbeat Monitor Thread-1] o.a.n.c.c.h.AbstractHeartbeatMonitor Finished processing 1 heartbeats in 13918 nanos
2024-10-30 12:17:21,402 INFO [Process Cluster Protocol Request-10] o.a.n.c.p.impl.SocketProtocolListener Finished processing request edca0c16-7707-4fdc-8653-7db855990da1 (type=HEARTBEAT, length=2243 bytes) from mynifi:8080 in 1 millis
2024-10-30 12:17:21,404 INFO [Clustering Tasks Thread-1] o.a.n.c.c.ClusterProtocolHeartbeater Heartbeat created at 2024-10-30 12:17:21,399 and sent to mynifi:8082 at 2024-10-30 12:17:21,404; send took 5 millis
2024-10-30 12:17:25,025 INFO [Heartbeat Monitor Thread-1] o.a.n.c.c.h.AbstractHeartbeatMonitor Finished processing 1 heartbeats in 14516 nanos
2024-10-30 12:17:26,407 INFO [Process Cluster Protocol Request-1] o.a.n.c.p.impl.SocketProtocolListener Finished processing request b5c82071-905d-4da2-bd85-ef3a1046c5df (type=HEARTBEAT, length=2243 bytes) from mynifi:8080 in 1 millis
2024-10-30 12:17:26,407 INFO [Clustering Tasks Thread-1] o.a.n.c.c.ClusterProtocolHeartbeater Heartbeat created at 2024-10-30 12:17:26,404 and sent to mynifi:8082 at 2024-10-30 12:17:26,407; send took 3 millis
2024-10-30 12:17:26,599 INFO [pool-13-thread-1] o.a.n.c.r.WriteAheadFlowFileRepository Initiating checkpoint of FlowFile Repository
2024-10-30 12:17:26,599 INFO [pool-13-thread-1] o.a.n.c.r.WriteAheadFlowFileRepository Successfully checkpointed FlowFile Repository with 1 records in 0 milliseconds
2024-10-30 12:17:30,026 INFO [Heartbeat Monitor Thread-1] o.a.n.c.c.h.AbstractHeartbeatMonitor Finished processing 1 heartbeats in 8541 nanos
2024-10-30 12:17:31,411 INFO [Process Cluster Protocol Request-2] o.a.n.c.p.impl.SocketProtocolListener Finished processing request 7fcae3cc-28e3-4066-b371-422ec2de95fe (type=HEARTBEAT, length=2243 bytes) from mynifi:8080 in 1 millis
2024-10-30 12:17:31,413 INFO [Clustering Tasks Thread-1] o.a.n.c.c.ClusterProtocolHeartbeater Heartbeat created at 2024-10-30 12:17:31,408 and sent to mynifi:8082 at 2024-10-30 12:17:31,413; send took 5 millis
2024-10-30 12:17:35,026 INFO [Heartbeat Monitor Thread-1] o.a.n.c.c.h.AbstractHeartbeatMonitor Finished processing 1 heartbeats in 8221 nanos
2024-10-30 12:17:36,416 INFO [Process Cluster Protocol Request-3] o.a.n.c.p.impl.SocketProtocolListener Finished processing request 1c5cdbec-41bf-4d1d-92e0-62f864e837ee (type=HEARTBEAT, length=2243 bytes) from mynifi:8080 in 1 millis
2024-10-30 12:17:36,417 INFO [Clustering Tasks Thread-1] o.a.n.c.c.ClusterProtocolHeartbeater Heartbeat created at 2024-10-30 12:17:36,413 and sent to mynifi:8082 at 2024-10-30 12:17:36,417; send took 3 millis
2024-10-30 12:17:37,584 INFO [Write-Ahead Local State Provider Maintenance] org.wali.MinimalLockingWriteAheadLog org.wali.MinimalLockingWriteAheadLog@4ccfd904 checkpointed with 25 Records and 0 Swap Files in 4 milliseconds (Stop-the-world time = 1 milliseconds, Clear Edit Logs time = 1 millis), max Transaction ID 107
2024-10-30 12:17:40,026 INFO [Heartbeat Monitor Thread-1] o.a.n.c.c.h.AbstractHeartbeatMonitor Finished processing 1 heartbeats in 7526 nanos
2024-10-30 12:17:41,421 INFO [Process Cluster Protocol Request-4] o.a.n.c.p.impl.SocketProtocolListener Finished processing request 99c006e1-7ae2-44c1-be2a-d7d62d98c5fe (type=HEARTBEAT, length=2243 bytes) from mynifi:8080 in 1 millis
2024-10-30 12:17:41,423 INFO [Clustering Tasks Thread-1] o.a.n.c.c.ClusterProtocolHeartbeater Heartbeat created at 2024-10-30 12:17:41,417 and sent to mynifi:8082 at 2024-10-30 12:17:41,423; send took 5 millis
2024-10-30 12:17:41,985 INFO [Cleanup Archive for default] o.a.n.c.repository.FileSystemRepository Successfully deleted 0 files (0 bytes) from archive
2024-10-30 12:17:45,026 INFO [Heartbeat Monitor Thread-1] o.a.n.c.c.h.AbstractHeartbeatMonitor Finished processing 1 heartbeats in 11046 nanos
2024-10-30 12:17:46,426 INFO [Process Cluster Protocol Request-5] o.a.n.c.p.impl.SocketProtocolListener Finished processing request 0ba8da67-e018-48fb-8aa5-adb1d3573af8 (type=HEARTBEAT, length=2243 bytes) from mynifi:8080 in 1 millis
2024-10-30 12:17:46,427 INFO [Clustering Tasks Thread-1] o.a.n.c.c.ClusterProtocolHeartbeater Heartbeat created at 2024-10-30 12:17:46,423 and sent to mynifi:8082 at 2024-10-30 12:17:46,427; send took 4 millis
2024-10-30 12:17:46,599 INFO [pool-13-thread-1] o.a.n.c.r.WriteAheadFlowFileRepository Initiating checkpoint of FlowFile Repository
2024-10-30 12:17:46,600 INFO [pool-13-thread-1] o.a.n.c.r.WriteAheadFlowFileRepository Successfully checkpointed FlowFile Repository with 1 records in 0 milliseconds
2024-10-30 12:17:50,027 INFO [Heartbeat Monitor Thread-1] o.a.n.c.c.h.AbstractHeartbeatMonitor Finished processing 1 heartbeats in 7048 nanos
2024-10-30 12:17:51,429 INFO [Process Cluster Protocol Request-6] o.a.n.c.p.impl.SocketProtocolListener Finished processing request aadbe84f-ef90-404c-9aef-802e0e147320 (type=HEARTBEAT, length=2243 bytes) from mynifi:8080 in 980239 nanos
2024-10-30 12:17:51,430 INFO [Clustering Tasks Thread-1] o.a.n.c.c.ClusterProtocolHeartbeater Heartbeat created at 2024-10-30 12:17:51,427 and sent to mynifi:8082 at 2024-10-30 12:17:51,430; send took 3 millis
2024-10-30 12:17:55,027 INFO [Heartbeat Monitor Thread-1] o.a.n.c.c.h.AbstractHeartbeatMonitor Finished processing 1 heartbeats in 6479 nanos
2024-10-30 12:17:56,433 INFO [Process Cluster Protocol Request-7] o.a.n.c.p.impl.SocketProtocolListener Finished processing request 5bbc0f46-48ce-4395-b803-4cc1ae77d304 (type=HEARTBEAT, length=2243 bytes) from mynifi:8080 in 1 millis
2024-10-30 12:17:56,434 INFO [Clustering Tasks Thread-1] o.a.n.c.c.ClusterProtocolHeartbeater Heartbeat created at 2024-10-30 12:17:56,431 and sent to mynifi:8082 at 2024-10-30 12:17:56,434; send took 3 millis
2024-10-30 12:18:00,027 INFO [Heartbeat Monitor Thread-1] o.a.n.c.c.h.AbstractHeartbeatMonitor Finished processing 1 heartbeats in 7127 nanos
2024-10-30 12:18:01,436 INFO [Process Cluster Protocol Request-8] o.a.n.c.p.impl.SocketProtocolListener Finished processing request 75e838f2-3187-48b4-a625-817816999cdc (type=HEARTBEAT, length=2243 bytes) from mynifi:8080 in 722601 nanos
2024-10-30 12:18:01,437 INFO [Clustering Tasks Thread-1] o.a.n.c.c.ClusterProtocolHeartbeater Heartbeat created at 2024-10-30 12:18:01,434 and sent to mynifi:8082 at 2024-10-30 12:18:01,437; send took 2 millis
2024-10-30 12:18:05,027 INFO [Heartbeat Monitor Thread-1] o.a.n.c.c.h.AbstractHeartbeatMonitor Finished processing 1 heartbeats in 7283 nanos
2024-10-30 12:18:06,440 INFO [Process Cluster Protocol Request-9] o.a.n.c.p.impl.SocketProtocolListener Finished processing request 35bf1f84-b660-4162-9c0a-5700eac303fd (type=HEARTBEAT, length=2243 bytes) from mynifi:8080 in 1 millis
2024-10-30 12:18:06,442 INFO [Clustering Tasks Thread-1] o.a.n.c.c.ClusterProtocolHeartbeater Heartbeat created at 2024-10-30 12:18:06,437 and sent to mynifi:8082 at 2024-10-30 12:18:06,442; send took 5 millis
2024-10-30 12:18:06,600 INFO [pool-13-thread-1] o.a.n.c.r.WriteAheadFlowFileRepository Initiating checkpoint of FlowFile Repository
2024-10-30 12:18:06,600 INFO [pool-13-thread-1] o.a.n.c.r.WriteAheadFlowFileRepository Successfully checkpointed FlowFile Repository with 1 records in 0 milliseconds
2024-10-30 12:18:10,027 INFO [Heartbeat Monitor Thread-1] o.a.n.c.c.h.AbstractHeartbeatMonitor Finished processing 1 heartbeats in 7614 nanos
2024-10-30 12:18:11,446 INFO [Process Cluster Protocol Request-10] o.a.n.c.p.impl.SocketProtocolListener Finished processing request 2c338030-2657-4245-90e2-b049730117ee (type=HEARTBEAT, length=2243 bytes) from mynifi:8080 in 1 millis
2024-10-30 12:18:11,448 INFO [Clustering Tasks Thread-1] o.a.n.c.c.ClusterProtocolHeartbeater Heartbeat created at 2024-10-30 12:18:11,442 and sent to mynifi:8082 at 2024-10-30 12:18:11,448; send took 5 millis
2024-10-30 12:18:15,028 INFO [Heartbeat Monitor Thread-1] o.a.n.c.c.h.AbstractHeartbeatMonitor Finished processing 1 heartbeats in 13436 nanos
2024-10-30 12:18:16,450 INFO [Process Cluster Protocol Request-1] o.a.n.c.p.impl.SocketProtocolListener Finished processing request 64302c7e-0697-41c6-a291-24d22e5bb792 (type=HEARTBEAT, length=2243 bytes) from mynifi:8080 in 919533 nanos
2024-10-30 12:18:16,451 INFO [Clustering Tasks Thread-1] o.a.n.c.c.ClusterProtocolHeartbeater Heartbeat created at 2024-10-30 12:18:16,448 and sent to mynifi:8082 at 2024-10-30 12:18:16,451; send took 2 millis
2024-10-30 12:18:20,028 INFO [Heartbeat Monitor Thread-1] o.a.n.c.c.h.AbstractHeartbeatMonitor Finished processing 1 heartbeats in 7646 nanos
2024-10-30 12:18:21,453 INFO [Process Cluster Protocol Request-2] o.a.n.c.p.impl.SocketProtocolListener Finished processing request 72d6bf0c-f01a-441a-bef1-35f3d3cf6bbb (type=HEARTBEAT, length=2243 bytes) from mynifi:8080 in 1 millis
2024-10-30 12:18:21,454 INFO [Clustering Tasks Thread-1] o.a.n.c.c.ClusterProtocolHeartbeater Heartbeat created at 2024-10-30 12:18:21,451 and sent to mynifi:8082 at 2024-10-30 12:18:21,454; send took 3 millis
2024-10-30 12:18:25,028 INFO [Heartbeat Monitor Thread-1] o.a.n.c.c.h.AbstractHeartbeatMonitor Finished processing 1 heartbeats in 5607 nanos
2024-10-30 12:18:26,456 INFO [Process Cluster Protocol Request-3] o.a.n.c.p.impl.SocketProtocolListener Finished processing request 835817c4-9d96-4908-9c4b-b30711960f74 (type=HEARTBEAT, length=2243 bytes) from mynifi:8080 in 776631 nanos
2024-10-30 12:18:26,457 INFO [Clustering Tasks Thread-1] o.a.n.c.c.ClusterProtocolHeartbeater Heartbeat created at 2024-10-30 12:18:26,455 and sent to mynifi:8082 at 2024-10-30 12:18:26,457; send took 2 millis
2024-10-30 12:18:26,600 INFO [pool-13-thread-1] o.a.n.c.r.WriteAheadFlowFileRepository Initiating checkpoint of FlowFile Repository
2024-10-30 12:18:26,600 INFO [pool-13-thread-1] o.a.n.c.r.WriteAheadFlowFileRepository Successfully checkpointed FlowFile Repository with 1 records in 0 milliseconds
2024-10-30 12:18:30,028 INFO [Heartbeat Monitor Thread-1] o.a.n.c.c.h.AbstractHeartbeatMonitor Finished processing 1 heartbeats in 13153 nanos
2024-10-30 12:18:31,463 INFO [Process Cluster Protocol Request-4] o.a.n.c.p.impl.SocketProtocolListener Finished processing request c25c0d5d-454f-4472-aa2d-3a44e8d1b534 (type=HEARTBEAT, length=2243 bytes) from mynifi:8080 in 2 millis
2024-10-30 12:18:31,466 INFO [Clustering Tasks Thread-1] o.a.n.c.c.ClusterProtocolHeartbeater Heartbeat created at 2024-10-30 12:18:31,458 and sent to mynifi:8082 at 2024-10-30 12:18:31,466; send took 7 millis
2024-10-30 12:18:35,029 INFO [Heartbeat Monitor Thread-1] o.a.n.c.c.h.AbstractHeartbeatMonitor Finished processing 1 heartbeats in 12730 nanos
2024-10-30 12:18:36,471 INFO [Process Cluster Protocol Request-5] o.a.n.c.p.impl.SocketProtocolListener Finished processing request 8e2736a5-f6ab-494b-93cf-800dc8beee6c (type=HEARTBEAT, length=2243 bytes) from mynifi:8080 in 2 millis
2024-10-30 12:18:36,474 INFO [Clustering Tasks Thread-1] o.a.n.c.c.ClusterProtocolHeartbeater Heartbeat created at 2024-10-30 12:18:36,466 and sent to mynifi:8082 at 2024-10-30 12:18:36,474; send took 7 millis
2024-10-30 12:18:40,029 INFO [Heartbeat Monitor Thread-1] o.a.n.c.c.h.AbstractHeartbeatMonitor Finished processing 1 heartbeats in 13591 nanos
2024-10-30 12:18:41,480 INFO [Process Cluster Protocol Request-6] o.a.n.c.p.impl.SocketProtocolListener Finished processing request bab47b80-3b6c-463e-a9b3-568ddc636f23 (type=HEARTBEAT, length=2243 bytes) from mynifi:8080 in 2 millis
2024-10-30 12:18:41,482 INFO [Clustering Tasks Thread-1] o.a.n.c.c.ClusterProtocolHeartbeater Heartbeat created at 2024-10-30 12:18:41,474 and sent to mynifi:8082 at 2024-10-30 12:18:41,482; send took 8 millis
2024-10-30 12:18:42,009 INFO [Cleanup Archive for default] o.a.n.c.repository.FileSystemRepository Successfully deleted 0 files (0 bytes) from archive
2024-10-30 12:18:45,029 INFO [Heartbeat Monitor Thread-1] o.a.n.c.c.h.AbstractHeartbeatMonitor Finished processing 1 heartbeats in 13342 nanos
2024-10-30 12:18:46,488 INFO [Process Cluster Protocol Request-7] o.a.n.c.p.impl.SocketProtocolListener Finished processing request 8029725e-9645-4edd-a56d-f3a4018058c3 (type=HEARTBEAT, length=2243 bytes) from mynifi:8080 in 2 millis
2024-10-30 12:18:46,491 INFO [Clustering Tasks Thread-1] o.a.n.c.c.ClusterProtocolHeartbeater Heartbeat created at 2024-10-30 12:18:46,483 and sent to mynifi:8082 at 2024-10-30 12:18:46,491; send took 8 millis
2024-10-30 12:18:46,600 INFO [pool-13-thread-1] o.a.n.c.r.WriteAheadFlowFileRepository Initiating checkpoint of FlowFile Repository
2024-10-30 12:18:46,600 INFO [pool-13-thread-1] o.a.n.c.r.WriteAheadFlowFileRepository Successfully checkpointed FlowFile Repository with 1 records in 0 milliseconds
2024-10-30 12:18:50,030 INFO [Heartbeat Monitor Thread-1] o.a.n.c.c.h.AbstractHeartbeatMonitor Finished processing 1 heartbeats in 13489 nanos
2024-10-30 12:18:51,497 INFO [Process Cluster Protocol Request-8] o.a.n.c.p.impl.SocketProtocolListener Finished processing request ec7771e4-2b77-4b42-88cd-ab0dc0355e37 (type=HEARTBEAT, length=2243 bytes) from mynifi:8080 in 2 millis
2024-10-30 12:18:51,500 INFO [Clustering Tasks Thread-1] o.a.n.c.c.ClusterProtocolHeartbeater Heartbeat created at 2024-10-30 12:18:51,491 and sent to mynifi:8082 at 2024-10-30 12:18:51,500; send took 8 millis
2024-10-30 12:18:55,030 INFO [Heartbeat Monitor Thread-1] o.a.n.c.c.h.AbstractHeartbeatMonitor Finished processing 1 heartbeats in 13689 nanos
2024-10-30 12:18:56,505 INFO [Process Cluster Protocol Request-9] o.a.n.c.p.impl.SocketProtocolListener Finished processing request 7088088b-328e-4010-9208-d515a1c7e826 (type=HEARTBEAT, length=2243 bytes) from mynifi:8080 in 2 millis
2024-10-30 12:18:56,508 INFO [Clustering Tasks Thread-1] o.a.n.c.c.ClusterProtocolHeartbeater Heartbeat created at 2024-10-30 12:18:56,500 and sent to mynifi:8082 at 2024-10-30 12:18:56,508; send took 7 millis
2024-10-30 12:19:00,031 INFO [Heartbeat Monitor Thread-1] o.a.n.c.c.h.AbstractHeartbeatMonitor Finished processing 1 heartbeats in 13458 nanos
2024-10-30 12:19:01,514 INFO [Process Cluster Protocol Request-10] o.a.n.c.p.impl.SocketProtocolListener Finished processing request c9bc50a3-cea2-40bb-a89f-59ac894d6922 (type=HEARTBEAT, length=2243 bytes) from mynifi:8080 in 2 millis
2024-10-30 12:19:01,516 INFO [Clustering Tasks Thread-1] o.a.n.c.c.ClusterProtocolHeartbeater Heartbeat created at 2024-10-30 12:19:01,508 and sent to mynifi:8082 at 2024-10-30 12:19:01,516; send took 7 millis
2024-10-30 12:19:05,031 INFO [Heartbeat Monitor Thread-1] o.a.n.c.c.h.AbstractHeartbeatMonitor Finished processing 1 heartbeats in 13537 nanos
2024-10-30 12:19:06,522 INFO [Process Cluster Protocol Request-1] o.a.n.c.p.impl.SocketProtocolListener Finished processing request f1050d6c-56c8-410f-9f4b-21859752d9e0 (type=HEARTBEAT, length=2243 bytes) from mynifi:8080 in 2 millis
2024-10-30 12:19:06,524 INFO [Clustering Tasks Thread-1] o.a.n.c.c.ClusterProtocolHeartbeater Heartbeat created at 2024-10-30 12:19:06,517 and sent to mynifi:8082 at 2024-10-30 12:19:06,524; send took 7 millis
2024-10-30 12:19:06,601 INFO [pool-13-thread-1] o.a.n.c.r.WriteAheadFlowFileRepository Initiating checkpoint of FlowFile Repository
2024-10-30 12:19:06,601 INFO [pool-13-thread-1] o.a.n.c.r.WriteAheadFlowFileRepository Successfully checkpointed FlowFile Repository with 1 records in 0 milliseconds
2024-10-30 12:19:10,031 INFO [Heartbeat Monitor Thread-1] o.a.n.c.c.h.AbstractHeartbeatMonitor Finished processing 1 heartbeats in 13516 nanos
2024-10-30 12:19:11,530 INFO [Process Cluster Protocol Request-2] o.a.n.c.p.impl.SocketProtocolListener Finished processing request c6b2a267-a1b4-405a-ad2b-a2b633ccb7f9 (type=HEARTBEAT, length=2243 bytes) from mynifi:8080 in 2 millis
2024-10-30 12:19:11,533 INFO [Clustering Tasks Thread-1] o.a.n.c.c.ClusterProtocolHeartbeater Heartbeat created at 2024-10-30 12:19:11,525 and sent to mynifi:8082 at 2024-10-30 12:19:11,533; send took 7 millis
2024-10-30 12:19:15,032 INFO [Heartbeat Monitor Thread-1] o.a.n.c.c.h.AbstractHeartbeatMonitor Finished processing 1 heartbeats in 13345 nanos
2024-10-30 12:19:16,539 INFO [Process Cluster Protocol Request-3] o.a.n.c.p.impl.SocketProtocolListener Finished processing request 2f7d6136-8700-40ab-95ba-d11ac948336e (type=HEARTBEAT, length=2243 bytes) from mynifi:8080 in 2 millis
2024-10-30 12:19:16,541 INFO [Clustering Tasks Thread-1] o.a.n.c.c.ClusterProtocolHeartbeater Heartbeat created at 2024-10-30 12:19:16,533 and sent to mynifi:8082 at 2024-10-30 12:19:16,541; send took 7 millis
2024-10-30 12:19:20,032 INFO [Heartbeat Monitor Thread-1] o.a.n.c.c.h.AbstractHeartbeatMonitor Finished processing 1 heartbeats in 6001 nanos
2024-10-30 12:19:21,547 INFO [Process Cluster Protocol Request-4] o.a.n.c.p.impl.SocketProtocolListener Finished processing request d6974e80-d206-406e-856f-1b759a5dbc8d (type=HEARTBEAT, length=2243 bytes) from mynifi:8080 in 2 millis
2024-10-30 12:19:21,550 INFO [Clustering Tasks Thread-1] o.a.n.c.c.ClusterProtocolHeartbeater Heartbeat created at 2024-10-30 12:19:21,542 and sent to mynifi:8082 at 2024-10-30 12:19:21,550; send took 7 millis
2024-10-30 12:19:25,032 INFO [Heartbeat Monitor Thread-1] o.a.n.c.c.h.AbstractHeartbeatMonitor Finished processing 1 heartbeats in 14717 nanos
2024-10-30 12:19:26,556 INFO [Process Cluster Protocol Request-5] o.a.n.c.p.impl.SocketProtocolListener Finished processing request fad68840-c1d6-42a4-bcee-711e6159dafb (type=HEARTBEAT, length=2243 bytes) from mynifi:8080 in 2 millis
2024-10-30 12:19:26,558 INFO [Clustering Tasks Thread-1] o.a.n.c.c.ClusterProtocolHeartbeater Heartbeat created at 2024-10-30 12:19:26,550 and sent to mynifi:8082 at 2024-10-30 12:19:26,558; send took 7 millis
2024-10-30 12:19:26,601 INFO [pool-13-thread-1] o.a.n.c.r.WriteAheadFlowFileRepository Initiating checkpoint of FlowFile Repository
2024-10-30 12:19:26,601 INFO [pool-13-thread-1] o.a.n.c.r.WriteAheadFlowFileRepository Successfully checkpointed FlowFile Repository with 1 records in 0 milliseconds
2024-10-30 12:19:30,033 INFO [Heartbeat Monitor Thread-1] o.a.n.c.c.h.AbstractHeartbeatMonitor Finished processing 1 heartbeats in 13506 nanos
2024-10-30 12:19:31,564 INFO [Process Cluster Protocol Request-6] o.a.n.c.p.impl.SocketProtocolListener Finished processing request bb104bd9-8b0f-4357-a722-c9064b369576 (type=HEARTBEAT, length=2243 bytes) from mynifi:8080 in 2 millis
2024-10-30 12:19:31,566 INFO [Clustering Tasks Thread-1] o.a.n.c.c.ClusterProtocolHeartbeater Heartbeat created at 2024-10-30 12:19:31,558 and sent to mynifi:8082 at 2024-10-30 12:19:31,566; send took 7 millis
2024-10-30 12:19:35,033 INFO [Heartbeat Monitor Thread-1] o.a.n.c.c.h.AbstractHeartbeatMonitor Finished processing 1 heartbeats in 14567 nanos
2024-10-30 12:19:36,572 INFO [Process Cluster Protocol Request-7] o.a.n.c.p.impl.SocketProtocolListener Finished processing request 7423877f-98f5-487d-bc0c-e6f3c730bb96 (type=HEARTBEAT, length=2243 bytes) from mynifi:8080 in 2 millis
2024-10-30 12:19:36,575 INFO [Clustering Tasks Thread-1] o.a.n.c.c.ClusterProtocolHeartbeater Heartbeat created at 2024-10-30 12:19:36,567 and sent to mynifi:8082 at 2024-10-30 12:19:36,575; send took 7 millis
2024-10-30 12:19:37,592 INFO [Write-Ahead Local State Provider Maintenance] org.wali.MinimalLockingWriteAheadLog org.wali.MinimalLockingWriteAheadLog@4ccfd904 checkpointed with 25 Records and 0 Swap Files in 7 milliseconds (Stop-the-world time = 4 milliseconds, Clear Edit Logs time = 0 millis), max Transaction ID 107
2024-10-30 12:19:40,033 INFO [Heartbeat Monitor Thread-1] o.a.n.c.c.h.AbstractHeartbeatMonitor Finished processing 1 heartbeats in 13182 nanos
2024-10-30 12:19:41,581 INFO [Process Cluster Protocol Request-8] o.a.n.c.p.impl.SocketProtocolListener Finished processing request 85454e27-3847-457b-8564-319e5cdb464d (type=HEARTBEAT, length=2243 bytes) from mynifi:8080 in 2 millis
2024-10-30 12:19:41,583 INFO [Clustering Tasks Thread-1] o.a.n.c.c.ClusterProtocolHeartbeater Heartbeat created at 2024-10-30 12:19:41,575 and sent to mynifi:8082 at 2024-10-30 12:19:41,583; send took 7 millis
2024-10-30 12:19:42,033 INFO [Cleanup Archive for default] o.a.n.c.repository.FileSystemRepository Successfully deleted 0 files (0 bytes) from archive
2024-10-30 12:19:45,034 INFO [Heartbeat Monitor Thread-1] o.a.n.c.c.h.AbstractHeartbeatMonitor Finished processing 1 heartbeats in 13997 nanos
2024-10-30 12:19:46,589 INFO [Process Cluster Protocol Request-9] o.a.n.c.p.impl.SocketProtocolListener Finished processing request fe93ba79-6acd-4672-841e-f8efea5c94f3 (type=HEARTBEAT, length=2243 bytes) from mynifi:8080 in 2 millis
2024-10-30 12:19:46,592 INFO [Clustering Tasks Thread-1] o.a.n.c.c.ClusterProtocolHeartbeater Heartbeat created at 2024-10-30 12:19:46,584 and sent to mynifi:8082 at 2024-10-30 12:19:46,591; send took 7 millis
2024-10-30 12:19:46,601 INFO [pool-13-thread-1] o.a.n.c.r.WriteAheadFlowFileRepository Initiating checkpoint of FlowFile Repository
2024-10-30 12:19:46,601 INFO [pool-13-thread-1] o.a.n.c.r.WriteAheadFlowFileRepository Successfully checkpointed FlowFile Repository with 1 records in 0 milliseconds
2024-10-30 12:19:50,034 INFO [Heartbeat Monitor Thread-1] o.a.n.c.c.h.AbstractHeartbeatMonitor Finished processing 1 heartbeats in 14272 nanos
2024-10-30 12:19:51,598 INFO [Process Cluster Protocol Request-10] o.a.n.c.p.impl.SocketProtocolListener Finished processing request d2fc8371-10d3-4428-ba03-343811b47058 (type=HEARTBEAT, length=2243 bytes) from mynifi:8080 in 2 millis
2024-10-30 12:19:51,600 INFO [Clustering Tasks Thread-1] o.a.n.c.c.ClusterProtocolHeartbeater Heartbeat created at 2024-10-30 12:19:51,592 and sent to mynifi:8082 at 2024-10-30 12:19:51,600; send took 8 millis
2024-10-30 12:19:55,034 INFO [Heartbeat Monitor Thread-1] o.a.n.c.c.h.AbstractHeartbeatMonitor Finished processing 1 heartbeats in 13220 nanos
2024-10-30 12:19:56,606 INFO [Process Cluster Protocol Request-1] o.a.n.c.p.impl.SocketProtocolListener Finished processing request 4d884cc5-3abf-4123-9675-fcb552638ae9 (type=HEARTBEAT, length=2243 bytes) from mynifi:8080 in 2 millis
2024-10-30 12:19:56,609 INFO [Clustering Tasks Thread-1] o.a.n.c.c.ClusterProtocolHeartbeater Heartbeat created at 2024-10-30 12:19:56,601 and sent to mynifi:8082 at 2024-10-30 12:19:56,609; send took 7 millis
2024-10-30 12:20:00,035 INFO [Heartbeat Monitor Thread-1] o.a.n.c.c.h.AbstractHeartbeatMonitor Finished processing 1 heartbeats in 13625 nanos
2024-10-30 12:20:01,614 INFO [Process Cluster Protocol Request-2] o.a.n.c.p.impl.SocketProtocolListener Finished processing request 62a8a735-417e-47bf-9207-48f88f5ac6d3 (type=HEARTBEAT, length=2243 bytes) from mynifi:8080 in 2 millis
2024-10-30 12:20:01,617 INFO [Clustering Tasks Thread-1] o.a.n.c.c.ClusterProtocolHeartbeater Heartbeat created at 2024-10-30 12:20:01,609 and sent to mynifi:8082 at 2024-10-30 12:20:01,617; send took 7 millis
2024-10-30 12:20:05,035 INFO [Heartbeat Monitor Thread-1] o.a.n.c.c.h.AbstractHeartbeatMonitor Finished processing 1 heartbeats in 5224 nanos
2024-10-30 12:20:06,601 INFO [pool-13-thread-1] o.a.n.c.r.WriteAheadFlowFileRepository Initiating checkpoint of FlowFile Repository
2024-10-30 12:20:06,601 INFO [pool-13-thread-1] o.a.n.c.r.WriteAheadFlowFileRepository Successfully checkpointed FlowFile Repository with 1 records in 0 milliseconds
2024-10-30 12:20:06,619 INFO [Process Cluster Protocol Request-3] o.a.n.c.p.impl.SocketProtocolListener Finished processing request ec9c69fe-25f4-4b03-a3bd-942dab6156b0 (type=HEARTBEAT, length=2243 bytes) from mynifi:8080 in 697961 nanos
2024-10-30 12:20:06,620 INFO [Clustering Tasks Thread-1] o.a.n.c.c.ClusterProtocolHeartbeater Heartbeat created at 2024-10-30 12:20:06,617 and sent to mynifi:8082 at 2024-10-30 12:20:06,620; send took 2 millis
2024-10-30 12:20:10,035 INFO [Heartbeat Monitor Thread-1] o.a.n.c.c.h.AbstractHeartbeatMonitor Finished processing 1 heartbeats in 13820 nanos
2024-10-30 12:20:11,625 INFO [Process Cluster Protocol Request-4] o.a.n.c.p.impl.SocketProtocolListener Finished processing request aaf283eb-d7fc-48df-93a1-2574c74c5a21 (type=HEARTBEAT, length=2243 bytes) from mynifi:8080 in 2 millis
2024-10-30 12:20:11,628 INFO [Clustering Tasks Thread-1] o.a.n.c.c.ClusterProtocolHeartbeater Heartbeat created at 2024-10-30 12:20:11,620 and sent to mynifi:8082 at 2024-10-30 12:20:11,628; send took 8 millis
2024-10-30 12:20:15,036 INFO [Heartbeat Monitor Thread-1] o.a.n.c.c.h.AbstractHeartbeatMonitor Finished processing 1 heartbeats in 13024 nanos
2024-10-30 12:20:16,632 INFO [Process Cluster Protocol Request-5] o.a.n.c.p.impl.SocketProtocolListener Finished processing request d4f3a14a-a416-4e8b-a6ca-4b9bf4f6014b (type=HEARTBEAT, length=2243 bytes) from mynifi:8080 in 1 millis
2024-10-30 12:20:16,633 INFO [Clustering Tasks Thread-1] o.a.n.c.c.ClusterProtocolHeartbeater Heartbeat created at 2024-10-30 12:20:16,629 and sent to mynifi:8082 at 2024-10-30 12:20:16,633; send took 4 millis
2024-10-30 12:20:20,036 INFO [Heartbeat Monitor Thread-1] o.a.n.c.c.h.AbstractHeartbeatMonitor Finished processing 1 heartbeats in 13860 nanos
2024-10-30 12:20:21,639 INFO [Process Cluster Protocol Request-6] o.a.n.c.p.impl.SocketProtocolListener Finished processing request 4258a08d-2e34-4aad-a504-bcd0191f9122 (type=HEARTBEAT, length=2243 bytes) from mynifi:8080 in 2 millis
2024-10-30 12:20:21,642 INFO [Clustering Tasks Thread-1] o.a.n.c.c.ClusterProtocolHeartbeater Heartbeat created at 2024-10-30 12:20:21,634 and sent to mynifi:8082 at 2024-10-30 12:20:21,642; send took 8 millis
2024-10-30 12:20:25,036 INFO [Heartbeat Monitor Thread-1] o.a.n.c.c.h.AbstractHeartbeatMonitor Finished processing 1 heartbeats in 15549 nanos
2024-10-30 12:20:26,602 INFO [pool-13-thread-1] o.a.n.c.r.WriteAheadFlowFileRepository Initiating checkpoint of FlowFile Repository
2024-10-30 12:20:26,602 INFO [pool-13-thread-1] o.a.n.c.r.WriteAheadFlowFileRepository Successfully checkpointed FlowFile Repository with 1 records in 0 milliseconds
2024-10-30 12:20:26,644 INFO [Process Cluster Protocol Request-7] o.a.n.c.p.impl.SocketProtocolListener Finished processing request 0c6ed217-855a-4232-afe7-7dd67c1c99a5 (type=HEARTBEAT, length=2243 bytes) from mynifi:8080 in 950444 nanos
2024-10-30 12:20:26,645 INFO [Clustering Tasks Thread-1] o.a.n.c.c.ClusterProtocolHeartbeater Heartbeat created at 2024-10-30 12:20:26,642 and sent to mynifi:8082 at 2024-10-30 12:20:26,645; send took 3 millis
2024-10-30 12:20:30,037 INFO [Heartbeat Monitor Thread-1] o.a.n.c.c.h.AbstractHeartbeatMonitor Finished processing 1 heartbeats in 13129 nanos
2024-10-30 12:20:31,651 INFO [Process Cluster Protocol Request-8] o.a.n.c.p.impl.SocketProtocolListener Finished processing request 8cc5afd5-209e-4435-826a-18ca55a62ef3 (type=HEARTBEAT, length=2243 bytes) from mynifi:8080 in 2 millis
2024-10-30 12:20:31,653 INFO [Clustering Tasks Thread-1] o.a.n.c.c.ClusterProtocolHeartbeater Heartbeat created at 2024-10-30 12:20:31,646 and sent to mynifi:8082 at 2024-10-30 12:20:31,653; send took 7 millis
2024-10-30 12:20:35,037 INFO [Heartbeat Monitor Thread-1] o.a.n.c.c.h.AbstractHeartbeatMonitor Finished processing 1 heartbeats in 13865 nanos
2024-10-30 12:20:36,659 INFO [Process Cluster Protocol Request-9] o.a.n.c.p.impl.SocketProtocolListener Finished processing request d77b54e0-dbe5-4142-bdfc-3d24938a547a (type=HEARTBEAT, length=2243 bytes) from mynifi:8080 in 2 millis
2024-10-30 12:20:36,662 INFO [Clustering Tasks Thread-1] o.a.n.c.c.ClusterProtocolHeartbeater Heartbeat created at 2024-10-30 12:20:36,654 and sent to mynifi:8082 at 2024-10-30 12:20:36,662; send took 7 millis
2024-10-30 12:20:40,037 INFO [Heartbeat Monitor Thread-1] o.a.n.c.c.h.AbstractHeartbeatMonitor Finished processing 1 heartbeats in 14112 nanos
2024-10-30 12:20:41,667 INFO [Process Cluster Protocol Request-10] o.a.n.c.p.impl.SocketProtocolListener Finished processing request d72250d3-3edb-473a-a971-f5c193302ecc (type=HEARTBEAT, length=2243 bytes) from mynifi:8080 in 2 millis
2024-10-30 12:20:41,670 INFO [Clustering Tasks Thread-1] o.a.n.c.c.ClusterProtocolHeartbeater Heartbeat created at 2024-10-30 12:20:41,662 and sent to mynifi:8082 at 2024-10-30 12:20:41,670; send took 7 millis
2024-10-30 12:20:42,058 INFO [Cleanup Archive for default] o.a.n.c.repository.FileSystemRepository Successfully deleted 0 files (0 bytes) from archive
2024-10-30 12:20:45,038 INFO [Heartbeat Monitor Thread-1] o.a.n.c.c.h.AbstractHeartbeatMonitor Finished processing 1 heartbeats in 13111 nanos
2024-10-30 12:20:46,602 INFO [pool-13-thread-1] o.a.n.c.r.WriteAheadFlowFileRepository Initiating checkpoint of FlowFile Repository
2024-10-30 12:20:46,602 INFO [pool-13-thread-1] o.a.n.c.r.WriteAheadFlowFileRepository Successfully checkpointed FlowFile Repository with 1 records in 0 milliseconds
2024-10-30 12:20:46,675 INFO [Process Cluster Protocol Request-1] o.a.n.c.p.impl.SocketProtocolListener Finished processing request 347a30e5-ca71-43fc-97b0-b6c35a2f50ef (type=HEARTBEAT, length=2243 bytes) from mynifi:8080 in 2 millis
2024-10-30 12:20:46,678 INFO [Clustering Tasks Thread-1] o.a.n.c.c.ClusterProtocolHeartbeater Heartbeat created at 2024-10-30 12:20:46,670 and sent to mynifi:8082 at 2024-10-30 12:20:46,678; send took 7 millis
2024-10-30 12:20:50,038 INFO [Heartbeat Monitor Thread-1] o.a.n.c.c.h.AbstractHeartbeatMonitor Finished processing 1 heartbeats in 9915 nanos
2024-10-30 12:20:51,684 INFO [Process Cluster Protocol Request-2] o.a.n.c.p.impl.SocketProtocolListener Finished processing request c6bf76d9-87bb-41a1-a324-8727fb5167d4 (type=HEARTBEAT, length=2243 bytes) from mynifi:8080 in 2 millis
2024-10-30 12:20:51,686 INFO [Clustering Tasks Thread-1] o.a.n.c.c.ClusterProtocolHeartbeater Heartbeat created at 2024-10-30 12:20:51,678 and sent to mynifi:8082 at 2024-10-30 12:20:51,686; send took 8 millis
2024-10-30 12:20:55,038 INFO [Heartbeat Monitor Thread-1] o.a.n.c.c.h.AbstractHeartbeatMonitor Finished processing 1 heartbeats in 13444 nanos
2024-10-30 12:20:56,692 INFO [Process Cluster Protocol Request-3] o.a.n.c.p.impl.SocketProtocolListener Finished processing request eeeb44fc-f2f4-445d-aa88-c6ec72b718f4 (type=HEARTBEAT, length=2243 bytes) from mynifi:8080 in 2 millis
2024-10-30 12:20:56,695 INFO [Clustering Tasks Thread-1] o.a.n.c.c.ClusterProtocolHeartbeater Heartbeat created at 2024-10-30 12:20:56,687 and sent to mynifi:8082 at 2024-10-30 12:20:56,695; send took 7 millis
2024-10-30 12:21:00,039 INFO [Heartbeat Monitor Thread-1] o.a.n.c.c.h.AbstractHeartbeatMonitor Finished processing 1 heartbeats in 15051 nanos
2024-10-30 12:21:01,701 INFO [Process Cluster Protocol Request-4] o.a.n.c.p.impl.SocketProtocolListener Finished processing request c162d898-ccf5-4944-9fd4-0358559bf6a5 (type=HEARTBEAT, length=2243 bytes) from mynifi:8080 in 2 millis
2024-10-30 12:21:01,703 INFO [Clustering Tasks Thread-1] o.a.n.c.c.ClusterProtocolHeartbeater Heartbeat created at 2024-10-30 12:21:01,695 and sent to mynifi:8082 at 2024-10-30 12:21:01,703; send took 8 millis
2024-10-30 12:21:05,039 INFO [Heartbeat Monitor Thread-1] o.a.n.c.c.h.AbstractHeartbeatMonitor Finished processing 1 heartbeats in 13632 nanos
2024-10-30 12:21:06,602 INFO [pool-13-thread-1] o.a.n.c.r.WriteAheadFlowFileRepository Initiating checkpoint of FlowFile Repository
2024-10-30 12:21:06,603 INFO [pool-13-thread-1] o.a.n.c.r.WriteAheadFlowFileRepository Successfully checkpointed FlowFile Repository with 1 records in 0 milliseconds
2024-10-30 12:21:06,709 INFO [Process Cluster Protocol Request-5] o.a.n.c.p.impl.SocketProtocolListener Finished processing request cedb5745-4072-44cd-a964-5c66382aa1da (type=HEARTBEAT, length=2243 bytes) from mynifi:8080 in 2 millis
2024-10-30 12:21:06,712 INFO [Clustering Tasks Thread-1] o.a.n.c.c.ClusterProtocolHeartbeater Heartbeat created at 2024-10-30 12:21:06,704 and sent to mynifi:8082 at 2024-10-30 12:21:06,712; send took 8 millis
2024-10-30 12:21:10,039 INFO [Heartbeat Monitor Thread-1] o.a.n.c.c.h.AbstractHeartbeatMonitor Finished processing 1 heartbeats in 13517 nanos
2024-10-30 12:21:11,718 INFO [Process Cluster Protocol Request-6] o.a.n.c.p.impl.SocketProtocolListener Finished processing request 2447de72-6be1-459b-8067-fe050423b68b (type=HEARTBEAT, length=2243 bytes) from mynifi:8080 in 2 millis
2024-10-30 12:21:11,720 INFO [Clustering Tasks Thread-1] o.a.n.c.c.ClusterProtocolHeartbeater Heartbeat created at 2024-10-30 12:21:11,712 and sent to mynifi:8082 at 2024-10-30 12:21:11,720; send took 7 millis
2024-10-30 12:21:15,040 INFO [Heartbeat Monitor Thread-1] o.a.n.c.c.h.AbstractHeartbeatMonitor Finished processing 1 heartbeats in 12809 nanos
2024-10-30 12:21:16,726 INFO [Process Cluster Protocol Request-7] o.a.n.c.p.impl.SocketProtocolListener Finished processing request c0c6f1e4-51aa-4d77-87e9-4cc7bf0d2398 (type=HEARTBEAT, length=2243 bytes) from mynifi:8080 in 2 millis
2024-10-30 12:21:16,729 INFO [Clustering Tasks Thread-1] o.a.n.c.c.ClusterProtocolHeartbeater Heartbeat created at 2024-10-30 12:21:16,721 and sent to mynifi:8082 at 2024-10-30 12:21:16,729; send took 7 millis
2024-10-30 12:21:20,040 INFO [Heartbeat Monitor Thread-1] o.a.n.c.c.h.AbstractHeartbeatMonitor Finished processing 1 heartbeats in 14609 nanos
2024-10-30 12:21:21,735 INFO [Process Cluster Protocol Request-8] o.a.n.c.p.impl.SocketProtocolListener Finished processing request dc71eae6-70a4-4479-ab3d-d71be35c9f3d (type=HEARTBEAT, length=2243 bytes) from mynifi:8080 in 2 millis
2024-10-30 12:21:21,737 INFO [Clustering Tasks Thread-1] o.a.n.c.c.ClusterProtocolHeartbeater Heartbeat created at 2024-10-30 12:21:21,729 and sent to mynifi:8082 at 2024-10-30 12:21:21,737; send took 8 millis
2024-10-30 12:21:25,041 INFO [Heartbeat Monitor Thread-1] o.a.n.c.c.h.AbstractHeartbeatMonitor Finished processing 1 heartbeats in 13864 nanos
2024-10-30 12:21:26,603 INFO [pool-13-thread-1] o.a.n.c.r.WriteAheadFlowFileRepository Initiating checkpoint of FlowFile Repository
2024-10-30 12:21:26,603 INFO [pool-13-thread-1] o.a.n.c.r.WriteAheadFlowFileRepository Successfully checkpointed FlowFile Repository with 1 records in 0 milliseconds
2024-10-30 12:21:26,743 INFO [Process Cluster Protocol Request-9] o.a.n.c.p.impl.SocketProtocolListener Finished processing request 5b02b572-9771-40a7-884c-1695f0ce6fd8 (type=HEARTBEAT, length=2243 bytes) from mynifi:8080 in 2 millis
2024-10-30 12:21:26,745 INFO [Clustering Tasks Thread-1] o.a.n.c.c.ClusterProtocolHeartbeater Heartbeat created at 2024-10-30 12:21:26,738 and sent to mynifi:8082 at 2024-10-30 12:21:26,745; send took 7 millis
2024-10-30 12:21:30,041 INFO [Heartbeat Monitor Thread-1] o.a.n.c.c.h.AbstractHeartbeatMonitor Finished processing 1 heartbeats in 28032 nanos
2024-10-30 12:21:31,751 INFO [Process Cluster Protocol Request-10] o.a.n.c.p.impl.SocketProtocolListener Finished processing request ad425106-d171-4046-a762-f4e6fb35cfca (type=HEARTBEAT, length=2243 bytes) from mynifi:8080 in 2 millis
2024-10-30 12:21:31,754 INFO [Clustering Tasks Thread-1] o.a.n.c.c.ClusterProtocolHeartbeater Heartbeat created at 2024-10-30 12:21:31,746 and sent to mynifi:8082 at 2024-10-30 12:21:31,754; send took 7 millis
2024-10-30 12:21:35,041 INFO [Heartbeat Monitor Thread-1] o.a.n.c.c.h.AbstractHeartbeatMonitor Finished processing 1 heartbeats in 13487 nanos
2024-10-30 12:21:36,760 INFO [Process Cluster Protocol Request-1] o.a.n.c.p.impl.SocketProtocolListener Finished processing request c689a50a-158d-4a93-8429-e300a4dbe8ad (type=HEARTBEAT, length=2243 bytes) from mynifi:8080 in 2 millis
2024-10-30 12:21:36,762 INFO [Clustering Tasks Thread-1] o.a.n.c.c.ClusterProtocolHeartbeater Heartbeat created at 2024-10-30 12:21:36,754 and sent to mynifi:8082 at 2024-10-30 12:21:36,762; send took 7 millis
2024-10-30 12:21:37,599 INFO [Write-Ahead Local State Provider Maintenance] org.wali.MinimalLockingWriteAheadLog org.wali.MinimalLockingWriteAheadLog@4ccfd904 checkpointed with 25 Records and 0 Swap Files in 7 milliseconds (Stop-the-world time = 4 milliseconds, Clear Edit Logs time = 0 millis), max Transaction ID 107
2024-10-30 12:21:40,042 INFO [Heartbeat Monitor Thread-1] o.a.n.c.c.h.AbstractHeartbeatMonitor Finished processing 1 heartbeats in 13857 nanos
2024-10-30 12:21:41,764 INFO [Process Cluster Protocol Request-2] o.a.n.c.p.impl.SocketProtocolListener Finished processing request c8c8b5c2-c17c-4433-8d5e-1affbb016123 (type=HEARTBEAT, length=2243 bytes) from mynifi:8080 in 687507 nanos
2024-10-30 12:21:41,765 INFO [Clustering Tasks Thread-1] o.a.n.c.c.ClusterProtocolHeartbeater Heartbeat created at 2024-10-30 12:21:41,763 and sent to mynifi:8082 at 2024-10-30 12:21:41,765; send took 2 millis
2024-10-30 12:21:42,079 INFO [Cleanup Archive for default] o.a.n.c.repository.FileSystemRepository Successfully deleted 0 files (0 bytes) from archive
2024-10-30 12:21:45,042 INFO [Heartbeat Monitor Thread-1] o.a.n.c.c.h.AbstractHeartbeatMonitor Finished processing 1 heartbeats in 14039 nanos
2024-10-30 12:21:46,603 INFO [pool-13-thread-1] o.a.n.c.r.WriteAheadFlowFileRepository Initiating checkpoint of FlowFile Repository
2024-10-30 12:21:46,603 INFO [pool-13-thread-1] o.a.n.c.r.WriteAheadFlowFileRepository Successfully checkpointed FlowFile Repository with 1 records in 0 milliseconds
2024-10-30 12:21:46,771 INFO [Process Cluster Protocol Request-3] o.a.n.c.p.impl.SocketProtocolListener Finished processing request baac68be-6c1c-47e1-a4eb-d2437292cb89 (type=HEARTBEAT, length=2243 bytes) from mynifi:8080 in 2 millis
2024-10-30 12:21:46,773 INFO [Clustering Tasks Thread-1] o.a.n.c.c.ClusterProtocolHeartbeater Heartbeat created at 2024-10-30 12:21:46,765 and sent to mynifi:8082 at 2024-10-30 12:21:46,773; send took 7 millis
2024-10-30 12:21:50,042 INFO [Heartbeat Monitor Thread-1] o.a.n.c.c.h.AbstractHeartbeatMonitor Finished processing 1 heartbeats in 5885 nanos
2024-10-30 12:21:51,779 INFO [Process Cluster Protocol Request-4] o.a.n.c.p.impl.SocketProtocolListener Finished processing request f90ad23a-f394-4649-ac85-891fd1d9eef3 (type=HEARTBEAT, length=2243 bytes) from mynifi:8080 in 2 millis
2024-10-30 12:21:51,782 INFO [Clustering Tasks Thread-1] o.a.n.c.c.ClusterProtocolHeartbeater Heartbeat created at 2024-10-30 12:21:51,774 and sent to mynifi:8082 at 2024-10-30 12:21:51,782; send took 8 millis
2024-10-30 12:21:55,043 INFO [Heartbeat Monitor Thread-1] o.a.n.c.c.h.AbstractHeartbeatMonitor Finished processing 1 heartbeats in 14203 nanos
2024-10-30 12:21:56,788 INFO [Process Cluster Protocol Request-5] o.a.n.c.p.impl.SocketProtocolListener Finished processing request 3fb20a7c-06c1-4277-80bc-3cf36079b480 (type=HEARTBEAT, length=2243 bytes) from mynifi:8080 in 2 millis
2024-10-30 12:21:56,790 INFO [Clustering Tasks Thread-1] o.a.n.c.c.ClusterProtocolHeartbeater Heartbeat created at 2024-10-30 12:21:56,782 and sent to mynifi:8082 at 2024-10-30 12:21:56,790; send took 7 millis
2024-10-30 12:22:00,043 INFO [Heartbeat Monitor Thread-1] o.a.n.c.c.h.AbstractHeartbeatMonitor Finished processing 1 heartbeats in 7015 nanos
2024-10-30 12:22:01,796 INFO [Process Cluster Protocol Request-6] o.a.n.c.p.impl.SocketProtocolListener Finished processing request 3b3799f5-c4c3-4e5c-acef-6a2bee979e7e (type=HEARTBEAT, length=2243 bytes) from mynifi:8080 in 2 millis
2024-10-30 12:22:01,800 INFO [Clustering Tasks Thread-1] o.a.n.c.c.ClusterProtocolHeartbeater Heartbeat created at 2024-10-30 12:22:01,791 and sent to mynifi:8082 at 2024-10-30 12:22:01,800; send took 8 millis
2024-10-30 12:22:05,043 INFO [Heartbeat Monitor Thread-1] o.a.n.c.c.h.AbstractHeartbeatMonitor Finished processing 1 heartbeats in 13473 nanos
2024-10-30 12:22:06,604 INFO [pool-13-thread-1] o.a.n.c.r.WriteAheadFlowFileRepository Initiating checkpoint of FlowFile Repository
2024-10-30 12:22:06,604 INFO [pool-13-thread-1] o.a.n.c.r.WriteAheadFlowFileRepository Successfully checkpointed FlowFile Repository with 1 records in 0 milliseconds
2024-10-30 12:22:06,802 INFO [Process Cluster Protocol Request-7] o.a.n.c.p.impl.SocketProtocolListener Finished processing request 4121dea6-3d54-4b1e-95d7-27c6a6fc7281 (type=HEARTBEAT, length=2243 bytes) from mynifi:8080 in 772294 nanos
2024-10-30 12:22:06,803 INFO [Clustering Tasks Thread-1] o.a.n.c.c.ClusterProtocolHeartbeater Heartbeat created at 2024-10-30 12:22:06,800 and sent to mynifi:8082 at 2024-10-30 12:22:06,803; send took 2 millis
2024-10-30 12:22:10,043 INFO [Heartbeat Monitor Thread-1] o.a.n.c.c.h.AbstractHeartbeatMonitor Finished processing 1 heartbeats in 14512 nanos
2024-10-30 12:22:11,805 INFO [Process Cluster Protocol Request-8] o.a.n.c.p.impl.SocketProtocolListener Finished processing request 2e36d52c-d420-46f4-83ce-7b057d7976c8 (type=HEARTBEAT, length=2243 bytes) from mynifi:8080 in 730681 nanos
2024-10-30 12:22:11,805 INFO [Clustering Tasks Thread-1] o.a.n.c.c.ClusterProtocolHeartbeater Heartbeat created at 2024-10-30 12:22:11,803 and sent to mynifi:8082 at 2024-10-30 12:22:11,805; send took 2 millis
2024-10-30 12:22:15,044 INFO [Heartbeat Monitor Thread-1] o.a.n.c.c.h.AbstractHeartbeatMonitor Finished processing 1 heartbeats in 25369 nanos
2024-10-30 12:22:16,811 INFO [Process Cluster Protocol Request-9] o.a.n.c.p.impl.SocketProtocolListener Finished processing request cf538fde-1542-459e-a014-c57c68c1ca9a (type=HEARTBEAT, length=2243 bytes) from mynifi:8080 in 2 millis
2024-10-30 12:22:16,814 INFO [Clustering Tasks Thread-1] o.a.n.c.c.ClusterProtocolHeartbeater Heartbeat created at 2024-10-30 12:22:16,806 and sent to mynifi:8082 at 2024-10-30 12:22:16,814; send took 7 millis
2024-10-30 12:22:20,044 INFO [Heartbeat Monitor Thread-1] o.a.n.c.c.h.AbstractHeartbeatMonitor Finished processing 1 heartbeats in 16345 nanos
2024-10-30 12:22:21,820 INFO [Process Cluster Protocol Request-10] o.a.n.c.p.impl.SocketProtocolListener Finished processing request daaabdd2-c202-4452-af53-f2d8d6354abc (type=HEARTBEAT, length=2243 bytes) from mynifi:8080 in 2 millis
2024-10-30 12:22:21,822 INFO [Clustering Tasks Thread-1] o.a.n.c.c.ClusterProtocolHeartbeater Heartbeat created at 2024-10-30 12:22:21,814 and sent to mynifi:8082 at 2024-10-30 12:22:21,822; send took 8 millis
2024-10-30 12:22:25,045 INFO [Heartbeat Monitor Thread-1] o.a.n.c.c.h.AbstractHeartbeatMonitor Finished processing 1 heartbeats in 13739 nanos
2024-10-30 12:22:26,604 INFO [pool-13-thread-1] o.a.n.c.r.WriteAheadFlowFileRepository Initiating checkpoint of FlowFile Repository
2024-10-30 12:22:26,604 INFO [pool-13-thread-1] o.a.n.c.r.WriteAheadFlowFileRepository Successfully checkpointed FlowFile Repository with 1 records in 0 milliseconds
2024-10-30 12:22:26,828 INFO [Process Cluster Protocol Request-1] o.a.n.c.p.impl.SocketProtocolListener Finished processing request 7137f52b-6214-44c2-af93-1d8867d04aa9 (type=HEARTBEAT, length=2243 bytes) from mynifi:8080 in 2 millis
2024-10-30 12:22:26,831 INFO [Clustering Tasks Thread-1] o.a.n.c.c.ClusterProtocolHeartbeater Heartbeat created at 2024-10-30 12:22:26,823 and sent to mynifi:8082 at 2024-10-30 12:22:26,831; send took 7 millis
2024-10-30 12:22:30,045 INFO [Heartbeat Monitor Thread-1] o.a.n.c.c.h.AbstractHeartbeatMonitor Finished processing 1 heartbeats in 13591 nanos
2024-10-30 12:22:31,837 INFO [Process Cluster Protocol Request-2] o.a.n.c.p.impl.SocketProtocolListener Finished processing request a9896882-27e9-41be-9ff8-0bdc676ed5bf (type=HEARTBEAT, length=2243 bytes) from mynifi:8080 in 2 millis
2024-10-30 12:22:31,839 INFO [Clustering Tasks Thread-1] o.a.n.c.c.ClusterProtocolHeartbeater Heartbeat created at 2024-10-30 12:22:31,831 and sent to mynifi:8082 at 2024-10-30 12:22:31,839; send took 7 millis
2024-10-30 12:22:35,045 INFO [Heartbeat Monitor Thread-1] o.a.n.c.c.h.AbstractHeartbeatMonitor Finished processing 1 heartbeats in 13440 nanos
2024-10-30 12:22:36,845 INFO [Process Cluster Protocol Request-3] o.a.n.c.p.impl.SocketProtocolListener Finished processing request b5ac56dd-39f0-40c6-bff4-2c1519c92f7e (type=HEARTBEAT, length=2243 bytes) from mynifi:8080 in 2 millis
2024-10-30 12:22:36,848 INFO [Clustering Tasks Thread-1] o.a.n.c.c.ClusterProtocolHeartbeater Heartbeat created at 2024-10-30 12:22:36,840 and sent to mynifi:8082 at 2024-10-30 12:22:36,848; send took 8 millis
2024-10-30 12:22:40,046 INFO [Heartbeat Monitor Thread-1] o.a.n.c.c.h.AbstractHeartbeatMonitor Finished processing 1 heartbeats in 13523 nanos
2024-10-30 12:22:41,854 INFO [Process Cluster Protocol Request-4] o.a.n.c.p.impl.SocketProtocolListener Finished processing request 5f748846-9515-48c2-8bc3-3e9d9bf1de6c (type=HEARTBEAT, length=2243 bytes) from mynifi:8080 in 2 millis
2024-10-30 12:22:41,856 INFO [Clustering Tasks Thread-1] o.a.n.c.c.ClusterProtocolHeartbeater Heartbeat created at 2024-10-30 12:22:41,848 and sent to mynifi:8082 at 2024-10-30 12:22:41,856; send took 8 millis
2024-10-30 12:22:42,104 INFO [Cleanup Archive for default] o.a.n.c.repository.FileSystemRepository Successfully deleted 0 files (0 bytes) from archive
2024-10-30 12:22:45,046 INFO [Heartbeat Monitor Thread-1] o.a.n.c.c.h.AbstractHeartbeatMonitor Finished processing 1 heartbeats in 13722 nanos
2024-10-30 12:22:46,604 INFO [pool-13-thread-1] o.a.n.c.r.WriteAheadFlowFileRepository Initiating checkpoint of FlowFile Repository
2024-10-30 12:22:46,604 INFO [pool-13-thread-1] o.a.n.c.r.WriteAheadFlowFileRepository Successfully checkpointed FlowFile Repository with 1 records in 0 milliseconds
2024-10-30 12:22:46,862 INFO [Process Cluster Protocol Request-5] o.a.n.c.p.impl.SocketProtocolListener Finished processing request 6faa0216-2d2e-4934-abce-3bed1fd7683a (type=HEARTBEAT, length=2243 bytes) from mynifi:8080 in 2 millis
2024-10-30 12:22:46,865 INFO [Clustering Tasks Thread-1] o.a.n.c.c.ClusterProtocolHeartbeater Heartbeat created at 2024-10-30 12:22:46,857 and sent to mynifi:8082 at 2024-10-30 12:22:46,865; send took 7 millis
2024-10-30 12:22:50,046 INFO [Heartbeat Monitor Thread-1] o.a.n.c.c.h.AbstractHeartbeatMonitor Finished processing 1 heartbeats in 40284 nanos
2024-10-30 12:22:51,871 INFO [Process Cluster Protocol Request-6] o.a.n.c.p.impl.SocketProtocolListener Finished processing request 644158f8-4d6d-45eb-abaf-47b7dff901b5 (type=HEARTBEAT, length=2243 bytes) from mynifi:8080 in 2 millis
2024-10-30 12:22:51,873 INFO [Clustering Tasks Thread-1] o.a.n.c.c.ClusterProtocolHeartbeater Heartbeat created at 2024-10-30 12:22:51,865 and sent to mynifi:8082 at 2024-10-30 12:22:51,873; send took 8 millis
2024-10-30 12:22:55,047 INFO [Heartbeat Monitor Thread-1] o.a.n.c.c.h.AbstractHeartbeatMonitor Finished processing 1 heartbeats in 6539 nanos
2024-10-30 12:22:56,879 INFO [Process Cluster Protocol Request-7] o.a.n.c.p.impl.SocketProtocolListener Finished processing request f16614d4-378d-452d-9846-fab3db983c47 (type=HEARTBEAT, length=2243 bytes) from mynifi:8080 in 2 millis
2024-10-30 12:22:56,882 INFO [Clustering Tasks Thread-1] o.a.n.c.c.ClusterProtocolHeartbeater Heartbeat created at 2024-10-30 12:22:56,874 and sent to mynifi:8082 at 2024-10-30 12:22:56,882; send took 7 millis
2024-10-30 12:23:00,047 INFO [Heartbeat Monitor Thread-1] o.a.n.c.c.h.AbstractHeartbeatMonitor Finished processing 1 heartbeats in 14669 nanos
2024-10-30 12:23:01,888 INFO [Process Cluster Protocol Request-8] o.a.n.c.p.impl.SocketProtocolListener Finished processing request 285acf0a-37b4-4db4-8523-0de7ea9f0254 (type=HEARTBEAT, length=2243 bytes) from mynifi:8080 in 2 millis
2024-10-30 12:23:01,890 INFO [Clustering Tasks Thread-1] o.a.n.c.c.ClusterProtocolHeartbeater Heartbeat created at 2024-10-30 12:23:01,882 and sent to mynifi:8082 at 2024-10-30 12:23:01,890; send took 8 millis
2024-10-30 12:23:05,047 INFO [Heartbeat Monitor Thread-1] o.a.n.c.c.h.AbstractHeartbeatMonitor Finished processing 1 heartbeats in 14741 nanos
2024-10-30 12:23:06,605 INFO [pool-13-thread-1] o.a.n.c.r.WriteAheadFlowFileRepository Initiating checkpoint of FlowFile Repository
2024-10-30 12:23:06,605 INFO [pool-13-thread-1] o.a.n.c.r.WriteAheadFlowFileRepository Successfully checkpointed FlowFile Repository with 1 records in 0 milliseconds
2024-10-30 12:23:06,892 INFO [Process Cluster Protocol Request-9] o.a.n.c.p.impl.SocketProtocolListener Finished processing request 97b5a96b-10e9-44c9-9c3a-f0ad0973e3e1 (type=HEARTBEAT, length=2243 bytes) from mynifi:8080 in 793571 nanos
2024-10-30 12:23:06,893 INFO [Clustering Tasks Thread-1] o.a.n.c.c.ClusterProtocolHeartbeater Heartbeat created at 2024-10-30 12:23:06,891 and sent to mynifi:8082 at 2024-10-30 12:23:06,893; send took 2 millis
2024-10-30 12:23:10,048 INFO [Heartbeat Monitor Thread-1] o.a.n.c.c.h.AbstractHeartbeatMonitor Finished processing 1 heartbeats in 14709 nanos
2024-10-30 12:23:11,899 INFO [Process Cluster Protocol Request-10] o.a.n.c.p.impl.SocketProtocolListener Finished processing request cb3db19d-1790-4b9c-8134-d0ff805b0066 (type=HEARTBEAT, length=2243 bytes) from mynifi:8080 in 2 millis
2024-10-30 12:23:11,902 INFO [Clustering Tasks Thread-1] o.a.n.c.c.ClusterProtocolHeartbeater Heartbeat created at 2024-10-30 12:23:11,894 and sent to mynifi:8082 at 2024-10-30 12:23:11,902; send took 7 millis
2024-10-30 12:23:15,048 INFO [Heartbeat Monitor Thread-1] o.a.n.c.c.h.AbstractHeartbeatMonitor Finished processing 1 heartbeats in 13291 nanos
2024-10-30 12:23:16,908 INFO [Process Cluster Protocol Request-1] o.a.n.c.p.impl.SocketProtocolListener Finished processing request 7ade2de9-e0c9-4bd0-859f-aa3ec38fcbae (type=HEARTBEAT, length=2243 bytes) from mynifi:8080 in 2 millis
2024-10-30 12:23:16,910 INFO [Clustering Tasks Thread-1] o.a.n.c.c.ClusterProtocolHeartbeater Heartbeat created at 2024-10-30 12:23:16,902 and sent to mynifi:8082 at 2024-10-30 12:23:16,910; send took 7 millis
2024-10-30 12:23:20,048 INFO [Heartbeat Monitor Thread-1] o.a.n.c.c.h.AbstractHeartbeatMonitor Finished processing 1 heartbeats in 13406 nanos
2024-10-30 12:23:21,912 INFO [Process Cluster Protocol Request-2] o.a.n.c.p.impl.SocketProtocolListener Finished processing request 8508ec2e-b3c0-4549-b802-82e640fb2705 (type=HEARTBEAT, length=2243 bytes) from mynifi:8080 in 745684 nanos
2024-10-30 12:23:21,913 INFO [Clustering Tasks Thread-1] o.a.n.c.c.ClusterProtocolHeartbeater Heartbeat created at 2024-10-30 12:23:21,910 and sent to mynifi:8082 at 2024-10-30 12:23:21,913; send took 2 millis
2024-10-30 12:23:25,049 INFO [Heartbeat Monitor Thread-1] o.a.n.c.c.h.AbstractHeartbeatMonitor Finished processing 1 heartbeats in 13535 nanos
2024-10-30 12:23:26,605 INFO [pool-13-thread-1] o.a.n.c.r.WriteAheadFlowFileRepository Initiating checkpoint of FlowFile Repository
2024-10-30 12:23:26,605 INFO [pool-13-thread-1] o.a.n.c.r.WriteAheadFlowFileRepository Successfully checkpointed FlowFile Repository with 1 records in 0 milliseconds
2024-10-30 12:23:26,919 INFO [Process Cluster Protocol Request-3] o.a.n.c.p.impl.SocketProtocolListener Finished processing request c909a627-4594-4321-ba56-d21ec49f48ae (type=HEARTBEAT, length=2243 bytes) from mynifi:8080 in 2 millis
2024-10-30 12:23:26,921 INFO [Clustering Tasks Thread-1] o.a.n.c.c.ClusterProtocolHeartbeater Heartbeat created at 2024-10-30 12:23:26,913 and sent to mynifi:8082 at 2024-10-30 12:23:26,921; send took 7 millis
2024-10-30 12:23:30,049 INFO [Heartbeat Monitor Thread-1] o.a.n.c.c.h.AbstractHeartbeatMonitor Finished processing 1 heartbeats in 5436 nanos
2024-10-30 12:23:31,927 INFO [Process Cluster Protocol Request-4] o.a.n.c.p.impl.SocketProtocolListener Finished processing request fc0ec187-43c3-454e-96db-617a3f35307b (type=HEARTBEAT, length=2243 bytes) from mynifi:8080 in 2 millis
2024-10-30 12:23:31,930 INFO [Clustering Tasks Thread-1] o.a.n.c.c.ClusterProtocolHeartbeater Heartbeat created at 2024-10-30 12:23:31,922 and sent to mynifi:8082 at 2024-10-30 12:23:31,930; send took 7 millis
2024-10-30 12:23:35,049 INFO [Heartbeat Monitor Thread-1] o.a.n.c.c.h.AbstractHeartbeatMonitor Finished processing 1 heartbeats in 13273 nanos
2024-10-30 12:23:36,936 INFO [Process Cluster Protocol Request-5] o.a.n.c.p.impl.SocketProtocolListener Finished processing request 4d8961cb-1215-4059-a6b1-14409636aa76 (type=HEARTBEAT, length=2243 bytes) from mynifi:8080 in 2 millis
2024-10-30 12:23:36,938 INFO [Clustering Tasks Thread-1] o.a.n.c.c.ClusterProtocolHeartbeater Heartbeat created at 2024-10-30 12:23:36,930 and sent to mynifi:8082 at 2024-10-30 12:23:36,938; send took 8 millis
2024-10-30 12:23:37,606 INFO [Write-Ahead Local State Provider Maintenance] org.wali.MinimalLockingWriteAheadLog org.wali.MinimalLockingWriteAheadLog@4ccfd904 checkpointed with 25 Records and 0 Swap Files in 7 milliseconds (Stop-the-world time = 4 milliseconds, Clear Edit Logs time = 0 millis), max Transaction ID 107
2024-10-30 12:23:40,050 INFO [Heartbeat Monitor Thread-1] o.a.n.c.c.h.AbstractHeartbeatMonitor Finished processing 1 heartbeats in 13200 nanos
2024-10-30 12:23:41,944 INFO [Process Cluster Protocol Request-6] o.a.n.c.p.impl.SocketProtocolListener Finished processing request 97093b9b-06ac-4845-9492-75043d1b8b6b (type=HEARTBEAT, length=2243 bytes) from mynifi:8080 in 2 millis
2024-10-30 12:23:41,947 INFO [Clustering Tasks Thread-1] o.a.n.c.c.ClusterProtocolHeartbeater Heartbeat created at 2024-10-30 12:23:41,939 and sent to mynifi:8082 at 2024-10-30 12:23:41,947; send took 8 millis
2024-10-30 12:23:42,128 INFO [Cleanup Archive for default] o.a.n.c.repository.FileSystemRepository Successfully deleted 0 files (0 bytes) from archive
2024-10-30 12:23:45,050 INFO [Heartbeat Monitor Thread-1] o.a.n.c.c.h.AbstractHeartbeatMonitor Finished processing 1 heartbeats in 13366 nanos
2024-10-30 12:23:46,605 INFO [pool-13-thread-1] o.a.n.c.r.WriteAheadFlowFileRepository Initiating checkpoint of FlowFile Repository
2024-10-30 12:23:46,606 INFO [pool-13-thread-1] o.a.n.c.r.WriteAheadFlowFileRepository Successfully checkpointed FlowFile Repository with 1 records in 0 milliseconds
2024-10-30 12:23:46,953 INFO [Process Cluster Protocol Request-7] o.a.n.c.p.impl.SocketProtocolListener Finished processing request ad94c433-8778-490f-b701-f2cea53dbfee (type=HEARTBEAT, length=2243 bytes) from mynifi:8080 in 2 millis
2024-10-30 12:23:46,956 INFO [Clustering Tasks Thread-1] o.a.n.c.c.ClusterProtocolHeartbeater Heartbeat created at 2024-10-30 12:23:46,947 and sent to mynifi:8082 at 2024-10-30 12:23:46,956; send took 8 millis
2024-10-30 12:23:50,050 INFO [Heartbeat Monitor Thread-1] o.a.n.c.c.h.AbstractHeartbeatMonitor Finished processing 1 heartbeats in 14032 nanos
2024-10-30 12:23:51,962 INFO [Process Cluster Protocol Request-8] o.a.n.c.p.impl.SocketProtocolListener Finished processing request cf663195-ed95-4ebf-a071-441f529c44e7 (type=HEARTBEAT, length=2243 bytes) from mynifi:8080 in 2 millis
2024-10-30 12:23:51,965 INFO [Clustering Tasks Thread-1] o.a.n.c.c.ClusterProtocolHeartbeater Heartbeat created at 2024-10-30 12:23:51,956 and sent to mynifi:8082 at 2024-10-30 12:23:51,965; send took 8 millis
2024-10-30 12:23:55,051 INFO [Heartbeat Monitor Thread-1] o.a.n.c.c.h.AbstractHeartbeatMonitor Finished processing 1 heartbeats in 14293 nanos
2024-10-30 12:23:56,971 INFO [Process Cluster Protocol Request-9] o.a.n.c.p.impl.SocketProtocolListener Finished processing request 57f742be-f08e-419c-bbfe-6795ce6101ed (type=HEARTBEAT, length=2243 bytes) from mynifi:8080 in 2 millis
2024-10-30 12:23:56,975 INFO [Clustering Tasks Thread-1] o.a.n.c.c.ClusterProtocolHeartbeater Heartbeat created at 2024-10-30 12:23:56,965 and sent to mynifi:8082 at 2024-10-30 12:23:56,975; send took 9 millis
2024-10-30 12:24:00,051 INFO [Heartbeat Monitor Thread-1] o.a.n.c.c.h.AbstractHeartbeatMonitor Finished processing 1 heartbeats in 13551 nanos
2024-10-30 12:24:01,981 INFO [Process Cluster Protocol Request-10] o.a.n.c.p.impl.SocketProtocolListener Finished processing request 2fdb9991-13f2-481e-b660-aba9f1905734 (type=HEARTBEAT, length=2243 bytes) from mynifi:8080 in 2 millis
2024-10-30 12:24:01,983 INFO [Clustering Tasks Thread-1] o.a.n.c.c.ClusterProtocolHeartbeater Heartbeat created at 2024-10-30 12:24:01,975 and sent to mynifi:8082 at 2024-10-30 12:24:01,983; send took 7 millis
2024-10-30 12:24:05,052 INFO [Heartbeat Monitor Thread-1] o.a.n.c.c.h.AbstractHeartbeatMonitor Finished processing 1 heartbeats in 12888 nanos
2024-10-30 12:24:06,606 INFO [pool-13-thread-1] o.a.n.c.r.WriteAheadFlowFileRepository Initiating checkpoint of FlowFile Repository
2024-10-30 12:24:06,606 INFO [pool-13-thread-1] o.a.n.c.r.WriteAheadFlowFileRepository Successfully checkpointed FlowFile Repository with 1 records in 0 milliseconds
2024-10-30 12:24:06,989 INFO [Process Cluster Protocol Request-1] o.a.n.c.p.impl.SocketProtocolListener Finished processing request 374ebd52-28e5-41a7-a332-5d17c8170273 (type=HEARTBEAT, length=2243 bytes) from mynifi:8080 in 2 millis
2024-10-30 12:24:06,992 INFO [Clustering Tasks Thread-1] o.a.n.c.c.ClusterProtocolHeartbeater Heartbeat created at 2024-10-30 12:24:06,983 and sent to mynifi:8082 at 2024-10-30 12:24:06,992; send took 8 millis
2024-10-30 12:24:10,052 INFO [Heartbeat Monitor Thread-1] o.a.n.c.c.h.AbstractHeartbeatMonitor Finished processing 1 heartbeats in 13884 nanos
2024-10-30 12:24:11,997 INFO [Process Cluster Protocol Request-2] o.a.n.c.p.impl.SocketProtocolListener Finished processing request 845e4727-0966-4d07-96af-223b0874bb1c (type=HEARTBEAT, length=2243 bytes) from mynifi:8080 in 2 millis
2024-10-30 12:24:12,000 INFO [Clustering Tasks Thread-1] o.a.n.c.c.ClusterProtocolHeartbeater Heartbeat created at 2024-10-30 12:24:11,992 and sent to mynifi:8082 at 2024-10-30 12:24:12,000; send took 8 millis
2024-10-30 12:24:15,052 INFO [Heartbeat Monitor Thread-1] o.a.n.c.c.h.AbstractHeartbeatMonitor Finished processing 1 heartbeats in 13929 nanos
2024-10-30 12:24:17,006 INFO [Process Cluster Protocol Request-3] o.a.n.c.p.impl.SocketProtocolListener Finished processing request 53544660-77b4-4a27-8708-88eb3948ff51 (type=HEARTBEAT, length=2243 bytes) from mynifi:8080 in 2 millis
2024-10-30 12:24:17,008 INFO [Clustering Tasks Thread-1] o.a.n.c.c.ClusterProtocolHeartbeater Heartbeat created at 2024-10-30 12:24:17,000 and sent to mynifi:8082 at 2024-10-30 12:24:17,008; send took 7 millis
2024-10-30 12:24:20,053 INFO [Heartbeat Monitor Thread-1] o.a.n.c.c.h.AbstractHeartbeatMonitor Finished processing 1 heartbeats in 13526 nanos
2024-10-30 12:24:22,014 INFO [Process Cluster Protocol Request-4] o.a.n.c.p.impl.SocketProtocolListener Finished processing request 0cc0fad0-010b-4955-b8aa-df4c9b47aa8e (type=HEARTBEAT, length=2243 bytes) from mynifi:8080 in 2 millis
2024-10-30 12:24:22,017 INFO [Clustering Tasks Thread-1] o.a.n.c.c.ClusterProtocolHeartbeater Heartbeat created at 2024-10-30 12:24:22,009 and sent to mynifi:8082 at 2024-10-30 12:24:22,017; send took 7 millis
2024-10-30 12:24:25,053 INFO [Heartbeat Monitor Thread-1] o.a.n.c.c.h.AbstractHeartbeatMonitor Finished processing 1 heartbeats in 13598 nanos
2024-10-30 12:24:26,606 INFO [pool-13-thread-1] o.a.n.c.r.WriteAheadFlowFileRepository Initiating checkpoint of FlowFile Repository
2024-10-30 12:24:26,606 INFO [pool-13-thread-1] o.a.n.c.r.WriteAheadFlowFileRepository Successfully checkpointed FlowFile Repository with 1 records in 0 milliseconds
2024-10-30 12:24:27,022 INFO [Process Cluster Protocol Request-5] o.a.n.c.p.impl.SocketProtocolListener Finished processing request b45c74c1-f08d-454a-9f97-50ddf0939fae (type=HEARTBEAT, length=2243 bytes) from mynifi:8080 in 2 millis
2024-10-30 12:24:27,025 INFO [Clustering Tasks Thread-1] o.a.n.c.c.ClusterProtocolHeartbeater Heartbeat created at 2024-10-30 12:24:27,017 and sent to mynifi:8082 at 2024-10-30 12:24:27,025; send took 7 millis
2024-10-30 12:24:30,053 INFO [Heartbeat Monitor Thread-1] o.a.n.c.c.h.AbstractHeartbeatMonitor Finished processing 1 heartbeats in 14335 nanos
2024-10-30 12:24:32,031 INFO [Process Cluster Protocol Request-6] o.a.n.c.p.impl.SocketProtocolListener Finished processing request 29cede2c-6ec1-475c-9161-0a9a7b1a1d04 (type=HEARTBEAT, length=2243 bytes) from mynifi:8080 in 2 millis
2024-10-30 12:24:32,033 INFO [Clustering Tasks Thread-1] o.a.n.c.c.ClusterProtocolHeartbeater Heartbeat created at 2024-10-30 12:24:32,025 and sent to mynifi:8082 at 2024-10-30 12:24:32,033; send took 7 millis
2024-10-30 12:24:35,054 INFO [Heartbeat Monitor Thread-1] o.a.n.c.c.h.AbstractHeartbeatMonitor Finished processing 1 heartbeats in 13563 nanos
2024-10-30 12:24:37,039 INFO [Process Cluster Protocol Request-7] o.a.n.c.p.impl.SocketProtocolListener Finished processing request 53c39d96-8ed0-424f-b3bc-644f1215d3ee (type=HEARTBEAT, length=2243 bytes) from mynifi:8080 in 2 millis
2024-10-30 12:24:37,042 INFO [Clustering Tasks Thread-1] o.a.n.c.c.ClusterProtocolHeartbeater Heartbeat created at 2024-10-30 12:24:37,034 and sent to mynifi:8082 at 2024-10-30 12:24:37,042; send took 8 millis
2024-10-30 12:24:40,054 INFO [Heartbeat Monitor Thread-1] o.a.n.c.c.h.AbstractHeartbeatMonitor Finished processing 1 heartbeats in 7032 nanos
2024-10-30 12:24:42,048 INFO [Process Cluster Protocol Request-8] o.a.n.c.p.impl.SocketProtocolListener Finished processing request 5cb62bea-a460-427e-8f2d-8c68dbd47350 (type=HEARTBEAT, length=2243 bytes) from mynifi:8080 in 2 millis
2024-10-30 12:24:42,050 INFO [Clustering Tasks Thread-1] o.a.n.c.c.ClusterProtocolHeartbeater Heartbeat created at 2024-10-30 12:24:42,042 and sent to mynifi:8082 at 2024-10-30 12:24:42,050; send took 8 millis
2024-10-30 12:24:42,152 INFO [Cleanup Archive for default] o.a.n.c.repository.FileSystemRepository Successfully deleted 0 files (0 bytes) from archive
2024-10-30 12:24:45,054 INFO [Heartbeat Monitor Thread-1] o.a.n.c.c.h.AbstractHeartbeatMonitor Finished processing 1 heartbeats in 13192 nanos
2024-10-30 12:24:46,607 INFO [pool-13-thread-1] o.a.n.c.r.WriteAheadFlowFileRepository Initiating checkpoint of FlowFile Repository
2024-10-30 12:24:46,607 INFO [pool-13-thread-1] o.a.n.c.r.WriteAheadFlowFileRepository Successfully checkpointed FlowFile Repository with 1 records in 0 milliseconds
2024-10-30 12:24:47,056 INFO [Process Cluster Protocol Request-9] o.a.n.c.p.impl.SocketProtocolListener Finished processing request 4f0e3ab6-9a17-45da-9db5-39434fa2bb3c (type=HEARTBEAT, length=2243 bytes) from mynifi:8080 in 2 millis
2024-10-30 12:24:47,059 INFO [Clustering Tasks Thread-1] o.a.n.c.c.ClusterProtocolHeartbeater Heartbeat created at 2024-10-30 12:24:47,051 and sent to mynifi:8082 at 2024-10-30 12:24:47,059; send took 8 millis
2024-10-30 12:24:50,055 INFO [Heartbeat Monitor Thread-1] o.a.n.c.c.h.AbstractHeartbeatMonitor Finished processing 1 heartbeats in 13117 nanos
2024-10-30 12:24:52,064 INFO [Process Cluster Protocol Request-10] o.a.n.c.p.impl.SocketProtocolListener Finished processing request 2b3a11fd-dc04-442d-ab39-1247fff6c884 (type=HEARTBEAT, length=2243 bytes) from mynifi:8080 in 2 millis
2024-10-30 12:24:52,066 INFO [Clustering Tasks Thread-1] o.a.n.c.c.ClusterProtocolHeartbeater Heartbeat created at 2024-10-30 12:24:52,059 and sent to mynifi:8082 at 2024-10-30 12:24:52,066; send took 7 millis
2024-10-30 12:24:55,055 INFO [Heartbeat Monitor Thread-1] o.a.n.c.c.h.AbstractHeartbeatMonitor Finished processing 1 heartbeats in 13575 nanos
2024-10-30 12:24:57,072 INFO [Process Cluster Protocol Request-1] o.a.n.c.p.impl.SocketProtocolListener Finished processing request 97477d26-198e-4577-9905-34ca13953748 (type=HEARTBEAT, length=2243 bytes) from mynifi:8080 in 2 millis
2024-10-30 12:24:57,074 INFO [Clustering Tasks Thread-1] o.a.n.c.c.ClusterProtocolHeartbeater Heartbeat created at 2024-10-30 12:24:57,067 and sent to mynifi:8082 at 2024-10-30 12:24:57,074; send took 7 millis
2024-10-30 12:25:00,055 INFO [Heartbeat Monitor Thread-1] o.a.n.c.c.h.AbstractHeartbeatMonitor Finished processing 1 heartbeats in 14696 nanos
2024-10-30 12:25:02,080 INFO [Process Cluster Protocol Request-2] o.a.n.c.p.impl.SocketProtocolListener Finished processing request 743cbccb-6fd6-4192-8c3e-7d49e6a6ead5 (type=HEARTBEAT, length=2243 bytes) from mynifi:8080 in 2 millis
2024-10-30 12:25:02,082 INFO [Clustering Tasks Thread-1] o.a.n.c.c.ClusterProtocolHeartbeater Heartbeat created at 2024-10-30 12:25:02,074 and sent to mynifi:8082 at 2024-10-30 12:25:02,082; send took 7 millis
2024-10-30 12:25:05,056 INFO [Heartbeat Monitor Thread-1] o.a.n.c.c.h.AbstractHeartbeatMonitor Finished processing 1 heartbeats in 13546 nanos
2024-10-30 12:25:06,607 INFO [pool-13-thread-1] o.a.n.c.r.WriteAheadFlowFileRepository Initiating checkpoint of FlowFile Repository
2024-10-30 12:25:06,607 INFO [pool-13-thread-1] o.a.n.c.r.WriteAheadFlowFileRepository Successfully checkpointed FlowFile Repository with 1 records in 0 milliseconds
2024-10-30 12:25:07,084 INFO [Process Cluster Protocol Request-3] o.a.n.c.p.impl.SocketProtocolListener Finished processing request 3d7bf133-de11-4e5a-be32-a3160e5f5c26 (type=HEARTBEAT, length=2243 bytes) from mynifi:8080 in 726838 nanos
2024-10-30 12:25:07,085 INFO [Clustering Tasks Thread-1] o.a.n.c.c.ClusterProtocolHeartbeater Heartbeat created at 2024-10-30 12:25:07,083 and sent to mynifi:8082 at 2024-10-30 12:25:07,085; send took 2 millis
2024-10-30 12:25:10,056 INFO [Heartbeat Monitor Thread-1] o.a.n.c.c.h.AbstractHeartbeatMonitor Finished processing 1 heartbeats in 18203 nanos
2024-10-30 12:25:12,087 INFO [Process Cluster Protocol Request-4] o.a.n.c.p.impl.SocketProtocolListener Finished processing request 41493e1c-08d3-47e6-95f5-2ba79206e8cf (type=HEARTBEAT, length=2243 bytes) from mynifi:8080 in 681175 nanos
2024-10-30 12:25:12,088 INFO [Clustering Tasks Thread-1] o.a.n.c.c.ClusterProtocolHeartbeater Heartbeat created at 2024-10-30 12:25:12,085 and sent to mynifi:8082 at 2024-10-30 12:25:12,088; send took 2 millis
2024-10-30 12:25:15,056 INFO [Heartbeat Monitor Thread-1] o.a.n.c.c.h.AbstractHeartbeatMonitor Finished processing 1 heartbeats in 5881 nanos
2024-10-30 12:25:17,090 INFO [Process Cluster Protocol Request-5] o.a.n.c.p.impl.SocketProtocolListener Finished processing request 5a896488-bd56-424b-bab4-2095ced2b802 (type=HEARTBEAT, length=2243 bytes) from mynifi:8080 in 781918 nanos
2024-10-30 12:25:17,090 INFO [Clustering Tasks Thread-1] o.a.n.c.c.ClusterProtocolHeartbeater Heartbeat created at 2024-10-30 12:25:17,088 and sent to mynifi:8082 at 2024-10-30 12:25:17,090; send took 2 millis
2024-10-30 12:25:20,057 INFO [Heartbeat Monitor Thread-1] o.a.n.c.c.h.AbstractHeartbeatMonitor Finished processing 1 heartbeats in 6849 nanos
2024-10-30 12:25:22,092 INFO [Process Cluster Protocol Request-6] o.a.n.c.p.impl.SocketProtocolListener Finished processing request 6815df5c-b4fa-4dbf-9624-5f944066ab06 (type=HEARTBEAT, length=2243 bytes) from mynifi:8080 in 676547 nanos
2024-10-30 12:25:22,093 INFO [Clustering Tasks Thread-1] o.a.n.c.c.ClusterProtocolHeartbeater Heartbeat created at 2024-10-30 12:25:22,091 and sent to mynifi:8082 at 2024-10-30 12:25:22,093; send took 2 millis
2024-10-30 12:25:25,057 INFO [Heartbeat Monitor Thread-1] o.a.n.c.c.h.AbstractHeartbeatMonitor Finished processing 1 heartbeats in 13642 nanos
2024-10-30 12:25:26,607 INFO [pool-13-thread-1] o.a.n.c.r.WriteAheadFlowFileRepository Initiating checkpoint of FlowFile Repository
2024-10-30 12:25:26,608 INFO [pool-13-thread-1] o.a.n.c.r.WriteAheadFlowFileRepository Successfully checkpointed FlowFile Repository with 1 records in 0 milliseconds
2024-10-30 12:25:27,099 INFO [Process Cluster Protocol Request-7] o.a.n.c.p.impl.SocketProtocolListener Finished processing request 498a8472-df0b-4e34-9000-c8513ff59bcf (type=HEARTBEAT, length=2243 bytes) from mynifi:8080 in 2 millis
2024-10-30 12:25:27,101 INFO [Clustering Tasks Thread-1] o.a.n.c.c.ClusterProtocolHeartbeater Heartbeat created at 2024-10-30 12:25:27,093 and sent to mynifi:8082 at 2024-10-30 12:25:27,101; send took 7 millis
2024-10-30 12:25:30,057 INFO [Heartbeat Monitor Thread-1] o.a.n.c.c.h.AbstractHeartbeatMonitor Finished processing 1 heartbeats in 13698 nanos
2024-10-30 12:25:32,103 INFO [Process Cluster Protocol Request-8] o.a.n.c.p.impl.SocketProtocolListener Finished processing request d8fe1032-a104-4f30-8baa-7925f15a043b (type=HEARTBEAT, length=2243 bytes) from mynifi:8080 in 679158 nanos
2024-10-30 12:25:32,104 INFO [Clustering Tasks Thread-1] o.a.n.c.c.ClusterProtocolHeartbeater Heartbeat created at 2024-10-30 12:25:32,102 and sent to mynifi:8082 at 2024-10-30 12:25:32,104; send took 2 millis
2024-10-30 12:25:35,058 INFO [Heartbeat Monitor Thread-1] o.a.n.c.c.h.AbstractHeartbeatMonitor Finished processing 1 heartbeats in 13658 nanos
2024-10-30 12:25:37,106 INFO [Process Cluster Protocol Request-9] o.a.n.c.p.impl.SocketProtocolListener Finished processing request 02ad1b64-c147-4e47-9095-04da2e01a79e (type=HEARTBEAT, length=2243 bytes) from mynifi:8080 in 906046 nanos
2024-10-30 12:25:37,107 INFO [Clustering Tasks Thread-1] o.a.n.c.c.ClusterProtocolHeartbeater Heartbeat created at 2024-10-30 12:25:37,104 and sent to mynifi:8082 at 2024-10-30 12:25:37,107; send took 2 millis
2024-10-30 12:25:37,614 INFO [Write-Ahead Local State Provider Maintenance] org.wali.MinimalLockingWriteAheadLog org.wali.MinimalLockingWriteAheadLog@4ccfd904 checkpointed with 25 Records and 0 Swap Files in 7 milliseconds (Stop-the-world time = 4 milliseconds, Clear Edit Logs time = 1 millis), max Transaction ID 107
2024-10-30 12:25:40,058 INFO [Heartbeat Monitor Thread-1] o.a.n.c.c.h.AbstractHeartbeatMonitor Finished processing 1 heartbeats in 13777 nanos
2024-10-30 12:25:42,109 INFO [Process Cluster Protocol Request-10] o.a.n.c.p.impl.SocketProtocolListener Finished processing request bd626e1e-d3ab-460b-85b2-604a977ca3df (type=HEARTBEAT, length=2243 bytes) from mynifi:8080 in 672197 nanos
2024-10-30 12:25:42,109 INFO [Clustering Tasks Thread-1] o.a.n.c.c.ClusterProtocolHeartbeater Heartbeat created at 2024-10-30 12:25:42,107 and sent to mynifi:8082 at 2024-10-30 12:25:42,109; send took 2 millis
2024-10-30 12:25:42,175 INFO [Cleanup Archive for default] o.a.n.c.repository.FileSystemRepository Successfully deleted 0 files (0 bytes) from archive
2024-10-30 12:25:45,058 INFO [Heartbeat Monitor Thread-1] o.a.n.c.c.h.AbstractHeartbeatMonitor Finished processing 1 heartbeats in 13776 nanos
2024-10-30 12:25:46,608 INFO [pool-13-thread-1] o.a.n.c.r.WriteAheadFlowFileRepository Initiating checkpoint of FlowFile Repository
2024-10-30 12:25:46,608 INFO [pool-13-thread-1] o.a.n.c.r.WriteAheadFlowFileRepository Successfully checkpointed FlowFile Repository with 1 records in 0 milliseconds
2024-10-30 12:25:47,115 INFO [Process Cluster Protocol Request-1] o.a.n.c.p.impl.SocketProtocolListener Finished processing request ad6fc9c4-0c46-4e78-8786-e9fac729f099 (type=HEARTBEAT, length=2243 bytes) from mynifi:8080 in 2 millis
2024-10-30 12:25:47,118 INFO [Clustering Tasks Thread-1] o.a.n.c.c.ClusterProtocolHeartbeater Heartbeat created at 2024-10-30 12:25:47,110 and sent to mynifi:8082 at 2024-10-30 12:25:47,118; send took 7 millis
2024-10-30 12:25:50,059 INFO [Heartbeat Monitor Thread-1] o.a.n.c.c.h.AbstractHeartbeatMonitor Finished processing 1 heartbeats in 6157 nanos
2024-10-30 12:25:52,120 INFO [Process Cluster Protocol Request-2] o.a.n.c.p.impl.SocketProtocolListener Finished processing request 4ec7736c-0e74-470d-b606-6c245273f53f (type=HEARTBEAT, length=2243 bytes) from mynifi:8080 in 717802 nanos
2024-10-30 12:25:52,121 INFO [Clustering Tasks Thread-1] o.a.n.c.c.ClusterProtocolHeartbeater Heartbeat created at 2024-10-30 12:25:52,118 and sent to mynifi:8082 at 2024-10-30 12:25:52,121; send took 2 millis
2024-10-30 12:25:55,059 INFO [Heartbeat Monitor Thread-1] o.a.n.c.c.h.AbstractHeartbeatMonitor Finished processing 1 heartbeats in 13534 nanos
2024-10-30 12:25:57,124 INFO [Process Cluster Protocol Request-3] o.a.n.c.p.impl.SocketProtocolListener Finished processing request ab695104-c36f-4239-a703-92a006418c00 (type=HEARTBEAT, length=2243 bytes) from mynifi:8080 in 1 millis
2024-10-30 12:25:57,125 INFO [Clustering Tasks Thread-1] o.a.n.c.c.ClusterProtocolHeartbeater Heartbeat created at 2024-10-30 12:25:57,121 and sent to mynifi:8082 at 2024-10-30 12:25:57,125; send took 3 millis
2024-10-30 12:26:00,059 INFO [Heartbeat Monitor Thread-1] o.a.n.c.c.h.AbstractHeartbeatMonitor Finished processing 1 heartbeats in 10875 nanos
2024-10-30 12:26:02,127 INFO [Process Cluster Protocol Request-4] o.a.n.c.p.impl.SocketProtocolListener Finished processing request 2acc4489-95b7-4936-9875-4fa16765b56d (type=HEARTBEAT, length=2243 bytes) from mynifi:8080 in 721896 nanos
2024-10-30 12:26:02,127 INFO [Clustering Tasks Thread-1] o.a.n.c.c.ClusterProtocolHeartbeater Heartbeat created at 2024-10-30 12:26:02,125 and sent to mynifi:8082 at 2024-10-30 12:26:02,127; send took 2 millis
2024-10-30 12:26:05,059 INFO [Heartbeat Monitor Thread-1] o.a.n.c.c.h.AbstractHeartbeatMonitor Finished processing 1 heartbeats in 13403 nanos
2024-10-30 12:26:06,608 INFO [pool-13-thread-1] o.a.n.c.r.WriteAheadFlowFileRepository Initiating checkpoint of FlowFile Repository
2024-10-30 12:26:06,608 INFO [pool-13-thread-1] o.a.n.c.r.WriteAheadFlowFileRepository Successfully checkpointed FlowFile Repository with 1 records in 0 milliseconds
2024-10-30 12:26:07,133 INFO [Process Cluster Protocol Request-5] o.a.n.c.p.impl.SocketProtocolListener Finished processing request df3d2a7d-b37c-4325-ac43-f05ed45b418b (type=HEARTBEAT, length=2243 bytes) from mynifi:8080 in 2 millis
2024-10-30 12:26:07,136 INFO [Clustering Tasks Thread-1] o.a.n.c.c.ClusterProtocolHeartbeater Heartbeat created at 2024-10-30 12:26:07,128 and sent to mynifi:8082 at 2024-10-30 12:26:07,136; send took 7 millis
2024-10-30 12:26:10,060 INFO [Heartbeat Monitor Thread-1] o.a.n.c.c.h.AbstractHeartbeatMonitor Finished processing 1 heartbeats in 14001 nanos
2024-10-30 12:26:12,138 INFO [Process Cluster Protocol Request-6] o.a.n.c.p.impl.SocketProtocolListener Finished processing request 89c314ba-5efc-4d2e-874c-a5ce5dda0658 (type=HEARTBEAT, length=2243 bytes) from mynifi:8080 in 820706 nanos
2024-10-30 12:26:12,139 INFO [Clustering Tasks Thread-1] o.a.n.c.c.ClusterProtocolHeartbeater Heartbeat created at 2024-10-30 12:26:12,136 and sent to mynifi:8082 at 2024-10-30 12:26:12,139; send took 2 millis
2024-10-30 12:26:15,060 INFO [Heartbeat Monitor Thread-1] o.a.n.c.c.h.AbstractHeartbeatMonitor Finished processing 1 heartbeats in 13811 nanos
2024-10-30 12:26:17,144 INFO [Process Cluster Protocol Request-7] o.a.n.c.p.impl.SocketProtocolListener Finished processing request 8859d8a0-a9e7-497f-9296-a50a8f6d1a7c (type=HEARTBEAT, length=2243 bytes) from mynifi:8080 in 2 millis
2024-10-30 12:26:17,147 INFO [Clustering Tasks Thread-1] o.a.n.c.c.ClusterProtocolHeartbeater Heartbeat created at 2024-10-30 12:26:17,139 and sent to mynifi:8082 at 2024-10-30 12:26:17,147; send took 7 millis
2024-10-30 12:26:20,061 INFO [Heartbeat Monitor Thread-1] o.a.n.c.c.h.AbstractHeartbeatMonitor Finished processing 1 heartbeats in 13031 nanos
2024-10-30 12:26:22,150 INFO [Process Cluster Protocol Request-8] o.a.n.c.p.impl.SocketProtocolListener Finished processing request 968b4ae3-3db8-47db-b1f9-af768708205b (type=HEARTBEAT, length=2243 bytes) from mynifi:8080 in 1 millis
2024-10-30 12:26:22,150 INFO [Clustering Tasks Thread-1] o.a.n.c.c.ClusterProtocolHeartbeater Heartbeat created at 2024-10-30 12:26:22,147 and sent to mynifi:8082 at 2024-10-30 12:26:22,150; send took 3 millis
2024-10-30 12:26:25,061 INFO [Heartbeat Monitor Thread-1] o.a.n.c.c.h.AbstractHeartbeatMonitor Finished processing 1 heartbeats in 13760 nanos
2024-10-30 12:26:26,608 INFO [pool-13-thread-1] o.a.n.c.r.WriteAheadFlowFileRepository Initiating checkpoint of FlowFile Repository
2024-10-30 12:26:26,609 INFO [pool-13-thread-1] o.a.n.c.r.WriteAheadFlowFileRepository Successfully checkpointed FlowFile Repository with 1 records in 0 milliseconds
2024-10-30 12:26:27,156 INFO [Process Cluster Protocol Request-9] o.a.n.c.p.impl.SocketProtocolListener Finished processing request 1830920f-fe3f-4075-be1b-4ed50a776543 (type=HEARTBEAT, length=2243 bytes) from mynifi:8080 in 2 millis
2024-10-30 12:26:27,159 INFO [Clustering Tasks Thread-1] o.a.n.c.c.ClusterProtocolHeartbeater Heartbeat created at 2024-10-30 12:26:27,151 and sent to mynifi:8082 at 2024-10-30 12:26:27,159; send took 7 millis
2024-10-30 12:26:30,061 INFO [Heartbeat Monitor Thread-1] o.a.n.c.c.h.AbstractHeartbeatMonitor Finished processing 1 heartbeats in 30093 nanos
2024-10-30 12:26:32,162 INFO [Process Cluster Protocol Request-10] o.a.n.c.p.impl.SocketProtocolListener Finished processing request ed87164b-6be9-408d-9a2f-ab9e7c51d6b1 (type=HEARTBEAT, length=2243 bytes) from mynifi:8080 in 1 millis
2024-10-30 12:26:32,164 INFO [Clustering Tasks Thread-1] o.a.n.c.c.ClusterProtocolHeartbeater Heartbeat created at 2024-10-30 12:26:32,159 and sent to mynifi:8082 at 2024-10-30 12:26:32,164; send took 5 millis
2024-10-30 12:26:35,062 INFO [Heartbeat Monitor Thread-1] o.a.n.c.c.h.AbstractHeartbeatMonitor Finished processing 1 heartbeats in 14007 nanos
2024-10-30 12:26:37,170 INFO [Process Cluster Protocol Request-1] o.a.n.c.p.impl.SocketProtocolListener Finished processing request aa4957da-79cf-4a0b-95cb-9de061379933 (type=HEARTBEAT, length=2243 bytes) from mynifi:8080 in 2 millis
2024-10-30 12:26:37,172 INFO [Clustering Tasks Thread-1] o.a.n.c.c.ClusterProtocolHeartbeater Heartbeat created at 2024-10-30 12:26:37,164 and sent to mynifi:8082 at 2024-10-30 12:26:37,172; send took 8 millis
2024-10-30 12:26:40,062 INFO [Heartbeat Monitor Thread-1] o.a.n.c.c.h.AbstractHeartbeatMonitor Finished processing 1 heartbeats in 14037 nanos
2024-10-30 12:26:42,176 INFO [Process Cluster Protocol Request-2] o.a.n.c.p.impl.SocketProtocolListener Finished processing request ee15c2cf-44d9-4c40-8d30-a905da431ce6 (type=HEARTBEAT, length=2243 bytes) from mynifi:8080 in 1 millis
2024-10-30 12:26:42,178 INFO [Clustering Tasks Thread-1] o.a.n.c.c.ClusterProtocolHeartbeater Heartbeat created at 2024-10-30 12:26:42,173 and sent to mynifi:8082 at 2024-10-30 12:26:42,178; send took 5 millis
2024-10-30 12:26:42,200 INFO [Cleanup Archive for default] o.a.n.c.repository.FileSystemRepository Successfully deleted 0 files (0 bytes) from archive
2024-10-30 12:26:45,062 INFO [Heartbeat Monitor Thread-1] o.a.n.c.c.h.AbstractHeartbeatMonitor Finished processing 1 heartbeats in 12332 nanos
2024-10-30 12:26:46,609 INFO [pool-13-thread-1] o.a.n.c.r.WriteAheadFlowFileRepository Initiating checkpoint of FlowFile Repository
2024-10-30 12:26:46,609 INFO [pool-13-thread-1] o.a.n.c.r.WriteAheadFlowFileRepository Successfully checkpointed FlowFile Repository with 1 records in 0 milliseconds
2024-10-30 12:26:47,184 INFO [Process Cluster Protocol Request-3] o.a.n.c.p.impl.SocketProtocolListener Finished processing request 44be084a-e20f-4bcc-83bc-451ce1b199a3 (type=HEARTBEAT, length=2243 bytes) from mynifi:8080 in 2 millis
2024-10-30 12:26:47,186 INFO [Clustering Tasks Thread-1] o.a.n.c.c.ClusterProtocolHeartbeater Heartbeat created at 2024-10-30 12:26:47,178 and sent to mynifi:8082 at 2024-10-30 12:26:47,186; send took 7 millis
2024-10-30 12:26:50,063 INFO [Heartbeat Monitor Thread-1] o.a.n.c.c.h.AbstractHeartbeatMonitor Finished processing 1 heartbeats in 23222 nanos
2024-10-30 12:26:52,193 INFO [Process Cluster Protocol Request-4] o.a.n.c.p.impl.SocketProtocolListener Finished processing request 8f478f13-a422-460f-88b7-ca25c9e25f39 (type=HEARTBEAT, length=2243 bytes) from mynifi:8080 in 2 millis
2024-10-30 12:26:52,195 INFO [Clustering Tasks Thread-1] o.a.n.c.c.ClusterProtocolHeartbeater Heartbeat created at 2024-10-30 12:26:52,187 and sent to mynifi:8082 at 2024-10-30 12:26:52,195; send took 8 millis
2024-10-30 12:26:55,063 INFO [Heartbeat Monitor Thread-1] o.a.n.c.c.h.AbstractHeartbeatMonitor Finished processing 1 heartbeats in 9397 nanos
2024-10-30 12:26:57,201 INFO [Process Cluster Protocol Request-5] o.a.n.c.p.impl.SocketProtocolListener Finished processing request 7877c56d-f21b-46b1-9df4-c618635597cf (type=HEARTBEAT, length=2243 bytes) from mynifi:8080 in 2 millis
2024-10-30 12:26:57,204 INFO [Clustering Tasks Thread-1] o.a.n.c.c.ClusterProtocolHeartbeater Heartbeat created at 2024-10-30 12:26:57,196 and sent to mynifi:8082 at 2024-10-30 12:26:57,204; send took 7 millis
2024-10-30 12:27:00,063 INFO [Heartbeat Monitor Thread-1] o.a.n.c.c.h.AbstractHeartbeatMonitor Finished processing 1 heartbeats in 6714 nanos
2024-10-30 12:27:02,210 INFO [Process Cluster Protocol Request-6] o.a.n.c.p.impl.SocketProtocolListener Finished processing request bf231327-7f83-4fe1-9be4-8be536376a0f (type=HEARTBEAT, length=2243 bytes) from mynifi:8080 in 2 millis
2024-10-30 12:27:02,212 INFO [Clustering Tasks Thread-1] o.a.n.c.c.ClusterProtocolHeartbeater Heartbeat created at 2024-10-30 12:27:02,204 and sent to mynifi:8082 at 2024-10-30 12:27:02,212; send took 7 millis
2024-10-30 12:27:05,064 INFO [Heartbeat Monitor Thread-1] o.a.n.c.c.h.AbstractHeartbeatMonitor Finished processing 1 heartbeats in 5940 nanos
2024-10-30 12:27:06,609 INFO [pool-13-thread-1] o.a.n.c.r.WriteAheadFlowFileRepository Initiating checkpoint of FlowFile Repository
2024-10-30 12:27:06,609 INFO [pool-13-thread-1] o.a.n.c.r.WriteAheadFlowFileRepository Successfully checkpointed FlowFile Repository with 1 records in 0 milliseconds
2024-10-30 12:27:07,216 INFO [Process Cluster Protocol Request-7] o.a.n.c.p.impl.SocketProtocolListener Finished processing request 3f7e87f1-98af-4d63-b285-834add56e63c (type=HEARTBEAT, length=2243 bytes) from mynifi:8080 in 685959 nanos
2024-10-30 12:27:07,217 INFO [Clustering Tasks Thread-1] o.a.n.c.c.ClusterProtocolHeartbeater Heartbeat created at 2024-10-30 12:27:07,212 and sent to mynifi:8082 at 2024-10-30 12:27:07,217; send took 4 millis
2024-10-30 12:27:10,064 INFO [Heartbeat Monitor Thread-1] o.a.n.c.c.h.AbstractHeartbeatMonitor Finished processing 1 heartbeats in 12904 nanos
2024-10-30 12:27:12,223 INFO [Process Cluster Protocol Request-8] o.a.n.c.p.impl.SocketProtocolListener Finished processing request 481647b9-e750-4cd3-a748-1a9d2166b753 (type=HEARTBEAT, length=2243 bytes) from mynifi:8080 in 2 millis
2024-10-30 12:27:12,226 INFO [Clustering Tasks Thread-1] o.a.n.c.c.ClusterProtocolHeartbeater Heartbeat created at 2024-10-30 12:27:12,217 and sent to mynifi:8082 at 2024-10-30 12:27:12,226; send took 8 millis
2024-10-30 12:27:15,064 INFO [Heartbeat Monitor Thread-1] o.a.n.c.c.h.AbstractHeartbeatMonitor Finished processing 1 heartbeats in 5186 nanos
2024-10-30 12:27:17,232 INFO [Process Cluster Protocol Request-9] o.a.n.c.p.impl.SocketProtocolListener Finished processing request 3f0f7e10-5598-48ad-8a73-5543e1a80a71 (type=HEARTBEAT, length=2243 bytes) from mynifi:8080 in 2 millis
2024-10-30 12:27:17,235 INFO [Clustering Tasks Thread-1] o.a.n.c.c.ClusterProtocolHeartbeater Heartbeat created at 2024-10-30 12:27:17,226 and sent to mynifi:8082 at 2024-10-30 12:27:17,234; send took 8 millis
2024-10-30 12:27:20,064 INFO [Heartbeat Monitor Thread-1] o.a.n.c.c.h.AbstractHeartbeatMonitor Finished processing 1 heartbeats in 5794 nanos
2024-10-30 12:27:22,241 INFO [Process Cluster Protocol Request-10] o.a.n.c.p.impl.SocketProtocolListener Finished processing request b63a9291-d1ab-4026-841a-e94ad0663d96 (type=HEARTBEAT, length=2243 bytes) from mynifi:8080 in 2 millis
2024-10-30 12:27:22,243 INFO [Clustering Tasks Thread-1] o.a.n.c.c.ClusterProtocolHeartbeater Heartbeat created at 2024-10-30 12:27:22,235 and sent to mynifi:8082 at 2024-10-30 12:27:22,243; send took 8 millis
2024-10-30 12:27:25,065 INFO [Heartbeat Monitor Thread-1] o.a.n.c.c.h.AbstractHeartbeatMonitor Finished processing 1 heartbeats in 13777 nanos
2024-10-30 12:27:26,610 INFO [pool-13-thread-1] o.a.n.c.r.WriteAheadFlowFileRepository Initiating checkpoint of FlowFile Repository
2024-10-30 12:27:26,610 INFO [pool-13-thread-1] o.a.n.c.r.WriteAheadFlowFileRepository Successfully checkpointed FlowFile Repository with 1 records in 0 milliseconds
2024-10-30 12:27:27,249 INFO [Process Cluster Protocol Request-1] o.a.n.c.p.impl.SocketProtocolListener Finished processing request 84f72416-3306-4817-b29a-6c3e0e9addbd (type=HEARTBEAT, length=2243 bytes) from mynifi:8080 in 2 millis
2024-10-30 12:27:27,251 INFO [Clustering Tasks Thread-1] o.a.n.c.c.ClusterProtocolHeartbeater Heartbeat created at 2024-10-30 12:27:27,243 and sent to mynifi:8082 at 2024-10-30 12:27:27,251; send took 7 millis
2024-10-30 12:27:30,065 INFO [Heartbeat Monitor Thread-1] o.a.n.c.c.h.AbstractHeartbeatMonitor Finished processing 1 heartbeats in 13281 nanos
2024-10-30 12:27:32,257 INFO [Process Cluster Protocol Request-2] o.a.n.c.p.impl.SocketProtocolListener Finished processing request ccb3a2dd-31ba-4bc8-8200-7a8cc282c3c5 (type=HEARTBEAT, length=2243 bytes) from mynifi:8080 in 2 millis
2024-10-30 12:27:32,260 INFO [Clustering Tasks Thread-1] o.a.n.c.c.ClusterProtocolHeartbeater Heartbeat created at 2024-10-30 12:27:32,252 and sent to mynifi:8082 at 2024-10-30 12:27:32,260; send took 7 millis
2024-10-30 12:27:35,065 INFO [Heartbeat Monitor Thread-1] o.a.n.c.c.h.AbstractHeartbeatMonitor Finished processing 1 heartbeats in 14205 nanos
2024-10-30 12:27:37,265 INFO [Process Cluster Protocol Request-3] o.a.n.c.p.impl.SocketProtocolListener Finished processing request 3b393fdf-cdea-4ece-9472-9c7b257af495 (type=HEARTBEAT, length=2243 bytes) from mynifi:8080 in 2 millis
2024-10-30 12:27:37,268 INFO [Clustering Tasks Thread-1] o.a.n.c.c.ClusterProtocolHeartbeater Heartbeat created at 2024-10-30 12:27:37,260 and sent to mynifi:8082 at 2024-10-30 12:27:37,268; send took 7 millis
2024-10-30 12:27:37,621 INFO [Write-Ahead Local State Provider Maintenance] org.wali.MinimalLockingWriteAheadLog org.wali.MinimalLockingWriteAheadLog@4ccfd904 checkpointed with 25 Records and 0 Swap Files in 6 milliseconds (Stop-the-world time = 4 milliseconds, Clear Edit Logs time = 0 millis), max Transaction ID 107
2024-10-30 12:27:40,066 INFO [Heartbeat Monitor Thread-1] o.a.n.c.c.h.AbstractHeartbeatMonitor Finished processing 1 heartbeats in 22015 nanos
2024-10-30 12:27:42,224 INFO [Cleanup Archive for default] o.a.n.c.repository.FileSystemRepository Successfully deleted 0 files (0 bytes) from archive
2024-10-30 12:27:42,271 INFO [Process Cluster Protocol Request-4] o.a.n.c.p.impl.SocketProtocolListener Finished processing request 996f85b8-a989-44da-914c-93e9da98411c (type=HEARTBEAT, length=2243 bytes) from mynifi:8080 in 894593 nanos
2024-10-30 12:27:42,271 INFO [Clustering Tasks Thread-1] o.a.n.c.c.ClusterProtocolHeartbeater Heartbeat created at 2024-10-30 12:27:42,268 and sent to mynifi:8082 at 2024-10-30 12:27:42,271; send took 2 millis
2024-10-30 12:27:45,066 INFO [Heartbeat Monitor Thread-1] o.a.n.c.c.h.AbstractHeartbeatMonitor Finished processing 1 heartbeats in 5393 nanos
2024-10-30 12:27:46,610 INFO [pool-13-thread-1] o.a.n.c.r.WriteAheadFlowFileRepository Initiating checkpoint of FlowFile Repository
2024-10-30 12:27:46,610 INFO [pool-13-thread-1] o.a.n.c.r.WriteAheadFlowFileRepository Successfully checkpointed FlowFile Repository with 1 records in 0 milliseconds
2024-10-30 12:27:47,277 INFO [Process Cluster Protocol Request-5] o.a.n.c.p.impl.SocketProtocolListener Finished processing request d327a44d-6687-4f49-a455-02ada40cbf9d (type=HEARTBEAT, length=2243 bytes) from mynifi:8080 in 2 millis
2024-10-30 12:27:47,281 INFO [Clustering Tasks Thread-1] o.a.n.c.c.ClusterProtocolHeartbeater Heartbeat created at 2024-10-30 12:27:47,272 and sent to mynifi:8082 at 2024-10-30 12:27:47,281; send took 9 millis
2024-10-30 12:27:50,066 INFO [Heartbeat Monitor Thread-1] o.a.n.c.c.h.AbstractHeartbeatMonitor Finished processing 1 heartbeats in 8232 nanos
2024-10-30 12:27:52,287 INFO [Process Cluster Protocol Request-6] o.a.n.c.p.impl.SocketProtocolListener Finished processing request bec13ae6-256f-47d4-924c-2e051ff943a6 (type=HEARTBEAT, length=2243 bytes) from mynifi:8080 in 2 millis
2024-10-30 12:27:52,290 INFO [Clustering Tasks Thread-1] o.a.n.c.c.ClusterProtocolHeartbeater Heartbeat created at 2024-10-30 12:27:52,281 and sent to mynifi:8082 at 2024-10-30 12:27:52,290; send took 8 millis
2024-10-30 12:27:55,066 INFO [Heartbeat Monitor Thread-1] o.a.n.c.c.h.AbstractHeartbeatMonitor Finished processing 1 heartbeats in 13442 nanos
2024-10-30 12:27:57,296 INFO [Process Cluster Protocol Request-7] o.a.n.c.p.impl.SocketProtocolListener Finished processing request a9acb1a5-a6f3-4841-bf6b-4092f6f1b704 (type=HEARTBEAT, length=2243 bytes) from mynifi:8080 in 2 millis
2024-10-30 12:27:57,298 INFO [Clustering Tasks Thread-1] o.a.n.c.c.ClusterProtocolHeartbeater Heartbeat created at 2024-10-30 12:27:57,290 and sent to mynifi:8082 at 2024-10-30 12:27:57,298; send took 8 millis
2024-10-30 12:28:00,067 INFO [Heartbeat Monitor Thread-1] o.a.n.c.c.h.AbstractHeartbeatMonitor Finished processing 1 heartbeats in 14084 nanos
2024-10-30 12:28:02,304 INFO [Process Cluster Protocol Request-8] o.a.n.c.p.impl.SocketProtocolListener Finished processing request 2c79540e-9c7d-4890-920e-cb3ec75af2f7 (type=HEARTBEAT, length=2243 bytes) from mynifi:8080 in 2 millis
2024-10-30 12:28:02,307 INFO [Clustering Tasks Thread-1] o.a.n.c.c.ClusterProtocolHeartbeater Heartbeat created at 2024-10-30 12:28:02,299 and sent to mynifi:8082 at 2024-10-30 12:28:02,307; send took 8 millis
2024-10-30 12:28:05,067 INFO [Heartbeat Monitor Thread-1] o.a.n.c.c.h.AbstractHeartbeatMonitor Finished processing 1 heartbeats in 13531 nanos
2024-10-30 12:28:06,610 INFO [pool-13-thread-1] o.a.n.c.r.WriteAheadFlowFileRepository Initiating checkpoint of FlowFile Repository
2024-10-30 12:28:06,611 INFO [pool-13-thread-1] o.a.n.c.r.WriteAheadFlowFileRepository Successfully checkpointed FlowFile Repository with 1 records in 0 milliseconds
2024-10-30 12:28:07,312 INFO [Process Cluster Protocol Request-9] o.a.n.c.p.impl.SocketProtocolListener Finished processing request c7686935-e5ac-421a-9062-4682dee7d9c4 (type=HEARTBEAT, length=2243 bytes) from mynifi:8080 in 2 millis
2024-10-30 12:28:07,313 INFO [Clustering Tasks Thread-1] o.a.n.c.c.ClusterProtocolHeartbeater Heartbeat created at 2024-10-30 12:28:07,308 and sent to mynifi:8082 at 2024-10-30 12:28:07,313; send took 5 millis
2024-10-30 12:28:10,068 INFO [Heartbeat Monitor Thread-1] o.a.n.c.c.h.AbstractHeartbeatMonitor Finished processing 1 heartbeats in 27970 nanos
2024-10-30 12:28:12,319 INFO [Process Cluster Protocol Request-10] o.a.n.c.p.impl.SocketProtocolListener Finished processing request 65b918a6-bce0-47f6-8cc1-7dd038031e48 (type=HEARTBEAT, length=2243 bytes) from mynifi:8080 in 2 millis
2024-10-30 12:28:12,322 INFO [Clustering Tasks Thread-1] o.a.n.c.c.ClusterProtocolHeartbeater Heartbeat created at 2024-10-30 12:28:12,314 and sent to mynifi:8082 at 2024-10-30 12:28:12,322; send took 7 millis
2024-10-30 12:28:15,068 INFO [Heartbeat Monitor Thread-1] o.a.n.c.c.h.AbstractHeartbeatMonitor Finished processing 1 heartbeats in 36224 nanos
2024-10-30 12:28:17,328 INFO [Process Cluster Protocol Request-1] o.a.n.c.p.impl.SocketProtocolListener Finished processing request 0439886c-7464-4c78-97e6-b9317e0a53e3 (type=HEARTBEAT, length=2243 bytes) from mynifi:8080 in 2 millis
2024-10-30 12:28:17,330 INFO [Clustering Tasks Thread-1] o.a.n.c.c.ClusterProtocolHeartbeater Heartbeat created at 2024-10-30 12:28:17,322 and sent to mynifi:8082 at 2024-10-30 12:28:17,330; send took 7 millis
2024-10-30 12:28:20,068 INFO [Heartbeat Monitor Thread-1] o.a.n.c.c.h.AbstractHeartbeatMonitor Finished processing 1 heartbeats in 15241 nanos
2024-10-30 12:28:22,337 INFO [Process Cluster Protocol Request-2] o.a.n.c.p.impl.SocketProtocolListener Finished processing request 3663f3ef-4131-485c-bea6-f0fdb900c700 (type=HEARTBEAT, length=2243 bytes) from mynifi:8080 in 2 millis
2024-10-30 12:28:22,339 INFO [Clustering Tasks Thread-1] o.a.n.c.c.ClusterProtocolHeartbeater Heartbeat created at 2024-10-30 12:28:22,331 and sent to mynifi:8082 at 2024-10-30 12:28:22,339; send took 8 millis
2024-10-30 12:28:25,069 INFO [Heartbeat Monitor Thread-1] o.a.n.c.c.h.AbstractHeartbeatMonitor Finished processing 1 heartbeats in 13767 nanos
2024-10-30 12:28:26,611 INFO [pool-13-thread-1] o.a.n.c.r.WriteAheadFlowFileRepository Initiating checkpoint of FlowFile Repository
2024-10-30 12:28:26,611 INFO [pool-13-thread-1] o.a.n.c.r.WriteAheadFlowFileRepository Successfully checkpointed FlowFile Repository with 1 records in 0 milliseconds
2024-10-30 12:28:27,345 INFO [Process Cluster Protocol Request-3] o.a.n.c.p.impl.SocketProtocolListener Finished processing request e33b4ea8-582b-4db6-af0f-5cad2a994d26 (type=HEARTBEAT, length=2243 bytes) from mynifi:8080 in 2 millis
2024-10-30 12:28:27,348 INFO [Clustering Tasks Thread-1] o.a.n.c.c.ClusterProtocolHeartbeater Heartbeat created at 2024-10-30 12:28:27,339 and sent to mynifi:8082 at 2024-10-30 12:28:27,348; send took 8 millis
2024-10-30 12:28:30,069 INFO [Heartbeat Monitor Thread-1] o.a.n.c.c.h.AbstractHeartbeatMonitor Finished processing 1 heartbeats in 22404 nanos
2024-10-30 12:28:32,354 INFO [Process Cluster Protocol Request-4] o.a.n.c.p.impl.SocketProtocolListener Finished processing request 29260666-e2a6-4664-8f52-88bd830e7723 (type=HEARTBEAT, length=2243 bytes) from mynifi:8080 in 2 millis
2024-10-30 12:28:32,356 INFO [Clustering Tasks Thread-1] o.a.n.c.c.ClusterProtocolHeartbeater Heartbeat created at 2024-10-30 12:28:32,348 and sent to mynifi:8082 at 2024-10-30 12:28:32,356; send took 7 millis
2024-10-30 12:28:35,069 INFO [Heartbeat Monitor Thread-1] o.a.n.c.c.h.AbstractHeartbeatMonitor Finished processing 1 heartbeats in 12835 nanos
2024-10-30 12:28:37,362 INFO [Process Cluster Protocol Request-5] o.a.n.c.p.impl.SocketProtocolListener Finished processing request dfd940a2-3d8b-460e-9ea6-66519a3b6231 (type=HEARTBEAT, length=2243 bytes) from mynifi:8080 in 2 millis
2024-10-30 12:28:37,365 INFO [Clustering Tasks Thread-1] o.a.n.c.c.ClusterProtocolHeartbeater Heartbeat created at 2024-10-30 12:28:37,357 and sent to mynifi:8082 at 2024-10-30 12:28:37,365; send took 7 millis
2024-10-30 12:28:40,070 INFO [Heartbeat Monitor Thread-1] o.a.n.c.c.h.AbstractHeartbeatMonitor Finished processing 1 heartbeats in 14231 nanos
2024-10-30 12:28:42,249 INFO [Cleanup Archive for default] o.a.n.c.repository.FileSystemRepository Successfully deleted 0 files (0 bytes) from archive
2024-10-30 12:28:42,370 INFO [Process Cluster Protocol Request-6] o.a.n.c.p.impl.SocketProtocolListener Finished processing request 4c5ee15e-c291-47cd-9ee6-5e77e002eda0 (type=HEARTBEAT, length=2243 bytes) from mynifi:8080 in 2 millis
2024-10-30 12:28:42,373 INFO [Clustering Tasks Thread-1] o.a.n.c.c.ClusterProtocolHeartbeater Heartbeat created at 2024-10-30 12:28:42,365 and sent to mynifi:8082 at 2024-10-30 12:28:42,373; send took 7 millis
2024-10-30 12:28:45,070 INFO [Heartbeat Monitor Thread-1] o.a.n.c.c.h.AbstractHeartbeatMonitor Finished processing 1 heartbeats in 14093 nanos
2024-10-30 12:28:46,611 INFO [pool-13-thread-1] o.a.n.c.r.WriteAheadFlowFileRepository Initiating checkpoint of FlowFile Repository
2024-10-30 12:28:46,611 INFO [pool-13-thread-1] o.a.n.c.r.WriteAheadFlowFileRepository Successfully checkpointed FlowFile Repository with 1 records in 0 milliseconds
2024-10-30 12:28:47,375 INFO [Process Cluster Protocol Request-7] o.a.n.c.p.impl.SocketProtocolListener Finished processing request ead7f4ac-1410-471e-ad84-99cd1f21fff3 (type=HEARTBEAT, length=2243 bytes) from mynifi:8080 in 713093 nanos
2024-10-30 12:28:47,376 INFO [Clustering Tasks Thread-1] o.a.n.c.c.ClusterProtocolHeartbeater Heartbeat created at 2024-10-30 12:28:47,373 and sent to mynifi:8082 at 2024-10-30 12:28:47,376; send took 2 millis
2024-10-30 12:28:50,070 INFO [Heartbeat Monitor Thread-1] o.a.n.c.c.h.AbstractHeartbeatMonitor Finished processing 1 heartbeats in 7925 nanos
2024-10-30 12:28:52,381 INFO [Process Cluster Protocol Request-8] o.a.n.c.p.impl.SocketProtocolListener Finished processing request 96ff0520-7202-4e0c-91f2-4056141ee190 (type=HEARTBEAT, length=2243 bytes) from mynifi:8080 in 2 millis
2024-10-30 12:28:52,384 INFO [Clustering Tasks Thread-1] o.a.n.c.c.ClusterProtocolHeartbeater Heartbeat created at 2024-10-30 12:28:52,376 and sent to mynifi:8082 at 2024-10-30 12:28:52,384; send took 8 millis
2024-10-30 12:28:55,071 INFO [Heartbeat Monitor Thread-1] o.a.n.c.c.h.AbstractHeartbeatMonitor Finished processing 1 heartbeats in 13959 nanos
2024-10-30 12:28:57,390 INFO [Process Cluster Protocol Request-9] o.a.n.c.p.impl.SocketProtocolListener Finished processing request 408fd587-55a9-429b-b6ec-95602c133e85 (type=HEARTBEAT, length=2243 bytes) from mynifi:8080 in 2 millis
2024-10-30 12:28:57,393 INFO [Clustering Tasks Thread-1] o.a.n.c.c.ClusterProtocolHeartbeater Heartbeat created at 2024-10-30 12:28:57,385 and sent to mynifi:8082 at 2024-10-30 12:28:57,393; send took 7 millis
2024-10-30 12:29:00,071 INFO [Heartbeat Monitor Thread-1] o.a.n.c.c.h.AbstractHeartbeatMonitor Finished processing 1 heartbeats in 13395 nanos
2024-10-30 12:29:02,399 INFO [Process Cluster Protocol Request-10] o.a.n.c.p.impl.SocketProtocolListener Finished processing request 6c06c7c4-bccb-4e95-9637-ecbe5035ad53 (type=HEARTBEAT, length=2243 bytes) from mynifi:8080 in 2 millis
2024-10-30 12:29:02,401 INFO [Clustering Tasks Thread-1] o.a.n.c.c.ClusterProtocolHeartbeater Heartbeat created at 2024-10-30 12:29:02,393 and sent to mynifi:8082 at 2024-10-30 12:29:02,401; send took 7 millis
2024-10-30 12:29:05,071 INFO [Heartbeat Monitor Thread-1] o.a.n.c.c.h.AbstractHeartbeatMonitor Finished processing 1 heartbeats in 13512 nanos
2024-10-30 12:29:06,612 INFO [pool-13-thread-1] o.a.n.c.r.WriteAheadFlowFileRepository Initiating checkpoint of FlowFile Repository
2024-10-30 12:29:06,612 INFO [pool-13-thread-1] o.a.n.c.r.WriteAheadFlowFileRepository Successfully checkpointed FlowFile Repository with 1 records in 0 milliseconds
2024-10-30 12:29:07,407 INFO [Process Cluster Protocol Request-1] o.a.n.c.p.impl.SocketProtocolListener Finished processing request 95b425cd-376d-45a0-888f-db46be081f51 (type=HEARTBEAT, length=2243 bytes) from mynifi:8080 in 2 millis
2024-10-30 12:29:07,409 INFO [Clustering Tasks Thread-1] o.a.n.c.c.ClusterProtocolHeartbeater Heartbeat created at 2024-10-30 12:29:07,401 and sent to mynifi:8082 at 2024-10-30 12:29:07,409; send took 7 millis
2024-10-30 12:29:10,072 INFO [Heartbeat Monitor Thread-1] o.a.n.c.c.h.AbstractHeartbeatMonitor Finished processing 1 heartbeats in 13608 nanos
2024-10-30 12:29:12,411 INFO [Process Cluster Protocol Request-2] o.a.n.c.p.impl.SocketProtocolListener Finished processing request 668f7e3f-8d6b-4a8f-9b2d-8c4625d9467c (type=HEARTBEAT, length=2243 bytes) from mynifi:8080 in 806646 nanos
2024-10-30 12:29:12,412 INFO [Clustering Tasks Thread-1] o.a.n.c.c.ClusterProtocolHeartbeater Heartbeat created at 2024-10-30 12:29:12,410 and sent to mynifi:8082 at 2024-10-30 12:29:12,412; send took 2 millis
2024-10-30 12:29:15,072 INFO [Heartbeat Monitor Thread-1] o.a.n.c.c.h.AbstractHeartbeatMonitor Finished processing 1 heartbeats in 13645 nanos
2024-10-30 12:29:17,418 INFO [Process Cluster Protocol Request-3] o.a.n.c.p.impl.SocketProtocolListener Finished processing request 88003d35-e9cc-4629-9616-3c60c234dcd1 (type=HEARTBEAT, length=2243 bytes) from mynifi:8080 in 2 millis
2024-10-30 12:29:17,420 INFO [Clustering Tasks Thread-1] o.a.n.c.c.ClusterProtocolHeartbeater Heartbeat created at 2024-10-30 12:29:17,412 and sent to mynifi:8082 at 2024-10-30 12:29:17,420; send took 7 millis
2024-10-30 12:29:20,073 INFO [Heartbeat Monitor Thread-1] o.a.n.c.c.h.AbstractHeartbeatMonitor Finished processing 1 heartbeats in 22728 nanos
2024-10-30 12:29:22,426 INFO [Process Cluster Protocol Request-4] o.a.n.c.p.impl.SocketProtocolListener Finished processing request 54a2416b-749e-45ae-a63c-6ce20efed802 (type=HEARTBEAT, length=2243 bytes) from mynifi:8080 in 2 millis
2024-10-30 12:29:22,429 INFO [Clustering Tasks Thread-1] o.a.n.c.c.ClusterProtocolHeartbeater Heartbeat created at 2024-10-30 12:29:22,421 and sent to mynifi:8082 at 2024-10-30 12:29:22,429; send took 8 millis
2024-10-30 12:29:25,073 INFO [Heartbeat Monitor Thread-1] o.a.n.c.c.h.AbstractHeartbeatMonitor Finished processing 1 heartbeats in 14173 nanos
2024-10-30 12:29:26,612 INFO [pool-13-thread-1] o.a.n.c.r.WriteAheadFlowFileRepository Initiating checkpoint of FlowFile Repository
2024-10-30 12:29:26,612 INFO [pool-13-thread-1] o.a.n.c.r.WriteAheadFlowFileRepository Successfully checkpointed FlowFile Repository with 1 records in 0 milliseconds
2024-10-30 12:29:27,430 INFO [Process Cluster Protocol Request-5] o.a.n.c.p.impl.SocketProtocolListener Finished processing request eab83a3a-b9c6-4956-8598-4ef44b8bc8d6 (type=HEARTBEAT, length=2243 bytes) from mynifi:8080 in 629913 nanos
2024-10-30 12:29:27,431 INFO [Clustering Tasks Thread-1] o.a.n.c.c.ClusterProtocolHeartbeater Heartbeat created at 2024-10-30 12:29:27,429 and sent to mynifi:8082 at 2024-10-30 12:29:27,431; send took 2 millis
2024-10-30 12:29:30,073 INFO [Heartbeat Monitor Thread-1] o.a.n.c.c.h.AbstractHeartbeatMonitor Finished processing 1 heartbeats in 13265 nanos
2024-10-30 12:29:32,437 INFO [Process Cluster Protocol Request-6] o.a.n.c.p.impl.SocketProtocolListener Finished processing request d9f7a079-e8b6-4afd-85f2-6fd5f812610b (type=HEARTBEAT, length=2243 bytes) from mynifi:8080 in 2 millis
2024-10-30 12:29:32,440 INFO [Clustering Tasks Thread-1] o.a.n.c.c.ClusterProtocolHeartbeater Heartbeat created at 2024-10-30 12:29:32,431 and sent to mynifi:8082 at 2024-10-30 12:29:32,440; send took 8 millis
2024-10-30 12:29:35,074 INFO [Heartbeat Monitor Thread-1] o.a.n.c.c.h.AbstractHeartbeatMonitor Finished processing 1 heartbeats in 14784 nanos
2024-10-30 12:29:37,446 INFO [Process Cluster Protocol Request-7] o.a.n.c.p.impl.SocketProtocolListener Finished processing request 18cd5121-9024-4624-a212-6309147177ad (type=HEARTBEAT, length=2243 bytes) from mynifi:8080 in 2 millis
2024-10-30 12:29:37,448 INFO [Clustering Tasks Thread-1] o.a.n.c.c.ClusterProtocolHeartbeater Heartbeat created at 2024-10-30 12:29:37,440 and sent to mynifi:8082 at 2024-10-30 12:29:37,448; send took 7 millis
2024-10-30 12:29:37,628 INFO [Write-Ahead Local State Provider Maintenance] org.wali.MinimalLockingWriteAheadLog org.wali.MinimalLockingWriteAheadLog@4ccfd904 checkpointed with 25 Records and 0 Swap Files in 6 milliseconds (Stop-the-world time = 4 milliseconds, Clear Edit Logs time = 0 millis), max Transaction ID 107
2024-10-30 12:29:40,074 INFO [Heartbeat Monitor Thread-1] o.a.n.c.c.h.AbstractHeartbeatMonitor Finished processing 1 heartbeats in 13804 nanos
2024-10-30 12:29:42,273 INFO [Cleanup Archive for default] o.a.n.c.repository.FileSystemRepository Successfully deleted 0 files (0 bytes) from archive
2024-10-30 12:29:42,454 INFO [Process Cluster Protocol Request-8] o.a.n.c.p.impl.SocketProtocolListener Finished processing request e1bd300b-031e-48cf-bc2a-d9c7cce4a5df (type=HEARTBEAT, length=2243 bytes) from mynifi:8080 in 2 millis
2024-10-30 12:29:42,458 INFO [Clustering Tasks Thread-1] o.a.n.c.c.ClusterProtocolHeartbeater Heartbeat created at 2024-10-30 12:29:42,449 and sent to mynifi:8082 at 2024-10-30 12:29:42,458; send took 8 millis
2024-10-30 12:29:45,074 INFO [Heartbeat Monitor Thread-1] o.a.n.c.c.h.AbstractHeartbeatMonitor Finished processing 1 heartbeats in 13870 nanos
2024-10-30 12:29:46,612 INFO [pool-13-thread-1] o.a.n.c.r.WriteAheadFlowFileRepository Initiating checkpoint of FlowFile Repository
2024-10-30 12:29:46,613 INFO [pool-13-thread-1] o.a.n.c.r.WriteAheadFlowFileRepository Successfully checkpointed FlowFile Repository with 1 records in 0 milliseconds
2024-10-30 12:29:47,464 INFO [Process Cluster Protocol Request-9] o.a.n.c.p.impl.SocketProtocolListener Finished processing request 70b81122-f53b-4e00-b1a3-13c225e64011 (type=HEARTBEAT, length=2243 bytes) from mynifi:8080 in 2 millis
2024-10-30 12:29:47,466 INFO [Clustering Tasks Thread-1] o.a.n.c.c.ClusterProtocolHeartbeater Heartbeat created at 2024-10-30 12:29:47,458 and sent to mynifi:8082 at 2024-10-30 12:29:47,466; send took 8 millis
2024-10-30 12:29:50,075 INFO [Heartbeat Monitor Thread-1] o.a.n.c.c.h.AbstractHeartbeatMonitor Finished processing 1 heartbeats in 9583 nanos
2024-10-30 12:29:52,473 INFO [Process Cluster Protocol Request-10] o.a.n.c.p.impl.SocketProtocolListener Finished processing request b83ff646-0691-49c7-b5e1-2b6e6403efd3 (type=HEARTBEAT, length=2243 bytes) from mynifi:8080 in 2 millis
2024-10-30 12:29:52,475 INFO [Clustering Tasks Thread-1] o.a.n.c.c.ClusterProtocolHeartbeater Heartbeat created at 2024-10-30 12:29:52,467 and sent to mynifi:8082 at 2024-10-30 12:29:52,475; send took 8 millis
2024-10-30 12:29:55,075 INFO [Heartbeat Monitor Thread-1] o.a.n.c.c.h.AbstractHeartbeatMonitor Finished processing 1 heartbeats in 7392 nanos
2024-10-30 12:29:57,481 INFO [Process Cluster Protocol Request-1] o.a.n.c.p.impl.SocketProtocolListener Finished processing request 791cc500-534c-4637-b11a-d245652a9c4c (type=HEARTBEAT, length=2243 bytes) from mynifi:8080 in 2 millis
2024-10-30 12:29:57,483 INFO [Clustering Tasks Thread-1] o.a.n.c.c.ClusterProtocolHeartbeater Heartbeat created at 2024-10-30 12:29:57,475 and sent to mynifi:8082 at 2024-10-30 12:29:57,483; send took 7 millis
2024-10-30 12:30:00,075 INFO [Heartbeat Monitor Thread-1] o.a.n.c.c.h.AbstractHeartbeatMonitor Finished processing 1 heartbeats in 14740 nanos
2024-10-30 12:30:02,489 INFO [Process Cluster Protocol Request-2] o.a.n.c.p.impl.SocketProtocolListener Finished processing request ee316047-096d-4216-9fdf-6e21aeecfcb6 (type=HEARTBEAT, length=2243 bytes) from mynifi:8080 in 2 millis
2024-10-30 12:30:02,491 INFO [Clustering Tasks Thread-1] o.a.n.c.c.ClusterProtocolHeartbeater Heartbeat created at 2024-10-30 12:30:02,484 and sent to mynifi:8082 at 2024-10-30 12:30:02,491; send took 7 millis
2024-10-30 12:30:05,075 INFO [Heartbeat Monitor Thread-1] o.a.n.c.c.h.AbstractHeartbeatMonitor Finished processing 1 heartbeats in 12763 nanos
2024-10-30 12:30:06,613 INFO [pool-13-thread-1] o.a.n.c.r.WriteAheadFlowFileRepository Initiating checkpoint of FlowFile Repository
2024-10-30 12:30:06,613 INFO [pool-13-thread-1] o.a.n.c.r.WriteAheadFlowFileRepository Successfully checkpointed FlowFile Repository with 1 records in 0 milliseconds
2024-10-30 12:30:07,497 INFO [Process Cluster Protocol Request-3] o.a.n.c.p.impl.SocketProtocolListener Finished processing request 280d10bb-3014-44f2-be87-b0b3499d6d9b (type=HEARTBEAT, length=2243 bytes) from mynifi:8080 in 2 millis
2024-10-30 12:30:07,500 INFO [Clustering Tasks Thread-1] o.a.n.c.c.ClusterProtocolHeartbeater Heartbeat created at 2024-10-30 12:30:07,492 and sent to mynifi:8082 at 2024-10-30 12:30:07,500; send took 7 millis
2024-10-30 12:30:10,076 INFO [Heartbeat Monitor Thread-1] o.a.n.c.c.h.AbstractHeartbeatMonitor Finished processing 1 heartbeats in 6663 nanos
2024-10-30 12:30:12,506 INFO [Process Cluster Protocol Request-4] o.a.n.c.p.impl.SocketProtocolListener Finished processing request f03c737c-8c3d-4518-a134-bfc2963b8863 (type=HEARTBEAT, length=2243 bytes) from mynifi:8080 in 2 millis
2024-10-30 12:30:12,509 INFO [Clustering Tasks Thread-1] o.a.n.c.c.ClusterProtocolHeartbeater Heartbeat created at 2024-10-30 12:30:12,500 and sent to mynifi:8082 at 2024-10-30 12:30:12,509; send took 9 millis
2024-10-30 12:30:15,076 INFO [Heartbeat Monitor Thread-1] o.a.n.c.c.h.AbstractHeartbeatMonitor Finished processing 1 heartbeats in 13795 nanos
2024-10-30 12:30:17,515 INFO [Process Cluster Protocol Request-5] o.a.n.c.p.impl.SocketProtocolListener Finished processing request 00a841e2-b743-45ed-8614-801945b3092d (type=HEARTBEAT, length=2243 bytes) from mynifi:8080 in 2 millis
2024-10-30 12:30:17,518 INFO [Clustering Tasks Thread-1] o.a.n.c.c.ClusterProtocolHeartbeater Heartbeat created at 2024-10-30 12:30:17,510 and sent to mynifi:8082 at 2024-10-30 12:30:17,518; send took 8 millis
2024-10-30 12:30:20,076 INFO [Heartbeat Monitor Thread-1] o.a.n.c.c.h.AbstractHeartbeatMonitor Finished processing 1 heartbeats in 13433 nanos
2024-10-30 12:30:22,524 INFO [Process Cluster Protocol Request-6] o.a.n.c.p.impl.SocketProtocolListener Finished processing request b9466fc3-abea-41a0-acfb-33c9bb66bcd7 (type=HEARTBEAT, length=2243 bytes) from mynifi:8080 in 2 millis
2024-10-30 12:30:22,527 INFO [Clustering Tasks Thread-1] o.a.n.c.c.ClusterProtocolHeartbeater Heartbeat created at 2024-10-30 12:30:22,518 and sent to mynifi:8082 at 2024-10-30 12:30:22,526; send took 8 millis
2024-10-30 12:30:25,077 INFO [Heartbeat Monitor Thread-1] o.a.n.c.c.h.AbstractHeartbeatMonitor Finished processing 1 heartbeats in 27359 nanos
2024-10-30 12:30:26,613 INFO [pool-13-thread-1] o.a.n.c.r.WriteAheadFlowFileRepository Initiating checkpoint of FlowFile Repository
2024-10-30 12:30:26,613 INFO [pool-13-thread-1] o.a.n.c.r.WriteAheadFlowFileRepository Successfully checkpointed FlowFile Repository with 1 records in 0 milliseconds
2024-10-30 12:30:27,529 INFO [Process Cluster Protocol Request-7] o.a.n.c.p.impl.SocketProtocolListener Finished processing request e3003e5a-e61a-41d9-9e81-c470497769ea (type=HEARTBEAT, length=2243 bytes) from mynifi:8080 in 792526 nanos
2024-10-30 12:30:27,530 INFO [Clustering Tasks Thread-1] o.a.n.c.c.ClusterProtocolHeartbeater Heartbeat created at 2024-10-30 12:30:27,527 and sent to mynifi:8082 at 2024-10-30 12:30:27,530; send took 2 millis
2024-10-30 12:30:30,077 INFO [Heartbeat Monitor Thread-1] o.a.n.c.c.h.AbstractHeartbeatMonitor Finished processing 1 heartbeats in 13924 nanos
2024-10-30 12:30:32,535 INFO [Process Cluster Protocol Request-8] o.a.n.c.p.impl.SocketProtocolListener Finished processing request 032dbca2-b79e-4923-8374-3ed399d39e85 (type=HEARTBEAT, length=2243 bytes) from mynifi:8080 in 2 millis
2024-10-30 12:30:32,537 INFO [Clustering Tasks Thread-1] o.a.n.c.c.ClusterProtocolHeartbeater Heartbeat created at 2024-10-30 12:30:32,530 and sent to mynifi:8082 at 2024-10-30 12:30:32,537; send took 7 millis
2024-10-30 12:30:35,078 INFO [Heartbeat Monitor Thread-1] o.a.n.c.c.h.AbstractHeartbeatMonitor Finished processing 1 heartbeats in 13112 nanos
2024-10-30 12:30:37,543 INFO [Process Cluster Protocol Request-9] o.a.n.c.p.impl.SocketProtocolListener Finished processing request 71ca34be-d3a0-4c56-a0ba-07be4793a501 (type=HEARTBEAT, length=2243 bytes) from mynifi:8080 in 2 millis
2024-10-30 12:30:37,546 INFO [Clustering Tasks Thread-1] o.a.n.c.c.ClusterProtocolHeartbeater Heartbeat created at 2024-10-30 12:30:37,538 and sent to mynifi:8082 at 2024-10-30 12:30:37,546; send took 8 millis
2024-10-30 12:30:40,078 INFO [Heartbeat Monitor Thread-1] o.a.n.c.c.h.AbstractHeartbeatMonitor Finished processing 1 heartbeats in 5642 nanos
2024-10-30 12:30:42,298 INFO [Cleanup Archive for default] o.a.n.c.repository.FileSystemRepository Successfully deleted 0 files (0 bytes) from archive
2024-10-30 12:30:42,552 INFO [Process Cluster Protocol Request-10] o.a.n.c.p.impl.SocketProtocolListener Finished processing request 2a1d5749-0dc2-44a3-880c-b4c2534faeda (type=HEARTBEAT, length=2243 bytes) from mynifi:8080 in 2 millis
2024-10-30 12:30:42,555 INFO [Clustering Tasks Thread-1] o.a.n.c.c.ClusterProtocolHeartbeater Heartbeat created at 2024-10-30 12:30:42,547 and sent to mynifi:8082 at 2024-10-30 12:30:42,555; send took 7 millis
2024-10-30 12:30:45,078 INFO [Heartbeat Monitor Thread-1] o.a.n.c.c.h.AbstractHeartbeatMonitor Finished processing 1 heartbeats in 14127 nanos
2024-10-30 12:30:46,614 INFO [pool-13-thread-1] o.a.n.c.r.WriteAheadFlowFileRepository Initiating checkpoint of FlowFile Repository
2024-10-30 12:30:46,614 INFO [pool-13-thread-1] o.a.n.c.r.WriteAheadFlowFileRepository Successfully checkpointed FlowFile Repository with 1 records in 0 milliseconds
2024-10-30 12:30:47,560 INFO [Process Cluster Protocol Request-1] o.a.n.c.p.impl.SocketProtocolListener Finished processing request 58fd5fd2-0108-4ff8-9fc3-f5a02eab5993 (type=HEARTBEAT, length=2243 bytes) from mynifi:8080 in 2 millis
2024-10-30 12:30:47,563 INFO [Clustering Tasks Thread-1] o.a.n.c.c.ClusterProtocolHeartbeater Heartbeat created at 2024-10-30 12:30:47,555 and sent to mynifi:8082 at 2024-10-30 12:30:47,563; send took 7 millis
2024-10-30 12:30:50,078 INFO [Heartbeat Monitor Thread-1] o.a.n.c.c.h.AbstractHeartbeatMonitor Finished processing 1 heartbeats in 5644 nanos
2024-10-30 12:30:52,569 INFO [Process Cluster Protocol Request-2] o.a.n.c.p.impl.SocketProtocolListener Finished processing request d327bd39-a447-449d-a689-760d96552ab0 (type=HEARTBEAT, length=2243 bytes) from mynifi:8080 in 2 millis
2024-10-30 12:30:52,571 INFO [Clustering Tasks Thread-1] o.a.n.c.c.ClusterProtocolHeartbeater Heartbeat created at 2024-10-30 12:30:52,563 and sent to mynifi:8082 at 2024-10-30 12:30:52,571; send took 7 millis
2024-10-30 12:30:55,079 INFO [Heartbeat Monitor Thread-1] o.a.n.c.c.h.AbstractHeartbeatMonitor Finished processing 1 heartbeats in 13453 nanos
2024-10-30 12:30:57,577 INFO [Process Cluster Protocol Request-3] o.a.n.c.p.impl.SocketProtocolListener Finished processing request 1aa4c7d5-5879-4048-a1b6-8a350e1d7b6b (type=HEARTBEAT, length=2243 bytes) from mynifi:8080 in 2 millis
2024-10-30 12:30:57,580 INFO [Clustering Tasks Thread-1] o.a.n.c.c.ClusterProtocolHeartbeater Heartbeat created at 2024-10-30 12:30:57,572 and sent to mynifi:8082 at 2024-10-30 12:30:57,580; send took 8 millis
2024-10-30 12:31:00,079 INFO [Heartbeat Monitor Thread-1] o.a.n.c.c.h.AbstractHeartbeatMonitor Finished processing 1 heartbeats in 13343 nanos
2024-10-30 12:31:02,586 INFO [Process Cluster Protocol Request-4] o.a.n.c.p.impl.SocketProtocolListener Finished processing request c93dbd5c-b868-4448-b6fa-283539c2ecf3 (type=HEARTBEAT, length=2243 bytes) from mynifi:8080 in 2 millis
2024-10-30 12:31:02,588 INFO [Clustering Tasks Thread-1] o.a.n.c.c.ClusterProtocolHeartbeater Heartbeat created at 2024-10-30 12:31:02,580 and sent to mynifi:8082 at 2024-10-30 12:31:02,588; send took 7 millis
2024-10-30 12:31:05,079 INFO [Heartbeat Monitor Thread-1] o.a.n.c.c.h.AbstractHeartbeatMonitor Finished processing 1 heartbeats in 12916 nanos
2024-10-30 12:31:06,614 INFO [pool-13-thread-1] o.a.n.c.r.WriteAheadFlowFileRepository Initiating checkpoint of FlowFile Repository
2024-10-30 12:31:06,614 INFO [pool-13-thread-1] o.a.n.c.r.WriteAheadFlowFileRepository Successfully checkpointed FlowFile Repository with 1 records in 0 milliseconds
2024-10-30 12:31:07,594 INFO [Process Cluster Protocol Request-5] o.a.n.c.p.impl.SocketProtocolListener Finished processing request bc7aae5e-e25f-4faa-bc84-5e5e9a4e5fa4 (type=HEARTBEAT, length=2243 bytes) from mynifi:8080 in 2 millis
2024-10-30 12:31:07,596 INFO [Clustering Tasks Thread-1] o.a.n.c.c.ClusterProtocolHeartbeater Heartbeat created at 2024-10-30 12:31:07,589 and sent to mynifi:8082 at 2024-10-30 12:31:07,596; send took 7 millis
2024-10-30 12:31:10,080 INFO [Heartbeat Monitor Thread-1] o.a.n.c.c.h.AbstractHeartbeatMonitor Finished processing 1 heartbeats in 36573 nanos
2024-10-30 12:31:12,602 INFO [Process Cluster Protocol Request-6] o.a.n.c.p.impl.SocketProtocolListener Finished processing request bc846280-4c40-48d2-bf74-9c4c36671efa (type=HEARTBEAT, length=2243 bytes) from mynifi:8080 in 2 millis
2024-10-30 12:31:12,604 INFO [Clustering Tasks Thread-1] o.a.n.c.c.ClusterProtocolHeartbeater Heartbeat created at 2024-10-30 12:31:12,597 and sent to mynifi:8082 at 2024-10-30 12:31:12,604; send took 7 millis
2024-10-30 12:31:15,080 INFO [Heartbeat Monitor Thread-1] o.a.n.c.c.h.AbstractHeartbeatMonitor Finished processing 1 heartbeats in 14090 nanos
2024-10-30 12:31:17,610 INFO [Process Cluster Protocol Request-7] o.a.n.c.p.impl.SocketProtocolListener Finished processing request ec5a841d-da60-4278-9c1b-7459230b082d (type=HEARTBEAT, length=2243 bytes) from mynifi:8080 in 2 millis
2024-10-30 12:31:17,613 INFO [Clustering Tasks Thread-1] o.a.n.c.c.ClusterProtocolHeartbeater Heartbeat created at 2024-10-30 12:31:17,605 and sent to mynifi:8082 at 2024-10-30 12:31:17,613; send took 8 millis
2024-10-30 12:31:20,081 INFO [Heartbeat Monitor Thread-1] o.a.n.c.c.h.AbstractHeartbeatMonitor Finished processing 1 heartbeats in 14655 nanos
2024-10-30 12:31:22,619 INFO [Process Cluster Protocol Request-8] o.a.n.c.p.impl.SocketProtocolListener Finished processing request 9d94f99e-72fb-42db-b647-d11d144b1630 (type=HEARTBEAT, length=2243 bytes) from mynifi:8080 in 2 millis
2024-10-30 12:31:22,622 INFO [Clustering Tasks Thread-1] o.a.n.c.c.ClusterProtocolHeartbeater Heartbeat created at 2024-10-30 12:31:22,614 and sent to mynifi:8082 at 2024-10-30 12:31:22,622; send took 8 millis
2024-10-30 12:31:25,081 INFO [Heartbeat Monitor Thread-1] o.a.n.c.c.h.AbstractHeartbeatMonitor Finished processing 1 heartbeats in 13561 nanos
2024-10-30 12:31:26,614 INFO [pool-13-thread-1] o.a.n.c.r.WriteAheadFlowFileRepository Initiating checkpoint of FlowFile Repository
2024-10-30 12:31:26,615 INFO [pool-13-thread-1] o.a.n.c.r.WriteAheadFlowFileRepository Successfully checkpointed FlowFile Repository with 1 records in 0 milliseconds
2024-10-30 12:31:27,628 INFO [Process Cluster Protocol Request-9] o.a.n.c.p.impl.SocketProtocolListener Finished processing request d4ace01b-c78c-42ae-b9f9-a393eec69737 (type=HEARTBEAT, length=2243 bytes) from mynifi:8080 in 2 millis
2024-10-30 12:31:27,630 INFO [Clustering Tasks Thread-1] o.a.n.c.c.ClusterProtocolHeartbeater Heartbeat created at 2024-10-30 12:31:27,622 and sent to mynifi:8082 at 2024-10-30 12:31:27,630; send took 7 millis
2024-10-30 12:31:30,081 INFO [Heartbeat Monitor Thread-1] o.a.n.c.c.h.AbstractHeartbeatMonitor Finished processing 1 heartbeats in 12844 nanos
2024-10-30 12:31:32,636 INFO [Process Cluster Protocol Request-10] o.a.n.c.p.impl.SocketProtocolListener Finished processing request 19def6f9-5e5d-4c5a-ae68-b3139ecc18c9 (type=HEARTBEAT, length=2243 bytes) from mynifi:8080 in 2 millis
2024-10-30 12:31:32,638 INFO [Clustering Tasks Thread-1] o.a.n.c.c.ClusterProtocolHeartbeater Heartbeat created at 2024-10-30 12:31:32,631 and sent to mynifi:8082 at 2024-10-30 12:31:32,638; send took 7 millis
2024-10-30 12:31:35,082 INFO [Heartbeat Monitor Thread-1] o.a.n.c.c.h.AbstractHeartbeatMonitor Finished processing 1 heartbeats in 5630 nanos
2024-10-30 12:31:37,635 INFO [Write-Ahead Local State Provider Maintenance] org.wali.MinimalLockingWriteAheadLog org.wali.MinimalLockingWriteAheadLog@4ccfd904 checkpointed with 25 Records and 0 Swap Files in 6 milliseconds (Stop-the-world time = 4 milliseconds, Clear Edit Logs time = 0 millis), max Transaction ID 107
2024-10-30 12:31:37,641 INFO [Process Cluster Protocol Request-1] o.a.n.c.p.impl.SocketProtocolListener Finished processing request 150599e0-a670-44e5-b720-dde1a1b78e03 (type=HEARTBEAT, length=2243 bytes) from mynifi:8080 in 696780 nanos
2024-10-30 12:31:37,641 INFO [Clustering Tasks Thread-1] o.a.n.c.c.ClusterProtocolHeartbeater Heartbeat created at 2024-10-30 12:31:37,639 and sent to mynifi:8082 at 2024-10-30 12:31:37,641; send took 2 millis
2024-10-30 12:31:40,082 INFO [Heartbeat Monitor Thread-1] o.a.n.c.c.h.AbstractHeartbeatMonitor Finished processing 1 heartbeats in 13335 nanos
2024-10-30 12:31:42,323 INFO [Cleanup Archive for default] o.a.n.c.repository.FileSystemRepository Successfully deleted 0 files (0 bytes) from archive
2024-10-30 12:31:42,647 INFO [Process Cluster Protocol Request-2] o.a.n.c.p.impl.SocketProtocolListener Finished processing request 9d81d627-d7f2-421e-8c55-d8ba6b9a8f6c (type=HEARTBEAT, length=2243 bytes) from mynifi:8080 in 2 millis
2024-10-30 12:31:42,651 INFO [Clustering Tasks Thread-1] o.a.n.c.c.ClusterProtocolHeartbeater Heartbeat created at 2024-10-30 12:31:42,642 and sent to mynifi:8082 at 2024-10-30 12:31:42,651; send took 9 millis
2024-10-30 12:31:45,082 INFO [Heartbeat Monitor Thread-1] o.a.n.c.c.h.AbstractHeartbeatMonitor Finished processing 1 heartbeats in 13644 nanos
2024-10-30 12:31:46,615 INFO [pool-13-thread-1] o.a.n.c.r.WriteAheadFlowFileRepository Initiating checkpoint of FlowFile Repository
2024-10-30 12:31:46,615 INFO [pool-13-thread-1] o.a.n.c.r.WriteAheadFlowFileRepository Successfully checkpointed FlowFile Repository with 1 records in 0 milliseconds
2024-10-30 12:31:47,657 INFO [Process Cluster Protocol Request-3] o.a.n.c.p.impl.SocketProtocolListener Finished processing request 52ef5930-da95-4dc9-903f-ead1850ad812 (type=HEARTBEAT, length=2243 bytes) from mynifi:8080 in 2 millis
2024-10-30 12:31:47,660 INFO [Clustering Tasks Thread-1] o.a.n.c.c.ClusterProtocolHeartbeater Heartbeat created at 2024-10-30 12:31:47,652 and sent to mynifi:8082 at 2024-10-30 12:31:47,660; send took 7 millis
2024-10-30 12:31:50,083 INFO [Heartbeat Monitor Thread-1] o.a.n.c.c.h.AbstractHeartbeatMonitor Finished processing 1 heartbeats in 5631 nanos
2024-10-30 12:31:52,666 INFO [Process Cluster Protocol Request-4] o.a.n.c.p.impl.SocketProtocolListener Finished processing request 55db1b52-670e-49f8-8e89-b2991c8c2a25 (type=HEARTBEAT, length=2243 bytes) from mynifi:8080 in 2 millis
2024-10-30 12:31:52,668 INFO [Clustering Tasks Thread-1] o.a.n.c.c.ClusterProtocolHeartbeater Heartbeat created at 2024-10-30 12:31:52,660 and sent to mynifi:8082 at 2024-10-30 12:31:52,668; send took 8 millis
2024-10-30 12:31:55,083 INFO [Heartbeat Monitor Thread-1] o.a.n.c.c.h.AbstractHeartbeatMonitor Finished processing 1 heartbeats in 29406 nanos
2024-10-30 12:31:57,674 INFO [Process Cluster Protocol Request-5] o.a.n.c.p.impl.SocketProtocolListener Finished processing request 755293e8-60c2-4fc8-8dac-db4153868737 (type=HEARTBEAT, length=2243 bytes) from mynifi:8080 in 2 millis
2024-10-30 12:31:57,676 INFO [Clustering Tasks Thread-1] o.a.n.c.c.ClusterProtocolHeartbeater Heartbeat created at 2024-10-30 12:31:57,669 and sent to mynifi:8082 at 2024-10-30 12:31:57,676; send took 7 millis
2024-10-30 12:32:00,083 INFO [Heartbeat Monitor Thread-1] o.a.n.c.c.h.AbstractHeartbeatMonitor Finished processing 1 heartbeats in 13715 nanos
2024-10-30 12:32:02,682 INFO [Process Cluster Protocol Request-6] o.a.n.c.p.impl.SocketProtocolListener Finished processing request 453c24de-c870-408e-955a-cf084d9e99e9 (type=HEARTBEAT, length=2243 bytes) from mynifi:8080 in 2 millis
2024-10-30 12:32:02,685 INFO [Clustering Tasks Thread-1] o.a.n.c.c.ClusterProtocolHeartbeater Heartbeat created at 2024-10-30 12:32:02,677 and sent to mynifi:8082 at 2024-10-30 12:32:02,685; send took 7 millis
2024-10-30 12:32:05,084 INFO [Heartbeat Monitor Thread-1] o.a.n.c.c.h.AbstractHeartbeatMonitor Finished processing 1 heartbeats in 12875 nanos
2024-10-30 12:32:06,615 INFO [pool-13-thread-1] o.a.n.c.r.WriteAheadFlowFileRepository Initiating checkpoint of FlowFile Repository
2024-10-30 12:32:06,615 INFO [pool-13-thread-1] o.a.n.c.r.WriteAheadFlowFileRepository Successfully checkpointed FlowFile Repository with 1 records in 0 milliseconds
2024-10-30 12:32:07,691 INFO [Process Cluster Protocol Request-7] o.a.n.c.p.impl.SocketProtocolListener Finished processing request f0dffaa4-0342-4496-b4ea-20327ce29086 (type=HEARTBEAT, length=2243 bytes) from mynifi:8080 in 2 millis
2024-10-30 12:32:07,693 INFO [Clustering Tasks Thread-1] o.a.n.c.c.ClusterProtocolHeartbeater Heartbeat created at 2024-10-30 12:32:07,685 and sent to mynifi:8082 at 2024-10-30 12:32:07,693; send took 7 millis
2024-10-30 12:32:10,084 INFO [Heartbeat Monitor Thread-1] o.a.n.c.c.h.AbstractHeartbeatMonitor Finished processing 1 heartbeats in 14628 nanos
2024-10-30 12:32:12,699 INFO [Process Cluster Protocol Request-8] o.a.n.c.p.impl.SocketProtocolListener Finished processing request ca4eeff7-9bb5-4215-be27-c18737d75f30 (type=HEARTBEAT, length=2243 bytes) from mynifi:8080 in 2 millis
2024-10-30 12:32:12,701 INFO [Clustering Tasks Thread-1] o.a.n.c.c.ClusterProtocolHeartbeater Heartbeat created at 2024-10-30 12:32:12,693 and sent to mynifi:8082 at 2024-10-30 12:32:12,701; send took 7 millis
2024-10-30 12:32:15,084 INFO [Heartbeat Monitor Thread-1] o.a.n.c.c.h.AbstractHeartbeatMonitor Finished processing 1 heartbeats in 13562 nanos
2024-10-30 12:32:17,705 INFO [Process Cluster Protocol Request-9] o.a.n.c.p.impl.SocketProtocolListener Finished processing request 36871a26-fbb5-4472-b0fa-c6f02a282d56 (type=HEARTBEAT, length=2243 bytes) from mynifi:8080 in 1 millis
2024-10-30 12:32:17,706 INFO [Clustering Tasks Thread-1] o.a.n.c.c.ClusterProtocolHeartbeater Heartbeat created at 2024-10-30 12:32:17,702 and sent to mynifi:8082 at 2024-10-30 12:32:17,706; send took 4 millis
2024-10-30 12:32:20,085 INFO [Heartbeat Monitor Thread-1] o.a.n.c.c.h.AbstractHeartbeatMonitor Finished processing 1 heartbeats in 13457 nanos
2024-10-30 12:32:22,709 INFO [Process Cluster Protocol Request-10] o.a.n.c.p.impl.SocketProtocolListener Finished processing request 2e540e06-380d-47a7-a785-551539e30373 (type=HEARTBEAT, length=2243 bytes) from mynifi:8080 in 1 millis
2024-10-30 12:32:22,712 INFO [Clustering Tasks Thread-1] o.a.n.c.c.ClusterProtocolHeartbeater Heartbeat created at 2024-10-30 12:32:22,706 and sent to mynifi:8082 at 2024-10-30 12:32:22,712; send took 5 millis
2024-10-30 12:32:25,085 INFO [Heartbeat Monitor Thread-1] o.a.n.c.c.h.AbstractHeartbeatMonitor Finished processing 1 heartbeats in 14326 nanos
2024-10-30 12:32:26,615 INFO [pool-13-thread-1] o.a.n.c.r.WriteAheadFlowFileRepository Initiating checkpoint of FlowFile Repository
2024-10-30 12:32:26,616 INFO [pool-13-thread-1] o.a.n.c.r.WriteAheadFlowFileRepository Successfully checkpointed FlowFile Repository with 1 records in 0 milliseconds
2024-10-30 12:32:27,717 INFO [Process Cluster Protocol Request-1] o.a.n.c.p.impl.SocketProtocolListener Finished processing request 637f1cc9-3a98-4482-9e86-c7ea05a413dc (type=HEARTBEAT, length=2243 bytes) from mynifi:8080 in 2 millis
2024-10-30 12:32:27,720 INFO [Clustering Tasks Thread-1] o.a.n.c.c.ClusterProtocolHeartbeater Heartbeat created at 2024-10-30 12:32:27,712 and sent to mynifi:8082 at 2024-10-30 12:32:27,720; send took 7 millis
2024-10-30 12:32:30,085 INFO [Heartbeat Monitor Thread-1] o.a.n.c.c.h.AbstractHeartbeatMonitor Finished processing 1 heartbeats in 13166 nanos
2024-10-30 12:32:32,725 INFO [Process Cluster Protocol Request-2] o.a.n.c.p.impl.SocketProtocolListener Finished processing request 3b0aefd1-0185-44f5-9f97-3fa92a718e60 (type=HEARTBEAT, length=2243 bytes) from mynifi:8080 in 2 millis
2024-10-30 12:32:32,728 INFO [Clustering Tasks Thread-1] o.a.n.c.c.ClusterProtocolHeartbeater Heartbeat created at 2024-10-30 12:32:32,720 and sent to mynifi:8082 at 2024-10-30 12:32:32,728; send took 7 millis
2024-10-30 12:32:35,086 INFO [Heartbeat Monitor Thread-1] o.a.n.c.c.h.AbstractHeartbeatMonitor Finished processing 1 heartbeats in 13384 nanos
2024-10-30 12:32:37,732 INFO [Process Cluster Protocol Request-3] o.a.n.c.p.impl.SocketProtocolListener Finished processing request 13f58ace-dcf9-4ec8-92bc-854d63ce69d7 (type=HEARTBEAT, length=2243 bytes) from mynifi:8080 in 1 millis
2024-10-30 12:32:37,733 INFO [Clustering Tasks Thread-1] o.a.n.c.c.ClusterProtocolHeartbeater Heartbeat created at 2024-10-30 12:32:37,728 and sent to mynifi:8082 at 2024-10-30 12:32:37,733; send took 5 millis
2024-10-30 12:32:40,086 INFO [Heartbeat Monitor Thread-1] o.a.n.c.c.h.AbstractHeartbeatMonitor Finished processing 1 heartbeats in 5997 nanos
2024-10-30 12:32:42,354 INFO [Cleanup Archive for default] o.a.n.c.repository.FileSystemRepository Successfully deleted 0 files (0 bytes) from archive
2024-10-30 12:32:42,735 INFO [Process Cluster Protocol Request-4] o.a.n.c.p.impl.SocketProtocolListener Finished processing request 9166175c-855d-4717-bce3-a78ddef9cd5d (type=HEARTBEAT, length=2243 bytes) from mynifi:8080 in 702241 nanos
2024-10-30 12:32:42,736 INFO [Clustering Tasks Thread-1] o.a.n.c.c.ClusterProtocolHeartbeater Heartbeat created at 2024-10-30 12:32:42,734 and sent to mynifi:8082 at 2024-10-30 12:32:42,736; send took 2 millis
2024-10-30 12:32:45,086 INFO [Heartbeat Monitor Thread-1] o.a.n.c.c.h.AbstractHeartbeatMonitor Finished processing 1 heartbeats in 5888 nanos
2024-10-30 12:32:46,616 INFO [pool-13-thread-1] o.a.n.c.r.WriteAheadFlowFileRepository Initiating checkpoint of FlowFile Repository
2024-10-30 12:32:46,616 INFO [pool-13-thread-1] o.a.n.c.r.WriteAheadFlowFileRepository Successfully checkpointed FlowFile Repository with 1 records in 0 milliseconds
2024-10-30 12:32:47,738 INFO [Process Cluster Protocol Request-5] o.a.n.c.p.impl.SocketProtocolListener Finished processing request 94cf8823-7512-4482-af49-be29b11bc153 (type=HEARTBEAT, length=2243 bytes) from mynifi:8080 in 952247 nanos
2024-10-30 12:32:47,739 INFO [Clustering Tasks Thread-1] o.a.n.c.c.ClusterProtocolHeartbeater Heartbeat created at 2024-10-30 12:32:47,736 and sent to mynifi:8082 at 2024-10-30 12:32:47,739; send took 2 millis
2024-10-30 12:32:50,087 INFO [Heartbeat Monitor Thread-1] o.a.n.c.c.h.AbstractHeartbeatMonitor Finished processing 1 heartbeats in 13278 nanos
2024-10-30 12:32:52,745 INFO [Process Cluster Protocol Request-6] o.a.n.c.p.impl.SocketProtocolListener Finished processing request 4f5ed9a8-e16f-4ffd-a5fb-9857724fe648 (type=HEARTBEAT, length=2243 bytes) from mynifi:8080 in 2 millis
2024-10-30 12:32:52,748 INFO [Clustering Tasks Thread-1] o.a.n.c.c.ClusterProtocolHeartbeater Heartbeat created at 2024-10-30 12:32:52,740 and sent to mynifi:8082 at 2024-10-30 12:32:52,748; send took 7 millis
2024-10-30 12:32:55,087 INFO [Heartbeat Monitor Thread-1] o.a.n.c.c.h.AbstractHeartbeatMonitor Finished processing 1 heartbeats in 13887 nanos
2024-10-30 12:32:57,753 INFO [Process Cluster Protocol Request-7] o.a.n.c.p.impl.SocketProtocolListener Finished processing request 633694ff-3907-4c7b-b823-a28d2679b53a (type=HEARTBEAT, length=2243 bytes) from mynifi:8080 in 2 millis
2024-10-30 12:32:57,756 INFO [Clustering Tasks Thread-1] o.a.n.c.c.ClusterProtocolHeartbeater Heartbeat created at 2024-10-30 12:32:57,748 and sent to mynifi:8082 at 2024-10-30 12:32:57,756; send took 7 millis
2024-10-30 12:33:00,087 INFO [Heartbeat Monitor Thread-1] o.a.n.c.c.h.AbstractHeartbeatMonitor Finished processing 1 heartbeats in 12509 nanos
2024-10-30 12:33:02,762 INFO [Process Cluster Protocol Request-8] o.a.n.c.p.impl.SocketProtocolListener Finished processing request 2db8cd71-399b-4835-a091-e6c92f3739ca (type=HEARTBEAT, length=2243 bytes) from mynifi:8080 in 2 millis
2024-10-30 12:33:02,765 INFO [Clustering Tasks Thread-1] o.a.n.c.c.ClusterProtocolHeartbeater Heartbeat created at 2024-10-30 12:33:02,756 and sent to mynifi:8082 at 2024-10-30 12:33:02,765; send took 8 millis
2024-10-30 12:33:05,088 INFO [Heartbeat Monitor Thread-1] o.a.n.c.c.h.AbstractHeartbeatMonitor Finished processing 1 heartbeats in 13567 nanos
2024-10-30 12:33:06,616 INFO [pool-13-thread-1] o.a.n.c.r.WriteAheadFlowFileRepository Initiating checkpoint of FlowFile Repository
2024-10-30 12:33:06,616 INFO [pool-13-thread-1] o.a.n.c.r.WriteAheadFlowFileRepository Successfully checkpointed FlowFile Repository with 1 records in 0 milliseconds
2024-10-30 12:33:07,771 INFO [Process Cluster Protocol Request-9] o.a.n.c.p.impl.SocketProtocolListener Finished processing request 685c9a6b-da9b-40d9-a96c-53404e77af1c (type=HEARTBEAT, length=2243 bytes) from mynifi:8080 in 2 millis
2024-10-30 12:33:07,774 INFO [Clustering Tasks Thread-1] o.a.n.c.c.ClusterProtocolHeartbeater Heartbeat created at 2024-10-30 12:33:07,766 and sent to mynifi:8082 at 2024-10-30 12:33:07,774; send took 8 millis
2024-10-30 12:33:10,088 INFO [Heartbeat Monitor Thread-1] o.a.n.c.c.h.AbstractHeartbeatMonitor Finished processing 1 heartbeats in 5961 nanos
2024-10-30 12:33:12,776 INFO [Process Cluster Protocol Request-10] o.a.n.c.p.impl.SocketProtocolListener Finished processing request 8d246b34-8aeb-4c1c-bc64-f75263aecdb6 (type=HEARTBEAT, length=2243 bytes) from mynifi:8080 in 751976 nanos
2024-10-30 12:33:12,777 INFO [Clustering Tasks Thread-1] o.a.n.c.c.ClusterProtocolHeartbeater Heartbeat created at 2024-10-30 12:33:12,774 and sent to mynifi:8082 at 2024-10-30 12:33:12,777; send took 2 millis
2024-10-30 12:33:15,088 INFO [Heartbeat Monitor Thread-1] o.a.n.c.c.h.AbstractHeartbeatMonitor Finished processing 1 heartbeats in 13599 nanos
2024-10-30 12:33:17,783 INFO [Process Cluster Protocol Request-1] o.a.n.c.p.impl.SocketProtocolListener Finished processing request 72c1acc6-f47b-4bf8-9432-dd3746a1f436 (type=HEARTBEAT, length=2243 bytes) from mynifi:8080 in 2 millis
2024-10-30 12:33:17,786 INFO [Clustering Tasks Thread-1] o.a.n.c.c.ClusterProtocolHeartbeater Heartbeat created at 2024-10-30 12:33:17,777 and sent to mynifi:8082 at 2024-10-30 12:33:17,786; send took 8 millis
2024-10-30 12:33:20,089 INFO [Heartbeat Monitor Thread-1] o.a.n.c.c.h.AbstractHeartbeatMonitor Finished processing 1 heartbeats in 13107 nanos
2024-10-30 12:33:22,792 INFO [Process Cluster Protocol Request-2] o.a.n.c.p.impl.SocketProtocolListener Finished processing request 84472158-3197-4baf-9d0d-01002328c575 (type=HEARTBEAT, length=2243 bytes) from mynifi:8080 in 2 millis
2024-10-30 12:33:22,794 INFO [Clustering Tasks Thread-1] o.a.n.c.c.ClusterProtocolHeartbeater Heartbeat created at 2024-10-30 12:33:22,786 and sent to mynifi:8082 at 2024-10-30 12:33:22,794; send took 8 millis
2024-10-30 12:33:25,089 INFO [Heartbeat Monitor Thread-1] o.a.n.c.c.h.AbstractHeartbeatMonitor Finished processing 1 heartbeats in 10802 nanos
2024-10-30 12:33:26,616 INFO [pool-13-thread-1] o.a.n.c.r.WriteAheadFlowFileRepository Initiating checkpoint of FlowFile Repository
2024-10-30 12:33:26,617 INFO [pool-13-thread-1] o.a.n.c.r.WriteAheadFlowFileRepository Successfully checkpointed FlowFile Repository with 1 records in 0 milliseconds
2024-10-30 12:33:27,797 INFO [Process Cluster Protocol Request-3] o.a.n.c.p.impl.SocketProtocolListener Finished processing request fc8952ac-888b-425b-9a60-3ccbd95ad178 (type=HEARTBEAT, length=2243 bytes) from mynifi:8080 in 954319 nanos
2024-10-30 12:33:27,798 INFO [Clustering Tasks Thread-1] o.a.n.c.c.ClusterProtocolHeartbeater Heartbeat created at 2024-10-30 12:33:27,795 and sent to mynifi:8082 at 2024-10-30 12:33:27,798; send took 3 millis
2024-10-30 12:33:30,089 INFO [Heartbeat Monitor Thread-1] o.a.n.c.c.h.AbstractHeartbeatMonitor Finished processing 1 heartbeats in 14604 nanos
2024-10-30 12:33:32,804 INFO [Process Cluster Protocol Request-4] o.a.n.c.p.impl.SocketProtocolListener Finished processing request 1c3dd0e9-e8ff-47bf-ac1f-ec1c90106cf1 (type=HEARTBEAT, length=2243 bytes) from mynifi:8080 in 2 millis
2024-10-30 12:33:32,806 INFO [Clustering Tasks Thread-1] o.a.n.c.c.ClusterProtocolHeartbeater Heartbeat created at 2024-10-30 12:33:32,798 and sent to mynifi:8082 at 2024-10-30 12:33:32,806; send took 7 millis
2024-10-30 12:33:35,089 INFO [Heartbeat Monitor Thread-1] o.a.n.c.c.h.AbstractHeartbeatMonitor Finished processing 1 heartbeats in 13787 nanos
2024-10-30 12:33:37,642 INFO [Write-Ahead Local State Provider Maintenance] org.wali.MinimalLockingWriteAheadLog org.wali.MinimalLockingWriteAheadLog@4ccfd904 checkpointed with 25 Records and 0 Swap Files in 6 milliseconds (Stop-the-world time = 4 milliseconds, Clear Edit Logs time = 0 millis), max Transaction ID 107
2024-10-30 12:33:37,812 INFO [Process Cluster Protocol Request-5] o.a.n.c.p.impl.SocketProtocolListener Finished processing request bfe3050e-9f6e-4379-8765-aae5d01e116b (type=HEARTBEAT, length=2243 bytes) from mynifi:8080 in 2 millis
2024-10-30 12:33:37,814 INFO [Clustering Tasks Thread-1] o.a.n.c.c.ClusterProtocolHeartbeater Heartbeat created at 2024-10-30 12:33:37,807 and sent to mynifi:8082 at 2024-10-30 12:33:37,814; send took 7 millis
2024-10-30 12:33:40,090 INFO [Heartbeat Monitor Thread-1] o.a.n.c.c.h.AbstractHeartbeatMonitor Finished processing 1 heartbeats in 13466 nanos
2024-10-30 12:33:42,415 INFO [Cleanup Archive for default] o.a.n.c.repository.FileSystemRepository Successfully deleted 0 files (0 bytes) from archive
2024-10-30 12:33:42,820 INFO [Process Cluster Protocol Request-6] o.a.n.c.p.impl.SocketProtocolListener Finished processing request 2957f6d0-2cc2-433d-bca1-973a37c327bc (type=HEARTBEAT, length=2243 bytes) from mynifi:8080 in 2 millis
2024-10-30 12:33:42,824 INFO [Clustering Tasks Thread-1] o.a.n.c.c.ClusterProtocolHeartbeater Heartbeat created at 2024-10-30 12:33:42,815 and sent to mynifi:8082 at 2024-10-30 12:33:42,824; send took 8 millis
2024-10-30 12:33:45,090 INFO [Heartbeat Monitor Thread-1] o.a.n.c.c.h.AbstractHeartbeatMonitor Finished processing 1 heartbeats in 13125 nanos
2024-10-30 12:33:46,617 INFO [pool-13-thread-1] o.a.n.c.r.WriteAheadFlowFileRepository Initiating checkpoint of FlowFile Repository
2024-10-30 12:33:46,617 INFO [pool-13-thread-1] o.a.n.c.r.WriteAheadFlowFileRepository Successfully checkpointed FlowFile Repository with 1 records in 0 milliseconds
2024-10-30 12:33:47,830 INFO [Process Cluster Protocol Request-7] o.a.n.c.p.impl.SocketProtocolListener Finished processing request 3f6a6e15-d580-4ff1-8589-99b3b0833513 (type=HEARTBEAT, length=2243 bytes) from mynifi:8080 in 2 millis
2024-10-30 12:33:47,832 INFO [Clustering Tasks Thread-1] o.a.n.c.c.ClusterProtocolHeartbeater Heartbeat created at 2024-10-30 12:33:47,824 and sent to mynifi:8082 at 2024-10-30 12:33:47,832; send took 7 millis
2024-10-30 12:33:50,091 INFO [Heartbeat Monitor Thread-1] o.a.n.c.c.h.AbstractHeartbeatMonitor Finished processing 1 heartbeats in 13095 nanos
2024-10-30 12:33:52,838 INFO [Process Cluster Protocol Request-8] o.a.n.c.p.impl.SocketProtocolListener Finished processing request 337a8f67-fd37-4373-a69e-64bbbc42883b (type=HEARTBEAT, length=2243 bytes) from mynifi:8080 in 2 millis
2024-10-30 12:33:52,840 INFO [Clustering Tasks Thread-1] o.a.n.c.c.ClusterProtocolHeartbeater Heartbeat created at 2024-10-30 12:33:52,832 and sent to mynifi:8082 at 2024-10-30 12:33:52,840; send took 7 millis
2024-10-30 12:33:55,091 INFO [Heartbeat Monitor Thread-1] o.a.n.c.c.h.AbstractHeartbeatMonitor Finished processing 1 heartbeats in 13494 nanos
2024-10-30 12:33:57,846 INFO [Process Cluster Protocol Request-9] o.a.n.c.p.impl.SocketProtocolListener Finished processing request ad270c68-1df2-4f81-9d30-5082514a3ad3 (type=HEARTBEAT, length=2243 bytes) from mynifi:8080 in 2 millis
2024-10-30 12:33:57,849 INFO [Clustering Tasks Thread-1] o.a.n.c.c.ClusterProtocolHeartbeater Heartbeat created at 2024-10-30 12:33:57,841 and sent to mynifi:8082 at 2024-10-30 12:33:57,849; send took 7 millis
2024-10-30 12:34:00,091 INFO [Heartbeat Monitor Thread-1] o.a.n.c.c.h.AbstractHeartbeatMonitor Finished processing 1 heartbeats in 13771 nanos
2024-10-30 12:34:02,854 INFO [Process Cluster Protocol Request-10] o.a.n.c.p.impl.SocketProtocolListener Finished processing request c5b5363e-cf32-47d2-9ed7-32e9c976e41c (type=HEARTBEAT, length=2243 bytes) from mynifi:8080 in 2 millis
2024-10-30 12:34:02,856 INFO [Clustering Tasks Thread-1] o.a.n.c.c.ClusterProtocolHeartbeater Heartbeat created at 2024-10-30 12:34:02,849 and sent to mynifi:8082 at 2024-10-30 12:34:02,856; send took 6 millis
2024-10-30 12:34:05,092 INFO [Heartbeat Monitor Thread-1] o.a.n.c.c.h.AbstractHeartbeatMonitor Finished processing 1 heartbeats in 11798 nanos
2024-10-30 12:34:06,617 INFO [pool-13-thread-1] o.a.n.c.r.WriteAheadFlowFileRepository Initiating checkpoint of FlowFile Repository
2024-10-30 12:34:06,617 INFO [pool-13-thread-1] o.a.n.c.r.WriteAheadFlowFileRepository Successfully checkpointed FlowFile Repository with 1 records in 0 milliseconds
2024-10-30 12:34:07,862 INFO [Process Cluster Protocol Request-1] o.a.n.c.p.impl.SocketProtocolListener Finished processing request 2163c6a9-7f64-43b9-9c56-e2216572b6d6 (type=HEARTBEAT, length=2243 bytes) from mynifi:8080 in 2 millis
2024-10-30 12:34:07,864 INFO [Clustering Tasks Thread-1] o.a.n.c.c.ClusterProtocolHeartbeater Heartbeat created at 2024-10-30 12:34:07,856 and sent to mynifi:8082 at 2024-10-30 12:34:07,864; send took 7 millis
2024-10-30 12:34:10,092 INFO [Heartbeat Monitor Thread-1] o.a.n.c.c.h.AbstractHeartbeatMonitor Finished processing 1 heartbeats in 13726 nanos
2024-10-30 12:34:12,870 INFO [Process Cluster Protocol Request-2] o.a.n.c.p.impl.SocketProtocolListener Finished processing request c6388120-5455-42f6-8fa7-a6a9ea4b8cd8 (type=HEARTBEAT, length=2243 bytes) from mynifi:8080 in 2 millis
2024-10-30 12:34:12,872 INFO [Clustering Tasks Thread-1] o.a.n.c.c.ClusterProtocolHeartbeater Heartbeat created at 2024-10-30 12:34:12,864 and sent to mynifi:8082 at 2024-10-30 12:34:12,872; send took 7 millis
2024-10-30 12:34:15,092 INFO [Heartbeat Monitor Thread-1] o.a.n.c.c.h.AbstractHeartbeatMonitor Finished processing 1 heartbeats in 13585 nanos
2024-10-30 12:34:17,878 INFO [Process Cluster Protocol Request-3] o.a.n.c.p.impl.SocketProtocolListener Finished processing request f83b726a-c2a6-4f59-bc2f-04f4d4453eb6 (type=HEARTBEAT, length=2243 bytes) from mynifi:8080 in 2 millis
2024-10-30 12:34:17,881 INFO [Clustering Tasks Thread-1] o.a.n.c.c.ClusterProtocolHeartbeater Heartbeat created at 2024-10-30 12:34:17,873 and sent to mynifi:8082 at 2024-10-30 12:34:17,881; send took 7 millis
2024-10-30 12:34:20,093 INFO [Heartbeat Monitor Thread-1] o.a.n.c.c.h.AbstractHeartbeatMonitor Finished processing 1 heartbeats in 13988 nanos
2024-10-30 12:34:22,887 INFO [Process Cluster Protocol Request-4] o.a.n.c.p.impl.SocketProtocolListener Finished processing request 97fbbd06-9fbe-4d34-a24a-8e65e058d3a3 (type=HEARTBEAT, length=2243 bytes) from mynifi:8080 in 2 millis
2024-10-30 12:34:22,889 INFO [Clustering Tasks Thread-1] o.a.n.c.c.ClusterProtocolHeartbeater Heartbeat created at 2024-10-30 12:34:22,881 and sent to mynifi:8082 at 2024-10-30 12:34:22,889; send took 8 millis
2024-10-30 12:34:25,093 INFO [Heartbeat Monitor Thread-1] o.a.n.c.c.h.AbstractHeartbeatMonitor Finished processing 1 heartbeats in 14056 nanos
2024-10-30 12:34:26,618 INFO [pool-13-thread-1] o.a.n.c.r.WriteAheadFlowFileRepository Initiating checkpoint of FlowFile Repository
2024-10-30 12:34:26,618 INFO [pool-13-thread-1] o.a.n.c.r.WriteAheadFlowFileRepository Successfully checkpointed FlowFile Repository with 1 records in 0 milliseconds
2024-10-30 12:34:27,895 INFO [Process Cluster Protocol Request-5] o.a.n.c.p.impl.SocketProtocolListener Finished processing request 4aef2264-d85f-44ab-8321-697c4add5d61 (type=HEARTBEAT, length=2243 bytes) from mynifi:8080 in 2 millis
2024-10-30 12:34:27,898 INFO [Clustering Tasks Thread-1] o.a.n.c.c.ClusterProtocolHeartbeater Heartbeat created at 2024-10-30 12:34:27,890 and sent to mynifi:8082 at 2024-10-30 12:34:27,898; send took 8 millis
2024-10-30 12:34:30,093 INFO [Heartbeat Monitor Thread-1] o.a.n.c.c.h.AbstractHeartbeatMonitor Finished processing 1 heartbeats in 13465 nanos
2024-10-30 12:34:32,900 INFO [Process Cluster Protocol Request-6] o.a.n.c.p.impl.SocketProtocolListener Finished processing request 08a22354-c125-476b-9b3c-6512a881c11d (type=HEARTBEAT, length=2243 bytes) from mynifi:8080 in 914067 nanos
2024-10-30 12:34:32,901 INFO [Clustering Tasks Thread-1] o.a.n.c.c.ClusterProtocolHeartbeater Heartbeat created at 2024-10-30 12:34:32,898 and sent to mynifi:8082 at 2024-10-30 12:34:32,901; send took 3 millis
2024-10-30 12:34:34,214 INFO [pool-2-thread-2] org.apache.nifi.BootstrapListener Received SHUTDOWN request from Bootstrap
2024-10-30 12:34:34,215 INFO [pool-2-thread-2] org.apache.nifi.NiFi Initiating shutdown of Jetty web server...
2024-10-30 12:34:34,219 INFO [pool-2-thread-2] o.eclipse.jetty.server.AbstractConnector Stopped ServerConnector@6b4a4e40{HTTP/1.1, (http/1.1)}{mynifi:8080}
2024-10-30 12:34:34,219 INFO [pool-2-thread-2] org.eclipse.jetty.server.session node0 Stopped scavenging
