2024-10-31 09:00:00,204 INFO [Heartbeat Monitor Thread-1] o.a.n.c.c.h.AbstractHeartbeatMonitor Finished processing 1 heartbeats in 64916 nanos
2024-10-31 09:00:00,386 INFO [Process Cluster Protocol Request-3] o.a.n.c.p.impl.SocketProtocolListener Finished processing request 3d8729e2-0ccb-4c1d-9826-10153251801e (type=HEARTBEAT, length=2243 bytes) from mynifi:8080 in 3 millis
2024-10-31 09:00:00,390 INFO [Clustering Tasks Thread-2] o.a.n.c.c.ClusterProtocolHeartbeater Heartbeat created at 2024-10-31 09:00:00,380 and sent to mynifi:8082 at 2024-10-31 09:00:00,390; send took 9 millis
2024-10-31 09:00:03,766 INFO [pool-13-thread-1] o.a.n.c.r.WriteAheadFlowFileRepository Initiating checkpoint of FlowFile Repository
2024-10-31 09:00:03,767 INFO [pool-13-thread-1] o.a.n.c.r.WriteAheadFlowFileRepository Successfully checkpointed FlowFile Repository with 1 records in 0 milliseconds
2024-10-31 09:00:05,205 INFO [Heartbeat Monitor Thread-1] o.a.n.c.c.h.AbstractHeartbeatMonitor Finished processing 1 heartbeats in 23756 nanos
2024-10-31 09:00:05,397 INFO [Process Cluster Protocol Request-4] o.a.n.c.p.impl.SocketProtocolListener Finished processing request 2e85d375-d714-485e-90e6-4529e85a2439 (type=HEARTBEAT, length=2243 bytes) from mynifi:8080 in 2 millis
2024-10-31 09:00:05,400 INFO [Clustering Tasks Thread-2] o.a.n.c.c.ClusterProtocolHeartbeater Heartbeat created at 2024-10-31 09:00:05,391 and sent to mynifi:8082 at 2024-10-31 09:00:05,400; send took 9 millis
2024-10-31 09:00:08,307 INFO [Write-Ahead Local State Provider Maintenance] org.wali.MinimalLockingWriteAheadLog org.wali.MinimalLockingWriteAheadLog@7555782c checkpointed with 25 Records and 0 Swap Files in 5 milliseconds (Stop-the-world time = 1 milliseconds, Clear Edit Logs time = 1 millis), max Transaction ID 111
2024-10-31 09:00:10,206 INFO [Heartbeat Monitor Thread-1] o.a.n.c.c.h.AbstractHeartbeatMonitor Finished processing 1 heartbeats in 23934 nanos
2024-10-31 09:00:10,405 INFO [Process Cluster Protocol Request-5] o.a.n.c.p.impl.SocketProtocolListener Finished processing request 539461e8-7a35-49b6-9ba1-815c89d208c7 (type=HEARTBEAT, length=2243 bytes) from mynifi:8080 in 1 millis
2024-10-31 09:00:10,407 INFO [Clustering Tasks Thread-2] o.a.n.c.c.ClusterProtocolHeartbeater Heartbeat created at 2024-10-31 09:00:10,400 and sent to mynifi:8082 at 2024-10-31 09:00:10,407; send took 5 millis
2024-10-31 09:00:10,660 INFO [Cleanup Archive for default] o.a.n.c.repository.FileSystemRepository Successfully deleted 0 files (0 bytes) from archive
2024-10-31 09:00:15,207 INFO [Heartbeat Monitor Thread-1] o.a.n.c.c.h.AbstractHeartbeatMonitor Finished processing 1 heartbeats in 21348 nanos
2024-10-31 09:00:15,409 INFO [Process Cluster Protocol Request-6] o.a.n.c.p.impl.SocketProtocolListener Finished processing request bb9d21b1-6d66-4f98-b987-6e33132737f2 (type=HEARTBEAT, length=2243 bytes) from mynifi:8080 in 749741 nanos
2024-10-31 09:00:15,409 INFO [Clustering Tasks Thread-2] o.a.n.c.c.ClusterProtocolHeartbeater Heartbeat created at 2024-10-31 09:00:15,407 and sent to mynifi:8082 at 2024-10-31 09:00:15,409; send took 2 millis
2024-10-31 09:00:20,207 INFO [Heartbeat Monitor Thread-1] o.a.n.c.c.h.AbstractHeartbeatMonitor Finished processing 1 heartbeats in 23323 nanos
2024-10-31 09:00:20,416 INFO [Process Cluster Protocol Request-7] o.a.n.c.p.impl.SocketProtocolListener Finished processing request 8e10b275-3fda-4682-9dbc-1203a581cbd0 (type=HEARTBEAT, length=2243 bytes) from mynifi:8080 in 2 millis
2024-10-31 09:00:20,419 INFO [Clustering Tasks Thread-2] o.a.n.c.c.ClusterProtocolHeartbeater Heartbeat created at 2024-10-31 09:00:20,410 and sent to mynifi:8082 at 2024-10-31 09:00:20,419; send took 8 millis
2024-10-31 09:00:23,767 INFO [pool-13-thread-1] o.a.n.c.r.WriteAheadFlowFileRepository Initiating checkpoint of FlowFile Repository
2024-10-31 09:00:23,767 INFO [pool-13-thread-1] o.a.n.c.r.WriteAheadFlowFileRepository Successfully checkpointed FlowFile Repository with 1 records in 0 milliseconds
2024-10-31 09:00:25,207 INFO [Heartbeat Monitor Thread-1] o.a.n.c.c.h.AbstractHeartbeatMonitor Finished processing 1 heartbeats in 8583 nanos
2024-10-31 09:00:25,426 INFO [Process Cluster Protocol Request-8] o.a.n.c.p.impl.SocketProtocolListener Finished processing request 2771ed28-8fe1-4cb9-b749-11723682f992 (type=HEARTBEAT, length=2243 bytes) from mynifi:8080 in 2 millis
2024-10-31 09:00:25,428 INFO [Clustering Tasks Thread-2] o.a.n.c.c.ClusterProtocolHeartbeater Heartbeat created at 2024-10-31 09:00:25,419 and sent to mynifi:8082 at 2024-10-31 09:00:25,428; send took 9 millis
2024-10-31 09:00:30,207 INFO [Heartbeat Monitor Thread-1] o.a.n.c.c.h.AbstractHeartbeatMonitor Finished processing 1 heartbeats in 13654 nanos
2024-10-31 09:00:30,435 INFO [Process Cluster Protocol Request-9] o.a.n.c.p.impl.SocketProtocolListener Finished processing request 31a90b4e-7f56-44d9-817a-229b87ff3b41 (type=HEARTBEAT, length=2243 bytes) from mynifi:8080 in 2 millis
2024-10-31 09:00:30,438 INFO [Clustering Tasks Thread-2] o.a.n.c.c.ClusterProtocolHeartbeater Heartbeat created at 2024-10-31 09:00:30,429 and sent to mynifi:8082 at 2024-10-31 09:00:30,438; send took 8 millis
2024-10-31 09:00:35,208 INFO [Heartbeat Monitor Thread-1] o.a.n.c.c.h.AbstractHeartbeatMonitor Finished processing 1 heartbeats in 21920 nanos
2024-10-31 09:00:35,445 INFO [Process Cluster Protocol Request-10] o.a.n.c.p.impl.SocketProtocolListener Finished processing request e18f245e-c244-4e35-a7cb-f9c67520a5b3 (type=HEARTBEAT, length=2243 bytes) from mynifi:8080 in 2 millis
2024-10-31 09:00:35,447 INFO [Clustering Tasks Thread-2] o.a.n.c.c.ClusterProtocolHeartbeater Heartbeat created at 2024-10-31 09:00:35,438 and sent to mynifi:8082 at 2024-10-31 09:00:35,447; send took 9 millis
2024-10-31 09:00:40,208 INFO [Heartbeat Monitor Thread-1] o.a.n.c.c.h.AbstractHeartbeatMonitor Finished processing 1 heartbeats in 22126 nanos
2024-10-31 09:00:40,454 INFO [Process Cluster Protocol Request-1] o.a.n.c.p.impl.SocketProtocolListener Finished processing request 0f8aee13-3421-462a-bf58-dc57643ca873 (type=HEARTBEAT, length=2243 bytes) from mynifi:8080 in 3 millis
2024-10-31 09:00:40,457 INFO [Clustering Tasks Thread-2] o.a.n.c.c.ClusterProtocolHeartbeater Heartbeat created at 2024-10-31 09:00:40,448 and sent to mynifi:8082 at 2024-10-31 09:00:40,457; send took 8 millis
2024-10-31 09:00:43,767 INFO [pool-13-thread-1] o.a.n.c.r.WriteAheadFlowFileRepository Initiating checkpoint of FlowFile Repository
2024-10-31 09:00:43,768 INFO [pool-13-thread-1] o.a.n.c.r.WriteAheadFlowFileRepository Successfully checkpointed FlowFile Repository with 1 records in 0 milliseconds
2024-10-31 09:00:45,209 INFO [Heartbeat Monitor Thread-1] o.a.n.c.c.h.AbstractHeartbeatMonitor Finished processing 1 heartbeats in 22581 nanos
2024-10-31 09:00:45,465 INFO [Process Cluster Protocol Request-2] o.a.n.c.p.impl.SocketProtocolListener Finished processing request 0a638ca3-2499-4b79-96b4-e99f0f88e70f (type=HEARTBEAT, length=2243 bytes) from mynifi:8080 in 3 millis
2024-10-31 09:00:45,468 INFO [Clustering Tasks Thread-2] o.a.n.c.c.ClusterProtocolHeartbeater Heartbeat created at 2024-10-31 09:00:45,457 and sent to mynifi:8082 at 2024-10-31 09:00:45,468; send took 10 millis
2024-10-31 09:00:50,209 INFO [Heartbeat Monitor Thread-1] o.a.n.c.c.h.AbstractHeartbeatMonitor Finished processing 1 heartbeats in 29040 nanos
2024-10-31 09:00:50,474 INFO [Process Cluster Protocol Request-3] o.a.n.c.p.impl.SocketProtocolListener Finished processing request cc05f8c6-1652-4255-a23f-c137f1c2ab9a (type=HEARTBEAT, length=2243 bytes) from mynifi:8080 in 2 millis
2024-10-31 09:00:50,477 INFO [Clustering Tasks Thread-2] o.a.n.c.c.ClusterProtocolHeartbeater Heartbeat created at 2024-10-31 09:00:50,468 and sent to mynifi:8082 at 2024-10-31 09:00:50,477; send took 8 millis
2024-10-31 09:00:55,210 INFO [Heartbeat Monitor Thread-1] o.a.n.c.c.h.AbstractHeartbeatMonitor Finished processing 1 heartbeats in 21405 nanos
2024-10-31 09:00:55,483 INFO [Process Cluster Protocol Request-4] o.a.n.c.p.impl.SocketProtocolListener Finished processing request 72b23520-695b-4bb0-9940-491acb76e18e (type=HEARTBEAT, length=2243 bytes) from mynifi:8080 in 2 millis
2024-10-31 09:00:55,486 INFO [Clustering Tasks Thread-2] o.a.n.c.c.ClusterProtocolHeartbeater Heartbeat created at 2024-10-31 09:00:55,477 and sent to mynifi:8082 at 2024-10-31 09:00:55,486; send took 8 millis
2024-10-31 09:01:00,210 INFO [Heartbeat Monitor Thread-1] o.a.n.c.c.h.AbstractHeartbeatMonitor Finished processing 1 heartbeats in 21920 nanos
2024-10-31 09:01:00,493 INFO [Process Cluster Protocol Request-5] o.a.n.c.p.impl.SocketProtocolListener Finished processing request 94aa6cfd-82a6-4bd9-bc6c-9bc1b511ff29 (type=HEARTBEAT, length=2243 bytes) from mynifi:8080 in 2 millis
2024-10-31 09:01:00,495 INFO [Clustering Tasks Thread-2] o.a.n.c.c.ClusterProtocolHeartbeater Heartbeat created at 2024-10-31 09:01:00,487 and sent to mynifi:8082 at 2024-10-31 09:01:00,495; send took 8 millis
2024-10-31 09:01:03,768 INFO [pool-13-thread-1] o.a.n.c.r.WriteAheadFlowFileRepository Initiating checkpoint of FlowFile Repository
2024-10-31 09:01:03,768 INFO [pool-13-thread-1] o.a.n.c.r.WriteAheadFlowFileRepository Successfully checkpointed FlowFile Repository with 1 records in 0 milliseconds
2024-10-31 09:01:05,210 INFO [Heartbeat Monitor Thread-1] o.a.n.c.c.h.AbstractHeartbeatMonitor Finished processing 1 heartbeats in 22455 nanos
2024-10-31 09:01:05,502 INFO [Process Cluster Protocol Request-6] o.a.n.c.p.impl.SocketProtocolListener Finished processing request 275ccc4c-a15b-4fb0-a139-723a17fec03d (type=HEARTBEAT, length=2243 bytes) from mynifi:8080 in 2 millis
2024-10-31 09:01:05,505 INFO [Clustering Tasks Thread-2] o.a.n.c.c.ClusterProtocolHeartbeater Heartbeat created at 2024-10-31 09:01:05,496 and sent to mynifi:8082 at 2024-10-31 09:01:05,505; send took 9 millis
2024-10-31 09:01:10,211 INFO [Heartbeat Monitor Thread-1] o.a.n.c.c.h.AbstractHeartbeatMonitor Finished processing 1 heartbeats in 22398 nanos
2024-10-31 09:01:10,509 INFO [Process Cluster Protocol Request-7] o.a.n.c.p.impl.SocketProtocolListener Finished processing request 7d9649f7-689a-4c17-8b1e-ddad26093e70 (type=HEARTBEAT, length=2243 bytes) from mynifi:8080 in 1 millis
2024-10-31 09:01:10,510 INFO [Clustering Tasks Thread-2] o.a.n.c.c.ClusterProtocolHeartbeater Heartbeat created at 2024-10-31 09:01:10,505 and sent to mynifi:8082 at 2024-10-31 09:01:10,510; send took 4 millis
2024-10-31 09:01:10,706 INFO [Cleanup Archive for default] o.a.n.c.repository.FileSystemRepository Successfully deleted 0 files (0 bytes) from archive
2024-10-31 09:01:15,211 INFO [Heartbeat Monitor Thread-1] o.a.n.c.c.h.AbstractHeartbeatMonitor Finished processing 1 heartbeats in 18221 nanos
2024-10-31 09:01:15,517 INFO [Process Cluster Protocol Request-8] o.a.n.c.p.impl.SocketProtocolListener Finished processing request 3c6aebc3-72fe-415e-a7d5-f7994b282357 (type=HEARTBEAT, length=2243 bytes) from mynifi:8080 in 3 millis
2024-10-31 09:01:15,520 INFO [Clustering Tasks Thread-2] o.a.n.c.c.ClusterProtocolHeartbeater Heartbeat created at 2024-10-31 09:01:15,511 and sent to mynifi:8082 at 2024-10-31 09:01:15,520; send took 9 millis
2024-10-31 09:01:20,212 INFO [Heartbeat Monitor Thread-1] o.a.n.c.c.h.AbstractHeartbeatMonitor Finished processing 1 heartbeats in 22985 nanos
2024-10-31 09:01:20,523 INFO [Process Cluster Protocol Request-9] o.a.n.c.p.impl.SocketProtocolListener Finished processing request e219803c-4103-4a4f-9196-6084292f3f65 (type=HEARTBEAT, length=2243 bytes) from mynifi:8080 in 969301 nanos
2024-10-31 09:01:20,524 INFO [Clustering Tasks Thread-2] o.a.n.c.c.ClusterProtocolHeartbeater Heartbeat created at 2024-10-31 09:01:20,521 and sent to mynifi:8082 at 2024-10-31 09:01:20,524; send took 3 millis
2024-10-31 09:01:23,768 INFO [pool-13-thread-1] o.a.n.c.r.WriteAheadFlowFileRepository Initiating checkpoint of FlowFile Repository
2024-10-31 09:01:23,768 INFO [pool-13-thread-1] o.a.n.c.r.WriteAheadFlowFileRepository Successfully checkpointed FlowFile Repository with 1 records in 0 milliseconds
2024-10-31 09:01:25,212 INFO [Heartbeat Monitor Thread-1] o.a.n.c.c.h.AbstractHeartbeatMonitor Finished processing 1 heartbeats in 21700 nanos
2024-10-31 09:01:25,527 INFO [Process Cluster Protocol Request-10] o.a.n.c.p.impl.SocketProtocolListener Finished processing request d9156c37-f7e6-4484-947f-9546c577a743 (type=HEARTBEAT, length=2243 bytes) from mynifi:8080 in 802811 nanos
2024-10-31 09:01:25,527 INFO [Clustering Tasks Thread-2] o.a.n.c.c.ClusterProtocolHeartbeater Heartbeat created at 2024-10-31 09:01:25,525 and sent to mynifi:8082 at 2024-10-31 09:01:25,527; send took 2 millis
2024-10-31 09:01:30,213 INFO [Heartbeat Monitor Thread-1] o.a.n.c.c.h.AbstractHeartbeatMonitor Finished processing 1 heartbeats in 18917 nanos
2024-10-31 09:01:30,530 INFO [Process Cluster Protocol Request-1] o.a.n.c.p.impl.SocketProtocolListener Finished processing request 4f4708db-4963-45f8-bb61-81a89c0c58be (type=HEARTBEAT, length=2243 bytes) from mynifi:8080 in 1 millis
2024-10-31 09:01:30,531 INFO [Clustering Tasks Thread-2] o.a.n.c.c.ClusterProtocolHeartbeater Heartbeat created at 2024-10-31 09:01:30,528 and sent to mynifi:8082 at 2024-10-31 09:01:30,531; send took 3 millis
2024-10-31 09:01:35,213 INFO [Heartbeat Monitor Thread-1] o.a.n.c.c.h.AbstractHeartbeatMonitor Finished processing 1 heartbeats in 40419 nanos
2024-10-31 09:01:35,538 INFO [Process Cluster Protocol Request-2] o.a.n.c.p.impl.SocketProtocolListener Finished processing request 6dd57794-d5c6-4cf5-97ce-972022ed0cd7 (type=HEARTBEAT, length=2243 bytes) from mynifi:8080 in 2 millis
2024-10-31 09:01:35,541 INFO [Clustering Tasks Thread-2] o.a.n.c.c.ClusterProtocolHeartbeater Heartbeat created at 2024-10-31 09:01:35,532 and sent to mynifi:8082 at 2024-10-31 09:01:35,541; send took 9 millis
2024-10-31 09:01:40,213 INFO [Heartbeat Monitor Thread-1] o.a.n.c.c.h.AbstractHeartbeatMonitor Finished processing 1 heartbeats in 21537 nanos
2024-10-31 09:01:40,547 INFO [Process Cluster Protocol Request-3] o.a.n.c.p.impl.SocketProtocolListener Finished processing request 0aa463ef-ab37-4f5d-928b-d9057d7b4bf1 (type=HEARTBEAT, length=2243 bytes) from mynifi:8080 in 2 millis
2024-10-31 09:01:40,550 INFO [Clustering Tasks Thread-2] o.a.n.c.c.ClusterProtocolHeartbeater Heartbeat created at 2024-10-31 09:01:40,541 and sent to mynifi:8082 at 2024-10-31 09:01:40,550; send took 8 millis
2024-10-31 09:01:43,768 INFO [pool-13-thread-1] o.a.n.c.r.WriteAheadFlowFileRepository Initiating checkpoint of FlowFile Repository
2024-10-31 09:01:43,769 INFO [pool-13-thread-1] o.a.n.c.r.WriteAheadFlowFileRepository Successfully checkpointed FlowFile Repository with 1 records in 0 milliseconds
2024-10-31 09:01:45,214 INFO [Heartbeat Monitor Thread-1] o.a.n.c.c.h.AbstractHeartbeatMonitor Finished processing 1 heartbeats in 21528 nanos
2024-10-31 09:01:45,557 INFO [Process Cluster Protocol Request-4] o.a.n.c.p.impl.SocketProtocolListener Finished processing request dfc5f089-927d-4a31-8a57-eb51f199cae9 (type=HEARTBEAT, length=2243 bytes) from mynifi:8080 in 2 millis
2024-10-31 09:01:45,560 INFO [Clustering Tasks Thread-2] o.a.n.c.c.ClusterProtocolHeartbeater Heartbeat created at 2024-10-31 09:01:45,551 and sent to mynifi:8082 at 2024-10-31 09:01:45,560; send took 9 millis
2024-10-31 09:01:50,214 INFO [Heartbeat Monitor Thread-1] o.a.n.c.c.h.AbstractHeartbeatMonitor Finished processing 1 heartbeats in 21674 nanos
2024-10-31 09:01:50,563 INFO [Process Cluster Protocol Request-5] o.a.n.c.p.impl.SocketProtocolListener Finished processing request 3f19d6f0-50fc-4ed6-9036-5defb1fb4945 (type=HEARTBEAT, length=2243 bytes) from mynifi:8080 in 1 millis
2024-10-31 09:01:50,565 INFO [Clustering Tasks Thread-2] o.a.n.c.c.ClusterProtocolHeartbeater Heartbeat created at 2024-10-31 09:01:50,560 and sent to mynifi:8082 at 2024-10-31 09:01:50,565; send took 4 millis
2024-10-31 09:01:55,215 INFO [Heartbeat Monitor Thread-1] o.a.n.c.c.h.AbstractHeartbeatMonitor Finished processing 1 heartbeats in 20326 nanos
2024-10-31 09:01:55,571 INFO [Process Cluster Protocol Request-6] o.a.n.c.p.impl.SocketProtocolListener Finished processing request eebc6369-5b47-4b47-9fe0-05777fa99845 (type=HEARTBEAT, length=2243 bytes) from mynifi:8080 in 2 millis
2024-10-31 09:01:55,575 INFO [Clustering Tasks Thread-2] o.a.n.c.c.ClusterProtocolHeartbeater Heartbeat created at 2024-10-31 09:01:55,565 and sent to mynifi:8082 at 2024-10-31 09:01:55,575; send took 10 millis
2024-10-31 09:02:00,215 INFO [Heartbeat Monitor Thread-1] o.a.n.c.c.h.AbstractHeartbeatMonitor Finished processing 1 heartbeats in 23540 nanos
2024-10-31 09:02:00,582 INFO [Process Cluster Protocol Request-7] o.a.n.c.p.impl.SocketProtocolListener Finished processing request 1c56cbbf-f89f-435b-831f-b2b134684ac0 (type=HEARTBEAT, length=2243 bytes) from mynifi:8080 in 2 millis
2024-10-31 09:02:00,584 INFO [Clustering Tasks Thread-2] o.a.n.c.c.ClusterProtocolHeartbeater Heartbeat created at 2024-10-31 09:02:00,576 and sent to mynifi:8082 at 2024-10-31 09:02:00,584; send took 8 millis
2024-10-31 09:02:03,769 INFO [pool-13-thread-1] o.a.n.c.r.WriteAheadFlowFileRepository Initiating checkpoint of FlowFile Repository
2024-10-31 09:02:03,769 INFO [pool-13-thread-1] o.a.n.c.r.WriteAheadFlowFileRepository Successfully checkpointed FlowFile Repository with 1 records in 0 milliseconds
2024-10-31 09:02:05,215 INFO [Heartbeat Monitor Thread-1] o.a.n.c.c.h.AbstractHeartbeatMonitor Finished processing 1 heartbeats in 20244 nanos
2024-10-31 09:02:05,591 INFO [Process Cluster Protocol Request-8] o.a.n.c.p.impl.SocketProtocolListener Finished processing request 6d50985f-e321-4508-8d22-cb0dd462c925 (type=HEARTBEAT, length=2243 bytes) from mynifi:8080 in 2 millis
2024-10-31 09:02:05,594 INFO [Clustering Tasks Thread-2] o.a.n.c.c.ClusterProtocolHeartbeater Heartbeat created at 2024-10-31 09:02:05,585 and sent to mynifi:8082 at 2024-10-31 09:02:05,594; send took 9 millis
2024-10-31 09:02:08,311 INFO [Write-Ahead Local State Provider Maintenance] org.wali.MinimalLockingWriteAheadLog org.wali.MinimalLockingWriteAheadLog@7555782c checkpointed with 25 Records and 0 Swap Files in 4 milliseconds (Stop-the-world time = 1 milliseconds, Clear Edit Logs time = 1 millis), max Transaction ID 111
2024-10-31 09:02:10,216 INFO [Heartbeat Monitor Thread-1] o.a.n.c.c.h.AbstractHeartbeatMonitor Finished processing 1 heartbeats in 12230 nanos
2024-10-31 09:02:10,601 INFO [Process Cluster Protocol Request-9] o.a.n.c.p.impl.SocketProtocolListener Finished processing request 99e6f3ff-2228-4db7-8de6-77dcab5d0cfa (type=HEARTBEAT, length=2243 bytes) from mynifi:8080 in 2 millis
2024-10-31 09:02:10,604 INFO [Clustering Tasks Thread-2] o.a.n.c.c.ClusterProtocolHeartbeater Heartbeat created at 2024-10-31 09:02:10,595 and sent to mynifi:8082 at 2024-10-31 09:02:10,604; send took 8 millis
2024-10-31 09:02:10,741 INFO [Cleanup Archive for default] o.a.n.c.repository.FileSystemRepository Successfully deleted 0 files (0 bytes) from archive
2024-10-31 09:02:15,216 INFO [Heartbeat Monitor Thread-1] o.a.n.c.c.h.AbstractHeartbeatMonitor Finished processing 1 heartbeats in 22460 nanos
2024-10-31 09:02:15,611 INFO [Process Cluster Protocol Request-10] o.a.n.c.p.impl.SocketProtocolListener Finished processing request 87887460-2332-4e99-8df2-ab5d1e645d15 (type=HEARTBEAT, length=2243 bytes) from mynifi:8080 in 2 millis
2024-10-31 09:02:15,614 INFO [Clustering Tasks Thread-2] o.a.n.c.c.ClusterProtocolHeartbeater Heartbeat created at 2024-10-31 09:02:15,604 and sent to mynifi:8082 at 2024-10-31 09:02:15,614; send took 9 millis
2024-10-31 09:02:20,216 INFO [Heartbeat Monitor Thread-1] o.a.n.c.c.h.AbstractHeartbeatMonitor Finished processing 1 heartbeats in 22710 nanos
2024-10-31 09:02:20,621 INFO [Process Cluster Protocol Request-1] o.a.n.c.p.impl.SocketProtocolListener Finished processing request 00e1922d-fc78-40f9-9152-f5da555ac14d (type=HEARTBEAT, length=2243 bytes) from mynifi:8080 in 3 millis
2024-10-31 09:02:20,624 INFO [Clustering Tasks Thread-2] o.a.n.c.c.ClusterProtocolHeartbeater Heartbeat created at 2024-10-31 09:02:20,614 and sent to mynifi:8082 at 2024-10-31 09:02:20,624; send took 9 millis
2024-10-31 09:02:23,769 INFO [pool-13-thread-1] o.a.n.c.r.WriteAheadFlowFileRepository Initiating checkpoint of FlowFile Repository
2024-10-31 09:02:23,769 INFO [pool-13-thread-1] o.a.n.c.r.WriteAheadFlowFileRepository Successfully checkpointed FlowFile Repository with 1 records in 0 milliseconds
2024-10-31 09:02:25,217 INFO [Heartbeat Monitor Thread-1] o.a.n.c.c.h.AbstractHeartbeatMonitor Finished processing 1 heartbeats in 25126 nanos
2024-10-31 09:02:25,632 INFO [Process Cluster Protocol Request-2] o.a.n.c.p.impl.SocketProtocolListener Finished processing request b2c5cde1-42fc-413e-860a-163128f94b91 (type=HEARTBEAT, length=2243 bytes) from mynifi:8080 in 3 millis
2024-10-31 09:02:25,634 INFO [Clustering Tasks Thread-2] o.a.n.c.c.ClusterProtocolHeartbeater Heartbeat created at 2024-10-31 09:02:25,625 and sent to mynifi:8082 at 2024-10-31 09:02:25,634; send took 9 millis
2024-10-31 09:02:30,217 INFO [Heartbeat Monitor Thread-1] o.a.n.c.c.h.AbstractHeartbeatMonitor Finished processing 1 heartbeats in 21618 nanos
2024-10-31 09:02:30,641 INFO [Process Cluster Protocol Request-3] o.a.n.c.p.impl.SocketProtocolListener Finished processing request 67aaf711-a19e-4a9e-b058-710547717184 (type=HEARTBEAT, length=2243 bytes) from mynifi:8080 in 2 millis
2024-10-31 09:02:30,644 INFO [Clustering Tasks Thread-2] o.a.n.c.c.ClusterProtocolHeartbeater Heartbeat created at 2024-10-31 09:02:30,635 and sent to mynifi:8082 at 2024-10-31 09:02:30,644; send took 8 millis
2024-10-31 09:02:35,218 INFO [Heartbeat Monitor Thread-1] o.a.n.c.c.h.AbstractHeartbeatMonitor Finished processing 1 heartbeats in 22255 nanos
2024-10-31 09:02:35,651 INFO [Process Cluster Protocol Request-4] o.a.n.c.p.impl.SocketProtocolListener Finished processing request 48cf70a6-e002-45fa-86f2-b2901b31a70e (type=HEARTBEAT, length=2243 bytes) from mynifi:8080 in 2 millis
2024-10-31 09:02:35,653 INFO [Clustering Tasks Thread-2] o.a.n.c.c.ClusterProtocolHeartbeater Heartbeat created at 2024-10-31 09:02:35,644 and sent to mynifi:8082 at 2024-10-31 09:02:35,653; send took 8 millis
2024-10-31 09:02:40,218 INFO [Heartbeat Monitor Thread-1] o.a.n.c.c.h.AbstractHeartbeatMonitor Finished processing 1 heartbeats in 22854 nanos
2024-10-31 09:02:40,660 INFO [Process Cluster Protocol Request-5] o.a.n.c.p.impl.SocketProtocolListener Finished processing request 345c9c66-ac47-46e8-b11b-f0048a2f83c1 (type=HEARTBEAT, length=2243 bytes) from mynifi:8080 in 2 millis
2024-10-31 09:02:40,662 INFO [Clustering Tasks Thread-2] o.a.n.c.c.ClusterProtocolHeartbeater Heartbeat created at 2024-10-31 09:02:40,654 and sent to mynifi:8082 at 2024-10-31 09:02:40,662; send took 8 millis
2024-10-31 09:02:43,770 INFO [pool-13-thread-1] o.a.n.c.r.WriteAheadFlowFileRepository Initiating checkpoint of FlowFile Repository
2024-10-31 09:02:43,770 INFO [pool-13-thread-1] o.a.n.c.r.WriteAheadFlowFileRepository Successfully checkpointed FlowFile Repository with 1 records in 0 milliseconds
2024-10-31 09:02:45,218 INFO [Heartbeat Monitor Thread-1] o.a.n.c.c.h.AbstractHeartbeatMonitor Finished processing 1 heartbeats in 21426 nanos
2024-10-31 09:02:45,665 INFO [Process Cluster Protocol Request-6] o.a.n.c.p.impl.SocketProtocolListener Finished processing request 65a13644-b238-415b-b4cc-fefdf72fc1df (type=HEARTBEAT, length=2243 bytes) from mynifi:8080 in 796567 nanos
2024-10-31 09:02:45,665 INFO [Clustering Tasks Thread-2] o.a.n.c.c.ClusterProtocolHeartbeater Heartbeat created at 2024-10-31 09:02:45,663 and sent to mynifi:8082 at 2024-10-31 09:02:45,665; send took 2 millis
2024-10-31 09:02:50,219 INFO [Heartbeat Monitor Thread-1] o.a.n.c.c.h.AbstractHeartbeatMonitor Finished processing 1 heartbeats in 11337 nanos
2024-10-31 09:02:50,672 INFO [Process Cluster Protocol Request-7] o.a.n.c.p.impl.SocketProtocolListener Finished processing request 3c04ee53-1588-4919-a8e2-b8f8d9f46522 (type=HEARTBEAT, length=2243 bytes) from mynifi:8080 in 3 millis
2024-10-31 09:02:50,675 INFO [Clustering Tasks Thread-2] o.a.n.c.c.ClusterProtocolHeartbeater Heartbeat created at 2024-10-31 09:02:50,666 and sent to mynifi:8082 at 2024-10-31 09:02:50,675; send took 9 millis
2024-10-31 09:02:55,219 INFO [Heartbeat Monitor Thread-1] o.a.n.c.c.h.AbstractHeartbeatMonitor Finished processing 1 heartbeats in 21653 nanos
2024-10-31 09:02:55,682 INFO [Process Cluster Protocol Request-8] o.a.n.c.p.impl.SocketProtocolListener Finished processing request ba3ea61b-a2cd-4707-b856-a1af261eac31 (type=HEARTBEAT, length=2243 bytes) from mynifi:8080 in 2 millis
2024-10-31 09:02:55,685 INFO [Clustering Tasks Thread-2] o.a.n.c.c.ClusterProtocolHeartbeater Heartbeat created at 2024-10-31 09:02:55,676 and sent to mynifi:8082 at 2024-10-31 09:02:55,685; send took 9 millis
2024-10-31 09:03:00,220 INFO [Heartbeat Monitor Thread-1] o.a.n.c.c.h.AbstractHeartbeatMonitor Finished processing 1 heartbeats in 20587 nanos
2024-10-31 09:03:00,691 INFO [Process Cluster Protocol Request-9] o.a.n.c.p.impl.SocketProtocolListener Finished processing request 5b3bc9e4-19a2-46bd-9630-47f0b13ee625 (type=HEARTBEAT, length=2243 bytes) from mynifi:8080 in 2 millis
2024-10-31 09:03:00,694 INFO [Clustering Tasks Thread-2] o.a.n.c.c.ClusterProtocolHeartbeater Heartbeat created at 2024-10-31 09:03:00,685 and sent to mynifi:8082 at 2024-10-31 09:03:00,694; send took 8 millis
2024-10-31 09:03:03,770 INFO [pool-13-thread-1] o.a.n.c.r.WriteAheadFlowFileRepository Initiating checkpoint of FlowFile Repository
2024-10-31 09:03:03,770 INFO [pool-13-thread-1] o.a.n.c.r.WriteAheadFlowFileRepository Successfully checkpointed FlowFile Repository with 1 records in 0 milliseconds
2024-10-31 09:03:05,220 INFO [Heartbeat Monitor Thread-1] o.a.n.c.c.h.AbstractHeartbeatMonitor Finished processing 1 heartbeats in 34886 nanos
2024-10-31 09:03:05,700 INFO [Process Cluster Protocol Request-10] o.a.n.c.p.impl.SocketProtocolListener Finished processing request a0b7b65c-122e-4eeb-942b-a8b4d91baf5e (type=HEARTBEAT, length=2243 bytes) from mynifi:8080 in 2 millis
2024-10-31 09:03:05,703 INFO [Clustering Tasks Thread-2] o.a.n.c.c.ClusterProtocolHeartbeater Heartbeat created at 2024-10-31 09:03:05,694 and sent to mynifi:8082 at 2024-10-31 09:03:05,703; send took 8 millis
2024-10-31 09:03:10,220 INFO [Heartbeat Monitor Thread-1] o.a.n.c.c.h.AbstractHeartbeatMonitor Finished processing 1 heartbeats in 22335 nanos
2024-10-31 09:03:10,709 INFO [Process Cluster Protocol Request-1] o.a.n.c.p.impl.SocketProtocolListener Finished processing request 766eadc4-a9d8-4a5c-9afc-2c4d6340e53e (type=HEARTBEAT, length=2243 bytes) from mynifi:8080 in 2 millis
2024-10-31 09:03:10,712 INFO [Clustering Tasks Thread-2] o.a.n.c.c.ClusterProtocolHeartbeater Heartbeat created at 2024-10-31 09:03:10,703 and sent to mynifi:8082 at 2024-10-31 09:03:10,712; send took 8 millis
2024-10-31 09:03:10,769 INFO [Cleanup Archive for default] o.a.n.c.repository.FileSystemRepository Successfully deleted 0 files (0 bytes) from archive
2024-10-31 09:03:15,221 INFO [Heartbeat Monitor Thread-1] o.a.n.c.c.h.AbstractHeartbeatMonitor Finished processing 1 heartbeats in 22015 nanos
2024-10-31 09:03:15,719 INFO [Process Cluster Protocol Request-2] o.a.n.c.p.impl.SocketProtocolListener Finished processing request 454dc495-1575-4079-aa8c-9b226b99e400 (type=HEARTBEAT, length=2243 bytes) from mynifi:8080 in 3 millis
2024-10-31 09:03:15,722 INFO [Clustering Tasks Thread-2] o.a.n.c.c.ClusterProtocolHeartbeater Heartbeat created at 2024-10-31 09:03:15,712 and sent to mynifi:8082 at 2024-10-31 09:03:15,722; send took 10 millis
2024-10-31 09:03:20,221 INFO [Heartbeat Monitor Thread-1] o.a.n.c.c.h.AbstractHeartbeatMonitor Finished processing 1 heartbeats in 22168 nanos
2024-10-31 09:03:20,726 INFO [Process Cluster Protocol Request-3] o.a.n.c.p.impl.SocketProtocolListener Finished processing request 99197454-3f3d-4e8a-a11b-d75ed4ed5336 (type=HEARTBEAT, length=2243 bytes) from mynifi:8080 in 1 millis
2024-10-31 09:03:20,727 INFO [Clustering Tasks Thread-2] o.a.n.c.c.ClusterProtocolHeartbeater Heartbeat created at 2024-10-31 09:03:20,723 and sent to mynifi:8082 at 2024-10-31 09:03:20,727; send took 4 millis
2024-10-31 09:03:23,770 INFO [pool-13-thread-1] o.a.n.c.r.WriteAheadFlowFileRepository Initiating checkpoint of FlowFile Repository
2024-10-31 09:03:23,771 INFO [pool-13-thread-1] o.a.n.c.r.WriteAheadFlowFileRepository Successfully checkpointed FlowFile Repository with 1 records in 0 milliseconds
2024-10-31 09:03:25,222 INFO [Heartbeat Monitor Thread-1] o.a.n.c.c.h.AbstractHeartbeatMonitor Finished processing 1 heartbeats in 22679 nanos
2024-10-31 09:03:25,734 INFO [Process Cluster Protocol Request-4] o.a.n.c.p.impl.SocketProtocolListener Finished processing request ad86020a-fb61-4094-9153-bc786c028082 (type=HEARTBEAT, length=2243 bytes) from mynifi:8080 in 2 millis
2024-10-31 09:03:25,737 INFO [Clustering Tasks Thread-2] o.a.n.c.c.ClusterProtocolHeartbeater Heartbeat created at 2024-10-31 09:03:25,728 and sent to mynifi:8082 at 2024-10-31 09:03:25,737; send took 9 millis
2024-10-31 09:03:30,222 INFO [Heartbeat Monitor Thread-1] o.a.n.c.c.h.AbstractHeartbeatMonitor Finished processing 1 heartbeats in 20957 nanos
2024-10-31 09:03:30,743 INFO [Process Cluster Protocol Request-5] o.a.n.c.p.impl.SocketProtocolListener Finished processing request fc9e71dc-be22-49fe-a763-51c128509202 (type=HEARTBEAT, length=2243 bytes) from mynifi:8080 in 2 millis
2024-10-31 09:03:30,746 INFO [Clustering Tasks Thread-2] o.a.n.c.c.ClusterProtocolHeartbeater Heartbeat created at 2024-10-31 09:03:30,737 and sent to mynifi:8082 at 2024-10-31 09:03:30,746; send took 8 millis
2024-10-31 09:03:35,223 INFO [Heartbeat Monitor Thread-1] o.a.n.c.c.h.AbstractHeartbeatMonitor Finished processing 1 heartbeats in 22078 nanos
2024-10-31 09:03:35,752 INFO [Process Cluster Protocol Request-6] o.a.n.c.p.impl.SocketProtocolListener Finished processing request da21c285-f7ea-4be6-ae6f-22a1371a1cb6 (type=HEARTBEAT, length=2243 bytes) from mynifi:8080 in 2 millis
2024-10-31 09:03:35,755 INFO [Clustering Tasks Thread-2] o.a.n.c.c.ClusterProtocolHeartbeater Heartbeat created at 2024-10-31 09:03:35,746 and sent to mynifi:8082 at 2024-10-31 09:03:35,755; send took 8 millis
2024-10-31 09:03:40,223 INFO [Heartbeat Monitor Thread-1] o.a.n.c.c.h.AbstractHeartbeatMonitor Finished processing 1 heartbeats in 12375 nanos
2024-10-31 09:03:40,761 INFO [Process Cluster Protocol Request-7] o.a.n.c.p.impl.SocketProtocolListener Finished processing request 2912ec43-ab9b-4793-b694-aeeefe875cfd (type=HEARTBEAT, length=2243 bytes) from mynifi:8080 in 2 millis
2024-10-31 09:03:40,764 INFO [Clustering Tasks Thread-2] o.a.n.c.c.ClusterProtocolHeartbeater Heartbeat created at 2024-10-31 09:03:40,755 and sent to mynifi:8082 at 2024-10-31 09:03:40,764; send took 8 millis
2024-10-31 09:03:43,771 INFO [pool-13-thread-1] o.a.n.c.r.WriteAheadFlowFileRepository Initiating checkpoint of FlowFile Repository
2024-10-31 09:03:43,771 INFO [pool-13-thread-1] o.a.n.c.r.WriteAheadFlowFileRepository Successfully checkpointed FlowFile Repository with 1 records in 0 milliseconds
2024-10-31 09:03:45,223 INFO [Heartbeat Monitor Thread-1] o.a.n.c.c.h.AbstractHeartbeatMonitor Finished processing 1 heartbeats in 11281 nanos
2024-10-31 09:03:45,770 INFO [Process Cluster Protocol Request-8] o.a.n.c.p.impl.SocketProtocolListener Finished processing request d79c824a-4976-4ce6-9e82-68160fd5208e (type=HEARTBEAT, length=2243 bytes) from mynifi:8080 in 2 millis
2024-10-31 09:03:45,773 INFO [Clustering Tasks Thread-2] o.a.n.c.c.ClusterProtocolHeartbeater Heartbeat created at 2024-10-31 09:03:45,764 and sent to mynifi:8082 at 2024-10-31 09:03:45,773; send took 8 millis
2024-10-31 09:03:50,223 INFO [Heartbeat Monitor Thread-1] o.a.n.c.c.h.AbstractHeartbeatMonitor Finished processing 1 heartbeats in 20992 nanos
2024-10-31 09:03:50,780 INFO [Process Cluster Protocol Request-9] o.a.n.c.p.impl.SocketProtocolListener Finished processing request 398127a3-1792-475b-93f1-e4583b4f65b7 (type=HEARTBEAT, length=2243 bytes) from mynifi:8080 in 2 millis
2024-10-31 09:03:50,782 INFO [Clustering Tasks Thread-2] o.a.n.c.c.ClusterProtocolHeartbeater Heartbeat created at 2024-10-31 09:03:50,773 and sent to mynifi:8082 at 2024-10-31 09:03:50,782; send took 8 millis
2024-10-31 09:03:55,224 INFO [Heartbeat Monitor Thread-1] o.a.n.c.c.h.AbstractHeartbeatMonitor Finished processing 1 heartbeats in 20834 nanos
2024-10-31 09:03:55,789 INFO [Process Cluster Protocol Request-10] o.a.n.c.p.impl.SocketProtocolListener Finished processing request acb8624d-123a-4031-b76b-da436158ca11 (type=HEARTBEAT, length=2243 bytes) from mynifi:8080 in 2 millis
2024-10-31 09:03:55,792 INFO [Clustering Tasks Thread-2] o.a.n.c.c.ClusterProtocolHeartbeater Heartbeat created at 2024-10-31 09:03:55,783 and sent to mynifi:8082 at 2024-10-31 09:03:55,792; send took 8 millis
2024-10-31 09:04:00,224 INFO [Heartbeat Monitor Thread-1] o.a.n.c.c.h.AbstractHeartbeatMonitor Finished processing 1 heartbeats in 24346 nanos
2024-10-31 09:04:00,795 INFO [Process Cluster Protocol Request-1] o.a.n.c.p.impl.SocketProtocolListener Finished processing request 92b7421f-abde-4cdb-8138-ada946262a2d (type=HEARTBEAT, length=2243 bytes) from mynifi:8080 in 1 millis
2024-10-31 09:04:00,797 INFO [Clustering Tasks Thread-2] o.a.n.c.c.ClusterProtocolHeartbeater Heartbeat created at 2024-10-31 09:04:00,792 and sent to mynifi:8082 at 2024-10-31 09:04:00,797; send took 4 millis
2024-10-31 09:04:03,771 INFO [pool-13-thread-1] o.a.n.c.r.WriteAheadFlowFileRepository Initiating checkpoint of FlowFile Repository
2024-10-31 09:04:03,772 INFO [pool-13-thread-1] o.a.n.c.r.WriteAheadFlowFileRepository Successfully checkpointed FlowFile Repository with 1 records in 0 milliseconds
2024-10-31 09:04:05,225 INFO [Heartbeat Monitor Thread-1] o.a.n.c.c.h.AbstractHeartbeatMonitor Finished processing 1 heartbeats in 20549 nanos
2024-10-31 09:04:05,803 INFO [Process Cluster Protocol Request-2] o.a.n.c.p.impl.SocketProtocolListener Finished processing request 377092ab-aa13-4e0a-bbc5-db5a3618cc1f (type=HEARTBEAT, length=2243 bytes) from mynifi:8080 in 2 millis
2024-10-31 09:04:05,806 INFO [Clustering Tasks Thread-2] o.a.n.c.c.ClusterProtocolHeartbeater Heartbeat created at 2024-10-31 09:04:05,797 and sent to mynifi:8082 at 2024-10-31 09:04:05,806; send took 8 millis
2024-10-31 09:04:08,316 INFO [Write-Ahead Local State Provider Maintenance] org.wali.MinimalLockingWriteAheadLog org.wali.MinimalLockingWriteAheadLog@7555782c checkpointed with 25 Records and 0 Swap Files in 5 milliseconds (Stop-the-world time = 1 milliseconds, Clear Edit Logs time = 1 millis), max Transaction ID 111
2024-10-31 09:04:10,225 INFO [Heartbeat Monitor Thread-1] o.a.n.c.c.h.AbstractHeartbeatMonitor Finished processing 1 heartbeats in 8671 nanos
2024-10-31 09:04:10,797 INFO [Cleanup Archive for default] o.a.n.c.repository.FileSystemRepository Successfully deleted 0 files (0 bytes) from archive
2024-10-31 09:04:10,808 INFO [Process Cluster Protocol Request-3] o.a.n.c.p.impl.SocketProtocolListener Finished processing request a6b3cd0c-4e32-4de8-8abf-d8f895a56fb2 (type=HEARTBEAT, length=2243 bytes) from mynifi:8080 in 847590 nanos
2024-10-31 09:04:10,809 INFO [Clustering Tasks Thread-2] o.a.n.c.c.ClusterProtocolHeartbeater Heartbeat created at 2024-10-31 09:04:10,806 and sent to mynifi:8082 at 2024-10-31 09:04:10,809; send took 2 millis
2024-10-31 09:04:15,225 INFO [Heartbeat Monitor Thread-1] o.a.n.c.c.h.AbstractHeartbeatMonitor Finished processing 1 heartbeats in 22176 nanos
2024-10-31 09:04:15,815 INFO [Process Cluster Protocol Request-4] o.a.n.c.p.impl.SocketProtocolListener Finished processing request 56c55583-311b-4767-94d3-72daa3333011 (type=HEARTBEAT, length=2243 bytes) from mynifi:8080 in 2 millis
2024-10-31 09:04:15,818 INFO [Clustering Tasks Thread-2] o.a.n.c.c.ClusterProtocolHeartbeater Heartbeat created at 2024-10-31 09:04:15,809 and sent to mynifi:8082 at 2024-10-31 09:04:15,818; send took 8 millis
2024-10-31 09:04:20,226 INFO [Heartbeat Monitor Thread-1] o.a.n.c.c.h.AbstractHeartbeatMonitor Finished processing 1 heartbeats in 11482 nanos
2024-10-31 09:04:20,825 INFO [Process Cluster Protocol Request-5] o.a.n.c.p.impl.SocketProtocolListener Finished processing request 3c13149a-5322-406b-8c1a-81b0baa7bd28 (type=HEARTBEAT, length=2243 bytes) from mynifi:8080 in 2 millis
2024-10-31 09:04:20,827 INFO [Clustering Tasks Thread-2] o.a.n.c.c.ClusterProtocolHeartbeater Heartbeat created at 2024-10-31 09:04:20,819 and sent to mynifi:8082 at 2024-10-31 09:04:20,827; send took 8 millis
2024-10-31 09:04:23,772 INFO [pool-13-thread-1] o.a.n.c.r.WriteAheadFlowFileRepository Initiating checkpoint of FlowFile Repository
2024-10-31 09:04:23,772 INFO [pool-13-thread-1] o.a.n.c.r.WriteAheadFlowFileRepository Successfully checkpointed FlowFile Repository with 1 records in 0 milliseconds
2024-10-31 09:04:25,226 INFO [Heartbeat Monitor Thread-1] o.a.n.c.c.h.AbstractHeartbeatMonitor Finished processing 1 heartbeats in 23186 nanos
2024-10-31 09:04:25,834 INFO [Process Cluster Protocol Request-6] o.a.n.c.p.impl.SocketProtocolListener Finished processing request 4f621488-2910-43f8-919b-8edb6266edf9 (type=HEARTBEAT, length=2243 bytes) from mynifi:8080 in 2 millis
2024-10-31 09:04:25,836 INFO [Clustering Tasks Thread-2] o.a.n.c.c.ClusterProtocolHeartbeater Heartbeat created at 2024-10-31 09:04:25,828 and sent to mynifi:8082 at 2024-10-31 09:04:25,836; send took 8 millis
2024-10-31 09:04:30,226 INFO [Heartbeat Monitor Thread-1] o.a.n.c.c.h.AbstractHeartbeatMonitor Finished processing 1 heartbeats in 22078 nanos
2024-10-31 09:04:30,843 INFO [Process Cluster Protocol Request-7] o.a.n.c.p.impl.SocketProtocolListener Finished processing request 3f3a5497-04c0-433c-a3f4-20b041afb607 (type=HEARTBEAT, length=2243 bytes) from mynifi:8080 in 2 millis
2024-10-31 09:04:30,846 INFO [Clustering Tasks Thread-2] o.a.n.c.c.ClusterProtocolHeartbeater Heartbeat created at 2024-10-31 09:04:30,837 and sent to mynifi:8082 at 2024-10-31 09:04:30,846; send took 8 millis
2024-10-31 09:04:35,227 INFO [Heartbeat Monitor Thread-1] o.a.n.c.c.h.AbstractHeartbeatMonitor Finished processing 1 heartbeats in 21957 nanos
2024-10-31 09:04:35,852 INFO [Process Cluster Protocol Request-8] o.a.n.c.p.impl.SocketProtocolListener Finished processing request 1e38cc8e-3b87-4b99-9c76-5729bb87628d (type=HEARTBEAT, length=2243 bytes) from mynifi:8080 in 2 millis
2024-10-31 09:04:35,855 INFO [Clustering Tasks Thread-2] o.a.n.c.c.ClusterProtocolHeartbeater Heartbeat created at 2024-10-31 09:04:35,846 and sent to mynifi:8082 at 2024-10-31 09:04:35,855; send took 8 millis
2024-10-31 09:04:40,227 INFO [Heartbeat Monitor Thread-1] o.a.n.c.c.h.AbstractHeartbeatMonitor Finished processing 1 heartbeats in 21100 nanos
2024-10-31 09:04:40,862 INFO [Process Cluster Protocol Request-9] o.a.n.c.p.impl.SocketProtocolListener Finished processing request 1fc7974d-1c19-4729-a435-2388a49cb3c9 (type=HEARTBEAT, length=2243 bytes) from mynifi:8080 in 2 millis
2024-10-31 09:04:40,864 INFO [Clustering Tasks Thread-2] o.a.n.c.c.ClusterProtocolHeartbeater Heartbeat created at 2024-10-31 09:04:40,856 and sent to mynifi:8082 at 2024-10-31 09:04:40,864; send took 8 millis
2024-10-31 09:04:43,772 INFO [pool-13-thread-1] o.a.n.c.r.WriteAheadFlowFileRepository Initiating checkpoint of FlowFile Repository
2024-10-31 09:04:43,772 INFO [pool-13-thread-1] o.a.n.c.r.WriteAheadFlowFileRepository Successfully checkpointed FlowFile Repository with 1 records in 0 milliseconds
2024-10-31 09:04:45,228 INFO [Heartbeat Monitor Thread-1] o.a.n.c.c.h.AbstractHeartbeatMonitor Finished processing 1 heartbeats in 21488 nanos
2024-10-31 09:04:45,871 INFO [Process Cluster Protocol Request-10] o.a.n.c.p.impl.SocketProtocolListener Finished processing request 85151922-4d11-4c53-96c6-1dbe81f72a5e (type=HEARTBEAT, length=2243 bytes) from mynifi:8080 in 2 millis
2024-10-31 09:04:45,873 INFO [Clustering Tasks Thread-2] o.a.n.c.c.ClusterProtocolHeartbeater Heartbeat created at 2024-10-31 09:04:45,865 and sent to mynifi:8082 at 2024-10-31 09:04:45,873; send took 8 millis
2024-10-31 09:04:50,228 INFO [Heartbeat Monitor Thread-1] o.a.n.c.c.h.AbstractHeartbeatMonitor Finished processing 1 heartbeats in 9655 nanos
2024-10-31 09:04:50,880 INFO [Process Cluster Protocol Request-1] o.a.n.c.p.impl.SocketProtocolListener Finished processing request cf28cd61-b8fb-44cf-86dc-84ab454078a8 (type=HEARTBEAT, length=2243 bytes) from mynifi:8080 in 2 millis
2024-10-31 09:04:50,882 INFO [Clustering Tasks Thread-2] o.a.n.c.c.ClusterProtocolHeartbeater Heartbeat created at 2024-10-31 09:04:50,874 and sent to mynifi:8082 at 2024-10-31 09:04:50,882; send took 8 millis
2024-10-31 09:04:55,228 INFO [Heartbeat Monitor Thread-1] o.a.n.c.c.h.AbstractHeartbeatMonitor Finished processing 1 heartbeats in 21479 nanos
2024-10-31 09:04:55,889 INFO [Process Cluster Protocol Request-2] o.a.n.c.p.impl.SocketProtocolListener Finished processing request c66ce19d-afdb-4964-bbe3-fd6c74d34e37 (type=HEARTBEAT, length=2243 bytes) from mynifi:8080 in 2 millis
2024-10-31 09:04:55,891 INFO [Clustering Tasks Thread-2] o.a.n.c.c.ClusterProtocolHeartbeater Heartbeat created at 2024-10-31 09:04:55,883 and sent to mynifi:8082 at 2024-10-31 09:04:55,891; send took 8 millis
2024-10-31 09:05:00,229 INFO [Heartbeat Monitor Thread-1] o.a.n.c.c.h.AbstractHeartbeatMonitor Finished processing 1 heartbeats in 21720 nanos
2024-10-31 09:05:00,898 INFO [Process Cluster Protocol Request-3] o.a.n.c.p.impl.SocketProtocolListener Finished processing request 34341c3c-d0cd-41ff-b9a8-e94d764ef9f6 (type=HEARTBEAT, length=2243 bytes) from mynifi:8080 in 2 millis
2024-10-31 09:05:00,901 INFO [Clustering Tasks Thread-2] o.a.n.c.c.ClusterProtocolHeartbeater Heartbeat created at 2024-10-31 09:05:00,892 and sent to mynifi:8082 at 2024-10-31 09:05:00,901; send took 8 millis
2024-10-31 09:05:03,773 INFO [pool-13-thread-1] o.a.n.c.r.WriteAheadFlowFileRepository Initiating checkpoint of FlowFile Repository
2024-10-31 09:05:03,773 INFO [pool-13-thread-1] o.a.n.c.r.WriteAheadFlowFileRepository Successfully checkpointed FlowFile Repository with 1 records in 0 milliseconds
2024-10-31 09:05:05,229 INFO [Heartbeat Monitor Thread-1] o.a.n.c.c.h.AbstractHeartbeatMonitor Finished processing 1 heartbeats in 23165 nanos
2024-10-31 09:05:05,907 INFO [Process Cluster Protocol Request-4] o.a.n.c.p.impl.SocketProtocolListener Finished processing request 323c4700-855c-4499-8b36-7b40c1d62ba5 (type=HEARTBEAT, length=2243 bytes) from mynifi:8080 in 2 millis
2024-10-31 09:05:05,910 INFO [Clustering Tasks Thread-2] o.a.n.c.c.ClusterProtocolHeartbeater Heartbeat created at 2024-10-31 09:05:05,901 and sent to mynifi:8082 at 2024-10-31 09:05:05,910; send took 8 millis
2024-10-31 09:05:10,229 INFO [Heartbeat Monitor Thread-1] o.a.n.c.c.h.AbstractHeartbeatMonitor Finished processing 1 heartbeats in 21547 nanos
2024-10-31 09:05:10,859 INFO [Cleanup Archive for default] o.a.n.c.repository.FileSystemRepository Successfully deleted 0 files (0 bytes) from archive
2024-10-31 09:05:10,916 INFO [Process Cluster Protocol Request-5] o.a.n.c.p.impl.SocketProtocolListener Finished processing request ed75266d-fe58-4422-be7d-7f9a7a24f009 (type=HEARTBEAT, length=2243 bytes) from mynifi:8080 in 2 millis
2024-10-31 09:05:10,919 INFO [Clustering Tasks Thread-2] o.a.n.c.c.ClusterProtocolHeartbeater Heartbeat created at 2024-10-31 09:05:10,911 and sent to mynifi:8082 at 2024-10-31 09:05:10,919; send took 8 millis
2024-10-31 09:05:15,230 INFO [Heartbeat Monitor Thread-1] o.a.n.c.c.h.AbstractHeartbeatMonitor Finished processing 1 heartbeats in 39040 nanos
2024-10-31 09:05:15,926 INFO [Process Cluster Protocol Request-6] o.a.n.c.p.impl.SocketProtocolListener Finished processing request 1543cf6c-b60e-4edc-8e0b-fa0424e09111 (type=HEARTBEAT, length=2243 bytes) from mynifi:8080 in 2 millis
2024-10-31 09:05:15,929 INFO [Clustering Tasks Thread-2] o.a.n.c.c.ClusterProtocolHeartbeater Heartbeat created at 2024-10-31 09:05:15,920 and sent to mynifi:8082 at 2024-10-31 09:05:15,929; send took 8 millis
2024-10-31 09:05:20,230 INFO [Heartbeat Monitor Thread-1] o.a.n.c.c.h.AbstractHeartbeatMonitor Finished processing 1 heartbeats in 21967 nanos
2024-10-31 09:05:20,935 INFO [Process Cluster Protocol Request-7] o.a.n.c.p.impl.SocketProtocolListener Finished processing request 92bd7f6c-676a-41d4-aadf-a5784a1a8dcd (type=HEARTBEAT, length=2243 bytes) from mynifi:8080 in 2 millis
2024-10-31 09:05:20,941 INFO [Clustering Tasks Thread-2] o.a.n.c.c.ClusterProtocolHeartbeater Heartbeat created at 2024-10-31 09:05:20,929 and sent to mynifi:8082 at 2024-10-31 09:05:20,941; send took 11 millis
2024-10-31 09:05:23,773 INFO [pool-13-thread-1] o.a.n.c.r.WriteAheadFlowFileRepository Initiating checkpoint of FlowFile Repository
2024-10-31 09:05:23,773 INFO [pool-13-thread-1] o.a.n.c.r.WriteAheadFlowFileRepository Successfully checkpointed FlowFile Repository with 1 records in 0 milliseconds
2024-10-31 09:05:25,231 INFO [Heartbeat Monitor Thread-1] o.a.n.c.c.h.AbstractHeartbeatMonitor Finished processing 1 heartbeats in 22907 nanos
2024-10-31 09:05:25,948 INFO [Process Cluster Protocol Request-8] o.a.n.c.p.impl.SocketProtocolListener Finished processing request 5d405352-1302-4424-ad60-7ba4eec5b771 (type=HEARTBEAT, length=2243 bytes) from mynifi:8080 in 2 millis
2024-10-31 09:05:25,950 INFO [Clustering Tasks Thread-2] o.a.n.c.c.ClusterProtocolHeartbeater Heartbeat created at 2024-10-31 09:05:25,942 and sent to mynifi:8082 at 2024-10-31 09:05:25,950; send took 8 millis
2024-10-31 09:05:30,231 INFO [Heartbeat Monitor Thread-1] o.a.n.c.c.h.AbstractHeartbeatMonitor Finished processing 1 heartbeats in 22059 nanos
2024-10-31 09:05:30,957 INFO [Process Cluster Protocol Request-9] o.a.n.c.p.impl.SocketProtocolListener Finished processing request 48da9af7-2267-45be-a76b-c812ea8e3914 (type=HEARTBEAT, length=2243 bytes) from mynifi:8080 in 2 millis
2024-10-31 09:05:30,959 INFO [Clustering Tasks Thread-2] o.a.n.c.c.ClusterProtocolHeartbeater Heartbeat created at 2024-10-31 09:05:30,951 and sent to mynifi:8082 at 2024-10-31 09:05:30,959; send took 8 millis
2024-10-31 09:05:35,232 INFO [Heartbeat Monitor Thread-1] o.a.n.c.c.h.AbstractHeartbeatMonitor Finished processing 1 heartbeats in 21988 nanos
2024-10-31 09:05:35,966 INFO [Process Cluster Protocol Request-10] o.a.n.c.p.impl.SocketProtocolListener Finished processing request e705dcd4-e7b7-4de6-a250-d3b9e78c04d7 (type=HEARTBEAT, length=2243 bytes) from mynifi:8080 in 2 millis
2024-10-31 09:05:35,968 INFO [Clustering Tasks Thread-2] o.a.n.c.c.ClusterProtocolHeartbeater Heartbeat created at 2024-10-31 09:05:35,960 and sent to mynifi:8082 at 2024-10-31 09:05:35,968; send took 8 millis
2024-10-31 09:05:40,232 INFO [Heartbeat Monitor Thread-1] o.a.n.c.c.h.AbstractHeartbeatMonitor Finished processing 1 heartbeats in 21663 nanos
2024-10-31 09:05:40,971 INFO [Process Cluster Protocol Request-1] o.a.n.c.p.impl.SocketProtocolListener Finished processing request 7843266e-39d9-4c76-8822-9d72220060ed (type=HEARTBEAT, length=2243 bytes) from mynifi:8080 in 702071 nanos
2024-10-31 09:05:40,971 INFO [Clustering Tasks Thread-2] o.a.n.c.c.ClusterProtocolHeartbeater Heartbeat created at 2024-10-31 09:05:40,969 and sent to mynifi:8082 at 2024-10-31 09:05:40,971; send took 2 millis
2024-10-31 09:05:43,774 INFO [pool-13-thread-1] o.a.n.c.r.WriteAheadFlowFileRepository Initiating checkpoint of FlowFile Repository
2024-10-31 09:05:43,774 INFO [pool-13-thread-1] o.a.n.c.r.WriteAheadFlowFileRepository Successfully checkpointed FlowFile Repository with 1 records in 0 milliseconds
2024-10-31 09:05:45,233 INFO [Heartbeat Monitor Thread-1] o.a.n.c.c.h.AbstractHeartbeatMonitor Finished processing 1 heartbeats in 21762 nanos
2024-10-31 09:05:45,976 INFO [Process Cluster Protocol Request-2] o.a.n.c.p.impl.SocketProtocolListener Finished processing request 14649729-7d39-4d8e-a5f6-4af203b0fb7d (type=HEARTBEAT, length=2243 bytes) from mynifi:8080 in 2 millis
2024-10-31 09:05:45,978 INFO [Clustering Tasks Thread-2] o.a.n.c.c.ClusterProtocolHeartbeater Heartbeat created at 2024-10-31 09:05:45,972 and sent to mynifi:8082 at 2024-10-31 09:05:45,978; send took 6 millis
2024-10-31 09:05:50,233 INFO [Heartbeat Monitor Thread-1] o.a.n.c.c.h.AbstractHeartbeatMonitor Finished processing 1 heartbeats in 12178 nanos
2024-10-31 09:05:50,985 INFO [Process Cluster Protocol Request-3] o.a.n.c.p.impl.SocketProtocolListener Finished processing request 6dada87b-afd8-420b-8046-6f067ca9aa67 (type=HEARTBEAT, length=2243 bytes) from mynifi:8080 in 2 millis
2024-10-31 09:05:50,987 INFO [Clustering Tasks Thread-2] o.a.n.c.c.ClusterProtocolHeartbeater Heartbeat created at 2024-10-31 09:05:50,978 and sent to mynifi:8082 at 2024-10-31 09:05:50,987; send took 9 millis
2024-10-31 09:05:55,233 INFO [Heartbeat Monitor Thread-1] o.a.n.c.c.h.AbstractHeartbeatMonitor Finished processing 1 heartbeats in 21469 nanos
2024-10-31 09:05:55,994 INFO [Process Cluster Protocol Request-4] o.a.n.c.p.impl.SocketProtocolListener Finished processing request b60215b6-7d0e-44c8-b910-62dbb6eb386e (type=HEARTBEAT, length=2243 bytes) from mynifi:8080 in 2 millis
2024-10-31 09:05:55,996 INFO [Clustering Tasks Thread-2] o.a.n.c.c.ClusterProtocolHeartbeater Heartbeat created at 2024-10-31 09:05:55,988 and sent to mynifi:8082 at 2024-10-31 09:05:55,996; send took 8 millis
2024-10-31 09:06:00,234 INFO [Heartbeat Monitor Thread-1] o.a.n.c.c.h.AbstractHeartbeatMonitor Finished processing 1 heartbeats in 20917 nanos
2024-10-31 09:06:01,003 INFO [Process Cluster Protocol Request-5] o.a.n.c.p.impl.SocketProtocolListener Finished processing request 494dcd6b-a162-43c3-a7d2-89fe23c96ef4 (type=HEARTBEAT, length=2243 bytes) from mynifi:8080 in 2 millis
2024-10-31 09:06:01,006 INFO [Clustering Tasks Thread-2] o.a.n.c.c.ClusterProtocolHeartbeater Heartbeat created at 2024-10-31 09:06:00,997 and sent to mynifi:8082 at 2024-10-31 09:06:01,006; send took 8 millis
2024-10-31 09:06:03,774 INFO [pool-13-thread-1] o.a.n.c.r.WriteAheadFlowFileRepository Initiating checkpoint of FlowFile Repository
2024-10-31 09:06:03,774 INFO [pool-13-thread-1] o.a.n.c.r.WriteAheadFlowFileRepository Successfully checkpointed FlowFile Repository with 1 records in 0 milliseconds
2024-10-31 09:06:05,234 INFO [Heartbeat Monitor Thread-1] o.a.n.c.c.h.AbstractHeartbeatMonitor Finished processing 1 heartbeats in 21299 nanos
2024-10-31 09:06:06,012 INFO [Process Cluster Protocol Request-6] o.a.n.c.p.impl.SocketProtocolListener Finished processing request e3760511-2bee-4ec2-acca-bb5c480303bf (type=HEARTBEAT, length=2243 bytes) from mynifi:8080 in 2 millis
2024-10-31 09:06:06,014 INFO [Clustering Tasks Thread-2] o.a.n.c.c.ClusterProtocolHeartbeater Heartbeat created at 2024-10-31 09:06:06,006 and sent to mynifi:8082 at 2024-10-31 09:06:06,014; send took 8 millis
2024-10-31 09:06:08,328 INFO [Write-Ahead Local State Provider Maintenance] org.wali.MinimalLockingWriteAheadLog org.wali.MinimalLockingWriteAheadLog@7555782c checkpointed with 25 Records and 0 Swap Files in 11 milliseconds (Stop-the-world time = 4 milliseconds, Clear Edit Logs time = 5 millis), max Transaction ID 111
2024-10-31 09:06:10,235 INFO [Heartbeat Monitor Thread-1] o.a.n.c.c.h.AbstractHeartbeatMonitor Finished processing 1 heartbeats in 20920 nanos
2024-10-31 09:06:10,887 INFO [Cleanup Archive for default] o.a.n.c.repository.FileSystemRepository Successfully deleted 0 files (0 bytes) from archive
2024-10-31 09:06:11,022 INFO [Process Cluster Protocol Request-7] o.a.n.c.p.impl.SocketProtocolListener Finished processing request 276edf8d-72c0-4d11-863a-5980d5a594a2 (type=HEARTBEAT, length=2243 bytes) from mynifi:8080 in 2 millis
2024-10-31 09:06:11,024 INFO [Clustering Tasks Thread-2] o.a.n.c.c.ClusterProtocolHeartbeater Heartbeat created at 2024-10-31 09:06:11,015 and sent to mynifi:8082 at 2024-10-31 09:06:11,024; send took 8 millis
2024-10-31 09:06:15,235 INFO [Heartbeat Monitor Thread-1] o.a.n.c.c.h.AbstractHeartbeatMonitor Finished processing 1 heartbeats in 21546 nanos
2024-10-31 09:06:16,031 INFO [Process Cluster Protocol Request-8] o.a.n.c.p.impl.SocketProtocolListener Finished processing request 97d4ba57-8c15-43d1-bbfe-4062a1b9d200 (type=HEARTBEAT, length=2243 bytes) from mynifi:8080 in 2 millis
2024-10-31 09:06:16,033 INFO [Clustering Tasks Thread-2] o.a.n.c.c.ClusterProtocolHeartbeater Heartbeat created at 2024-10-31 09:06:16,024 and sent to mynifi:8082 at 2024-10-31 09:06:16,033; send took 8 millis
2024-10-31 09:06:20,235 INFO [Heartbeat Monitor Thread-1] o.a.n.c.c.h.AbstractHeartbeatMonitor Finished processing 1 heartbeats in 20502 nanos
2024-10-31 09:06:21,040 INFO [Process Cluster Protocol Request-9] o.a.n.c.p.impl.SocketProtocolListener Finished processing request 9159852b-6f4f-4d27-b993-2a9582b23628 (type=HEARTBEAT, length=2243 bytes) from mynifi:8080 in 2 millis
2024-10-31 09:06:21,043 INFO [Clustering Tasks Thread-2] o.a.n.c.c.ClusterProtocolHeartbeater Heartbeat created at 2024-10-31 09:06:21,034 and sent to mynifi:8082 at 2024-10-31 09:06:21,043; send took 8 millis
2024-10-31 09:06:23,774 INFO [pool-13-thread-1] o.a.n.c.r.WriteAheadFlowFileRepository Initiating checkpoint of FlowFile Repository
2024-10-31 09:06:23,774 INFO [pool-13-thread-1] o.a.n.c.r.WriteAheadFlowFileRepository Successfully checkpointed FlowFile Repository with 1 records in 0 milliseconds
2024-10-31 09:06:25,236 INFO [Heartbeat Monitor Thread-1] o.a.n.c.c.h.AbstractHeartbeatMonitor Finished processing 1 heartbeats in 23031 nanos
2024-10-31 09:06:26,049 INFO [Process Cluster Protocol Request-10] o.a.n.c.p.impl.SocketProtocolListener Finished processing request 1a0ae12a-2491-4a66-9af9-22407f8bc7cc (type=HEARTBEAT, length=2243 bytes) from mynifi:8080 in 2 millis
2024-10-31 09:06:26,052 INFO [Clustering Tasks Thread-2] o.a.n.c.c.ClusterProtocolHeartbeater Heartbeat created at 2024-10-31 09:06:26,043 and sent to mynifi:8082 at 2024-10-31 09:06:26,052; send took 8 millis
2024-10-31 09:06:30,236 INFO [Heartbeat Monitor Thread-1] o.a.n.c.c.h.AbstractHeartbeatMonitor Finished processing 1 heartbeats in 20921 nanos
2024-10-31 09:06:31,059 INFO [Process Cluster Protocol Request-1] o.a.n.c.p.impl.SocketProtocolListener Finished processing request ad293845-03b1-46d5-a573-6b93be044a5b (type=HEARTBEAT, length=2243 bytes) from mynifi:8080 in 2 millis
2024-10-31 09:06:31,062 INFO [Clustering Tasks Thread-2] o.a.n.c.c.ClusterProtocolHeartbeater Heartbeat created at 2024-10-31 09:06:31,053 and sent to mynifi:8082 at 2024-10-31 09:06:31,062; send took 8 millis
2024-10-31 09:06:35,237 INFO [Heartbeat Monitor Thread-1] o.a.n.c.c.h.AbstractHeartbeatMonitor Finished processing 1 heartbeats in 20944 nanos
2024-10-31 09:06:36,068 INFO [Process Cluster Protocol Request-2] o.a.n.c.p.impl.SocketProtocolListener Finished processing request 585cf105-21a3-4089-bee2-9722ac758042 (type=HEARTBEAT, length=2243 bytes) from mynifi:8080 in 2 millis
2024-10-31 09:06:36,071 INFO [Clustering Tasks Thread-2] o.a.n.c.c.ClusterProtocolHeartbeater Heartbeat created at 2024-10-31 09:06:36,062 and sent to mynifi:8082 at 2024-10-31 09:06:36,071; send took 8 millis
2024-10-31 09:06:40,237 INFO [Heartbeat Monitor Thread-1] o.a.n.c.c.h.AbstractHeartbeatMonitor Finished processing 1 heartbeats in 29412 nanos
2024-10-31 09:06:41,078 INFO [Process Cluster Protocol Request-3] o.a.n.c.p.impl.SocketProtocolListener Finished processing request e23fd06b-c66e-490f-925b-4f6dcc9ff3ab (type=HEARTBEAT, length=2243 bytes) from mynifi:8080 in 2 millis
2024-10-31 09:06:41,080 INFO [Clustering Tasks Thread-2] o.a.n.c.c.ClusterProtocolHeartbeater Heartbeat created at 2024-10-31 09:06:41,071 and sent to mynifi:8082 at 2024-10-31 09:06:41,080; send took 8 millis
2024-10-31 09:06:43,775 INFO [pool-13-thread-1] o.a.n.c.r.WriteAheadFlowFileRepository Initiating checkpoint of FlowFile Repository
2024-10-31 09:06:43,775 INFO [pool-13-thread-1] o.a.n.c.r.WriteAheadFlowFileRepository Successfully checkpointed FlowFile Repository with 1 records in 0 milliseconds
2024-10-31 09:06:45,237 INFO [Heartbeat Monitor Thread-1] o.a.n.c.c.h.AbstractHeartbeatMonitor Finished processing 1 heartbeats in 10304 nanos
2024-10-31 09:06:46,087 INFO [Process Cluster Protocol Request-4] o.a.n.c.p.impl.SocketProtocolListener Finished processing request 75a03612-a8b7-4873-82eb-b4ea03eb6552 (type=HEARTBEAT, length=2243 bytes) from mynifi:8080 in 3 millis
2024-10-31 09:06:46,090 INFO [Clustering Tasks Thread-2] o.a.n.c.c.ClusterProtocolHeartbeater Heartbeat created at 2024-10-31 09:06:46,081 and sent to mynifi:8082 at 2024-10-31 09:06:46,090; send took 9 millis
2024-10-31 09:06:50,238 INFO [Heartbeat Monitor Thread-1] o.a.n.c.c.h.AbstractHeartbeatMonitor Finished processing 1 heartbeats in 20810 nanos
2024-10-31 09:06:51,092 INFO [Process Cluster Protocol Request-5] o.a.n.c.p.impl.SocketProtocolListener Finished processing request b42c99dc-d13b-4deb-af2c-4760ba37e476 (type=HEARTBEAT, length=2243 bytes) from mynifi:8080 in 868049 nanos
2024-10-31 09:06:51,093 INFO [Clustering Tasks Thread-2] o.a.n.c.c.ClusterProtocolHeartbeater Heartbeat created at 2024-10-31 09:06:51,090 and sent to mynifi:8082 at 2024-10-31 09:06:51,093; send took 2 millis
2024-10-31 09:06:55,238 INFO [Heartbeat Monitor Thread-1] o.a.n.c.c.h.AbstractHeartbeatMonitor Finished processing 1 heartbeats in 22558 nanos
2024-10-31 09:06:56,096 INFO [Process Cluster Protocol Request-6] o.a.n.c.p.impl.SocketProtocolListener Finished processing request 6b8eb87b-f9da-42cf-a844-0dcb8bc48d25 (type=HEARTBEAT, length=2243 bytes) from mynifi:8080 in 1 millis
2024-10-31 09:06:56,098 INFO [Clustering Tasks Thread-2] o.a.n.c.c.ClusterProtocolHeartbeater Heartbeat created at 2024-10-31 09:06:56,093 and sent to mynifi:8082 at 2024-10-31 09:06:56,098; send took 4 millis
2024-10-31 09:07:00,238 INFO [Heartbeat Monitor Thread-1] o.a.n.c.c.h.AbstractHeartbeatMonitor Finished processing 1 heartbeats in 21978 nanos
2024-10-31 09:07:01,104 INFO [Process Cluster Protocol Request-7] o.a.n.c.p.impl.SocketProtocolListener Finished processing request a98c414f-c3cf-4330-8788-35c0586ef5e4 (type=HEARTBEAT, length=2243 bytes) from mynifi:8080 in 2 millis
2024-10-31 09:07:01,107 INFO [Clustering Tasks Thread-2] o.a.n.c.c.ClusterProtocolHeartbeater Heartbeat created at 2024-10-31 09:07:01,098 and sent to mynifi:8082 at 2024-10-31 09:07:01,107; send took 8 millis
2024-10-31 09:07:03,775 INFO [pool-13-thread-1] o.a.n.c.r.WriteAheadFlowFileRepository Initiating checkpoint of FlowFile Repository
2024-10-31 09:07:03,775 INFO [pool-13-thread-1] o.a.n.c.r.WriteAheadFlowFileRepository Successfully checkpointed FlowFile Repository with 1 records in 0 milliseconds
2024-10-31 09:07:05,239 INFO [Heartbeat Monitor Thread-1] o.a.n.c.c.h.AbstractHeartbeatMonitor Finished processing 1 heartbeats in 13640 nanos
2024-10-31 09:07:06,112 INFO [Process Cluster Protocol Request-8] o.a.n.c.p.impl.SocketProtocolListener Finished processing request 21ec0b68-a79c-4652-a1f1-7e768e2bb7de (type=HEARTBEAT, length=2243 bytes) from mynifi:8080 in 2 millis
2024-10-31 09:07:06,115 INFO [Clustering Tasks Thread-2] o.a.n.c.c.ClusterProtocolHeartbeater Heartbeat created at 2024-10-31 09:07:06,108 and sent to mynifi:8082 at 2024-10-31 09:07:06,115; send took 7 millis
2024-10-31 09:07:10,239 INFO [Heartbeat Monitor Thread-1] o.a.n.c.c.h.AbstractHeartbeatMonitor Finished processing 1 heartbeats in 21051 nanos
2024-10-31 09:07:10,923 INFO [Cleanup Archive for default] o.a.n.c.repository.FileSystemRepository Successfully deleted 0 files (0 bytes) from archive
2024-10-31 09:07:11,122 INFO [Process Cluster Protocol Request-9] o.a.n.c.p.impl.SocketProtocolListener Finished processing request 126662d7-e1a0-40c3-b7d2-4273b1c89fef (type=HEARTBEAT, length=2243 bytes) from mynifi:8080 in 2 millis
2024-10-31 09:07:11,124 INFO [Clustering Tasks Thread-2] o.a.n.c.c.ClusterProtocolHeartbeater Heartbeat created at 2024-10-31 09:07:11,115 and sent to mynifi:8082 at 2024-10-31 09:07:11,124; send took 9 millis
2024-10-31 09:07:15,240 INFO [Heartbeat Monitor Thread-1] o.a.n.c.c.h.AbstractHeartbeatMonitor Finished processing 1 heartbeats in 22446 nanos
2024-10-31 09:07:16,131 INFO [Process Cluster Protocol Request-10] o.a.n.c.p.impl.SocketProtocolListener Finished processing request a25a0a52-d6ef-4ce5-9047-9dce433e0c45 (type=HEARTBEAT, length=2243 bytes) from mynifi:8080 in 2 millis
2024-10-31 09:07:16,134 INFO [Clustering Tasks Thread-2] o.a.n.c.c.ClusterProtocolHeartbeater Heartbeat created at 2024-10-31 09:07:16,125 and sent to mynifi:8082 at 2024-10-31 09:07:16,134; send took 8 millis
2024-10-31 09:07:20,240 INFO [Heartbeat Monitor Thread-1] o.a.n.c.c.h.AbstractHeartbeatMonitor Finished processing 1 heartbeats in 22246 nanos
2024-10-31 09:07:21,141 INFO [Process Cluster Protocol Request-1] o.a.n.c.p.impl.SocketProtocolListener Finished processing request a3a3484f-7b56-4776-9a70-71cfcefe53d4 (type=HEARTBEAT, length=2243 bytes) from mynifi:8080 in 2 millis
2024-10-31 09:07:21,144 INFO [Clustering Tasks Thread-2] o.a.n.c.c.ClusterProtocolHeartbeater Heartbeat created at 2024-10-31 09:07:21,134 and sent to mynifi:8082 at 2024-10-31 09:07:21,144; send took 10 millis
2024-10-31 09:07:23,776 INFO [pool-13-thread-1] o.a.n.c.r.WriteAheadFlowFileRepository Initiating checkpoint of FlowFile Repository
2024-10-31 09:07:23,776 INFO [pool-13-thread-1] o.a.n.c.r.WriteAheadFlowFileRepository Successfully checkpointed FlowFile Repository with 1 records in 0 milliseconds
2024-10-31 09:07:25,240 INFO [Heartbeat Monitor Thread-1] o.a.n.c.c.h.AbstractHeartbeatMonitor Finished processing 1 heartbeats in 21881 nanos
2024-10-31 09:07:26,151 INFO [Process Cluster Protocol Request-2] o.a.n.c.p.impl.SocketProtocolListener Finished processing request 92fbd105-bdbe-431d-a833-de6bb9a62cd5 (type=HEARTBEAT, length=2243 bytes) from mynifi:8080 in 2 millis
2024-10-31 09:07:26,153 INFO [Clustering Tasks Thread-2] o.a.n.c.c.ClusterProtocolHeartbeater Heartbeat created at 2024-10-31 09:07:26,145 and sent to mynifi:8082 at 2024-10-31 09:07:26,153; send took 8 millis
2024-10-31 09:07:30,241 INFO [Heartbeat Monitor Thread-1] o.a.n.c.c.h.AbstractHeartbeatMonitor Finished processing 1 heartbeats in 21767 nanos
2024-10-31 09:07:31,160 INFO [Process Cluster Protocol Request-3] o.a.n.c.p.impl.SocketProtocolListener Finished processing request 9ca816f7-ea32-4022-9872-38ecd7b1eecc (type=HEARTBEAT, length=2243 bytes) from mynifi:8080 in 2 millis
2024-10-31 09:07:31,162 INFO [Clustering Tasks Thread-2] o.a.n.c.c.ClusterProtocolHeartbeater Heartbeat created at 2024-10-31 09:07:31,154 and sent to mynifi:8082 at 2024-10-31 09:07:31,162; send took 8 millis
2024-10-31 09:07:35,241 INFO [Heartbeat Monitor Thread-1] o.a.n.c.c.h.AbstractHeartbeatMonitor Finished processing 1 heartbeats in 9272 nanos
2024-10-31 09:07:36,169 INFO [Process Cluster Protocol Request-4] o.a.n.c.p.impl.SocketProtocolListener Finished processing request d6b79523-aaa2-4011-b20a-4f77b5f617de (type=HEARTBEAT, length=2243 bytes) from mynifi:8080 in 2 millis
2024-10-31 09:07:36,171 INFO [Clustering Tasks Thread-2] o.a.n.c.c.ClusterProtocolHeartbeater Heartbeat created at 2024-10-31 09:07:36,163 and sent to mynifi:8082 at 2024-10-31 09:07:36,171; send took 8 millis
2024-10-31 09:07:40,241 INFO [Heartbeat Monitor Thread-1] o.a.n.c.c.h.AbstractHeartbeatMonitor Finished processing 1 heartbeats in 21898 nanos
2024-10-31 09:07:41,178 INFO [Process Cluster Protocol Request-5] o.a.n.c.p.impl.SocketProtocolListener Finished processing request fd14f7a6-ccac-4ca5-99bc-18373ff7b0ab (type=HEARTBEAT, length=2243 bytes) from mynifi:8080 in 2 millis
2024-10-31 09:07:41,178 INFO [Clustering Tasks Thread-2] o.a.n.c.c.ClusterProtocolHeartbeater Heartbeat created at 2024-10-31 09:07:41,172 and sent to mynifi:8082 at 2024-10-31 09:07:41,178; send took 6 millis
2024-10-31 09:07:43,776 INFO [pool-13-thread-1] o.a.n.c.r.WriteAheadFlowFileRepository Initiating checkpoint of FlowFile Repository
2024-10-31 09:07:43,776 INFO [pool-13-thread-1] o.a.n.c.r.WriteAheadFlowFileRepository Successfully checkpointed FlowFile Repository with 1 records in 0 milliseconds
2024-10-31 09:07:45,242 INFO [Heartbeat Monitor Thread-1] o.a.n.c.c.h.AbstractHeartbeatMonitor Finished processing 1 heartbeats in 21109 nanos
2024-10-31 09:07:46,185 INFO [Process Cluster Protocol Request-6] o.a.n.c.p.impl.SocketProtocolListener Finished processing request 49c9c740-bd91-49ec-b379-632375ff3e75 (type=HEARTBEAT, length=2243 bytes) from mynifi:8080 in 2 millis
2024-10-31 09:07:46,187 INFO [Clustering Tasks Thread-2] o.a.n.c.c.ClusterProtocolHeartbeater Heartbeat created at 2024-10-31 09:07:46,179 and sent to mynifi:8082 at 2024-10-31 09:07:46,187; send took 8 millis
2024-10-31 09:07:50,242 INFO [Heartbeat Monitor Thread-1] o.a.n.c.c.h.AbstractHeartbeatMonitor Finished processing 1 heartbeats in 21976 nanos
2024-10-31 09:07:51,190 INFO [Process Cluster Protocol Request-7] o.a.n.c.p.impl.SocketProtocolListener Finished processing request 2dc7dd2c-b512-40a8-b733-626b06b3003c (type=HEARTBEAT, length=2243 bytes) from mynifi:8080 in 739135 nanos
2024-10-31 09:07:51,190 INFO [Clustering Tasks Thread-2] o.a.n.c.c.ClusterProtocolHeartbeater Heartbeat created at 2024-10-31 09:07:51,188 and sent to mynifi:8082 at 2024-10-31 09:07:51,190; send took 2 millis
2024-10-31 09:07:55,243 INFO [Heartbeat Monitor Thread-1] o.a.n.c.c.h.AbstractHeartbeatMonitor Finished processing 1 heartbeats in 21097 nanos
2024-10-31 09:07:56,197 INFO [Process Cluster Protocol Request-8] o.a.n.c.p.impl.SocketProtocolListener Finished processing request 8d38cc9a-ef51-44c1-970e-55b40c11e3c7 (type=HEARTBEAT, length=2243 bytes) from mynifi:8080 in 2 millis
2024-10-31 09:07:56,200 INFO [Clustering Tasks Thread-2] o.a.n.c.c.ClusterProtocolHeartbeater Heartbeat created at 2024-10-31 09:07:56,191 and sent to mynifi:8082 at 2024-10-31 09:07:56,200; send took 9 millis
2024-10-31 09:08:00,243 INFO [Heartbeat Monitor Thread-1] o.a.n.c.c.h.AbstractHeartbeatMonitor Finished processing 1 heartbeats in 15772 nanos
2024-10-31 09:08:01,207 INFO [Process Cluster Protocol Request-9] o.a.n.c.p.impl.SocketProtocolListener Finished processing request 17d6d399-44ab-4cf6-8b58-5d88ae7a1493 (type=HEARTBEAT, length=2243 bytes) from mynifi:8080 in 2 millis
2024-10-31 09:08:01,210 INFO [Clustering Tasks Thread-2] o.a.n.c.c.ClusterProtocolHeartbeater Heartbeat created at 2024-10-31 09:08:01,201 and sent to mynifi:8082 at 2024-10-31 09:08:01,210; send took 9 millis
2024-10-31 09:08:03,776 INFO [pool-13-thread-1] o.a.n.c.r.WriteAheadFlowFileRepository Initiating checkpoint of FlowFile Repository
2024-10-31 09:08:03,776 INFO [pool-13-thread-1] o.a.n.c.r.WriteAheadFlowFileRepository Successfully checkpointed FlowFile Repository with 1 records in 0 milliseconds
2024-10-31 09:08:05,243 INFO [Heartbeat Monitor Thread-1] o.a.n.c.c.h.AbstractHeartbeatMonitor Finished processing 1 heartbeats in 21864 nanos
2024-10-31 09:08:06,216 INFO [Process Cluster Protocol Request-10] o.a.n.c.p.impl.SocketProtocolListener Finished processing request ca3f382a-2ce8-4a8d-b571-41f086b408b4 (type=HEARTBEAT, length=2243 bytes) from mynifi:8080 in 2 millis
2024-10-31 09:08:06,219 INFO [Clustering Tasks Thread-2] o.a.n.c.c.ClusterProtocolHeartbeater Heartbeat created at 2024-10-31 09:08:06,210 and sent to mynifi:8082 at 2024-10-31 09:08:06,219; send took 8 millis
2024-10-31 09:08:08,336 INFO [Write-Ahead Local State Provider Maintenance] org.wali.MinimalLockingWriteAheadLog org.wali.MinimalLockingWriteAheadLog@7555782c checkpointed with 25 Records and 0 Swap Files in 7 milliseconds (Stop-the-world time = 4 milliseconds, Clear Edit Logs time = 0 millis), max Transaction ID 111
2024-10-31 09:08:10,244 INFO [Heartbeat Monitor Thread-1] o.a.n.c.c.h.AbstractHeartbeatMonitor Finished processing 1 heartbeats in 21863 nanos
2024-10-31 09:08:10,984 INFO [Cleanup Archive for default] o.a.n.c.repository.FileSystemRepository Successfully deleted 0 files (0 bytes) from archive
2024-10-31 09:08:11,222 INFO [Process Cluster Protocol Request-1] o.a.n.c.p.impl.SocketProtocolListener Finished processing request d5dc13b8-44ee-4c83-97ad-a8c8bdc06515 (type=HEARTBEAT, length=2243 bytes) from mynifi:8080 in 1 millis
2024-10-31 09:08:11,223 INFO [Clustering Tasks Thread-2] o.a.n.c.c.ClusterProtocolHeartbeater Heartbeat created at 2024-10-31 09:08:11,219 and sent to mynifi:8082 at 2024-10-31 09:08:11,223; send took 4 millis
2024-10-31 09:08:15,244 INFO [Heartbeat Monitor Thread-1] o.a.n.c.c.h.AbstractHeartbeatMonitor Finished processing 1 heartbeats in 26046 nanos
2024-10-31 09:08:16,226 INFO [Process Cluster Protocol Request-2] o.a.n.c.p.impl.SocketProtocolListener Finished processing request 9c0f35cd-9f23-484e-9f09-0ae7019f82dc (type=HEARTBEAT, length=2243 bytes) from mynifi:8080 in 871926 nanos
2024-10-31 09:08:16,226 INFO [Clustering Tasks Thread-2] o.a.n.c.c.ClusterProtocolHeartbeater Heartbeat created at 2024-10-31 09:08:16,224 and sent to mynifi:8082 at 2024-10-31 09:08:16,226; send took 2 millis
2024-10-31 09:08:20,245 INFO [Heartbeat Monitor Thread-1] o.a.n.c.c.h.AbstractHeartbeatMonitor Finished processing 1 heartbeats in 22067 nanos
2024-10-31 09:08:21,233 INFO [Process Cluster Protocol Request-3] o.a.n.c.p.impl.SocketProtocolListener Finished processing request a08959ba-d55f-4966-ba0e-70e19ca146f7 (type=HEARTBEAT, length=2243 bytes) from mynifi:8080 in 3 millis
2024-10-31 09:08:21,236 INFO [Clustering Tasks Thread-2] o.a.n.c.c.ClusterProtocolHeartbeater Heartbeat created at 2024-10-31 09:08:21,227 and sent to mynifi:8082 at 2024-10-31 09:08:21,236; send took 9 millis
2024-10-31 09:08:23,777 INFO [pool-13-thread-1] o.a.n.c.r.WriteAheadFlowFileRepository Initiating checkpoint of FlowFile Repository
2024-10-31 09:08:23,777 INFO [pool-13-thread-1] o.a.n.c.r.WriteAheadFlowFileRepository Successfully checkpointed FlowFile Repository with 1 records in 0 milliseconds
2024-10-31 09:08:25,245 INFO [Heartbeat Monitor Thread-1] o.a.n.c.c.h.AbstractHeartbeatMonitor Finished processing 1 heartbeats in 37935 nanos
2024-10-31 09:08:26,243 INFO [Process Cluster Protocol Request-4] o.a.n.c.p.impl.SocketProtocolListener Finished processing request 14c750bf-44fb-43f8-b60e-dbb6e1158ee2 (type=HEARTBEAT, length=2243 bytes) from mynifi:8080 in 2 millis
2024-10-31 09:08:26,245 INFO [Clustering Tasks Thread-2] o.a.n.c.c.ClusterProtocolHeartbeater Heartbeat created at 2024-10-31 09:08:26,237 and sent to mynifi:8082 at 2024-10-31 09:08:26,245; send took 8 millis
2024-10-31 09:08:30,246 INFO [Heartbeat Monitor Thread-1] o.a.n.c.c.h.AbstractHeartbeatMonitor Finished processing 1 heartbeats in 16186 nanos
2024-10-31 09:08:31,254 INFO [Process Cluster Protocol Request-5] o.a.n.c.p.impl.SocketProtocolListener Finished processing request 15549043-3e9c-4127-97d4-82888e6274c4 (type=HEARTBEAT, length=2243 bytes) from mynifi:8080 in 3 millis
2024-10-31 09:08:31,257 INFO [Clustering Tasks Thread-2] o.a.n.c.c.ClusterProtocolHeartbeater Heartbeat created at 2024-10-31 09:08:31,246 and sent to mynifi:8082 at 2024-10-31 09:08:31,257; send took 11 millis
2024-10-31 09:08:35,246 INFO [Heartbeat Monitor Thread-1] o.a.n.c.c.h.AbstractHeartbeatMonitor Finished processing 1 heartbeats in 23471 nanos
2024-10-31 09:08:36,264 INFO [Process Cluster Protocol Request-6] o.a.n.c.p.impl.SocketProtocolListener Finished processing request 818f5404-447c-4fb1-8bd0-3a15eb4f2581 (type=HEARTBEAT, length=2243 bytes) from mynifi:8080 in 2 millis
2024-10-31 09:08:36,267 INFO [Clustering Tasks Thread-2] o.a.n.c.c.ClusterProtocolHeartbeater Heartbeat created at 2024-10-31 09:08:36,258 and sent to mynifi:8082 at 2024-10-31 09:08:36,267; send took 8 millis
2024-10-31 09:08:40,247 INFO [Heartbeat Monitor Thread-1] o.a.n.c.c.h.AbstractHeartbeatMonitor Finished processing 1 heartbeats in 22963 nanos
2024-10-31 09:08:41,274 INFO [Process Cluster Protocol Request-7] o.a.n.c.p.impl.SocketProtocolListener Finished processing request bb46965d-c838-4c4c-864c-d18b4fa19537 (type=HEARTBEAT, length=2243 bytes) from mynifi:8080 in 2 millis
2024-10-31 09:08:41,276 INFO [Clustering Tasks Thread-2] o.a.n.c.c.ClusterProtocolHeartbeater Heartbeat created at 2024-10-31 09:08:41,267 and sent to mynifi:8082 at 2024-10-31 09:08:41,276; send took 9 millis
2024-10-31 09:08:43,777 INFO [pool-13-thread-1] o.a.n.c.r.WriteAheadFlowFileRepository Initiating checkpoint of FlowFile Repository
2024-10-31 09:08:43,777 INFO [pool-13-thread-1] o.a.n.c.r.WriteAheadFlowFileRepository Successfully checkpointed FlowFile Repository with 1 records in 0 milliseconds
2024-10-31 09:08:45,247 INFO [Heartbeat Monitor Thread-1] o.a.n.c.c.h.AbstractHeartbeatMonitor Finished processing 1 heartbeats in 22109 nanos
2024-10-31 09:08:46,283 INFO [Process Cluster Protocol Request-8] o.a.n.c.p.impl.SocketProtocolListener Finished processing request 78bf193b-022c-458f-88d3-0b590d34be53 (type=HEARTBEAT, length=2243 bytes) from mynifi:8080 in 2 millis
2024-10-31 09:08:46,286 INFO [Clustering Tasks Thread-2] o.a.n.c.c.ClusterProtocolHeartbeater Heartbeat created at 2024-10-31 09:08:46,277 and sent to mynifi:8082 at 2024-10-31 09:08:46,286; send took 9 millis
2024-10-31 09:08:50,247 INFO [Heartbeat Monitor Thread-1] o.a.n.c.c.h.AbstractHeartbeatMonitor Finished processing 1 heartbeats in 21428 nanos
2024-10-31 09:08:51,290 INFO [Process Cluster Protocol Request-9] o.a.n.c.p.impl.SocketProtocolListener Finished processing request d7391499-5f4a-48c2-a39c-77f538816da4 (type=HEARTBEAT, length=2243 bytes) from mynifi:8080 in 1 millis
2024-10-31 09:08:51,291 INFO [Clustering Tasks Thread-2] o.a.n.c.c.ClusterProtocolHeartbeater Heartbeat created at 2024-10-31 09:08:51,287 and sent to mynifi:8082 at 2024-10-31 09:08:51,291; send took 4 millis
2024-10-31 09:08:55,248 INFO [Heartbeat Monitor Thread-1] o.a.n.c.c.h.AbstractHeartbeatMonitor Finished processing 1 heartbeats in 43263 nanos
2024-10-31 09:08:56,297 INFO [Process Cluster Protocol Request-10] o.a.n.c.p.impl.SocketProtocolListener Finished processing request affa8300-6b19-4a23-b827-94e360877d5d (type=HEARTBEAT, length=2243 bytes) from mynifi:8080 in 2 millis
2024-10-31 09:08:56,300 INFO [Clustering Tasks Thread-2] o.a.n.c.c.ClusterProtocolHeartbeater Heartbeat created at 2024-10-31 09:08:56,292 and sent to mynifi:8082 at 2024-10-31 09:08:56,300; send took 8 millis
2024-10-31 09:09:00,248 INFO [Heartbeat Monitor Thread-1] o.a.n.c.c.h.AbstractHeartbeatMonitor Finished processing 1 heartbeats in 12566 nanos
2024-10-31 09:09:01,307 INFO [Process Cluster Protocol Request-1] o.a.n.c.p.impl.SocketProtocolListener Finished processing request 0d9e6efc-5153-4f90-b756-4ed730629696 (type=HEARTBEAT, length=2243 bytes) from mynifi:8080 in 2 millis
2024-10-31 09:09:01,310 INFO [Clustering Tasks Thread-2] o.a.n.c.c.ClusterProtocolHeartbeater Heartbeat created at 2024-10-31 09:09:01,300 and sent to mynifi:8082 at 2024-10-31 09:09:01,310; send took 8 millis
2024-10-31 09:09:03,778 INFO [pool-13-thread-1] o.a.n.c.r.WriteAheadFlowFileRepository Initiating checkpoint of FlowFile Repository
2024-10-31 09:09:03,778 INFO [pool-13-thread-1] o.a.n.c.r.WriteAheadFlowFileRepository Successfully checkpointed FlowFile Repository with 1 records in 0 milliseconds
2024-10-31 09:09:05,249 INFO [Heartbeat Monitor Thread-1] o.a.n.c.c.h.AbstractHeartbeatMonitor Finished processing 1 heartbeats in 22723 nanos
2024-10-31 09:09:06,312 INFO [Process Cluster Protocol Request-2] o.a.n.c.p.impl.SocketProtocolListener Finished processing request e075d920-44ae-4f1d-ad70-c48ad0e56a55 (type=HEARTBEAT, length=2243 bytes) from mynifi:8080 in 1 millis
2024-10-31 09:09:06,313 INFO [Clustering Tasks Thread-2] o.a.n.c.c.ClusterProtocolHeartbeater Heartbeat created at 2024-10-31 09:09:06,310 and sent to mynifi:8082 at 2024-10-31 09:09:06,313; send took 3 millis
2024-10-31 09:09:10,249 INFO [Heartbeat Monitor Thread-1] o.a.n.c.c.h.AbstractHeartbeatMonitor Finished processing 1 heartbeats in 22638 nanos
2024-10-31 09:09:11,047 INFO [Cleanup Archive for default] o.a.n.c.repository.FileSystemRepository Successfully deleted 0 files (0 bytes) from archive
2024-10-31 09:09:11,320 INFO [Process Cluster Protocol Request-3] o.a.n.c.p.impl.SocketProtocolListener Finished processing request f7e36934-18a8-42f4-b45b-243291399c66 (type=HEARTBEAT, length=2243 bytes) from mynifi:8080 in 2 millis
2024-10-31 09:09:11,323 INFO [Clustering Tasks Thread-2] o.a.n.c.c.ClusterProtocolHeartbeater Heartbeat created at 2024-10-31 09:09:11,314 and sent to mynifi:8082 at 2024-10-31 09:09:11,323; send took 9 millis
2024-10-31 09:09:15,250 INFO [Heartbeat Monitor Thread-1] o.a.n.c.c.h.AbstractHeartbeatMonitor Finished processing 1 heartbeats in 22983 nanos
2024-10-31 09:09:16,325 INFO [Process Cluster Protocol Request-4] o.a.n.c.p.impl.SocketProtocolListener Finished processing request 42f7ac40-1c3b-4b1e-9d17-3842e347b944 (type=HEARTBEAT, length=2243 bytes) from mynifi:8080 in 757019 nanos
2024-10-31 09:09:16,326 INFO [Clustering Tasks Thread-2] o.a.n.c.c.ClusterProtocolHeartbeater Heartbeat created at 2024-10-31 09:09:16,324 and sent to mynifi:8082 at 2024-10-31 09:09:16,326; send took 2 millis
2024-10-31 09:09:20,250 INFO [Heartbeat Monitor Thread-1] o.a.n.c.c.h.AbstractHeartbeatMonitor Finished processing 1 heartbeats in 21288 nanos
2024-10-31 09:09:21,328 INFO [Process Cluster Protocol Request-5] o.a.n.c.p.impl.SocketProtocolListener Finished processing request ed88731c-3a4c-4a3b-ac76-ce1542f9143d (type=HEARTBEAT, length=2243 bytes) from mynifi:8080 in 929191 nanos
2024-10-31 09:09:21,330 INFO [Clustering Tasks Thread-2] o.a.n.c.c.ClusterProtocolHeartbeater Heartbeat created at 2024-10-31 09:09:21,326 and sent to mynifi:8082 at 2024-10-31 09:09:21,330; send took 3 millis
2024-10-31 09:09:23,778 INFO [pool-13-thread-1] o.a.n.c.r.WriteAheadFlowFileRepository Initiating checkpoint of FlowFile Repository
2024-10-31 09:09:23,778 INFO [pool-13-thread-1] o.a.n.c.r.WriteAheadFlowFileRepository Successfully checkpointed FlowFile Repository with 1 records in 0 milliseconds
2024-10-31 09:09:25,250 INFO [Heartbeat Monitor Thread-1] o.a.n.c.c.h.AbstractHeartbeatMonitor Finished processing 1 heartbeats in 21791 nanos
2024-10-31 09:09:26,332 INFO [Process Cluster Protocol Request-6] o.a.n.c.p.impl.SocketProtocolListener Finished processing request fb54ae98-6be6-48f3-aef9-42b56bda0861 (type=HEARTBEAT, length=2243 bytes) from mynifi:8080 in 1 millis
2024-10-31 09:09:26,333 INFO [Clustering Tasks Thread-2] o.a.n.c.c.ClusterProtocolHeartbeater Heartbeat created at 2024-10-31 09:09:26,330 and sent to mynifi:8082 at 2024-10-31 09:09:26,333; send took 3 millis
2024-10-31 09:09:30,251 INFO [Heartbeat Monitor Thread-1] o.a.n.c.c.h.AbstractHeartbeatMonitor Finished processing 1 heartbeats in 22462 nanos
2024-10-31 09:09:31,340 INFO [Process Cluster Protocol Request-7] o.a.n.c.p.impl.SocketProtocolListener Finished processing request 654c4a99-f631-4c5e-97d6-c9a5591ad49b (type=HEARTBEAT, length=2243 bytes) from mynifi:8080 in 2 millis
2024-10-31 09:09:31,343 INFO [Clustering Tasks Thread-2] o.a.n.c.c.ClusterProtocolHeartbeater Heartbeat created at 2024-10-31 09:09:31,333 and sent to mynifi:8082 at 2024-10-31 09:09:31,343; send took 9 millis
2024-10-31 09:09:35,251 INFO [Heartbeat Monitor Thread-1] o.a.n.c.c.h.AbstractHeartbeatMonitor Finished processing 1 heartbeats in 22700 nanos
2024-10-31 09:09:36,349 INFO [Process Cluster Protocol Request-8] o.a.n.c.p.impl.SocketProtocolListener Finished processing request 7b0268cc-9713-41cf-a37a-b208b029cad2 (type=HEARTBEAT, length=2243 bytes) from mynifi:8080 in 3 millis
2024-10-31 09:09:36,352 INFO [Clustering Tasks Thread-2] o.a.n.c.c.ClusterProtocolHeartbeater Heartbeat created at 2024-10-31 09:09:36,343 and sent to mynifi:8082 at 2024-10-31 09:09:36,352; send took 8 millis
2024-10-31 09:09:40,252 INFO [Heartbeat Monitor Thread-1] o.a.n.c.c.h.AbstractHeartbeatMonitor Finished processing 1 heartbeats in 37873 nanos
2024-10-31 09:09:41,354 INFO [Process Cluster Protocol Request-9] o.a.n.c.p.impl.SocketProtocolListener Finished processing request 6c09c3d7-f66d-4b47-a23a-85a557cdbf6f (type=HEARTBEAT, length=2243 bytes) from mynifi:8080 in 916266 nanos
2024-10-31 09:09:41,355 INFO [Clustering Tasks Thread-2] o.a.n.c.c.ClusterProtocolHeartbeater Heartbeat created at 2024-10-31 09:09:41,352 and sent to mynifi:8082 at 2024-10-31 09:09:41,355; send took 2 millis
2024-10-31 09:09:43,778 INFO [pool-13-thread-1] o.a.n.c.r.WriteAheadFlowFileRepository Initiating checkpoint of FlowFile Repository
2024-10-31 09:09:43,779 INFO [pool-13-thread-1] o.a.n.c.r.WriteAheadFlowFileRepository Successfully checkpointed FlowFile Repository with 1 records in 0 milliseconds
2024-10-31 09:09:45,252 INFO [Heartbeat Monitor Thread-1] o.a.n.c.c.h.AbstractHeartbeatMonitor Finished processing 1 heartbeats in 20977 nanos
2024-10-31 09:09:46,362 INFO [Process Cluster Protocol Request-10] o.a.n.c.p.impl.SocketProtocolListener Finished processing request 1eed104d-0aac-4467-ac27-b5f167c0787c (type=HEARTBEAT, length=2243 bytes) from mynifi:8080 in 2 millis
2024-10-31 09:09:46,364 INFO [Clustering Tasks Thread-2] o.a.n.c.c.ClusterProtocolHeartbeater Heartbeat created at 2024-10-31 09:09:46,356 and sent to mynifi:8082 at 2024-10-31 09:09:46,364; send took 8 millis
2024-10-31 09:09:50,253 INFO [Heartbeat Monitor Thread-1] o.a.n.c.c.h.AbstractHeartbeatMonitor Finished processing 1 heartbeats in 22893 nanos
2024-10-31 09:09:51,371 INFO [Process Cluster Protocol Request-1] o.a.n.c.p.impl.SocketProtocolListener Finished processing request bd611c87-9bd0-497e-81db-db48dc1e7688 (type=HEARTBEAT, length=2243 bytes) from mynifi:8080 in 2 millis
2024-10-31 09:09:51,374 INFO [Clustering Tasks Thread-2] o.a.n.c.c.ClusterProtocolHeartbeater Heartbeat created at 2024-10-31 09:09:51,365 and sent to mynifi:8082 at 2024-10-31 09:09:51,374; send took 8 millis
2024-10-31 09:09:55,253 INFO [Heartbeat Monitor Thread-1] o.a.n.c.c.h.AbstractHeartbeatMonitor Finished processing 1 heartbeats in 22683 nanos
2024-10-31 09:09:56,376 INFO [Process Cluster Protocol Request-2] o.a.n.c.p.impl.SocketProtocolListener Finished processing request 7a5b074c-ccfa-40ef-b3e8-04262da5e936 (type=HEARTBEAT, length=2243 bytes) from mynifi:8080 in 943074 nanos
2024-10-31 09:09:56,377 INFO [Clustering Tasks Thread-2] o.a.n.c.c.ClusterProtocolHeartbeater Heartbeat created at 2024-10-31 09:09:56,374 and sent to mynifi:8082 at 2024-10-31 09:09:56,377; send took 2 millis
2024-10-31 09:10:00,253 INFO [Heartbeat Monitor Thread-1] o.a.n.c.c.h.AbstractHeartbeatMonitor Finished processing 1 heartbeats in 10025 nanos
2024-10-31 09:10:01,379 INFO [Process Cluster Protocol Request-3] o.a.n.c.p.impl.SocketProtocolListener Finished processing request ea02a3ec-0e94-4a7e-8e9b-4c8b2b083259 (type=HEARTBEAT, length=2243 bytes) from mynifi:8080 in 886045 nanos
2024-10-31 09:10:01,381 INFO [Clustering Tasks Thread-2] o.a.n.c.c.ClusterProtocolHeartbeater Heartbeat created at 2024-10-31 09:10:01,377 and sent to mynifi:8082 at 2024-10-31 09:10:01,381; send took 4 millis
2024-10-31 09:10:03,779 INFO [pool-13-thread-1] o.a.n.c.r.WriteAheadFlowFileRepository Initiating checkpoint of FlowFile Repository
2024-10-31 09:10:03,779 INFO [pool-13-thread-1] o.a.n.c.r.WriteAheadFlowFileRepository Successfully checkpointed FlowFile Repository with 1 records in 0 milliseconds
2024-10-31 09:10:05,254 INFO [Heartbeat Monitor Thread-1] o.a.n.c.c.h.AbstractHeartbeatMonitor Finished processing 1 heartbeats in 8646 nanos
2024-10-31 09:10:06,384 INFO [Process Cluster Protocol Request-4] o.a.n.c.p.impl.SocketProtocolListener Finished processing request 1eb2d510-64fe-4c1d-a0de-568bf5d6cc76 (type=HEARTBEAT, length=2243 bytes) from mynifi:8080 in 1 millis
2024-10-31 09:10:06,385 INFO [Clustering Tasks Thread-2] o.a.n.c.c.ClusterProtocolHeartbeater Heartbeat created at 2024-10-31 09:10:06,381 and sent to mynifi:8082 at 2024-10-31 09:10:06,385; send took 3 millis
2024-10-31 09:10:08,339 INFO [Write-Ahead Local State Provider Maintenance] org.wali.MinimalLockingWriteAheadLog org.wali.MinimalLockingWriteAheadLog@7555782c checkpointed with 25 Records and 0 Swap Files in 3 milliseconds (Stop-the-world time = 1 milliseconds, Clear Edit Logs time = 1 millis), max Transaction ID 111
2024-10-31 09:10:10,254 INFO [Heartbeat Monitor Thread-1] o.a.n.c.c.h.AbstractHeartbeatMonitor Finished processing 1 heartbeats in 14763 nanos
2024-10-31 09:10:11,073 INFO [Cleanup Archive for default] o.a.n.c.repository.FileSystemRepository Successfully deleted 0 files (0 bytes) from archive
2024-10-31 09:10:11,387 INFO [Process Cluster Protocol Request-5] o.a.n.c.p.impl.SocketProtocolListener Finished processing request fc7d155a-9dc5-4f8b-a4e2-2cf79a52c2bb (type=HEARTBEAT, length=2243 bytes) from mynifi:8080 in 918069 nanos
2024-10-31 09:10:11,387 INFO [Clustering Tasks Thread-2] o.a.n.c.c.ClusterProtocolHeartbeater Heartbeat created at 2024-10-31 09:10:11,385 and sent to mynifi:8082 at 2024-10-31 09:10:11,387; send took 2 millis
2024-10-31 09:10:15,255 INFO [Heartbeat Monitor Thread-1] o.a.n.c.c.h.AbstractHeartbeatMonitor Finished processing 1 heartbeats in 10311 nanos
2024-10-31 09:10:16,389 INFO [Process Cluster Protocol Request-6] o.a.n.c.p.impl.SocketProtocolListener Finished processing request 5aac726f-c74f-461a-9afc-232566b8bf06 (type=HEARTBEAT, length=2243 bytes) from mynifi:8080 in 711868 nanos
2024-10-31 09:10:16,390 INFO [Clustering Tasks Thread-2] o.a.n.c.c.ClusterProtocolHeartbeater Heartbeat created at 2024-10-31 09:10:16,388 and sent to mynifi:8082 at 2024-10-31 09:10:16,390; send took 2 millis
2024-10-31 09:10:20,255 INFO [Heartbeat Monitor Thread-1] o.a.n.c.c.h.AbstractHeartbeatMonitor Finished processing 1 heartbeats in 86655 nanos
2024-10-31 09:10:21,392 INFO [Process Cluster Protocol Request-7] o.a.n.c.p.impl.SocketProtocolListener Finished processing request e9487bdf-bbb3-47d2-a8c4-c4fd5dac41a2 (type=HEARTBEAT, length=2243 bytes) from mynifi:8080 in 878811 nanos
2024-10-31 09:10:21,392 INFO [Clustering Tasks Thread-2] o.a.n.c.c.ClusterProtocolHeartbeater Heartbeat created at 2024-10-31 09:10:21,390 and sent to mynifi:8082 at 2024-10-31 09:10:21,392; send took 2 millis
2024-10-31 09:10:23,779 INFO [pool-13-thread-1] o.a.n.c.r.WriteAheadFlowFileRepository Initiating checkpoint of FlowFile Repository
2024-10-31 09:10:23,779 INFO [pool-13-thread-1] o.a.n.c.r.WriteAheadFlowFileRepository Successfully checkpointed FlowFile Repository with 1 records in 0 milliseconds
2024-10-31 09:10:25,256 INFO [Heartbeat Monitor Thread-1] o.a.n.c.c.h.AbstractHeartbeatMonitor Finished processing 1 heartbeats in 7736 nanos
2024-10-31 09:10:26,398 INFO [Process Cluster Protocol Request-8] o.a.n.c.p.impl.SocketProtocolListener Finished processing request 329efc3a-1bac-419d-9f69-1bb9e2bfe4a6 (type=HEARTBEAT, length=2243 bytes) from mynifi:8080 in 2 millis
2024-10-31 09:10:26,401 INFO [Clustering Tasks Thread-2] o.a.n.c.c.ClusterProtocolHeartbeater Heartbeat created at 2024-10-31 09:10:26,393 and sent to mynifi:8082 at 2024-10-31 09:10:26,401; send took 7 millis
2024-10-31 09:10:30,256 INFO [Heartbeat Monitor Thread-1] o.a.n.c.c.h.AbstractHeartbeatMonitor Finished processing 1 heartbeats in 5986 nanos
2024-10-31 09:10:31,403 INFO [Process Cluster Protocol Request-9] o.a.n.c.p.impl.SocketProtocolListener Finished processing request 2ff06e5b-3475-4a1a-8244-c065e5030568 (type=HEARTBEAT, length=2243 bytes) from mynifi:8080 in 741574 nanos
2024-10-31 09:10:31,404 INFO [Clustering Tasks Thread-2] o.a.n.c.c.ClusterProtocolHeartbeater Heartbeat created at 2024-10-31 09:10:31,401 and sent to mynifi:8082 at 2024-10-31 09:10:31,404; send took 2 millis
2024-10-31 09:10:35,256 INFO [Heartbeat Monitor Thread-1] o.a.n.c.c.h.AbstractHeartbeatMonitor Finished processing 1 heartbeats in 5735 nanos
2024-10-31 09:10:36,410 INFO [Process Cluster Protocol Request-10] o.a.n.c.p.impl.SocketProtocolListener Finished processing request f1843464-0f11-42f6-9899-9667ea813456 (type=HEARTBEAT, length=2243 bytes) from mynifi:8080 in 2 millis
2024-10-31 09:10:36,413 INFO [Clustering Tasks Thread-2] o.a.n.c.c.ClusterProtocolHeartbeater Heartbeat created at 2024-10-31 09:10:36,404 and sent to mynifi:8082 at 2024-10-31 09:10:36,413; send took 9 millis
2024-10-31 09:10:40,256 INFO [Heartbeat Monitor Thread-1] o.a.n.c.c.h.AbstractHeartbeatMonitor Finished processing 1 heartbeats in 6152 nanos
2024-10-31 09:10:41,416 INFO [Process Cluster Protocol Request-1] o.a.n.c.p.impl.SocketProtocolListener Finished processing request a7890906-0fd2-4c4f-93f4-3b7104de89ec (type=HEARTBEAT, length=2243 bytes) from mynifi:8080 in 1 millis
2024-10-31 09:10:41,417 INFO [Clustering Tasks Thread-2] o.a.n.c.c.ClusterProtocolHeartbeater Heartbeat created at 2024-10-31 09:10:41,414 and sent to mynifi:8082 at 2024-10-31 09:10:41,417; send took 2 millis
2024-10-31 09:10:43,779 INFO [pool-13-thread-1] o.a.n.c.r.WriteAheadFlowFileRepository Initiating checkpoint of FlowFile Repository
2024-10-31 09:10:43,780 INFO [pool-13-thread-1] o.a.n.c.r.WriteAheadFlowFileRepository Successfully checkpointed FlowFile Repository with 1 records in 0 milliseconds
2024-10-31 09:10:45,256 INFO [Heartbeat Monitor Thread-1] o.a.n.c.c.h.AbstractHeartbeatMonitor Finished processing 1 heartbeats in 6360 nanos
2024-10-31 09:10:46,419 INFO [Process Cluster Protocol Request-2] o.a.n.c.p.impl.SocketProtocolListener Finished processing request 1e9321dc-7191-4be2-8147-6636ee2ad125 (type=HEARTBEAT, length=2243 bytes) from mynifi:8080 in 704629 nanos
2024-10-31 09:10:46,420 INFO [Clustering Tasks Thread-2] o.a.n.c.c.ClusterProtocolHeartbeater Heartbeat created at 2024-10-31 09:10:46,417 and sent to mynifi:8082 at 2024-10-31 09:10:46,420; send took 2 millis
2024-10-31 09:10:50,257 INFO [Heartbeat Monitor Thread-1] o.a.n.c.c.h.AbstractHeartbeatMonitor Finished processing 1 heartbeats in 5437 nanos
2024-10-31 09:10:51,426 INFO [Process Cluster Protocol Request-3] o.a.n.c.p.impl.SocketProtocolListener Finished processing request bfe1f79b-7d1b-4379-9ef8-4d71b35ff2b4 (type=HEARTBEAT, length=2243 bytes) from mynifi:8080 in 2 millis
2024-10-31 09:10:51,429 INFO [Clustering Tasks Thread-2] o.a.n.c.c.ClusterProtocolHeartbeater Heartbeat created at 2024-10-31 09:10:51,420 and sent to mynifi:8082 at 2024-10-31 09:10:51,429; send took 8 millis
2024-10-31 09:10:55,257 INFO [Heartbeat Monitor Thread-1] o.a.n.c.c.h.AbstractHeartbeatMonitor Finished processing 1 heartbeats in 13680 nanos
2024-10-31 09:10:56,435 INFO [Process Cluster Protocol Request-4] o.a.n.c.p.impl.SocketProtocolListener Finished processing request 8f971bbd-767f-4e1e-88d6-55aa41808b71 (type=HEARTBEAT, length=2243 bytes) from mynifi:8080 in 2 millis
2024-10-31 09:10:56,438 INFO [Clustering Tasks Thread-2] o.a.n.c.c.ClusterProtocolHeartbeater Heartbeat created at 2024-10-31 09:10:56,429 and sent to mynifi:8082 at 2024-10-31 09:10:56,438; send took 8 millis
2024-10-31 09:11:00,257 INFO [Heartbeat Monitor Thread-1] o.a.n.c.c.h.AbstractHeartbeatMonitor Finished processing 1 heartbeats in 6484 nanos
2024-10-31 09:11:01,442 INFO [Process Cluster Protocol Request-5] o.a.n.c.p.impl.SocketProtocolListener Finished processing request 26a6ad08-f3c0-48a1-8b40-3e6d2cf04784 (type=HEARTBEAT, length=2243 bytes) from mynifi:8080 in 1 millis
2024-10-31 09:11:01,443 INFO [Clustering Tasks Thread-2] o.a.n.c.c.ClusterProtocolHeartbeater Heartbeat created at 2024-10-31 09:11:01,438 and sent to mynifi:8082 at 2024-10-31 09:11:01,443; send took 5 millis
2024-10-31 09:11:03,780 INFO [pool-13-thread-1] o.a.n.c.r.WriteAheadFlowFileRepository Initiating checkpoint of FlowFile Repository
2024-10-31 09:11:03,780 INFO [pool-13-thread-1] o.a.n.c.r.WriteAheadFlowFileRepository Successfully checkpointed FlowFile Repository with 1 records in 0 milliseconds
2024-10-31 09:11:05,258 INFO [Heartbeat Monitor Thread-1] o.a.n.c.c.h.AbstractHeartbeatMonitor Finished processing 1 heartbeats in 13469 nanos
2024-10-31 09:11:06,449 INFO [Process Cluster Protocol Request-6] o.a.n.c.p.impl.SocketProtocolListener Finished processing request 66825de3-da98-474a-8ffb-dfdf80233e7a (type=HEARTBEAT, length=2243 bytes) from mynifi:8080 in 2 millis
2024-10-31 09:11:06,453 INFO [Clustering Tasks Thread-2] o.a.n.c.c.ClusterProtocolHeartbeater Heartbeat created at 2024-10-31 09:11:06,444 and sent to mynifi:8082 at 2024-10-31 09:11:06,452; send took 8 millis
2024-10-31 09:11:10,258 INFO [Heartbeat Monitor Thread-1] o.a.n.c.c.h.AbstractHeartbeatMonitor Finished processing 1 heartbeats in 5055 nanos
2024-10-31 09:11:11,136 INFO [Cleanup Archive for default] o.a.n.c.repository.FileSystemRepository Successfully deleted 0 files (0 bytes) from archive
2024-10-31 09:11:11,459 INFO [Process Cluster Protocol Request-7] o.a.n.c.p.impl.SocketProtocolListener Finished processing request df2b82d9-2c37-4cde-b6dd-9a311254c6cf (type=HEARTBEAT, length=2243 bytes) from mynifi:8080 in 2 millis
2024-10-31 09:11:11,462 INFO [Clustering Tasks Thread-2] o.a.n.c.c.ClusterProtocolHeartbeater Heartbeat created at 2024-10-31 09:11:11,453 and sent to mynifi:8082 at 2024-10-31 09:11:11,462; send took 8 millis
2024-10-31 09:11:15,258 INFO [Heartbeat Monitor Thread-1] o.a.n.c.c.h.AbstractHeartbeatMonitor Finished processing 1 heartbeats in 13606 nanos
2024-10-31 09:11:16,468 INFO [Process Cluster Protocol Request-8] o.a.n.c.p.impl.SocketProtocolListener Finished processing request 0816bb39-38eb-481d-bce9-b2df119d732d (type=HEARTBEAT, length=2243 bytes) from mynifi:8080 in 2 millis
2024-10-31 09:11:16,471 INFO [Clustering Tasks Thread-2] o.a.n.c.c.ClusterProtocolHeartbeater Heartbeat created at 2024-10-31 09:11:16,462 and sent to mynifi:8082 at 2024-10-31 09:11:16,471; send took 8 millis
2024-10-31 09:11:20,259 INFO [Heartbeat Monitor Thread-1] o.a.n.c.c.h.AbstractHeartbeatMonitor Finished processing 1 heartbeats in 13090 nanos
2024-10-31 09:11:21,478 INFO [Process Cluster Protocol Request-9] o.a.n.c.p.impl.SocketProtocolListener Finished processing request cf957954-2641-4bd9-a873-9d3ec9ab55e5 (type=HEARTBEAT, length=2243 bytes) from mynifi:8080 in 2 millis
2024-10-31 09:11:21,480 INFO [Clustering Tasks Thread-2] o.a.n.c.c.ClusterProtocolHeartbeater Heartbeat created at 2024-10-31 09:11:21,471 and sent to mynifi:8082 at 2024-10-31 09:11:21,480; send took 8 millis
2024-10-31 09:11:23,780 INFO [pool-13-thread-1] o.a.n.c.r.WriteAheadFlowFileRepository Initiating checkpoint of FlowFile Repository
2024-10-31 09:11:23,780 INFO [pool-13-thread-1] o.a.n.c.r.WriteAheadFlowFileRepository Successfully checkpointed FlowFile Repository with 1 records in 0 milliseconds
2024-10-31 09:11:25,259 INFO [Heartbeat Monitor Thread-1] o.a.n.c.c.h.AbstractHeartbeatMonitor Finished processing 1 heartbeats in 13900 nanos
2024-10-31 09:11:26,484 INFO [Process Cluster Protocol Request-10] o.a.n.c.p.impl.SocketProtocolListener Finished processing request b1fe5f57-7553-4229-ae1b-db8b25d23585 (type=HEARTBEAT, length=2243 bytes) from mynifi:8080 in 758934 nanos
2024-10-31 09:11:26,484 INFO [Clustering Tasks Thread-2] o.a.n.c.c.ClusterProtocolHeartbeater Heartbeat created at 2024-10-31 09:11:26,481 and sent to mynifi:8082 at 2024-10-31 09:11:26,484; send took 3 millis
2024-10-31 09:11:30,259 INFO [Heartbeat Monitor Thread-1] o.a.n.c.c.h.AbstractHeartbeatMonitor Finished processing 1 heartbeats in 14203 nanos
2024-10-31 09:11:31,491 INFO [Process Cluster Protocol Request-1] o.a.n.c.p.impl.SocketProtocolListener Finished processing request 743f8115-2b29-40d7-bd4b-ac18eb8aa356 (type=HEARTBEAT, length=2243 bytes) from mynifi:8080 in 2 millis
2024-10-31 09:11:31,494 INFO [Clustering Tasks Thread-2] o.a.n.c.c.ClusterProtocolHeartbeater Heartbeat created at 2024-10-31 09:11:31,485 and sent to mynifi:8082 at 2024-10-31 09:11:31,494; send took 8 millis
2024-10-31 09:11:35,260 INFO [Heartbeat Monitor Thread-1] o.a.n.c.c.h.AbstractHeartbeatMonitor Finished processing 1 heartbeats in 13765 nanos
2024-10-31 09:11:36,500 INFO [Process Cluster Protocol Request-2] o.a.n.c.p.impl.SocketProtocolListener Finished processing request 680b9a6c-24b4-44f0-8254-31426a3edbd2 (type=HEARTBEAT, length=2243 bytes) from mynifi:8080 in 2 millis
2024-10-31 09:11:36,503 INFO [Clustering Tasks Thread-2] o.a.n.c.c.ClusterProtocolHeartbeater Heartbeat created at 2024-10-31 09:11:36,494 and sent to mynifi:8082 at 2024-10-31 09:11:36,503; send took 9 millis
2024-10-31 09:11:40,260 INFO [Heartbeat Monitor Thread-1] o.a.n.c.c.h.AbstractHeartbeatMonitor Finished processing 1 heartbeats in 8881 nanos
2024-10-31 09:11:41,510 INFO [Process Cluster Protocol Request-3] o.a.n.c.p.impl.SocketProtocolListener Finished processing request d18f0feb-c1ad-4aba-9523-7c0e05e58948 (type=HEARTBEAT, length=2243 bytes) from mynifi:8080 in 2 millis
2024-10-31 09:11:41,513 INFO [Clustering Tasks Thread-2] o.a.n.c.c.ClusterProtocolHeartbeater Heartbeat created at 2024-10-31 09:11:41,504 and sent to mynifi:8082 at 2024-10-31 09:11:41,513; send took 8 millis
2024-10-31 09:11:43,781 INFO [pool-13-thread-1] o.a.n.c.r.WriteAheadFlowFileRepository Initiating checkpoint of FlowFile Repository
2024-10-31 09:11:43,781 INFO [pool-13-thread-1] o.a.n.c.r.WriteAheadFlowFileRepository Successfully checkpointed FlowFile Repository with 1 records in 0 milliseconds
2024-10-31 09:11:45,261 INFO [Heartbeat Monitor Thread-1] o.a.n.c.c.h.AbstractHeartbeatMonitor Finished processing 1 heartbeats in 29406 nanos
2024-10-31 09:11:46,515 INFO [Process Cluster Protocol Request-4] o.a.n.c.p.impl.SocketProtocolListener Finished processing request 0206c2cb-a67e-402e-9927-b073a772468b (type=HEARTBEAT, length=2243 bytes) from mynifi:8080 in 837892 nanos
2024-10-31 09:11:46,516 INFO [Clustering Tasks Thread-2] o.a.n.c.c.ClusterProtocolHeartbeater Heartbeat created at 2024-10-31 09:11:46,513 and sent to mynifi:8082 at 2024-10-31 09:11:46,516; send took 3 millis
2024-10-31 09:11:50,261 INFO [Heartbeat Monitor Thread-1] o.a.n.c.c.h.AbstractHeartbeatMonitor Finished processing 1 heartbeats in 14145 nanos
2024-10-31 09:11:51,520 INFO [Process Cluster Protocol Request-5] o.a.n.c.p.impl.SocketProtocolListener Finished processing request e1e265fb-7949-4990-a529-6fe7843a71f0 (type=HEARTBEAT, length=2243 bytes) from mynifi:8080 in 1 millis
2024-10-31 09:11:51,522 INFO [Clustering Tasks Thread-2] o.a.n.c.c.ClusterProtocolHeartbeater Heartbeat created at 2024-10-31 09:11:51,517 and sent to mynifi:8082 at 2024-10-31 09:11:51,522; send took 5 millis
2024-10-31 09:11:55,261 INFO [Heartbeat Monitor Thread-1] o.a.n.c.c.h.AbstractHeartbeatMonitor Finished processing 1 heartbeats in 13991 nanos
2024-10-31 09:11:56,528 INFO [Process Cluster Protocol Request-6] o.a.n.c.p.impl.SocketProtocolListener Finished processing request b498ae3b-2b89-4e26-b6e3-b8d4edc9da17 (type=HEARTBEAT, length=2243 bytes) from mynifi:8080 in 2 millis
2024-10-31 09:11:56,531 INFO [Clustering Tasks Thread-2] o.a.n.c.c.ClusterProtocolHeartbeater Heartbeat created at 2024-10-31 09:11:56,523 and sent to mynifi:8082 at 2024-10-31 09:11:56,531; send took 8 millis
2024-10-31 09:12:00,262 INFO [Heartbeat Monitor Thread-1] o.a.n.c.c.h.AbstractHeartbeatMonitor Finished processing 1 heartbeats in 11985 nanos
2024-10-31 09:12:01,534 INFO [Process Cluster Protocol Request-7] o.a.n.c.p.impl.SocketProtocolListener Finished processing request 55da752c-8c5d-453d-97de-c438416deac0 (type=HEARTBEAT, length=2243 bytes) from mynifi:8080 in 1 millis
2024-10-31 09:12:01,535 INFO [Clustering Tasks Thread-2] o.a.n.c.c.ClusterProtocolHeartbeater Heartbeat created at 2024-10-31 09:12:01,531 and sent to mynifi:8082 at 2024-10-31 09:12:01,535; send took 3 millis
2024-10-31 09:12:03,781 INFO [pool-13-thread-1] o.a.n.c.r.WriteAheadFlowFileRepository Initiating checkpoint of FlowFile Repository
2024-10-31 09:12:03,781 INFO [pool-13-thread-1] o.a.n.c.r.WriteAheadFlowFileRepository Successfully checkpointed FlowFile Repository with 1 records in 0 milliseconds
2024-10-31 09:12:05,262 INFO [Heartbeat Monitor Thread-1] o.a.n.c.c.h.AbstractHeartbeatMonitor Finished processing 1 heartbeats in 14519 nanos
2024-10-31 09:12:06,541 INFO [Process Cluster Protocol Request-8] o.a.n.c.p.impl.SocketProtocolListener Finished processing request de456ecb-2a9e-423d-a474-89d98642a329 (type=HEARTBEAT, length=2243 bytes) from mynifi:8080 in 2 millis
2024-10-31 09:12:06,543 INFO [Clustering Tasks Thread-2] o.a.n.c.c.ClusterProtocolHeartbeater Heartbeat created at 2024-10-31 09:12:06,535 and sent to mynifi:8082 at 2024-10-31 09:12:06,543; send took 8 millis
2024-10-31 09:12:08,351 INFO [Write-Ahead Local State Provider Maintenance] org.wali.MinimalLockingWriteAheadLog org.wali.MinimalLockingWriteAheadLog@7555782c checkpointed with 25 Records and 0 Swap Files in 11 milliseconds (Stop-the-world time = 4 milliseconds, Clear Edit Logs time = 4 millis), max Transaction ID 111
2024-10-31 09:12:10,262 INFO [Heartbeat Monitor Thread-1] o.a.n.c.c.h.AbstractHeartbeatMonitor Finished processing 1 heartbeats in 13799 nanos
2024-10-31 09:12:11,185 INFO [Cleanup Archive for default] o.a.n.c.repository.FileSystemRepository Successfully deleted 0 files (0 bytes) from archive
2024-10-31 09:12:11,550 INFO [Process Cluster Protocol Request-9] o.a.n.c.p.impl.SocketProtocolListener Finished processing request cac75fbd-72aa-4db7-ad35-25b8e26a0046 (type=HEARTBEAT, length=2243 bytes) from mynifi:8080 in 2 millis
2024-10-31 09:12:11,553 INFO [Clustering Tasks Thread-2] o.a.n.c.c.ClusterProtocolHeartbeater Heartbeat created at 2024-10-31 09:12:11,544 and sent to mynifi:8082 at 2024-10-31 09:12:11,553; send took 8 millis
2024-10-31 09:12:15,263 INFO [Heartbeat Monitor Thread-1] o.a.n.c.c.h.AbstractHeartbeatMonitor Finished processing 1 heartbeats in 38869 nanos
2024-10-31 09:12:16,559 INFO [Process Cluster Protocol Request-10] o.a.n.c.p.impl.SocketProtocolListener Finished processing request b02bdd74-37ed-4175-a989-c44f48386347 (type=HEARTBEAT, length=2243 bytes) from mynifi:8080 in 2 millis
2024-10-31 09:12:16,562 INFO [Clustering Tasks Thread-2] o.a.n.c.c.ClusterProtocolHeartbeater Heartbeat created at 2024-10-31 09:12:16,553 and sent to mynifi:8082 at 2024-10-31 09:12:16,562; send took 8 millis
2024-10-31 09:12:20,263 INFO [Heartbeat Monitor Thread-1] o.a.n.c.c.h.AbstractHeartbeatMonitor Finished processing 1 heartbeats in 14400 nanos
2024-10-31 09:12:21,568 INFO [Process Cluster Protocol Request-1] o.a.n.c.p.impl.SocketProtocolListener Finished processing request ec997730-8681-4eb5-8069-969711d1d9ba (type=HEARTBEAT, length=2243 bytes) from mynifi:8080 in 2 millis
2024-10-31 09:12:21,569 INFO [Clustering Tasks Thread-2] o.a.n.c.c.ClusterProtocolHeartbeater Heartbeat created at 2024-10-31 09:12:21,562 and sent to mynifi:8082 at 2024-10-31 09:12:21,569; send took 7 millis
2024-10-31 09:12:23,781 INFO [pool-13-thread-1] o.a.n.c.r.WriteAheadFlowFileRepository Initiating checkpoint of FlowFile Repository
2024-10-31 09:12:23,781 INFO [pool-13-thread-1] o.a.n.c.r.WriteAheadFlowFileRepository Successfully checkpointed FlowFile Repository with 1 records in 0 milliseconds
2024-10-31 09:12:25,264 INFO [Heartbeat Monitor Thread-1] o.a.n.c.c.h.AbstractHeartbeatMonitor Finished processing 1 heartbeats in 13928 nanos
2024-10-31 09:12:26,576 INFO [Process Cluster Protocol Request-2] o.a.n.c.p.impl.SocketProtocolListener Finished processing request 24629350-e5eb-44b7-a81e-342f79ca9e1e (type=HEARTBEAT, length=2243 bytes) from mynifi:8080 in 2 millis
2024-10-31 09:12:26,578 INFO [Clustering Tasks Thread-2] o.a.n.c.c.ClusterProtocolHeartbeater Heartbeat created at 2024-10-31 09:12:26,570 and sent to mynifi:8082 at 2024-10-31 09:12:26,578; send took 8 millis
2024-10-31 09:12:30,264 INFO [Heartbeat Monitor Thread-1] o.a.n.c.c.h.AbstractHeartbeatMonitor Finished processing 1 heartbeats in 14197 nanos
2024-10-31 09:12:31,585 INFO [Process Cluster Protocol Request-3] o.a.n.c.p.impl.SocketProtocolListener Finished processing request fca1199c-787a-4af3-84ad-c458c83da21f (type=HEARTBEAT, length=2243 bytes) from mynifi:8080 in 3 millis
2024-10-31 09:12:31,587 INFO [Clustering Tasks Thread-2] o.a.n.c.c.ClusterProtocolHeartbeater Heartbeat created at 2024-10-31 09:12:31,579 and sent to mynifi:8082 at 2024-10-31 09:12:31,587; send took 8 millis
2024-10-31 09:12:35,265 INFO [Heartbeat Monitor Thread-1] o.a.n.c.c.h.AbstractHeartbeatMonitor Finished processing 1 heartbeats in 16119 nanos
2024-10-31 09:12:36,594 INFO [Process Cluster Protocol Request-4] o.a.n.c.p.impl.SocketProtocolListener Finished processing request 6631b87a-d15f-4e94-9123-086bff8bd86d (type=HEARTBEAT, length=2243 bytes) from mynifi:8080 in 2 millis
2024-10-31 09:12:36,596 INFO [Clustering Tasks Thread-2] o.a.n.c.c.ClusterProtocolHeartbeater Heartbeat created at 2024-10-31 09:12:36,588 and sent to mynifi:8082 at 2024-10-31 09:12:36,596; send took 8 millis
2024-10-31 09:12:40,265 INFO [Heartbeat Monitor Thread-1] o.a.n.c.c.h.AbstractHeartbeatMonitor Finished processing 1 heartbeats in 7343 nanos
2024-10-31 09:12:41,603 INFO [Process Cluster Protocol Request-5] o.a.n.c.p.impl.SocketProtocolListener Finished processing request 8856cd94-d390-4acf-8103-fc6313b7f5b7 (type=HEARTBEAT, length=2243 bytes) from mynifi:8080 in 2 millis
2024-10-31 09:12:41,606 INFO [Clustering Tasks Thread-2] o.a.n.c.c.ClusterProtocolHeartbeater Heartbeat created at 2024-10-31 09:12:41,597 and sent to mynifi:8082 at 2024-10-31 09:12:41,606; send took 8 millis
2024-10-31 09:12:43,782 INFO [pool-13-thread-1] o.a.n.c.r.WriteAheadFlowFileRepository Initiating checkpoint of FlowFile Repository
2024-10-31 09:12:43,782 INFO [pool-13-thread-1] o.a.n.c.r.WriteAheadFlowFileRepository Successfully checkpointed FlowFile Repository with 1 records in 0 milliseconds
2024-10-31 09:12:45,265 INFO [Heartbeat Monitor Thread-1] o.a.n.c.c.h.AbstractHeartbeatMonitor Finished processing 1 heartbeats in 15208 nanos
2024-10-31 09:12:46,609 INFO [Process Cluster Protocol Request-6] o.a.n.c.p.impl.SocketProtocolListener Finished processing request 1dffbbb7-67be-4734-8327-178408c167e6 (type=HEARTBEAT, length=2243 bytes) from mynifi:8080 in 1 millis
2024-10-31 09:12:46,611 INFO [Clustering Tasks Thread-2] o.a.n.c.c.ClusterProtocolHeartbeater Heartbeat created at 2024-10-31 09:12:46,606 and sent to mynifi:8082 at 2024-10-31 09:12:46,611; send took 5 millis
2024-10-31 09:12:50,265 INFO [Heartbeat Monitor Thread-1] o.a.n.c.c.h.AbstractHeartbeatMonitor Finished processing 1 heartbeats in 8946 nanos
2024-10-31 09:12:51,618 INFO [Process Cluster Protocol Request-7] o.a.n.c.p.impl.SocketProtocolListener Finished processing request b3e9f263-b5b1-4646-a22b-76649a96bcf7 (type=HEARTBEAT, length=2243 bytes) from mynifi:8080 in 2 millis
2024-10-31 09:12:51,620 INFO [Clustering Tasks Thread-2] o.a.n.c.c.ClusterProtocolHeartbeater Heartbeat created at 2024-10-31 09:12:51,612 and sent to mynifi:8082 at 2024-10-31 09:12:51,620; send took 8 millis
2024-10-31 09:12:55,266 INFO [Heartbeat Monitor Thread-1] o.a.n.c.c.h.AbstractHeartbeatMonitor Finished processing 1 heartbeats in 14162 nanos
2024-10-31 09:12:56,627 INFO [Process Cluster Protocol Request-8] o.a.n.c.p.impl.SocketProtocolListener Finished processing request 4d64f45b-22ef-4851-92f9-1016c8781f58 (type=HEARTBEAT, length=2243 bytes) from mynifi:8080 in 2 millis
2024-10-31 09:12:56,629 INFO [Clustering Tasks Thread-2] o.a.n.c.c.ClusterProtocolHeartbeater Heartbeat created at 2024-10-31 09:12:56,621 and sent to mynifi:8082 at 2024-10-31 09:12:56,629; send took 8 millis
2024-10-31 09:13:00,266 INFO [Heartbeat Monitor Thread-1] o.a.n.c.c.h.AbstractHeartbeatMonitor Finished processing 1 heartbeats in 14142 nanos
2024-10-31 09:13:01,635 INFO [Process Cluster Protocol Request-9] o.a.n.c.p.impl.SocketProtocolListener Finished processing request 8abcec69-b322-438a-ab31-63ce8f5b6944 (type=HEARTBEAT, length=2243 bytes) from mynifi:8080 in 2 millis
2024-10-31 09:13:01,638 INFO [Clustering Tasks Thread-2] o.a.n.c.c.ClusterProtocolHeartbeater Heartbeat created at 2024-10-31 09:13:01,630 and sent to mynifi:8082 at 2024-10-31 09:13:01,638; send took 8 millis
2024-10-31 09:13:03,782 INFO [pool-13-thread-1] o.a.n.c.r.WriteAheadFlowFileRepository Initiating checkpoint of FlowFile Repository
2024-10-31 09:13:03,782 INFO [pool-13-thread-1] o.a.n.c.r.WriteAheadFlowFileRepository Successfully checkpointed FlowFile Repository with 1 records in 0 milliseconds
2024-10-31 09:13:05,267 INFO [Heartbeat Monitor Thread-1] o.a.n.c.c.h.AbstractHeartbeatMonitor Finished processing 1 heartbeats in 8538 nanos
2024-10-31 09:13:06,644 INFO [Process Cluster Protocol Request-10] o.a.n.c.p.impl.SocketProtocolListener Finished processing request 40e41a2f-f576-403d-ad95-339b7d2a1b65 (type=HEARTBEAT, length=2243 bytes) from mynifi:8080 in 2 millis
2024-10-31 09:13:06,645 INFO [Clustering Tasks Thread-2] o.a.n.c.c.ClusterProtocolHeartbeater Heartbeat created at 2024-10-31 09:13:06,638 and sent to mynifi:8082 at 2024-10-31 09:13:06,645; send took 6 millis
2024-10-31 09:13:10,267 INFO [Heartbeat Monitor Thread-1] o.a.n.c.c.h.AbstractHeartbeatMonitor Finished processing 1 heartbeats in 13949 nanos
2024-10-31 09:13:11,220 INFO [Cleanup Archive for default] o.a.n.c.repository.FileSystemRepository Successfully deleted 0 files (0 bytes) from archive
2024-10-31 09:13:11,652 INFO [Process Cluster Protocol Request-1] o.a.n.c.p.impl.SocketProtocolListener Finished processing request 3748f51f-2ec4-4658-a22e-eef7e874586c (type=HEARTBEAT, length=2243 bytes) from mynifi:8080 in 2 millis
2024-10-31 09:13:11,654 INFO [Clustering Tasks Thread-2] o.a.n.c.c.ClusterProtocolHeartbeater Heartbeat created at 2024-10-31 09:13:11,646 and sent to mynifi:8082 at 2024-10-31 09:13:11,654; send took 8 millis
2024-10-31 09:13:15,267 INFO [Heartbeat Monitor Thread-1] o.a.n.c.c.h.AbstractHeartbeatMonitor Finished processing 1 heartbeats in 7842 nanos
2024-10-31 09:13:16,661 INFO [Process Cluster Protocol Request-2] o.a.n.c.p.impl.SocketProtocolListener Finished processing request 222b6858-6d3b-4a0e-a9ab-0469a6ba6b98 (type=HEARTBEAT, length=2243 bytes) from mynifi:8080 in 2 millis
2024-10-31 09:13:16,665 INFO [Clustering Tasks Thread-2] o.a.n.c.c.ClusterProtocolHeartbeater Heartbeat created at 2024-10-31 09:13:16,655 and sent to mynifi:8082 at 2024-10-31 09:13:16,665; send took 10 millis
2024-10-31 09:13:20,268 INFO [Heartbeat Monitor Thread-1] o.a.n.c.c.h.AbstractHeartbeatMonitor Finished processing 1 heartbeats in 13862 nanos
2024-10-31 09:13:21,672 INFO [Process Cluster Protocol Request-3] o.a.n.c.p.impl.SocketProtocolListener Finished processing request 74a27d36-7241-4fef-916c-bde53f2cf7c8 (type=HEARTBEAT, length=2243 bytes) from mynifi:8080 in 2 millis
2024-10-31 09:13:21,675 INFO [Clustering Tasks Thread-2] o.a.n.c.c.ClusterProtocolHeartbeater Heartbeat created at 2024-10-31 09:13:21,666 and sent to mynifi:8082 at 2024-10-31 09:13:21,675; send took 8 millis
2024-10-31 09:13:23,782 INFO [pool-13-thread-1] o.a.n.c.r.WriteAheadFlowFileRepository Initiating checkpoint of FlowFile Repository
2024-10-31 09:13:23,783 INFO [pool-13-thread-1] o.a.n.c.r.WriteAheadFlowFileRepository Successfully checkpointed FlowFile Repository with 1 records in 0 milliseconds
2024-10-31 09:13:25,268 INFO [Heartbeat Monitor Thread-1] o.a.n.c.c.h.AbstractHeartbeatMonitor Finished processing 1 heartbeats in 14659 nanos
2024-10-31 09:13:26,681 INFO [Process Cluster Protocol Request-4] o.a.n.c.p.impl.SocketProtocolListener Finished processing request f2e4532d-0ea6-400f-b607-ef4d696a03ce (type=HEARTBEAT, length=2243 bytes) from mynifi:8080 in 2 millis
2024-10-31 09:13:26,683 INFO [Clustering Tasks Thread-2] o.a.n.c.c.ClusterProtocolHeartbeater Heartbeat created at 2024-10-31 09:13:26,675 and sent to mynifi:8082 at 2024-10-31 09:13:26,683; send took 8 millis
2024-10-31 09:13:30,268 INFO [Heartbeat Monitor Thread-1] o.a.n.c.c.h.AbstractHeartbeatMonitor Finished processing 1 heartbeats in 14103 nanos
2024-10-31 09:13:31,690 INFO [Process Cluster Protocol Request-5] o.a.n.c.p.impl.SocketProtocolListener Finished processing request 8470fec7-66df-4887-ba90-4fa21d2ed64c (type=HEARTBEAT, length=2243 bytes) from mynifi:8080 in 2 millis
2024-10-31 09:13:31,692 INFO [Clustering Tasks Thread-2] o.a.n.c.c.ClusterProtocolHeartbeater Heartbeat created at 2024-10-31 09:13:31,684 and sent to mynifi:8082 at 2024-10-31 09:13:31,692; send took 8 millis
2024-10-31 09:13:35,269 INFO [Heartbeat Monitor Thread-1] o.a.n.c.c.h.AbstractHeartbeatMonitor Finished processing 1 heartbeats in 12798 nanos
2024-10-31 09:13:36,698 INFO [Process Cluster Protocol Request-6] o.a.n.c.p.impl.SocketProtocolListener Finished processing request a444ca5b-1d8f-4808-97d9-985d299e24fa (type=HEARTBEAT, length=2243 bytes) from mynifi:8080 in 2 millis
2024-10-31 09:13:36,701 INFO [Clustering Tasks Thread-2] o.a.n.c.c.ClusterProtocolHeartbeater Heartbeat created at 2024-10-31 09:13:36,692 and sent to mynifi:8082 at 2024-10-31 09:13:36,701; send took 8 millis
2024-10-31 09:13:40,269 INFO [Heartbeat Monitor Thread-1] o.a.n.c.c.h.AbstractHeartbeatMonitor Finished processing 1 heartbeats in 6037 nanos
2024-10-31 09:13:41,703 INFO [Process Cluster Protocol Request-7] o.a.n.c.p.impl.SocketProtocolListener Finished processing request a5c51d85-e82e-49ae-bd41-c7c1a1ed8908 (type=HEARTBEAT, length=2243 bytes) from mynifi:8080 in 758057 nanos
2024-10-31 09:13:41,704 INFO [Clustering Tasks Thread-2] o.a.n.c.c.ClusterProtocolHeartbeater Heartbeat created at 2024-10-31 09:13:41,701 and sent to mynifi:8082 at 2024-10-31 09:13:41,704; send took 2 millis
2024-10-31 09:13:43,783 INFO [pool-13-thread-1] o.a.n.c.r.WriteAheadFlowFileRepository Initiating checkpoint of FlowFile Repository
2024-10-31 09:13:43,783 INFO [pool-13-thread-1] o.a.n.c.r.WriteAheadFlowFileRepository Successfully checkpointed FlowFile Repository with 1 records in 0 milliseconds
2024-10-31 09:13:45,269 INFO [Heartbeat Monitor Thread-1] o.a.n.c.c.h.AbstractHeartbeatMonitor Finished processing 1 heartbeats in 7077 nanos
2024-10-31 09:13:46,710 INFO [Process Cluster Protocol Request-8] o.a.n.c.p.impl.SocketProtocolListener Finished processing request d13225eb-e174-4f04-9481-947979e50a6f (type=HEARTBEAT, length=2243 bytes) from mynifi:8080 in 2 millis
2024-10-31 09:13:46,712 INFO [Clustering Tasks Thread-2] o.a.n.c.c.ClusterProtocolHeartbeater Heartbeat created at 2024-10-31 09:13:46,704 and sent to mynifi:8082 at 2024-10-31 09:13:46,712; send took 8 millis
2024-10-31 09:13:50,270 INFO [Heartbeat Monitor Thread-1] o.a.n.c.c.h.AbstractHeartbeatMonitor Finished processing 1 heartbeats in 12857 nanos
2024-10-31 09:13:51,719 INFO [Process Cluster Protocol Request-9] o.a.n.c.p.impl.SocketProtocolListener Finished processing request 0e942812-252e-4ab2-9777-e503ffd2aac1 (type=HEARTBEAT, length=2243 bytes) from mynifi:8080 in 2 millis
2024-10-31 09:13:51,721 INFO [Clustering Tasks Thread-2] o.a.n.c.c.ClusterProtocolHeartbeater Heartbeat created at 2024-10-31 09:13:51,713 and sent to mynifi:8082 at 2024-10-31 09:13:51,721; send took 8 millis
2024-10-31 09:13:55,270 INFO [Heartbeat Monitor Thread-1] o.a.n.c.c.h.AbstractHeartbeatMonitor Finished processing 1 heartbeats in 24858 nanos
2024-10-31 09:13:56,728 INFO [Process Cluster Protocol Request-10] o.a.n.c.p.impl.SocketProtocolListener Finished processing request 09405f7a-6f1a-4923-834b-8dd775bd6af8 (type=HEARTBEAT, length=2243 bytes) from mynifi:8080 in 2 millis
2024-10-31 09:13:56,730 INFO [Clustering Tasks Thread-2] o.a.n.c.c.ClusterProtocolHeartbeater Heartbeat created at 2024-10-31 09:13:56,722 and sent to mynifi:8082 at 2024-10-31 09:13:56,730; send took 8 millis
2024-10-31 09:14:00,270 INFO [Heartbeat Monitor Thread-1] o.a.n.c.c.h.AbstractHeartbeatMonitor Finished processing 1 heartbeats in 6028 nanos
2024-10-31 09:14:01,736 INFO [Process Cluster Protocol Request-1] o.a.n.c.p.impl.SocketProtocolListener Finished processing request 961a931c-622c-4bb4-9bd5-7cc80f9e3d22 (type=HEARTBEAT, length=2243 bytes) from mynifi:8080 in 2 millis
2024-10-31 09:14:01,740 INFO [Clustering Tasks Thread-2] o.a.n.c.c.ClusterProtocolHeartbeater Heartbeat created at 2024-10-31 09:14:01,731 and sent to mynifi:8082 at 2024-10-31 09:14:01,739; send took 8 millis
2024-10-31 09:14:03,783 INFO [pool-13-thread-1] o.a.n.c.r.WriteAheadFlowFileRepository Initiating checkpoint of FlowFile Repository
2024-10-31 09:14:03,783 INFO [pool-13-thread-1] o.a.n.c.r.WriteAheadFlowFileRepository Successfully checkpointed FlowFile Repository with 1 records in 0 milliseconds
2024-10-31 09:14:05,271 INFO [Heartbeat Monitor Thread-1] o.a.n.c.c.h.AbstractHeartbeatMonitor Finished processing 1 heartbeats in 13825 nanos
2024-10-31 09:14:06,742 INFO [Process Cluster Protocol Request-2] o.a.n.c.p.impl.SocketProtocolListener Finished processing request b882cd4b-f5e1-4d10-8a1e-a9b327933cfb (type=HEARTBEAT, length=2243 bytes) from mynifi:8080 in 915829 nanos
2024-10-31 09:14:06,743 INFO [Clustering Tasks Thread-2] o.a.n.c.c.ClusterProtocolHeartbeater Heartbeat created at 2024-10-31 09:14:06,740 and sent to mynifi:8082 at 2024-10-31 09:14:06,743; send took 3 millis
2024-10-31 09:14:08,359 INFO [Write-Ahead Local State Provider Maintenance] org.wali.MinimalLockingWriteAheadLog org.wali.MinimalLockingWriteAheadLog@7555782c checkpointed with 25 Records and 0 Swap Files in 7 milliseconds (Stop-the-world time = 4 milliseconds, Clear Edit Logs time = 0 millis), max Transaction ID 111
2024-10-31 09:14:10,271 INFO [Heartbeat Monitor Thread-1] o.a.n.c.c.h.AbstractHeartbeatMonitor Finished processing 1 heartbeats in 12833 nanos
2024-10-31 09:14:11,247 INFO [Cleanup Archive for default] o.a.n.c.repository.FileSystemRepository Successfully deleted 0 files (0 bytes) from archive
2024-10-31 09:14:11,749 INFO [Process Cluster Protocol Request-3] o.a.n.c.p.impl.SocketProtocolListener Finished processing request 569605c5-b632-421c-b9b3-137621b7e194 (type=HEARTBEAT, length=2243 bytes) from mynifi:8080 in 2 millis
2024-10-31 09:14:11,751 INFO [Clustering Tasks Thread-2] o.a.n.c.c.ClusterProtocolHeartbeater Heartbeat created at 2024-10-31 09:14:11,743 and sent to mynifi:8082 at 2024-10-31 09:14:11,751; send took 8 millis
2024-10-31 09:14:15,271 INFO [Heartbeat Monitor Thread-1] o.a.n.c.c.h.AbstractHeartbeatMonitor Finished processing 1 heartbeats in 13696 nanos
2024-10-31 09:14:16,754 INFO [Process Cluster Protocol Request-4] o.a.n.c.p.impl.SocketProtocolListener Finished processing request 95e2ecfe-db8a-4bd5-9782-41fbd996125f (type=HEARTBEAT, length=2243 bytes) from mynifi:8080 in 970513 nanos
2024-10-31 09:14:16,755 INFO [Clustering Tasks Thread-2] o.a.n.c.c.ClusterProtocolHeartbeater Heartbeat created at 2024-10-31 09:14:16,752 and sent to mynifi:8082 at 2024-10-31 09:14:16,755; send took 2 millis
2024-10-31 09:14:20,272 INFO [Heartbeat Monitor Thread-1] o.a.n.c.c.h.AbstractHeartbeatMonitor Finished processing 1 heartbeats in 11157 nanos
2024-10-31 09:14:21,761 INFO [Process Cluster Protocol Request-5] o.a.n.c.p.impl.SocketProtocolListener Finished processing request 9a100822-cb57-4dff-8083-c329baf01f6d (type=HEARTBEAT, length=2243 bytes) from mynifi:8080 in 2 millis
2024-10-31 09:14:21,764 INFO [Clustering Tasks Thread-2] o.a.n.c.c.ClusterProtocolHeartbeater Heartbeat created at 2024-10-31 09:14:21,755 and sent to mynifi:8082 at 2024-10-31 09:14:21,764; send took 8 millis
2024-10-31 09:14:23,784 INFO [pool-13-thread-1] o.a.n.c.r.WriteAheadFlowFileRepository Initiating checkpoint of FlowFile Repository
2024-10-31 09:14:23,784 INFO [pool-13-thread-1] o.a.n.c.r.WriteAheadFlowFileRepository Successfully checkpointed FlowFile Repository with 1 records in 0 milliseconds
2024-10-31 09:14:25,272 INFO [Heartbeat Monitor Thread-1] o.a.n.c.c.h.AbstractHeartbeatMonitor Finished processing 1 heartbeats in 12776 nanos
2024-10-31 09:14:26,770 INFO [Process Cluster Protocol Request-6] o.a.n.c.p.impl.SocketProtocolListener Finished processing request 4692b2b2-f0ef-4b88-8b55-41bdeee03766 (type=HEARTBEAT, length=2243 bytes) from mynifi:8080 in 2 millis
2024-10-31 09:14:26,774 INFO [Clustering Tasks Thread-2] o.a.n.c.c.ClusterProtocolHeartbeater Heartbeat created at 2024-10-31 09:14:26,765 and sent to mynifi:8082 at 2024-10-31 09:14:26,774; send took 8 millis
2024-10-31 09:14:30,273 INFO [Heartbeat Monitor Thread-1] o.a.n.c.c.h.AbstractHeartbeatMonitor Finished processing 1 heartbeats in 13674 nanos
2024-10-31 09:14:31,780 INFO [Process Cluster Protocol Request-7] o.a.n.c.p.impl.SocketProtocolListener Finished processing request ae727f81-4fce-41c4-b953-142ef4f76f36 (type=HEARTBEAT, length=2243 bytes) from mynifi:8080 in 2 millis
2024-10-31 09:14:31,783 INFO [Clustering Tasks Thread-2] o.a.n.c.c.ClusterProtocolHeartbeater Heartbeat created at 2024-10-31 09:14:31,774 and sent to mynifi:8082 at 2024-10-31 09:14:31,783; send took 8 millis
2024-10-31 09:14:35,273 INFO [Heartbeat Monitor Thread-1] o.a.n.c.c.h.AbstractHeartbeatMonitor Finished processing 1 heartbeats in 7324 nanos
2024-10-31 09:14:36,789 INFO [Process Cluster Protocol Request-8] o.a.n.c.p.impl.SocketProtocolListener Finished processing request 376cf4bc-4a04-4817-b543-61a126dfe357 (type=HEARTBEAT, length=2243 bytes) from mynifi:8080 in 2 millis
2024-10-31 09:14:36,792 INFO [Clustering Tasks Thread-2] o.a.n.c.c.ClusterProtocolHeartbeater Heartbeat created at 2024-10-31 09:14:36,783 and sent to mynifi:8082 at 2024-10-31 09:14:36,792; send took 8 millis
2024-10-31 09:14:40,273 INFO [Heartbeat Monitor Thread-1] o.a.n.c.c.h.AbstractHeartbeatMonitor Finished processing 1 heartbeats in 13277 nanos
2024-10-31 09:14:41,794 INFO [Process Cluster Protocol Request-9] o.a.n.c.p.impl.SocketProtocolListener Finished processing request e28d3f44-731f-48df-9d9e-dbb7e3fff40d (type=HEARTBEAT, length=2243 bytes) from mynifi:8080 in 701000 nanos
2024-10-31 09:14:41,794 INFO [Clustering Tasks Thread-2] o.a.n.c.c.ClusterProtocolHeartbeater Heartbeat created at 2024-10-31 09:14:41,792 and sent to mynifi:8082 at 2024-10-31 09:14:41,794; send took 2 millis
2024-10-31 09:14:43,784 INFO [pool-13-thread-1] o.a.n.c.r.WriteAheadFlowFileRepository Initiating checkpoint of FlowFile Repository
2024-10-31 09:14:43,784 INFO [pool-13-thread-1] o.a.n.c.r.WriteAheadFlowFileRepository Successfully checkpointed FlowFile Repository with 1 records in 0 milliseconds
2024-10-31 09:14:45,274 INFO [Heartbeat Monitor Thread-1] o.a.n.c.c.h.AbstractHeartbeatMonitor Finished processing 1 heartbeats in 14233 nanos
2024-10-31 09:14:46,801 INFO [Process Cluster Protocol Request-10] o.a.n.c.p.impl.SocketProtocolListener Finished processing request d5253183-846b-497d-9b2d-47da39ec20df (type=HEARTBEAT, length=2243 bytes) from mynifi:8080 in 2 millis
2024-10-31 09:14:46,803 INFO [Clustering Tasks Thread-2] o.a.n.c.c.ClusterProtocolHeartbeater Heartbeat created at 2024-10-31 09:14:46,795 and sent to mynifi:8082 at 2024-10-31 09:14:46,803; send took 8 millis
2024-10-31 09:14:50,274 INFO [Heartbeat Monitor Thread-1] o.a.n.c.c.h.AbstractHeartbeatMonitor Finished processing 1 heartbeats in 14034 nanos
2024-10-31 09:14:51,810 INFO [Process Cluster Protocol Request-1] o.a.n.c.p.impl.SocketProtocolListener Finished processing request 15110125-db6c-4b85-afd8-b34fa690777f (type=HEARTBEAT, length=2243 bytes) from mynifi:8080 in 2 millis
2024-10-31 09:14:51,812 INFO [Clustering Tasks Thread-2] o.a.n.c.c.ClusterProtocolHeartbeater Heartbeat created at 2024-10-31 09:14:51,804 and sent to mynifi:8082 at 2024-10-31 09:14:51,812; send took 8 millis
2024-10-31 09:14:55,274 INFO [Heartbeat Monitor Thread-1] o.a.n.c.c.h.AbstractHeartbeatMonitor Finished processing 1 heartbeats in 13794 nanos
2024-10-31 09:14:56,818 INFO [Process Cluster Protocol Request-2] o.a.n.c.p.impl.SocketProtocolListener Finished processing request ba7e87c9-e235-4dae-aa78-43661bddcf5a (type=HEARTBEAT, length=2243 bytes) from mynifi:8080 in 2 millis
2024-10-31 09:14:56,821 INFO [Clustering Tasks Thread-2] o.a.n.c.c.ClusterProtocolHeartbeater Heartbeat created at 2024-10-31 09:14:56,813 and sent to mynifi:8082 at 2024-10-31 09:14:56,821; send took 8 millis
2024-10-31 09:15:00,275 INFO [Heartbeat Monitor Thread-1] o.a.n.c.c.h.AbstractHeartbeatMonitor Finished processing 1 heartbeats in 14020 nanos
2024-10-31 09:15:01,824 INFO [Process Cluster Protocol Request-3] o.a.n.c.p.impl.SocketProtocolListener Finished processing request 638c6d48-fcb7-4841-8c1e-028f4fdaa36a (type=HEARTBEAT, length=2243 bytes) from mynifi:8080 in 1 millis
2024-10-31 09:15:01,825 INFO [Clustering Tasks Thread-2] o.a.n.c.c.ClusterProtocolHeartbeater Heartbeat created at 2024-10-31 09:15:01,821 and sent to mynifi:8082 at 2024-10-31 09:15:01,825; send took 3 millis
2024-10-31 09:15:03,784 INFO [pool-13-thread-1] o.a.n.c.r.WriteAheadFlowFileRepository Initiating checkpoint of FlowFile Repository
2024-10-31 09:15:03,784 INFO [pool-13-thread-1] o.a.n.c.r.WriteAheadFlowFileRepository Successfully checkpointed FlowFile Repository with 1 records in 0 milliseconds
2024-10-31 09:15:05,275 INFO [Heartbeat Monitor Thread-1] o.a.n.c.c.h.AbstractHeartbeatMonitor Finished processing 1 heartbeats in 12466 nanos
2024-10-31 09:15:06,827 INFO [Process Cluster Protocol Request-4] o.a.n.c.p.impl.SocketProtocolListener Finished processing request 08dede94-7d65-4aae-b829-15a99e38aec6 (type=HEARTBEAT, length=2243 bytes) from mynifi:8080 in 747713 nanos
2024-10-31 09:15:06,828 INFO [Clustering Tasks Thread-2] o.a.n.c.c.ClusterProtocolHeartbeater Heartbeat created at 2024-10-31 09:15:06,825 and sent to mynifi:8082 at 2024-10-31 09:15:06,828; send took 2 millis
2024-10-31 09:15:10,276 INFO [Heartbeat Monitor Thread-1] o.a.n.c.c.h.AbstractHeartbeatMonitor Finished processing 1 heartbeats in 13404 nanos
2024-10-31 09:15:11,275 INFO [Cleanup Archive for default] o.a.n.c.repository.FileSystemRepository Successfully deleted 0 files (0 bytes) from archive
2024-10-31 09:15:11,834 INFO [Process Cluster Protocol Request-5] o.a.n.c.p.impl.SocketProtocolListener Finished processing request 7da4cbd2-7b96-4e67-abd2-c7b0382cf0cb (type=HEARTBEAT, length=2243 bytes) from mynifi:8080 in 2 millis
2024-10-31 09:15:11,837 INFO [Clustering Tasks Thread-2] o.a.n.c.c.ClusterProtocolHeartbeater Heartbeat created at 2024-10-31 09:15:11,828 and sent to mynifi:8082 at 2024-10-31 09:15:11,837; send took 8 millis
2024-10-31 09:15:15,276 INFO [Heartbeat Monitor Thread-1] o.a.n.c.c.h.AbstractHeartbeatMonitor Finished processing 1 heartbeats in 13920 nanos
2024-10-31 09:15:16,843 INFO [Process Cluster Protocol Request-6] o.a.n.c.p.impl.SocketProtocolListener Finished processing request 1ad198a2-835d-46c0-86e6-f8acd003f8f7 (type=HEARTBEAT, length=2243 bytes) from mynifi:8080 in 2 millis
2024-10-31 09:15:16,846 INFO [Clustering Tasks Thread-2] o.a.n.c.c.ClusterProtocolHeartbeater Heartbeat created at 2024-10-31 09:15:16,837 and sent to mynifi:8082 at 2024-10-31 09:15:16,846; send took 9 millis
2024-10-31 09:15:20,276 INFO [Heartbeat Monitor Thread-1] o.a.n.c.c.h.AbstractHeartbeatMonitor Finished processing 1 heartbeats in 15533 nanos
2024-10-31 09:15:21,851 INFO [Process Cluster Protocol Request-7] o.a.n.c.p.impl.SocketProtocolListener Finished processing request a7e1a3ab-ff4e-4c7d-a920-1246594429c6 (type=HEARTBEAT, length=2243 bytes) from mynifi:8080 in 1 millis
2024-10-31 09:15:21,852 INFO [Clustering Tasks Thread-2] o.a.n.c.c.ClusterProtocolHeartbeater Heartbeat created at 2024-10-31 09:15:21,847 and sent to mynifi:8082 at 2024-10-31 09:15:21,852; send took 5 millis
2024-10-31 09:15:23,785 INFO [pool-13-thread-1] o.a.n.c.r.WriteAheadFlowFileRepository Initiating checkpoint of FlowFile Repository
2024-10-31 09:15:23,785 INFO [pool-13-thread-1] o.a.n.c.r.WriteAheadFlowFileRepository Successfully checkpointed FlowFile Repository with 1 records in 0 milliseconds
2024-10-31 09:15:25,277 INFO [Heartbeat Monitor Thread-1] o.a.n.c.c.h.AbstractHeartbeatMonitor Finished processing 1 heartbeats in 13559 nanos
2024-10-31 09:15:26,858 INFO [Process Cluster Protocol Request-8] o.a.n.c.p.impl.SocketProtocolListener Finished processing request 9b052e98-e5e4-4a1f-be0f-ccb1c7419f62 (type=HEARTBEAT, length=2243 bytes) from mynifi:8080 in 2 millis
2024-10-31 09:15:26,861 INFO [Clustering Tasks Thread-2] o.a.n.c.c.ClusterProtocolHeartbeater Heartbeat created at 2024-10-31 09:15:26,852 and sent to mynifi:8082 at 2024-10-31 09:15:26,861; send took 8 millis
2024-10-31 09:15:30,277 INFO [Heartbeat Monitor Thread-1] o.a.n.c.c.h.AbstractHeartbeatMonitor Finished processing 1 heartbeats in 13622 nanos
2024-10-31 09:15:31,864 INFO [Process Cluster Protocol Request-9] o.a.n.c.p.impl.SocketProtocolListener Finished processing request c6e442bc-26bb-497a-8a79-37a5427bda7c (type=HEARTBEAT, length=2243 bytes) from mynifi:8080 in 1 millis
2024-10-31 09:15:31,865 INFO [Clustering Tasks Thread-2] o.a.n.c.c.ClusterProtocolHeartbeater Heartbeat created at 2024-10-31 09:15:31,861 and sent to mynifi:8082 at 2024-10-31 09:15:31,865; send took 4 millis
2024-10-31 09:15:35,277 INFO [Heartbeat Monitor Thread-1] o.a.n.c.c.h.AbstractHeartbeatMonitor Finished processing 1 heartbeats in 12846 nanos
2024-10-31 09:15:36,871 INFO [Process Cluster Protocol Request-10] o.a.n.c.p.impl.SocketProtocolListener Finished processing request 51d16438-8b6e-4282-b415-3d37283572da (type=HEARTBEAT, length=2243 bytes) from mynifi:8080 in 2 millis
2024-10-31 09:15:36,874 INFO [Clustering Tasks Thread-2] o.a.n.c.c.ClusterProtocolHeartbeater Heartbeat created at 2024-10-31 09:15:36,866 and sent to mynifi:8082 at 2024-10-31 09:15:36,874; send took 8 millis
2024-10-31 09:15:40,278 INFO [Heartbeat Monitor Thread-1] o.a.n.c.c.h.AbstractHeartbeatMonitor Finished processing 1 heartbeats in 13286 nanos
2024-10-31 09:15:41,876 INFO [Process Cluster Protocol Request-1] o.a.n.c.p.impl.SocketProtocolListener Finished processing request 4717586f-d7ec-4d2e-af88-5f9c64cb610e (type=HEARTBEAT, length=2243 bytes) from mynifi:8080 in 791615 nanos
2024-10-31 09:15:41,877 INFO [Clustering Tasks Thread-2] o.a.n.c.c.ClusterProtocolHeartbeater Heartbeat created at 2024-10-31 09:15:41,874 and sent to mynifi:8082 at 2024-10-31 09:15:41,877; send took 2 millis
2024-10-31 09:15:43,785 INFO [pool-13-thread-1] o.a.n.c.r.WriteAheadFlowFileRepository Initiating checkpoint of FlowFile Repository
2024-10-31 09:15:43,785 INFO [pool-13-thread-1] o.a.n.c.r.WriteAheadFlowFileRepository Successfully checkpointed FlowFile Repository with 1 records in 0 milliseconds
2024-10-31 09:15:45,278 INFO [Heartbeat Monitor Thread-1] o.a.n.c.c.h.AbstractHeartbeatMonitor Finished processing 1 heartbeats in 14231 nanos
2024-10-31 09:15:46,883 INFO [Process Cluster Protocol Request-2] o.a.n.c.p.impl.SocketProtocolListener Finished processing request 2e9c1e99-63c8-469a-b3a6-fa2027c43f8e (type=HEARTBEAT, length=2243 bytes) from mynifi:8080 in 2 millis
2024-10-31 09:15:46,886 INFO [Clustering Tasks Thread-2] o.a.n.c.c.ClusterProtocolHeartbeater Heartbeat created at 2024-10-31 09:15:46,877 and sent to mynifi:8082 at 2024-10-31 09:15:46,886; send took 8 millis
2024-10-31 09:15:50,279 INFO [Heartbeat Monitor Thread-1] o.a.n.c.c.h.AbstractHeartbeatMonitor Finished processing 1 heartbeats in 13067 nanos
2024-10-31 09:15:51,892 INFO [Process Cluster Protocol Request-3] o.a.n.c.p.impl.SocketProtocolListener Finished processing request b1fd447e-ffce-4569-b7fd-a83d89030351 (type=HEARTBEAT, length=2243 bytes) from mynifi:8080 in 2 millis
2024-10-31 09:15:51,895 INFO [Clustering Tasks Thread-2] o.a.n.c.c.ClusterProtocolHeartbeater Heartbeat created at 2024-10-31 09:15:51,886 and sent to mynifi:8082 at 2024-10-31 09:15:51,895; send took 8 millis
2024-10-31 09:15:55,279 INFO [Heartbeat Monitor Thread-1] o.a.n.c.c.h.AbstractHeartbeatMonitor Finished processing 1 heartbeats in 13779 nanos
2024-10-31 09:15:56,901 INFO [Process Cluster Protocol Request-4] o.a.n.c.p.impl.SocketProtocolListener Finished processing request 49f33c28-334f-40fa-a838-64f40f696b15 (type=HEARTBEAT, length=2243 bytes) from mynifi:8080 in 2 millis
2024-10-31 09:15:56,903 INFO [Clustering Tasks Thread-2] o.a.n.c.c.ClusterProtocolHeartbeater Heartbeat created at 2024-10-31 09:15:56,895 and sent to mynifi:8082 at 2024-10-31 09:15:56,903; send took 8 millis
2024-10-31 09:16:00,279 INFO [Heartbeat Monitor Thread-1] o.a.n.c.c.h.AbstractHeartbeatMonitor Finished processing 1 heartbeats in 13909 nanos
2024-10-31 09:16:01,906 INFO [Process Cluster Protocol Request-5] o.a.n.c.p.impl.SocketProtocolListener Finished processing request 16611e86-3ccb-470a-8b3f-0988aaba7879 (type=HEARTBEAT, length=2243 bytes) from mynifi:8080 in 727345 nanos
2024-10-31 09:16:01,906 INFO [Clustering Tasks Thread-2] o.a.n.c.c.ClusterProtocolHeartbeater Heartbeat created at 2024-10-31 09:16:01,904 and sent to mynifi:8082 at 2024-10-31 09:16:01,906; send took 2 millis
2024-10-31 09:16:03,785 INFO [pool-13-thread-1] o.a.n.c.r.WriteAheadFlowFileRepository Initiating checkpoint of FlowFile Repository
2024-10-31 09:16:03,786 INFO [pool-13-thread-1] o.a.n.c.r.WriteAheadFlowFileRepository Successfully checkpointed FlowFile Repository with 1 records in 0 milliseconds
2024-10-31 09:16:05,280 INFO [Heartbeat Monitor Thread-1] o.a.n.c.c.h.AbstractHeartbeatMonitor Finished processing 1 heartbeats in 13296 nanos
2024-10-31 09:16:06,912 INFO [Process Cluster Protocol Request-6] o.a.n.c.p.impl.SocketProtocolListener Finished processing request 189f1f6c-2b1f-4f0c-af85-ba3efff588c1 (type=HEARTBEAT, length=2243 bytes) from mynifi:8080 in 2 millis
2024-10-31 09:16:06,915 INFO [Clustering Tasks Thread-2] o.a.n.c.c.ClusterProtocolHeartbeater Heartbeat created at 2024-10-31 09:16:06,906 and sent to mynifi:8082 at 2024-10-31 09:16:06,915; send took 8 millis
2024-10-31 09:16:08,366 INFO [Write-Ahead Local State Provider Maintenance] org.wali.MinimalLockingWriteAheadLog org.wali.MinimalLockingWriteAheadLog@7555782c checkpointed with 25 Records and 0 Swap Files in 7 milliseconds (Stop-the-world time = 4 milliseconds, Clear Edit Logs time = 0 millis), max Transaction ID 111
2024-10-31 09:16:10,280 INFO [Heartbeat Monitor Thread-1] o.a.n.c.c.h.AbstractHeartbeatMonitor Finished processing 1 heartbeats in 13854 nanos
2024-10-31 09:16:11,303 INFO [Cleanup Archive for default] o.a.n.c.repository.FileSystemRepository Successfully deleted 0 files (0 bytes) from archive
2024-10-31 09:16:11,921 INFO [Process Cluster Protocol Request-7] o.a.n.c.p.impl.SocketProtocolListener Finished processing request 1b4ac395-5120-410b-9c6e-4983bc2a2339 (type=HEARTBEAT, length=2243 bytes) from mynifi:8080 in 2 millis
2024-10-31 09:16:11,923 INFO [Clustering Tasks Thread-2] o.a.n.c.c.ClusterProtocolHeartbeater Heartbeat created at 2024-10-31 09:16:11,915 and sent to mynifi:8082 at 2024-10-31 09:16:11,923; send took 8 millis
2024-10-31 09:16:15,281 INFO [Heartbeat Monitor Thread-1] o.a.n.c.c.h.AbstractHeartbeatMonitor Finished processing 1 heartbeats in 13419 nanos
2024-10-31 09:16:16,930 INFO [Process Cluster Protocol Request-8] o.a.n.c.p.impl.SocketProtocolListener Finished processing request 1fddbb7f-3302-4e88-be67-a8ec916e73e2 (type=HEARTBEAT, length=2243 bytes) from mynifi:8080 in 2 millis
2024-10-31 09:16:16,932 INFO [Clustering Tasks Thread-2] o.a.n.c.c.ClusterProtocolHeartbeater Heartbeat created at 2024-10-31 09:16:16,924 and sent to mynifi:8082 at 2024-10-31 09:16:16,932; send took 8 millis
2024-10-31 09:16:20,281 INFO [Heartbeat Monitor Thread-1] o.a.n.c.c.h.AbstractHeartbeatMonitor Finished processing 1 heartbeats in 14621 nanos
2024-10-31 09:16:21,939 INFO [Process Cluster Protocol Request-9] o.a.n.c.p.impl.SocketProtocolListener Finished processing request 5acb5f0c-8a01-454b-ae3f-867e70dff64f (type=HEARTBEAT, length=2243 bytes) from mynifi:8080 in 2 millis
2024-10-31 09:16:21,941 INFO [Clustering Tasks Thread-2] o.a.n.c.c.ClusterProtocolHeartbeater Heartbeat created at 2024-10-31 09:16:21,933 and sent to mynifi:8082 at 2024-10-31 09:16:21,941; send took 8 millis
2024-10-31 09:16:23,786 INFO [pool-13-thread-1] o.a.n.c.r.WriteAheadFlowFileRepository Initiating checkpoint of FlowFile Repository
2024-10-31 09:16:23,786 INFO [pool-13-thread-1] o.a.n.c.r.WriteAheadFlowFileRepository Successfully checkpointed FlowFile Repository with 1 records in 0 milliseconds
2024-10-31 09:16:25,281 INFO [Heartbeat Monitor Thread-1] o.a.n.c.c.h.AbstractHeartbeatMonitor Finished processing 1 heartbeats in 12876 nanos
2024-10-31 09:16:26,948 INFO [Process Cluster Protocol Request-10] o.a.n.c.p.impl.SocketProtocolListener Finished processing request 3370d4fb-3751-475d-a2b2-5e19e1e5e61b (type=HEARTBEAT, length=2243 bytes) from mynifi:8080 in 2 millis
2024-10-31 09:16:26,950 INFO [Clustering Tasks Thread-2] o.a.n.c.c.ClusterProtocolHeartbeater Heartbeat created at 2024-10-31 09:16:26,942 and sent to mynifi:8082 at 2024-10-31 09:16:26,950; send took 8 millis
2024-10-31 09:16:30,282 INFO [Heartbeat Monitor Thread-1] o.a.n.c.c.h.AbstractHeartbeatMonitor Finished processing 1 heartbeats in 13908 nanos
2024-10-31 09:16:31,957 INFO [Process Cluster Protocol Request-1] o.a.n.c.p.impl.SocketProtocolListener Finished processing request d2f7cc7e-835c-41cf-b344-e59ea3e2dfbe (type=HEARTBEAT, length=2243 bytes) from mynifi:8080 in 2 millis
2024-10-31 09:16:31,959 INFO [Clustering Tasks Thread-2] o.a.n.c.c.ClusterProtocolHeartbeater Heartbeat created at 2024-10-31 09:16:31,951 and sent to mynifi:8082 at 2024-10-31 09:16:31,959; send took 8 millis
2024-10-31 09:16:35,282 INFO [Heartbeat Monitor Thread-1] o.a.n.c.c.h.AbstractHeartbeatMonitor Finished processing 1 heartbeats in 14383 nanos
2024-10-31 09:16:36,966 INFO [Process Cluster Protocol Request-2] o.a.n.c.p.impl.SocketProtocolListener Finished processing request bfd23e97-7137-4655-99a6-d210c174c5ca (type=HEARTBEAT, length=2243 bytes) from mynifi:8080 in 2 millis
2024-10-31 09:16:36,968 INFO [Clustering Tasks Thread-2] o.a.n.c.c.ClusterProtocolHeartbeater Heartbeat created at 2024-10-31 09:16:36,960 and sent to mynifi:8082 at 2024-10-31 09:16:36,968; send took 8 millis
2024-10-31 09:16:40,282 INFO [Heartbeat Monitor Thread-1] o.a.n.c.c.h.AbstractHeartbeatMonitor Finished processing 1 heartbeats in 9702 nanos
2024-10-31 09:16:41,974 INFO [Process Cluster Protocol Request-3] o.a.n.c.p.impl.SocketProtocolListener Finished processing request e9dff2cf-7bb2-4236-995b-e24e41a32079 (type=HEARTBEAT, length=2243 bytes) from mynifi:8080 in 2 millis
2024-10-31 09:16:41,977 INFO [Clustering Tasks Thread-2] o.a.n.c.c.ClusterProtocolHeartbeater Heartbeat created at 2024-10-31 09:16:41,969 and sent to mynifi:8082 at 2024-10-31 09:16:41,977; send took 8 millis
2024-10-31 09:16:43,786 INFO [pool-13-thread-1] o.a.n.c.r.WriteAheadFlowFileRepository Initiating checkpoint of FlowFile Repository
2024-10-31 09:16:43,787 INFO [pool-13-thread-1] o.a.n.c.r.WriteAheadFlowFileRepository Successfully checkpointed FlowFile Repository with 1 records in 0 milliseconds
2024-10-31 09:16:45,283 INFO [Heartbeat Monitor Thread-1] o.a.n.c.c.h.AbstractHeartbeatMonitor Finished processing 1 heartbeats in 13556 nanos
2024-10-31 09:16:46,984 INFO [Process Cluster Protocol Request-4] o.a.n.c.p.impl.SocketProtocolListener Finished processing request 9873bc4d-2a56-458c-a1a2-738d9e709abd (type=HEARTBEAT, length=2243 bytes) from mynifi:8080 in 2 millis
2024-10-31 09:16:46,986 INFO [Clustering Tasks Thread-2] o.a.n.c.c.ClusterProtocolHeartbeater Heartbeat created at 2024-10-31 09:16:46,977 and sent to mynifi:8082 at 2024-10-31 09:16:46,986; send took 8 millis
2024-10-31 09:16:50,283 INFO [Heartbeat Monitor Thread-1] o.a.n.c.c.h.AbstractHeartbeatMonitor Finished processing 1 heartbeats in 13500 nanos
2024-10-31 09:16:51,992 INFO [Process Cluster Protocol Request-5] o.a.n.c.p.impl.SocketProtocolListener Finished processing request 67b360ca-afb2-47f0-b5d0-f0fd08734f7c (type=HEARTBEAT, length=2243 bytes) from mynifi:8080 in 2 millis
2024-10-31 09:16:51,995 INFO [Clustering Tasks Thread-2] o.a.n.c.c.ClusterProtocolHeartbeater Heartbeat created at 2024-10-31 09:16:51,987 and sent to mynifi:8082 at 2024-10-31 09:16:51,995; send took 8 millis
2024-10-31 09:16:55,284 INFO [Heartbeat Monitor Thread-1] o.a.n.c.c.h.AbstractHeartbeatMonitor Finished processing 1 heartbeats in 13960 nanos
2024-10-31 09:16:57,002 INFO [Process Cluster Protocol Request-6] o.a.n.c.p.impl.SocketProtocolListener Finished processing request ab3e5da0-20bf-42b9-b2e9-e3f0463355b3 (type=HEARTBEAT, length=2243 bytes) from mynifi:8080 in 2 millis
2024-10-31 09:16:57,005 INFO [Clustering Tasks Thread-2] o.a.n.c.c.ClusterProtocolHeartbeater Heartbeat created at 2024-10-31 09:16:56,995 and sent to mynifi:8082 at 2024-10-31 09:16:57,005; send took 9 millis
2024-10-31 09:17:00,284 INFO [Heartbeat Monitor Thread-1] o.a.n.c.c.h.AbstractHeartbeatMonitor Finished processing 1 heartbeats in 14560 nanos
2024-10-31 09:17:02,011 INFO [Process Cluster Protocol Request-7] o.a.n.c.p.impl.SocketProtocolListener Finished processing request d4d1309c-43c2-403a-8d2b-5984283791f8 (type=HEARTBEAT, length=2243 bytes) from mynifi:8080 in 2 millis
2024-10-31 09:17:02,014 INFO [Clustering Tasks Thread-2] o.a.n.c.c.ClusterProtocolHeartbeater Heartbeat created at 2024-10-31 09:17:02,005 and sent to mynifi:8082 at 2024-10-31 09:17:02,014; send took 8 millis
2024-10-31 09:17:03,787 INFO [pool-13-thread-1] o.a.n.c.r.WriteAheadFlowFileRepository Initiating checkpoint of FlowFile Repository
2024-10-31 09:17:03,787 INFO [pool-13-thread-1] o.a.n.c.r.WriteAheadFlowFileRepository Successfully checkpointed FlowFile Repository with 1 records in 0 milliseconds
2024-10-31 09:17:05,284 INFO [Heartbeat Monitor Thread-1] o.a.n.c.c.h.AbstractHeartbeatMonitor Finished processing 1 heartbeats in 11847 nanos
2024-10-31 09:17:07,021 INFO [Process Cluster Protocol Request-8] o.a.n.c.p.impl.SocketProtocolListener Finished processing request cab42370-81e7-4ba6-9382-32661073abd4 (type=HEARTBEAT, length=2243 bytes) from mynifi:8080 in 2 millis
2024-10-31 09:17:07,024 INFO [Clustering Tasks Thread-2] o.a.n.c.c.ClusterProtocolHeartbeater Heartbeat created at 2024-10-31 09:17:07,015 and sent to mynifi:8082 at 2024-10-31 09:17:07,024; send took 8 millis
2024-10-31 09:17:10,285 INFO [Heartbeat Monitor Thread-1] o.a.n.c.c.h.AbstractHeartbeatMonitor Finished processing 1 heartbeats in 12243 nanos
2024-10-31 09:17:11,365 INFO [Cleanup Archive for default] o.a.n.c.repository.FileSystemRepository Successfully deleted 0 files (0 bytes) from archive
2024-10-31 09:17:12,026 INFO [Process Cluster Protocol Request-9] o.a.n.c.p.impl.SocketProtocolListener Finished processing request 9b0fbc41-c573-460c-9d32-8d5ff5de7659 (type=HEARTBEAT, length=2243 bytes) from mynifi:8080 in 947595 nanos
2024-10-31 09:17:12,027 INFO [Clustering Tasks Thread-2] o.a.n.c.c.ClusterProtocolHeartbeater Heartbeat created at 2024-10-31 09:17:12,024 and sent to mynifi:8082 at 2024-10-31 09:17:12,027; send took 3 millis
2024-10-31 09:17:15,285 INFO [Heartbeat Monitor Thread-1] o.a.n.c.c.h.AbstractHeartbeatMonitor Finished processing 1 heartbeats in 6930 nanos
2024-10-31 09:17:17,034 INFO [Process Cluster Protocol Request-10] o.a.n.c.p.impl.SocketProtocolListener Finished processing request 3e1d669f-ca02-4829-8793-bce7131b70af (type=HEARTBEAT, length=2243 bytes) from mynifi:8080 in 2 millis
2024-10-31 09:17:17,036 INFO [Clustering Tasks Thread-2] o.a.n.c.c.ClusterProtocolHeartbeater Heartbeat created at 2024-10-31 09:17:17,028 and sent to mynifi:8082 at 2024-10-31 09:17:17,036; send took 8 millis
2024-10-31 09:17:20,285 INFO [Heartbeat Monitor Thread-1] o.a.n.c.c.h.AbstractHeartbeatMonitor Finished processing 1 heartbeats in 12560 nanos
2024-10-31 09:17:22,042 INFO [Process Cluster Protocol Request-1] o.a.n.c.p.impl.SocketProtocolListener Finished processing request 0e6ac70e-4863-4246-8853-3dbc11ad4268 (type=HEARTBEAT, length=2243 bytes) from mynifi:8080 in 2 millis
2024-10-31 09:17:22,045 INFO [Clustering Tasks Thread-2] o.a.n.c.c.ClusterProtocolHeartbeater Heartbeat created at 2024-10-31 09:17:22,037 and sent to mynifi:8082 at 2024-10-31 09:17:22,045; send took 7 millis
2024-10-31 09:17:23,787 INFO [pool-13-thread-1] o.a.n.c.r.WriteAheadFlowFileRepository Initiating checkpoint of FlowFile Repository
2024-10-31 09:17:23,787 INFO [pool-13-thread-1] o.a.n.c.r.WriteAheadFlowFileRepository Successfully checkpointed FlowFile Repository with 1 records in 0 milliseconds
2024-10-31 09:17:25,286 INFO [Heartbeat Monitor Thread-1] o.a.n.c.c.h.AbstractHeartbeatMonitor Finished processing 1 heartbeats in 13042 nanos
2024-10-31 09:17:27,052 INFO [Process Cluster Protocol Request-2] o.a.n.c.p.impl.SocketProtocolListener Finished processing request 0675e6e1-de44-45f0-b34d-163d58731de3 (type=HEARTBEAT, length=2243 bytes) from mynifi:8080 in 2 millis
2024-10-31 09:17:27,054 INFO [Clustering Tasks Thread-2] o.a.n.c.c.ClusterProtocolHeartbeater Heartbeat created at 2024-10-31 09:17:27,046 and sent to mynifi:8082 at 2024-10-31 09:17:27,054; send took 8 millis
2024-10-31 09:17:30,286 INFO [Heartbeat Monitor Thread-1] o.a.n.c.c.h.AbstractHeartbeatMonitor Finished processing 1 heartbeats in 11853 nanos
2024-10-31 09:17:32,071 INFO [Process Cluster Protocol Request-3] o.a.n.c.p.impl.SocketProtocolListener Finished processing request ef1bc5bd-b018-48db-b1bc-751ff0efb21b (type=HEARTBEAT, length=2243 bytes) from mynifi:8080 in 13 millis
2024-10-31 09:17:32,072 INFO [Clustering Tasks Thread-2] o.a.n.c.c.ClusterProtocolHeartbeater Heartbeat created at 2024-10-31 09:17:32,055 and sent to mynifi:8082 at 2024-10-31 09:17:32,072; send took 17 millis
2024-10-31 09:17:35,286 INFO [Heartbeat Monitor Thread-1] o.a.n.c.c.h.AbstractHeartbeatMonitor Finished processing 1 heartbeats in 12133 nanos
2024-10-31 09:17:37,078 INFO [Process Cluster Protocol Request-4] o.a.n.c.p.impl.SocketProtocolListener Finished processing request bbedd98d-c25d-40af-ae47-7f2ee12bd50b (type=HEARTBEAT, length=2243 bytes) from mynifi:8080 in 2 millis
2024-10-31 09:17:37,081 INFO [Clustering Tasks Thread-2] o.a.n.c.c.ClusterProtocolHeartbeater Heartbeat created at 2024-10-31 09:17:37,072 and sent to mynifi:8082 at 2024-10-31 09:17:37,081; send took 8 millis
2024-10-31 09:17:40,287 INFO [Heartbeat Monitor Thread-1] o.a.n.c.c.h.AbstractHeartbeatMonitor Finished processing 1 heartbeats in 12169 nanos
2024-10-31 09:17:42,087 INFO [Process Cluster Protocol Request-5] o.a.n.c.p.impl.SocketProtocolListener Finished processing request 808966a1-5610-4a5b-8ee9-5a1af006116c (type=HEARTBEAT, length=2243 bytes) from mynifi:8080 in 2 millis
2024-10-31 09:17:42,090 INFO [Clustering Tasks Thread-2] o.a.n.c.c.ClusterProtocolHeartbeater Heartbeat created at 2024-10-31 09:17:42,082 and sent to mynifi:8082 at 2024-10-31 09:17:42,090; send took 8 millis
2024-10-31 09:17:43,788 INFO [pool-13-thread-1] o.a.n.c.r.WriteAheadFlowFileRepository Initiating checkpoint of FlowFile Repository
2024-10-31 09:17:43,788 INFO [pool-13-thread-1] o.a.n.c.r.WriteAheadFlowFileRepository Successfully checkpointed FlowFile Repository with 1 records in 0 milliseconds
2024-10-31 09:17:45,287 INFO [Heartbeat Monitor Thread-1] o.a.n.c.c.h.AbstractHeartbeatMonitor Finished processing 1 heartbeats in 14119 nanos
2024-10-31 09:17:47,097 INFO [Process Cluster Protocol Request-6] o.a.n.c.p.impl.SocketProtocolListener Finished processing request bac5cade-27a8-4426-bc78-416a79fa46e9 (type=HEARTBEAT, length=2243 bytes) from mynifi:8080 in 2 millis
2024-10-31 09:17:47,100 INFO [Clustering Tasks Thread-2] o.a.n.c.c.ClusterProtocolHeartbeater Heartbeat created at 2024-10-31 09:17:47,090 and sent to mynifi:8082 at 2024-10-31 09:17:47,100; send took 9 millis
2024-10-31 09:17:50,287 INFO [Heartbeat Monitor Thread-1] o.a.n.c.c.h.AbstractHeartbeatMonitor Finished processing 1 heartbeats in 13000 nanos
2024-10-31 09:17:52,106 INFO [Process Cluster Protocol Request-7] o.a.n.c.p.impl.SocketProtocolListener Finished processing request ca26dd14-01dc-424b-9559-02b9bf985636 (type=HEARTBEAT, length=2243 bytes) from mynifi:8080 in 2 millis
2024-10-31 09:17:52,108 INFO [Clustering Tasks Thread-2] o.a.n.c.c.ClusterProtocolHeartbeater Heartbeat created at 2024-10-31 09:17:52,100 and sent to mynifi:8082 at 2024-10-31 09:17:52,108; send took 8 millis
2024-10-31 09:17:55,288 INFO [Heartbeat Monitor Thread-1] o.a.n.c.c.h.AbstractHeartbeatMonitor Finished processing 1 heartbeats in 28319 nanos
2024-10-31 09:17:57,112 INFO [Process Cluster Protocol Request-8] o.a.n.c.p.impl.SocketProtocolListener Finished processing request 588b2193-fbda-4871-8563-fbd3931d35f1 (type=HEARTBEAT, length=2243 bytes) from mynifi:8080 in 797763 nanos
2024-10-31 09:17:57,113 INFO [Clustering Tasks Thread-2] o.a.n.c.c.ClusterProtocolHeartbeater Heartbeat created at 2024-10-31 09:17:57,109 and sent to mynifi:8082 at 2024-10-31 09:17:57,113; send took 3 millis
2024-10-31 09:18:00,288 INFO [Heartbeat Monitor Thread-1] o.a.n.c.c.h.AbstractHeartbeatMonitor Finished processing 1 heartbeats in 14070 nanos
2024-10-31 09:18:02,119 INFO [Process Cluster Protocol Request-9] o.a.n.c.p.impl.SocketProtocolListener Finished processing request 4e7257b1-aed0-4b5f-ad05-7cada7a0fa18 (type=HEARTBEAT, length=2243 bytes) from mynifi:8080 in 2 millis
2024-10-31 09:18:02,121 INFO [Clustering Tasks Thread-2] o.a.n.c.c.ClusterProtocolHeartbeater Heartbeat created at 2024-10-31 09:18:02,113 and sent to mynifi:8082 at 2024-10-31 09:18:02,121; send took 8 millis
2024-10-31 09:18:03,788 INFO [pool-13-thread-1] o.a.n.c.r.WriteAheadFlowFileRepository Initiating checkpoint of FlowFile Repository
2024-10-31 09:18:03,788 INFO [pool-13-thread-1] o.a.n.c.r.WriteAheadFlowFileRepository Successfully checkpointed FlowFile Repository with 1 records in 0 milliseconds
2024-10-31 09:18:05,289 INFO [Heartbeat Monitor Thread-1] o.a.n.c.c.h.AbstractHeartbeatMonitor Finished processing 1 heartbeats in 14376 nanos
2024-10-31 09:18:07,128 INFO [Process Cluster Protocol Request-10] o.a.n.c.p.impl.SocketProtocolListener Finished processing request d5446949-acf2-4a42-a086-a3bcbbbde13b (type=HEARTBEAT, length=2243 bytes) from mynifi:8080 in 2 millis
2024-10-31 09:18:07,131 INFO [Clustering Tasks Thread-2] o.a.n.c.c.ClusterProtocolHeartbeater Heartbeat created at 2024-10-31 09:18:07,122 and sent to mynifi:8082 at 2024-10-31 09:18:07,131; send took 9 millis
2024-10-31 09:18:08,378 INFO [Write-Ahead Local State Provider Maintenance] org.wali.MinimalLockingWriteAheadLog org.wali.MinimalLockingWriteAheadLog@7555782c checkpointed with 25 Records and 0 Swap Files in 11 milliseconds (Stop-the-world time = 4 milliseconds, Clear Edit Logs time = 4 millis), max Transaction ID 111
2024-10-31 09:18:10,289 INFO [Heartbeat Monitor Thread-1] o.a.n.c.c.h.AbstractHeartbeatMonitor Finished processing 1 heartbeats in 12760 nanos
2024-10-31 09:18:11,432 INFO [Cleanup Archive for default] o.a.n.c.repository.FileSystemRepository Successfully deleted 0 files (0 bytes) from archive
2024-10-31 09:18:12,137 INFO [Process Cluster Protocol Request-1] o.a.n.c.p.impl.SocketProtocolListener Finished processing request 36a6c562-a4cc-4c7e-a583-fec4c2fe6945 (type=HEARTBEAT, length=2243 bytes) from mynifi:8080 in 2 millis
2024-10-31 09:18:12,140 INFO [Clustering Tasks Thread-2] o.a.n.c.c.ClusterProtocolHeartbeater Heartbeat created at 2024-10-31 09:18:12,131 and sent to mynifi:8082 at 2024-10-31 09:18:12,140; send took 8 millis
2024-10-31 09:18:15,289 INFO [Heartbeat Monitor Thread-1] o.a.n.c.c.h.AbstractHeartbeatMonitor Finished processing 1 heartbeats in 6355 nanos
2024-10-31 09:18:17,146 INFO [Process Cluster Protocol Request-2] o.a.n.c.p.impl.SocketProtocolListener Finished processing request 860e34fc-2be0-40ce-84b8-3fe7d4dfedac (type=HEARTBEAT, length=2243 bytes) from mynifi:8080 in 2 millis
2024-10-31 09:18:17,149 INFO [Clustering Tasks Thread-2] o.a.n.c.c.ClusterProtocolHeartbeater Heartbeat created at 2024-10-31 09:18:17,140 and sent to mynifi:8082 at 2024-10-31 09:18:17,149; send took 8 millis
2024-10-31 09:18:20,290 INFO [Heartbeat Monitor Thread-1] o.a.n.c.c.h.AbstractHeartbeatMonitor Finished processing 1 heartbeats in 13445 nanos
2024-10-31 09:18:22,155 INFO [Process Cluster Protocol Request-3] o.a.n.c.p.impl.SocketProtocolListener Finished processing request a63bd769-e454-4517-b905-8ca7b9fd0d6c (type=HEARTBEAT, length=2243 bytes) from mynifi:8080 in 2 millis
2024-10-31 09:18:22,157 INFO [Clustering Tasks Thread-2] o.a.n.c.c.ClusterProtocolHeartbeater Heartbeat created at 2024-10-31 09:18:22,149 and sent to mynifi:8082 at 2024-10-31 09:18:22,157; send took 8 millis
2024-10-31 09:18:23,789 INFO [pool-13-thread-1] o.a.n.c.r.WriteAheadFlowFileRepository Initiating checkpoint of FlowFile Repository
2024-10-31 09:18:23,789 INFO [pool-13-thread-1] o.a.n.c.r.WriteAheadFlowFileRepository Successfully checkpointed FlowFile Repository with 1 records in 0 milliseconds
2024-10-31 09:18:25,290 INFO [Heartbeat Monitor Thread-1] o.a.n.c.c.h.AbstractHeartbeatMonitor Finished processing 1 heartbeats in 11439 nanos
2024-10-31 09:18:27,164 INFO [Process Cluster Protocol Request-4] o.a.n.c.p.impl.SocketProtocolListener Finished processing request 9dbaec7a-b315-49eb-ae4a-2d7cbc987b76 (type=HEARTBEAT, length=2243 bytes) from mynifi:8080 in 2 millis
2024-10-31 09:18:27,166 INFO [Clustering Tasks Thread-2] o.a.n.c.c.ClusterProtocolHeartbeater Heartbeat created at 2024-10-31 09:18:27,158 and sent to mynifi:8082 at 2024-10-31 09:18:27,166; send took 8 millis
2024-10-31 09:18:30,290 INFO [Heartbeat Monitor Thread-1] o.a.n.c.c.h.AbstractHeartbeatMonitor Finished processing 1 heartbeats in 13612 nanos
2024-10-31 09:18:32,173 INFO [Process Cluster Protocol Request-5] o.a.n.c.p.impl.SocketProtocolListener Finished processing request 5a5b2755-9efa-4ddc-9c42-d14f6c9d3b24 (type=HEARTBEAT, length=2243 bytes) from mynifi:8080 in 2 millis
2024-10-31 09:18:32,175 INFO [Clustering Tasks Thread-2] o.a.n.c.c.ClusterProtocolHeartbeater Heartbeat created at 2024-10-31 09:18:32,167 and sent to mynifi:8082 at 2024-10-31 09:18:32,175; send took 8 millis
2024-10-31 09:18:35,291 INFO [Heartbeat Monitor Thread-1] o.a.n.c.c.h.AbstractHeartbeatMonitor Finished processing 1 heartbeats in 13024 nanos
2024-10-31 09:18:37,178 INFO [Process Cluster Protocol Request-6] o.a.n.c.p.impl.SocketProtocolListener Finished processing request 05a500ac-dc31-496b-a477-4dda059e707f (type=HEARTBEAT, length=2243 bytes) from mynifi:8080 in 1 millis
2024-10-31 09:18:37,180 INFO [Clustering Tasks Thread-2] o.a.n.c.c.ClusterProtocolHeartbeater Heartbeat created at 2024-10-31 09:18:37,176 and sent to mynifi:8082 at 2024-10-31 09:18:37,180; send took 3 millis
2024-10-31 09:18:40,291 INFO [Heartbeat Monitor Thread-1] o.a.n.c.c.h.AbstractHeartbeatMonitor Finished processing 1 heartbeats in 13873 nanos
2024-10-31 09:18:42,186 INFO [Process Cluster Protocol Request-7] o.a.n.c.p.impl.SocketProtocolListener Finished processing request 8851a1ee-a9ea-4999-98a2-9b25b08cd8e5 (type=HEARTBEAT, length=2243 bytes) from mynifi:8080 in 2 millis
2024-10-31 09:18:42,188 INFO [Clustering Tasks Thread-2] o.a.n.c.c.ClusterProtocolHeartbeater Heartbeat created at 2024-10-31 09:18:42,180 and sent to mynifi:8082 at 2024-10-31 09:18:42,188; send took 8 millis
2024-10-31 09:18:43,789 INFO [pool-13-thread-1] o.a.n.c.r.WriteAheadFlowFileRepository Initiating checkpoint of FlowFile Repository
2024-10-31 09:18:43,789 INFO [pool-13-thread-1] o.a.n.c.r.WriteAheadFlowFileRepository Successfully checkpointed FlowFile Repository with 1 records in 0 milliseconds
2024-10-31 09:18:45,291 INFO [Heartbeat Monitor Thread-1] o.a.n.c.c.h.AbstractHeartbeatMonitor Finished processing 1 heartbeats in 13655 nanos
2024-10-31 09:18:47,195 INFO [Process Cluster Protocol Request-8] o.a.n.c.p.impl.SocketProtocolListener Finished processing request 806ceb35-9839-4dbc-839f-9064ea04a532 (type=HEARTBEAT, length=2243 bytes) from mynifi:8080 in 2 millis
2024-10-31 09:18:47,198 INFO [Clustering Tasks Thread-2] o.a.n.c.c.ClusterProtocolHeartbeater Heartbeat created at 2024-10-31 09:18:47,189 and sent to mynifi:8082 at 2024-10-31 09:18:47,198; send took 9 millis
2024-10-31 09:18:50,292 INFO [Heartbeat Monitor Thread-1] o.a.n.c.c.h.AbstractHeartbeatMonitor Finished processing 1 heartbeats in 25109 nanos
2024-10-31 09:18:52,204 INFO [Process Cluster Protocol Request-9] o.a.n.c.p.impl.SocketProtocolListener Finished processing request d2d53823-b8b6-4b73-895e-54009da693a1 (type=HEARTBEAT, length=2243 bytes) from mynifi:8080 in 2 millis
2024-10-31 09:18:52,207 INFO [Clustering Tasks Thread-2] o.a.n.c.c.ClusterProtocolHeartbeater Heartbeat created at 2024-10-31 09:18:52,198 and sent to mynifi:8082 at 2024-10-31 09:18:52,207; send took 8 millis
2024-10-31 09:18:55,292 INFO [Heartbeat Monitor Thread-1] o.a.n.c.c.h.AbstractHeartbeatMonitor Finished processing 1 heartbeats in 12893 nanos
2024-10-31 09:18:57,214 INFO [Process Cluster Protocol Request-10] o.a.n.c.p.impl.SocketProtocolListener Finished processing request 3490b8e4-cda8-4fb3-a53a-895cbdce07f0 (type=HEARTBEAT, length=2243 bytes) from mynifi:8080 in 2 millis
2024-10-31 09:18:57,216 INFO [Clustering Tasks Thread-2] o.a.n.c.c.ClusterProtocolHeartbeater Heartbeat created at 2024-10-31 09:18:57,207 and sent to mynifi:8082 at 2024-10-31 09:18:57,216; send took 8 millis
2024-10-31 09:19:00,293 INFO [Heartbeat Monitor Thread-1] o.a.n.c.c.h.AbstractHeartbeatMonitor Finished processing 1 heartbeats in 13901 nanos
2024-10-31 09:19:02,222 INFO [Process Cluster Protocol Request-1] o.a.n.c.p.impl.SocketProtocolListener Finished processing request f265de51-a45f-4fd4-a298-c8849781b1c6 (type=HEARTBEAT, length=2243 bytes) from mynifi:8080 in 2 millis
2024-10-31 09:19:02,225 INFO [Clustering Tasks Thread-2] o.a.n.c.c.ClusterProtocolHeartbeater Heartbeat created at 2024-10-31 09:19:02,217 and sent to mynifi:8082 at 2024-10-31 09:19:02,225; send took 8 millis
2024-10-31 09:19:03,789 INFO [pool-13-thread-1] o.a.n.c.r.WriteAheadFlowFileRepository Initiating checkpoint of FlowFile Repository
2024-10-31 09:19:03,789 INFO [pool-13-thread-1] o.a.n.c.r.WriteAheadFlowFileRepository Successfully checkpointed FlowFile Repository with 1 records in 0 milliseconds
2024-10-31 09:19:05,293 INFO [Heartbeat Monitor Thread-1] o.a.n.c.c.h.AbstractHeartbeatMonitor Finished processing 1 heartbeats in 11590 nanos
2024-10-31 09:19:07,232 INFO [Process Cluster Protocol Request-2] o.a.n.c.p.impl.SocketProtocolListener Finished processing request 40a972f8-2ace-4a7a-a545-40075e7545cc (type=HEARTBEAT, length=2243 bytes) from mynifi:8080 in 2 millis
2024-10-31 09:19:07,234 INFO [Clustering Tasks Thread-2] o.a.n.c.c.ClusterProtocolHeartbeater Heartbeat created at 2024-10-31 09:19:07,225 and sent to mynifi:8082 at 2024-10-31 09:19:07,234; send took 8 millis
2024-10-31 09:19:10,293 INFO [Heartbeat Monitor Thread-1] o.a.n.c.c.h.AbstractHeartbeatMonitor Finished processing 1 heartbeats in 13091 nanos
2024-10-31 09:19:11,455 INFO [Cleanup Archive for default] o.a.n.c.repository.FileSystemRepository Successfully deleted 0 files (0 bytes) from archive
2024-10-31 09:19:12,241 INFO [Process Cluster Protocol Request-3] o.a.n.c.p.impl.SocketProtocolListener Finished processing request c2810ee5-8f3a-4a57-882d-cbfbd9bc089f (type=HEARTBEAT, length=2243 bytes) from mynifi:8080 in 2 millis
2024-10-31 09:19:12,245 INFO [Clustering Tasks Thread-2] o.a.n.c.c.ClusterProtocolHeartbeater Heartbeat created at 2024-10-31 09:19:12,235 and sent to mynifi:8082 at 2024-10-31 09:19:12,245; send took 9 millis
2024-10-31 09:19:15,294 INFO [Heartbeat Monitor Thread-1] o.a.n.c.c.h.AbstractHeartbeatMonitor Finished processing 1 heartbeats in 11315 nanos
2024-10-31 09:19:17,251 INFO [Process Cluster Protocol Request-4] o.a.n.c.p.impl.SocketProtocolListener Finished processing request 6bff1f8f-c742-49cc-a2ad-e507608ee8e5 (type=HEARTBEAT, length=2243 bytes) from mynifi:8080 in 2 millis
2024-10-31 09:19:17,254 INFO [Clustering Tasks Thread-2] o.a.n.c.c.ClusterProtocolHeartbeater Heartbeat created at 2024-10-31 09:19:17,245 and sent to mynifi:8082 at 2024-10-31 09:19:17,254; send took 8 millis
2024-10-31 09:19:20,294 INFO [Heartbeat Monitor Thread-1] o.a.n.c.c.h.AbstractHeartbeatMonitor Finished processing 1 heartbeats in 13846 nanos
2024-10-31 09:19:22,260 INFO [Process Cluster Protocol Request-5] o.a.n.c.p.impl.SocketProtocolListener Finished processing request d72eb786-0d3c-4932-a807-5d8ad43711e8 (type=HEARTBEAT, length=2243 bytes) from mynifi:8080 in 2 millis
2024-10-31 09:19:22,263 INFO [Clustering Tasks Thread-2] o.a.n.c.c.ClusterProtocolHeartbeater Heartbeat created at 2024-10-31 09:19:22,254 and sent to mynifi:8082 at 2024-10-31 09:19:22,263; send took 8 millis
2024-10-31 09:19:23,790 INFO [pool-13-thread-1] o.a.n.c.r.WriteAheadFlowFileRepository Initiating checkpoint of FlowFile Repository
2024-10-31 09:19:23,790 INFO [pool-13-thread-1] o.a.n.c.r.WriteAheadFlowFileRepository Successfully checkpointed FlowFile Repository with 1 records in 0 milliseconds
2024-10-31 09:19:25,295 INFO [Heartbeat Monitor Thread-1] o.a.n.c.c.h.AbstractHeartbeatMonitor Finished processing 1 heartbeats in 12399 nanos
2024-10-31 09:19:27,269 INFO [Process Cluster Protocol Request-6] o.a.n.c.p.impl.SocketProtocolListener Finished processing request f203a9b0-c10a-4ed3-ae3d-82b8c50fbea6 (type=HEARTBEAT, length=2243 bytes) from mynifi:8080 in 2 millis
2024-10-31 09:19:27,271 INFO [Clustering Tasks Thread-2] o.a.n.c.c.ClusterProtocolHeartbeater Heartbeat created at 2024-10-31 09:19:27,263 and sent to mynifi:8082 at 2024-10-31 09:19:27,271; send took 8 millis
2024-10-31 09:19:30,295 INFO [Heartbeat Monitor Thread-1] o.a.n.c.c.h.AbstractHeartbeatMonitor Finished processing 1 heartbeats in 13803 nanos
2024-10-31 09:19:32,277 INFO [Process Cluster Protocol Request-7] o.a.n.c.p.impl.SocketProtocolListener Finished processing request dba3555e-c4c5-4468-8c60-f0ec61c9d6d0 (type=HEARTBEAT, length=2243 bytes) from mynifi:8080 in 2 millis
2024-10-31 09:19:32,280 INFO [Clustering Tasks Thread-2] o.a.n.c.c.ClusterProtocolHeartbeater Heartbeat created at 2024-10-31 09:19:32,272 and sent to mynifi:8082 at 2024-10-31 09:19:32,280; send took 7 millis
2024-10-31 09:19:35,295 INFO [Heartbeat Monitor Thread-1] o.a.n.c.c.h.AbstractHeartbeatMonitor Finished processing 1 heartbeats in 13810 nanos
2024-10-31 09:19:37,287 INFO [Process Cluster Protocol Request-8] o.a.n.c.p.impl.SocketProtocolListener Finished processing request 6a77e148-3327-4d24-a333-824923de0cdd (type=HEARTBEAT, length=2243 bytes) from mynifi:8080 in 2 millis
2024-10-31 09:19:37,290 INFO [Clustering Tasks Thread-2] o.a.n.c.c.ClusterProtocolHeartbeater Heartbeat created at 2024-10-31 09:19:37,280 and sent to mynifi:8082 at 2024-10-31 09:19:37,290; send took 9 millis
2024-10-31 09:19:40,296 INFO [Heartbeat Monitor Thread-1] o.a.n.c.c.h.AbstractHeartbeatMonitor Finished processing 1 heartbeats in 13364 nanos
2024-10-31 09:19:42,296 INFO [Process Cluster Protocol Request-9] o.a.n.c.p.impl.SocketProtocolListener Finished processing request 399cb103-cdb0-4f62-9620-2d3bbd1e4690 (type=HEARTBEAT, length=2243 bytes) from mynifi:8080 in 2 millis
2024-10-31 09:19:42,299 INFO [Clustering Tasks Thread-2] o.a.n.c.c.ClusterProtocolHeartbeater Heartbeat created at 2024-10-31 09:19:42,291 and sent to mynifi:8082 at 2024-10-31 09:19:42,299; send took 8 millis
2024-10-31 09:19:43,790 INFO [pool-13-thread-1] o.a.n.c.r.WriteAheadFlowFileRepository Initiating checkpoint of FlowFile Repository
2024-10-31 09:19:43,790 INFO [pool-13-thread-1] o.a.n.c.r.WriteAheadFlowFileRepository Successfully checkpointed FlowFile Repository with 1 records in 0 milliseconds
2024-10-31 09:19:45,296 INFO [Heartbeat Monitor Thread-1] o.a.n.c.c.h.AbstractHeartbeatMonitor Finished processing 1 heartbeats in 14257 nanos
2024-10-31 09:19:47,307 INFO [Process Cluster Protocol Request-10] o.a.n.c.p.impl.SocketProtocolListener Finished processing request df7f5f10-3c97-481b-afae-d7db77ec69de (type=HEARTBEAT, length=2243 bytes) from mynifi:8080 in 3 millis
2024-10-31 09:19:47,309 INFO [Clustering Tasks Thread-2] o.a.n.c.c.ClusterProtocolHeartbeater Heartbeat created at 2024-10-31 09:19:47,299 and sent to mynifi:8082 at 2024-10-31 09:19:47,309; send took 10 millis
2024-10-31 09:19:50,296 INFO [Heartbeat Monitor Thread-1] o.a.n.c.c.h.AbstractHeartbeatMonitor Finished processing 1 heartbeats in 14169 nanos
2024-10-31 09:19:52,316 INFO [Process Cluster Protocol Request-1] o.a.n.c.p.impl.SocketProtocolListener Finished processing request c8645bcb-20e5-4377-bf21-4c544ca4df2f (type=HEARTBEAT, length=2243 bytes) from mynifi:8080 in 2 millis
2024-10-31 09:19:52,318 INFO [Clustering Tasks Thread-2] o.a.n.c.c.ClusterProtocolHeartbeater Heartbeat created at 2024-10-31 09:19:52,310 and sent to mynifi:8082 at 2024-10-31 09:19:52,318; send took 8 millis
2024-10-31 09:19:55,297 INFO [Heartbeat Monitor Thread-1] o.a.n.c.c.h.AbstractHeartbeatMonitor Finished processing 1 heartbeats in 9591 nanos
2024-10-31 09:19:57,322 INFO [Process Cluster Protocol Request-2] o.a.n.c.p.impl.SocketProtocolListener Finished processing request e4c8c924-568f-40c7-b003-0e7e71f89618 (type=HEARTBEAT, length=2243 bytes) from mynifi:8080 in 760621 nanos
2024-10-31 09:19:57,323 INFO [Clustering Tasks Thread-2] o.a.n.c.c.ClusterProtocolHeartbeater Heartbeat created at 2024-10-31 09:19:57,319 and sent to mynifi:8082 at 2024-10-31 09:19:57,323; send took 3 millis
2024-10-31 09:20:00,297 INFO [Heartbeat Monitor Thread-1] o.a.n.c.c.h.AbstractHeartbeatMonitor Finished processing 1 heartbeats in 13299 nanos
2024-10-31 09:20:02,330 INFO [Process Cluster Protocol Request-3] o.a.n.c.p.impl.SocketProtocolListener Finished processing request e1cee8c6-5e9a-40a6-bd9d-484a2e2a654e (type=HEARTBEAT, length=2243 bytes) from mynifi:8080 in 3 millis
2024-10-31 09:20:02,333 INFO [Clustering Tasks Thread-2] o.a.n.c.c.ClusterProtocolHeartbeater Heartbeat created at 2024-10-31 09:20:02,323 and sent to mynifi:8082 at 2024-10-31 09:20:02,333; send took 9 millis
2024-10-31 09:20:03,790 INFO [pool-13-thread-1] o.a.n.c.r.WriteAheadFlowFileRepository Initiating checkpoint of FlowFile Repository
2024-10-31 09:20:03,791 INFO [pool-13-thread-1] o.a.n.c.r.WriteAheadFlowFileRepository Successfully checkpointed FlowFile Repository with 1 records in 0 milliseconds
2024-10-31 09:20:05,297 INFO [Heartbeat Monitor Thread-1] o.a.n.c.c.h.AbstractHeartbeatMonitor Finished processing 1 heartbeats in 23554 nanos
2024-10-31 09:20:07,335 INFO [Process Cluster Protocol Request-4] o.a.n.c.p.impl.SocketProtocolListener Finished processing request 9bb14f3c-5482-46e4-b775-bb84a6b2e48f (type=HEARTBEAT, length=2243 bytes) from mynifi:8080 in 720954 nanos
2024-10-31 09:20:07,335 INFO [Clustering Tasks Thread-2] o.a.n.c.c.ClusterProtocolHeartbeater Heartbeat created at 2024-10-31 09:20:07,333 and sent to mynifi:8082 at 2024-10-31 09:20:07,335; send took 2 millis
2024-10-31 09:20:08,386 INFO [Write-Ahead Local State Provider Maintenance] org.wali.MinimalLockingWriteAheadLog org.wali.MinimalLockingWriteAheadLog@7555782c checkpointed with 25 Records and 0 Swap Files in 7 milliseconds (Stop-the-world time = 4 milliseconds, Clear Edit Logs time = 1 millis), max Transaction ID 111
2024-10-31 09:20:10,298 INFO [Heartbeat Monitor Thread-1] o.a.n.c.c.h.AbstractHeartbeatMonitor Finished processing 1 heartbeats in 13666 nanos
2024-10-31 09:20:11,519 INFO [Cleanup Archive for default] o.a.n.c.repository.FileSystemRepository Successfully deleted 0 files (0 bytes) from archive
2024-10-31 09:20:12,342 INFO [Process Cluster Protocol Request-5] o.a.n.c.p.impl.SocketProtocolListener Finished processing request 546774a2-f301-438e-b71e-06a33a7799a9 (type=HEARTBEAT, length=2243 bytes) from mynifi:8080 in 2 millis
2024-10-31 09:20:12,344 INFO [Clustering Tasks Thread-2] o.a.n.c.c.ClusterProtocolHeartbeater Heartbeat created at 2024-10-31 09:20:12,336 and sent to mynifi:8082 at 2024-10-31 09:20:12,344; send took 8 millis
2024-10-31 09:20:15,298 INFO [Heartbeat Monitor Thread-1] o.a.n.c.c.h.AbstractHeartbeatMonitor Finished processing 1 heartbeats in 6229 nanos
2024-10-31 09:20:17,351 INFO [Process Cluster Protocol Request-6] o.a.n.c.p.impl.SocketProtocolListener Finished processing request 32b4c3b1-f4f5-4fce-82d4-d1af758575ba (type=HEARTBEAT, length=2243 bytes) from mynifi:8080 in 2 millis
2024-10-31 09:20:17,353 INFO [Clustering Tasks Thread-2] o.a.n.c.c.ClusterProtocolHeartbeater Heartbeat created at 2024-10-31 09:20:17,345 and sent to mynifi:8082 at 2024-10-31 09:20:17,353; send took 8 millis
2024-10-31 09:20:20,298 INFO [Heartbeat Monitor Thread-1] o.a.n.c.c.h.AbstractHeartbeatMonitor Finished processing 1 heartbeats in 14130 nanos
2024-10-31 09:20:22,356 INFO [Process Cluster Protocol Request-7] o.a.n.c.p.impl.SocketProtocolListener Finished processing request acfd76d4-6c2f-4e5f-a2d0-f501d89796f4 (type=HEARTBEAT, length=2243 bytes) from mynifi:8080 in 881298 nanos
2024-10-31 09:20:22,357 INFO [Clustering Tasks Thread-2] o.a.n.c.c.ClusterProtocolHeartbeater Heartbeat created at 2024-10-31 09:20:22,354 and sent to mynifi:8082 at 2024-10-31 09:20:22,357; send took 3 millis
2024-10-31 09:20:23,791 INFO [pool-13-thread-1] o.a.n.c.r.WriteAheadFlowFileRepository Initiating checkpoint of FlowFile Repository
2024-10-31 09:20:23,791 INFO [pool-13-thread-1] o.a.n.c.r.WriteAheadFlowFileRepository Successfully checkpointed FlowFile Repository with 1 records in 0 milliseconds
2024-10-31 09:20:25,299 INFO [Heartbeat Monitor Thread-1] o.a.n.c.c.h.AbstractHeartbeatMonitor Finished processing 1 heartbeats in 12443 nanos
2024-10-31 09:20:27,360 INFO [Process Cluster Protocol Request-8] o.a.n.c.p.impl.SocketProtocolListener Finished processing request 152bb805-e19c-4ffd-96b2-eeb9310b7256 (type=HEARTBEAT, length=2243 bytes) from mynifi:8080 in 1 millis
2024-10-31 09:20:27,361 INFO [Clustering Tasks Thread-2] o.a.n.c.c.ClusterProtocolHeartbeater Heartbeat created at 2024-10-31 09:20:27,358 and sent to mynifi:8082 at 2024-10-31 09:20:27,361; send took 3 millis
2024-10-31 09:20:30,299 INFO [Heartbeat Monitor Thread-1] o.a.n.c.c.h.AbstractHeartbeatMonitor Finished processing 1 heartbeats in 5907 nanos
2024-10-31 09:20:32,364 INFO [Process Cluster Protocol Request-9] o.a.n.c.p.impl.SocketProtocolListener Finished processing request 81ae243d-6a07-4d44-acab-ca412c19bf14 (type=HEARTBEAT, length=2243 bytes) from mynifi:8080 in 1 millis
2024-10-31 09:20:32,365 INFO [Clustering Tasks Thread-2] o.a.n.c.c.ClusterProtocolHeartbeater Heartbeat created at 2024-10-31 09:20:32,361 and sent to mynifi:8082 at 2024-10-31 09:20:32,365; send took 3 millis
2024-10-31 09:20:35,299 INFO [Heartbeat Monitor Thread-1] o.a.n.c.c.h.AbstractHeartbeatMonitor Finished processing 1 heartbeats in 13248 nanos
2024-10-31 09:20:37,368 INFO [Process Cluster Protocol Request-10] o.a.n.c.p.impl.SocketProtocolListener Finished processing request e1472a99-57f8-4476-af01-1c43a3b1b9f5 (type=HEARTBEAT, length=2243 bytes) from mynifi:8080 in 1 millis
2024-10-31 09:20:37,370 INFO [Clustering Tasks Thread-2] o.a.n.c.c.ClusterProtocolHeartbeater Heartbeat created at 2024-10-31 09:20:37,365 and sent to mynifi:8082 at 2024-10-31 09:20:37,370; send took 4 millis
2024-10-31 09:20:40,300 INFO [Heartbeat Monitor Thread-1] o.a.n.c.c.h.AbstractHeartbeatMonitor Finished processing 1 heartbeats in 13313 nanos
2024-10-31 09:20:42,373 INFO [Process Cluster Protocol Request-1] o.a.n.c.p.impl.SocketProtocolListener Finished processing request a9ba1596-c137-4c24-bcca-2325ce2ce9d0 (type=HEARTBEAT, length=2243 bytes) from mynifi:8080 in 1 millis
2024-10-31 09:20:42,375 INFO [Clustering Tasks Thread-2] o.a.n.c.c.ClusterProtocolHeartbeater Heartbeat created at 2024-10-31 09:20:42,370 and sent to mynifi:8082 at 2024-10-31 09:20:42,375; send took 4 millis
2024-10-31 09:20:43,791 INFO [pool-13-thread-1] o.a.n.c.r.WriteAheadFlowFileRepository Initiating checkpoint of FlowFile Repository
2024-10-31 09:20:43,792 INFO [pool-13-thread-1] o.a.n.c.r.WriteAheadFlowFileRepository Successfully checkpointed FlowFile Repository with 1 records in 0 milliseconds
2024-10-31 09:20:45,300 INFO [Heartbeat Monitor Thread-1] o.a.n.c.c.h.AbstractHeartbeatMonitor Finished processing 1 heartbeats in 12593 nanos
2024-10-31 09:20:47,377 INFO [Process Cluster Protocol Request-2] o.a.n.c.p.impl.SocketProtocolListener Finished processing request 6ae5a204-6bdb-4f9a-8447-7cbf6a6a273a (type=HEARTBEAT, length=2243 bytes) from mynifi:8080 in 807981 nanos
2024-10-31 09:20:47,378 INFO [Clustering Tasks Thread-2] o.a.n.c.c.ClusterProtocolHeartbeater Heartbeat created at 2024-10-31 09:20:47,375 and sent to mynifi:8082 at 2024-10-31 09:20:47,378; send took 3 millis
2024-10-31 09:20:50,301 INFO [Heartbeat Monitor Thread-1] o.a.n.c.c.h.AbstractHeartbeatMonitor Finished processing 1 heartbeats in 13499 nanos
2024-10-31 09:20:52,381 INFO [Process Cluster Protocol Request-3] o.a.n.c.p.impl.SocketProtocolListener Finished processing request 3e456f28-6907-4d34-ade8-e87ce9311a95 (type=HEARTBEAT, length=2243 bytes) from mynifi:8080 in 900937 nanos
2024-10-31 09:20:52,382 INFO [Clustering Tasks Thread-2] o.a.n.c.c.ClusterProtocolHeartbeater Heartbeat created at 2024-10-31 09:20:52,379 and sent to mynifi:8082 at 2024-10-31 09:20:52,382; send took 2 millis
2024-10-31 09:20:55,301 INFO [Heartbeat Monitor Thread-1] o.a.n.c.c.h.AbstractHeartbeatMonitor Finished processing 1 heartbeats in 13695 nanos
2024-10-31 09:20:57,387 INFO [Process Cluster Protocol Request-4] o.a.n.c.p.impl.SocketProtocolListener Finished processing request dfa74733-52db-4503-b428-5f08c56c21dd (type=HEARTBEAT, length=2243 bytes) from mynifi:8080 in 2 millis
2024-10-31 09:20:57,390 INFO [Clustering Tasks Thread-2] o.a.n.c.c.ClusterProtocolHeartbeater Heartbeat created at 2024-10-31 09:20:57,382 and sent to mynifi:8082 at 2024-10-31 09:20:57,390; send took 7 millis
2024-10-31 09:21:00,301 INFO [Heartbeat Monitor Thread-1] o.a.n.c.c.h.AbstractHeartbeatMonitor Finished processing 1 heartbeats in 6499 nanos
2024-10-31 09:21:02,395 INFO [Process Cluster Protocol Request-5] o.a.n.c.p.impl.SocketProtocolListener Finished processing request bcae3d41-6d59-4463-94af-707db8668ebc (type=HEARTBEAT, length=2243 bytes) from mynifi:8080 in 2 millis
2024-10-31 09:21:02,397 INFO [Clustering Tasks Thread-2] o.a.n.c.c.ClusterProtocolHeartbeater Heartbeat created at 2024-10-31 09:21:02,390 and sent to mynifi:8082 at 2024-10-31 09:21:02,397; send took 7 millis
2024-10-31 09:21:03,792 INFO [pool-13-thread-1] o.a.n.c.r.WriteAheadFlowFileRepository Initiating checkpoint of FlowFile Repository
2024-10-31 09:21:03,792 INFO [pool-13-thread-1] o.a.n.c.r.WriteAheadFlowFileRepository Successfully checkpointed FlowFile Repository with 1 records in 0 milliseconds
2024-10-31 09:21:05,302 INFO [Heartbeat Monitor Thread-1] o.a.n.c.c.h.AbstractHeartbeatMonitor Finished processing 1 heartbeats in 5612 nanos
2024-10-31 09:21:07,404 INFO [Process Cluster Protocol Request-6] o.a.n.c.p.impl.SocketProtocolListener Finished processing request ee822536-e1af-4850-bb5e-20fcd65b46c1 (type=HEARTBEAT, length=2243 bytes) from mynifi:8080 in 2 millis
2024-10-31 09:21:07,406 INFO [Clustering Tasks Thread-2] o.a.n.c.c.ClusterProtocolHeartbeater Heartbeat created at 2024-10-31 09:21:07,398 and sent to mynifi:8082 at 2024-10-31 09:21:07,406; send took 8 millis
2024-10-31 09:21:10,302 INFO [Heartbeat Monitor Thread-1] o.a.n.c.c.h.AbstractHeartbeatMonitor Finished processing 1 heartbeats in 14065 nanos
2024-10-31 09:21:11,547 INFO [Cleanup Archive for default] o.a.n.c.repository.FileSystemRepository Successfully deleted 0 files (0 bytes) from archive
2024-10-31 09:21:12,413 INFO [Process Cluster Protocol Request-7] o.a.n.c.p.impl.SocketProtocolListener Finished processing request f561d672-936d-4547-ad36-6d0774838b7f (type=HEARTBEAT, length=2243 bytes) from mynifi:8080 in 2 millis
2024-10-31 09:21:12,416 INFO [Clustering Tasks Thread-2] o.a.n.c.c.ClusterProtocolHeartbeater Heartbeat created at 2024-10-31 09:21:12,407 and sent to mynifi:8082 at 2024-10-31 09:21:12,416; send took 9 millis
2024-10-31 09:21:15,302 INFO [Heartbeat Monitor Thread-1] o.a.n.c.c.h.AbstractHeartbeatMonitor Finished processing 1 heartbeats in 6695 nanos
2024-10-31 09:21:17,424 INFO [Process Cluster Protocol Request-8] o.a.n.c.p.impl.SocketProtocolListener Finished processing request 5967efb9-3edc-411a-b093-72f1b472c5a7 (type=HEARTBEAT, length=2243 bytes) from mynifi:8080 in 2 millis
2024-10-31 09:21:17,426 INFO [Clustering Tasks Thread-2] o.a.n.c.c.ClusterProtocolHeartbeater Heartbeat created at 2024-10-31 09:21:17,417 and sent to mynifi:8082 at 2024-10-31 09:21:17,426; send took 9 millis
2024-10-31 09:21:20,302 INFO [Heartbeat Monitor Thread-1] o.a.n.c.c.h.AbstractHeartbeatMonitor Finished processing 1 heartbeats in 7283 nanos
2024-10-31 09:21:22,429 INFO [Process Cluster Protocol Request-9] o.a.n.c.p.impl.SocketProtocolListener Finished processing request b71f4e79-24a7-47cb-805f-6a6943dd1da3 (type=HEARTBEAT, length=2243 bytes) from mynifi:8080 in 884590 nanos
2024-10-31 09:21:22,430 INFO [Clustering Tasks Thread-2] o.a.n.c.c.ClusterProtocolHeartbeater Heartbeat created at 2024-10-31 09:21:22,426 and sent to mynifi:8082 at 2024-10-31 09:21:22,430; send took 3 millis
2024-10-31 09:21:23,792 INFO [pool-13-thread-1] o.a.n.c.r.WriteAheadFlowFileRepository Initiating checkpoint of FlowFile Repository
2024-10-31 09:21:23,793 INFO [pool-13-thread-1] o.a.n.c.r.WriteAheadFlowFileRepository Successfully checkpointed FlowFile Repository with 1 records in 0 milliseconds
2024-10-31 09:21:25,303 INFO [Heartbeat Monitor Thread-1] o.a.n.c.c.h.AbstractHeartbeatMonitor Finished processing 1 heartbeats in 11583 nanos
2024-10-31 09:21:27,436 INFO [Process Cluster Protocol Request-10] o.a.n.c.p.impl.SocketProtocolListener Finished processing request 0f2e634a-79e5-4ba5-949b-7acad682949d (type=HEARTBEAT, length=2243 bytes) from mynifi:8080 in 2 millis
2024-10-31 09:21:27,439 INFO [Clustering Tasks Thread-2] o.a.n.c.c.ClusterProtocolHeartbeater Heartbeat created at 2024-10-31 09:21:27,430 and sent to mynifi:8082 at 2024-10-31 09:21:27,439; send took 8 millis
2024-10-31 09:21:30,303 INFO [Heartbeat Monitor Thread-1] o.a.n.c.c.h.AbstractHeartbeatMonitor Finished processing 1 heartbeats in 7131 nanos
2024-10-31 09:21:32,445 INFO [Process Cluster Protocol Request-1] o.a.n.c.p.impl.SocketProtocolListener Finished processing request 86aaf126-9723-433c-9479-afe4fb276d81 (type=HEARTBEAT, length=2243 bytes) from mynifi:8080 in 2 millis
2024-10-31 09:21:32,448 INFO [Clustering Tasks Thread-2] o.a.n.c.c.ClusterProtocolHeartbeater Heartbeat created at 2024-10-31 09:21:32,439 and sent to mynifi:8082 at 2024-10-31 09:21:32,448; send took 8 millis
2024-10-31 09:21:35,303 INFO [Heartbeat Monitor Thread-1] o.a.n.c.c.h.AbstractHeartbeatMonitor Finished processing 1 heartbeats in 5743 nanos
2024-10-31 09:21:37,454 INFO [Process Cluster Protocol Request-2] o.a.n.c.p.impl.SocketProtocolListener Finished processing request 349a1d27-f5d8-4657-bda1-5cd7702f4e05 (type=HEARTBEAT, length=2243 bytes) from mynifi:8080 in 2 millis
2024-10-31 09:21:37,457 INFO [Clustering Tasks Thread-2] o.a.n.c.c.ClusterProtocolHeartbeater Heartbeat created at 2024-10-31 09:21:37,449 and sent to mynifi:8082 at 2024-10-31 09:21:37,457; send took 8 millis
2024-10-31 09:21:40,303 INFO [Heartbeat Monitor Thread-1] o.a.n.c.c.h.AbstractHeartbeatMonitor Finished processing 1 heartbeats in 6267 nanos
2024-10-31 09:21:42,463 INFO [Process Cluster Protocol Request-3] o.a.n.c.p.impl.SocketProtocolListener Finished processing request a7a4a20f-eeea-46cb-a006-d7b44d3fb706 (type=HEARTBEAT, length=2243 bytes) from mynifi:8080 in 2 millis
2024-10-31 09:21:42,465 INFO [Clustering Tasks Thread-2] o.a.n.c.c.ClusterProtocolHeartbeater Heartbeat created at 2024-10-31 09:21:42,457 and sent to mynifi:8082 at 2024-10-31 09:21:42,465; send took 8 millis
2024-10-31 09:21:43,793 INFO [pool-13-thread-1] o.a.n.c.r.WriteAheadFlowFileRepository Initiating checkpoint of FlowFile Repository
2024-10-31 09:21:43,793 INFO [pool-13-thread-1] o.a.n.c.r.WriteAheadFlowFileRepository Successfully checkpointed FlowFile Repository with 1 records in 0 milliseconds
2024-10-31 09:21:45,303 INFO [Heartbeat Monitor Thread-1] o.a.n.c.c.h.AbstractHeartbeatMonitor Finished processing 1 heartbeats in 12645 nanos
2024-10-31 09:21:47,472 INFO [Process Cluster Protocol Request-4] o.a.n.c.p.impl.SocketProtocolListener Finished processing request 28e5a773-d485-4b42-ad61-47df8ec7b0e7 (type=HEARTBEAT, length=2243 bytes) from mynifi:8080 in 2 millis
2024-10-31 09:21:47,474 INFO [Clustering Tasks Thread-2] o.a.n.c.c.ClusterProtocolHeartbeater Heartbeat created at 2024-10-31 09:21:47,466 and sent to mynifi:8082 at 2024-10-31 09:21:47,474; send took 8 millis
2024-10-31 09:21:50,304 INFO [Heartbeat Monitor Thread-1] o.a.n.c.c.h.AbstractHeartbeatMonitor Finished processing 1 heartbeats in 5624 nanos
2024-10-31 09:21:52,480 INFO [Process Cluster Protocol Request-5] o.a.n.c.p.impl.SocketProtocolListener Finished processing request 11ccc8ff-e079-401c-a4cc-119e1d879dc5 (type=HEARTBEAT, length=2243 bytes) from mynifi:8080 in 2 millis
2024-10-31 09:21:52,483 INFO [Clustering Tasks Thread-2] o.a.n.c.c.ClusterProtocolHeartbeater Heartbeat created at 2024-10-31 09:21:52,475 and sent to mynifi:8082 at 2024-10-31 09:21:52,483; send took 7 millis
2024-10-31 09:21:55,304 INFO [Heartbeat Monitor Thread-1] o.a.n.c.c.h.AbstractHeartbeatMonitor Finished processing 1 heartbeats in 12866 nanos
2024-10-31 09:21:57,490 INFO [Process Cluster Protocol Request-6] o.a.n.c.p.impl.SocketProtocolListener Finished processing request 8de31b16-5c70-44b7-a9c3-76e45eea7821 (type=HEARTBEAT, length=2243 bytes) from mynifi:8080 in 3 millis
2024-10-31 09:21:57,492 INFO [Clustering Tasks Thread-2] o.a.n.c.c.ClusterProtocolHeartbeater Heartbeat created at 2024-10-31 09:21:57,483 and sent to mynifi:8082 at 2024-10-31 09:21:57,492; send took 8 millis
2024-10-31 09:22:00,304 INFO [Heartbeat Monitor Thread-1] o.a.n.c.c.h.AbstractHeartbeatMonitor Finished processing 1 heartbeats in 12142 nanos
2024-10-31 09:22:02,498 INFO [Process Cluster Protocol Request-7] o.a.n.c.p.impl.SocketProtocolListener Finished processing request 1a0b9520-20bf-4a0d-b997-f056c8897856 (type=HEARTBEAT, length=2243 bytes) from mynifi:8080 in 2 millis
2024-10-31 09:22:02,501 INFO [Clustering Tasks Thread-2] o.a.n.c.c.ClusterProtocolHeartbeater Heartbeat created at 2024-10-31 09:22:02,493 and sent to mynifi:8082 at 2024-10-31 09:22:02,501; send took 8 millis
2024-10-31 09:22:03,793 INFO [pool-13-thread-1] o.a.n.c.r.WriteAheadFlowFileRepository Initiating checkpoint of FlowFile Repository
2024-10-31 09:22:03,793 INFO [pool-13-thread-1] o.a.n.c.r.WriteAheadFlowFileRepository Successfully checkpointed FlowFile Repository with 1 records in 0 milliseconds
2024-10-31 09:22:05,305 INFO [Heartbeat Monitor Thread-1] o.a.n.c.c.h.AbstractHeartbeatMonitor Finished processing 1 heartbeats in 13251 nanos
2024-10-31 09:22:07,507 INFO [Process Cluster Protocol Request-8] o.a.n.c.p.impl.SocketProtocolListener Finished processing request e754768f-1f62-4835-91b6-1f2ed349c574 (type=HEARTBEAT, length=2243 bytes) from mynifi:8080 in 2 millis
2024-10-31 09:22:07,510 INFO [Clustering Tasks Thread-2] o.a.n.c.c.ClusterProtocolHeartbeater Heartbeat created at 2024-10-31 09:22:07,501 and sent to mynifi:8082 at 2024-10-31 09:22:07,510; send took 8 millis
2024-10-31 09:22:08,394 INFO [Write-Ahead Local State Provider Maintenance] org.wali.MinimalLockingWriteAheadLog org.wali.MinimalLockingWriteAheadLog@7555782c checkpointed with 25 Records and 0 Swap Files in 7 milliseconds (Stop-the-world time = 4 milliseconds, Clear Edit Logs time = 0 millis), max Transaction ID 111
2024-10-31 09:22:10,305 INFO [Heartbeat Monitor Thread-1] o.a.n.c.c.h.AbstractHeartbeatMonitor Finished processing 1 heartbeats in 12162 nanos
2024-10-31 09:22:11,614 INFO [Cleanup Archive for default] o.a.n.c.repository.FileSystemRepository Successfully deleted 0 files (0 bytes) from archive
2024-10-31 09:22:12,516 INFO [Process Cluster Protocol Request-9] o.a.n.c.p.impl.SocketProtocolListener Finished processing request 8ea33324-3126-43fb-bf48-51c126b37c6d (type=HEARTBEAT, length=2243 bytes) from mynifi:8080 in 2 millis
2024-10-31 09:22:12,518 INFO [Clustering Tasks Thread-2] o.a.n.c.c.ClusterProtocolHeartbeater Heartbeat created at 2024-10-31 09:22:12,510 and sent to mynifi:8082 at 2024-10-31 09:22:12,518; send took 7 millis
2024-10-31 09:22:15,305 INFO [Heartbeat Monitor Thread-1] o.a.n.c.c.h.AbstractHeartbeatMonitor Finished processing 1 heartbeats in 12056 nanos
2024-10-31 09:22:17,525 INFO [Process Cluster Protocol Request-10] o.a.n.c.p.impl.SocketProtocolListener Finished processing request 1c84791e-503f-4026-ac6b-cb6f8fef43f8 (type=HEARTBEAT, length=2243 bytes) from mynifi:8080 in 2 millis
2024-10-31 09:22:17,528 INFO [Clustering Tasks Thread-2] o.a.n.c.c.ClusterProtocolHeartbeater Heartbeat created at 2024-10-31 09:22:17,519 and sent to mynifi:8082 at 2024-10-31 09:22:17,528; send took 8 millis
2024-10-31 09:22:20,306 INFO [Heartbeat Monitor Thread-1] o.a.n.c.c.h.AbstractHeartbeatMonitor Finished processing 1 heartbeats in 12147 nanos
2024-10-31 09:22:22,534 INFO [Process Cluster Protocol Request-1] o.a.n.c.p.impl.SocketProtocolListener Finished processing request 179a4276-86a4-4d2a-b1a8-0046ead1ee7a (type=HEARTBEAT, length=2243 bytes) from mynifi:8080 in 2 millis
2024-10-31 09:22:22,536 INFO [Clustering Tasks Thread-2] o.a.n.c.c.ClusterProtocolHeartbeater Heartbeat created at 2024-10-31 09:22:22,528 and sent to mynifi:8082 at 2024-10-31 09:22:22,536; send took 7 millis
2024-10-31 09:22:23,793 INFO [pool-13-thread-1] o.a.n.c.r.WriteAheadFlowFileRepository Initiating checkpoint of FlowFile Repository
2024-10-31 09:22:23,794 INFO [pool-13-thread-1] o.a.n.c.r.WriteAheadFlowFileRepository Successfully checkpointed FlowFile Repository with 1 records in 0 milliseconds
2024-10-31 09:22:25,306 INFO [Heartbeat Monitor Thread-1] o.a.n.c.c.h.AbstractHeartbeatMonitor Finished processing 1 heartbeats in 12480 nanos
2024-10-31 09:22:27,542 INFO [Process Cluster Protocol Request-2] o.a.n.c.p.impl.SocketProtocolListener Finished processing request f8ac285d-dad3-4c74-8ebc-37205616db95 (type=HEARTBEAT, length=2243 bytes) from mynifi:8080 in 2 millis
2024-10-31 09:22:27,545 INFO [Clustering Tasks Thread-2] o.a.n.c.c.ClusterProtocolHeartbeater Heartbeat created at 2024-10-31 09:22:27,536 and sent to mynifi:8082 at 2024-10-31 09:22:27,545; send took 8 millis
2024-10-31 09:22:30,306 INFO [Heartbeat Monitor Thread-1] o.a.n.c.c.h.AbstractHeartbeatMonitor Finished processing 1 heartbeats in 7093 nanos
2024-10-31 09:22:32,551 INFO [Process Cluster Protocol Request-3] o.a.n.c.p.impl.SocketProtocolListener Finished processing request 6c4b8a67-e6d2-4083-8a83-941eff05aa74 (type=HEARTBEAT, length=2243 bytes) from mynifi:8080 in 2 millis
2024-10-31 09:22:32,554 INFO [Clustering Tasks Thread-2] o.a.n.c.c.ClusterProtocolHeartbeater Heartbeat created at 2024-10-31 09:22:32,545 and sent to mynifi:8082 at 2024-10-31 09:22:32,554; send took 8 millis
2024-10-31 09:22:35,307 INFO [Heartbeat Monitor Thread-1] o.a.n.c.c.h.AbstractHeartbeatMonitor Finished processing 1 heartbeats in 18696 nanos
2024-10-31 09:22:37,556 INFO [Process Cluster Protocol Request-4] o.a.n.c.p.impl.SocketProtocolListener Finished processing request 06b3241e-47d3-42f2-b6ef-872c19670191 (type=HEARTBEAT, length=2243 bytes) from mynifi:8080 in 858667 nanos
2024-10-31 09:22:37,557 INFO [Clustering Tasks Thread-2] o.a.n.c.c.ClusterProtocolHeartbeater Heartbeat created at 2024-10-31 09:22:37,554 and sent to mynifi:8082 at 2024-10-31 09:22:37,557; send took 2 millis
2024-10-31 09:22:40,307 INFO [Heartbeat Monitor Thread-1] o.a.n.c.c.h.AbstractHeartbeatMonitor Finished processing 1 heartbeats in 12280 nanos
2024-10-31 09:22:42,563 INFO [Process Cluster Protocol Request-5] o.a.n.c.p.impl.SocketProtocolListener Finished processing request a570bb7b-92f9-46ef-8d74-d3248e0bb9b7 (type=HEARTBEAT, length=2243 bytes) from mynifi:8080 in 2 millis
2024-10-31 09:22:42,565 INFO [Clustering Tasks Thread-2] o.a.n.c.c.ClusterProtocolHeartbeater Heartbeat created at 2024-10-31 09:22:42,557 and sent to mynifi:8082 at 2024-10-31 09:22:42,565; send took 8 millis
2024-10-31 09:22:43,794 INFO [pool-13-thread-1] o.a.n.c.r.WriteAheadFlowFileRepository Initiating checkpoint of FlowFile Repository
2024-10-31 09:22:43,794 INFO [pool-13-thread-1] o.a.n.c.r.WriteAheadFlowFileRepository Successfully checkpointed FlowFile Repository with 1 records in 0 milliseconds
2024-10-31 09:22:45,307 INFO [Heartbeat Monitor Thread-1] o.a.n.c.c.h.AbstractHeartbeatMonitor Finished processing 1 heartbeats in 12025 nanos
2024-10-31 09:22:47,572 INFO [Process Cluster Protocol Request-6] o.a.n.c.p.impl.SocketProtocolListener Finished processing request 728327cc-e298-4bac-bbcc-52b38e2a7fd4 (type=HEARTBEAT, length=2243 bytes) from mynifi:8080 in 2 millis
2024-10-31 09:22:47,575 INFO [Clustering Tasks Thread-2] o.a.n.c.c.ClusterProtocolHeartbeater Heartbeat created at 2024-10-31 09:22:47,566 and sent to mynifi:8082 at 2024-10-31 09:22:47,575; send took 8 millis
2024-10-31 09:22:50,308 INFO [Heartbeat Monitor Thread-1] o.a.n.c.c.h.AbstractHeartbeatMonitor Finished processing 1 heartbeats in 11980 nanos
2024-10-31 09:22:52,581 INFO [Process Cluster Protocol Request-7] o.a.n.c.p.impl.SocketProtocolListener Finished processing request 8ec84b53-5da0-4a2f-8bda-bcd87cf493c4 (type=HEARTBEAT, length=2243 bytes) from mynifi:8080 in 2 millis
2024-10-31 09:22:52,585 INFO [Clustering Tasks Thread-2] o.a.n.c.c.ClusterProtocolHeartbeater Heartbeat created at 2024-10-31 09:22:52,575 and sent to mynifi:8082 at 2024-10-31 09:22:52,585; send took 8 millis
2024-10-31 09:22:55,308 INFO [Heartbeat Monitor Thread-1] o.a.n.c.c.h.AbstractHeartbeatMonitor Finished processing 1 heartbeats in 11433 nanos
2024-10-31 09:22:57,591 INFO [Process Cluster Protocol Request-8] o.a.n.c.p.impl.SocketProtocolListener Finished processing request 5287e9e6-cb09-4a10-b3dd-d25dc610e71f (type=HEARTBEAT, length=2243 bytes) from mynifi:8080 in 2 millis
2024-10-31 09:22:57,594 INFO [Clustering Tasks Thread-2] o.a.n.c.c.ClusterProtocolHeartbeater Heartbeat created at 2024-10-31 09:22:57,585 and sent to mynifi:8082 at 2024-10-31 09:22:57,594; send took 8 millis
2024-10-31 09:23:00,309 INFO [Heartbeat Monitor Thread-1] o.a.n.c.c.h.AbstractHeartbeatMonitor Finished processing 1 heartbeats in 12046 nanos
2024-10-31 09:23:02,600 INFO [Process Cluster Protocol Request-9] o.a.n.c.p.impl.SocketProtocolListener Finished processing request b770e6b6-cd12-4d99-88a9-c6969fbecc3f (type=HEARTBEAT, length=2243 bytes) from mynifi:8080 in 2 millis
2024-10-31 09:23:02,603 INFO [Clustering Tasks Thread-2] o.a.n.c.c.ClusterProtocolHeartbeater Heartbeat created at 2024-10-31 09:23:02,594 and sent to mynifi:8082 at 2024-10-31 09:23:02,603; send took 8 millis
2024-10-31 09:23:03,794 INFO [pool-13-thread-1] o.a.n.c.r.WriteAheadFlowFileRepository Initiating checkpoint of FlowFile Repository
2024-10-31 09:23:03,795 INFO [pool-13-thread-1] o.a.n.c.r.WriteAheadFlowFileRepository Successfully checkpointed FlowFile Repository with 1 records in 0 milliseconds
2024-10-31 09:23:05,309 INFO [Heartbeat Monitor Thread-1] o.a.n.c.c.h.AbstractHeartbeatMonitor Finished processing 1 heartbeats in 12541 nanos
2024-10-31 09:23:07,605 INFO [Process Cluster Protocol Request-10] o.a.n.c.p.impl.SocketProtocolListener Finished processing request 0b9aceba-a87b-4425-b76c-701c4cc656a1 (type=HEARTBEAT, length=2243 bytes) from mynifi:8080 in 704506 nanos
2024-10-31 09:23:07,606 INFO [Clustering Tasks Thread-2] o.a.n.c.c.ClusterProtocolHeartbeater Heartbeat created at 2024-10-31 09:23:07,603 and sent to mynifi:8082 at 2024-10-31 09:23:07,606; send took 2 millis
2024-10-31 09:23:10,309 INFO [Heartbeat Monitor Thread-1] o.a.n.c.c.h.AbstractHeartbeatMonitor Finished processing 1 heartbeats in 11358 nanos
2024-10-31 09:23:11,638 INFO [Cleanup Archive for default] o.a.n.c.repository.FileSystemRepository Successfully deleted 0 files (0 bytes) from archive
2024-10-31 09:23:12,608 INFO [Process Cluster Protocol Request-1] o.a.n.c.p.impl.SocketProtocolListener Finished processing request e514b507-3629-42e1-ab98-13d9dc5cc407 (type=HEARTBEAT, length=2243 bytes) from mynifi:8080 in 692849 nanos
2024-10-31 09:23:12,609 INFO [Clustering Tasks Thread-2] o.a.n.c.c.ClusterProtocolHeartbeater Heartbeat created at 2024-10-31 09:23:12,606 and sent to mynifi:8082 at 2024-10-31 09:23:12,609; send took 2 millis
2024-10-31 09:23:15,310 INFO [Heartbeat Monitor Thread-1] o.a.n.c.c.h.AbstractHeartbeatMonitor Finished processing 1 heartbeats in 11576 nanos
2024-10-31 09:23:17,615 INFO [Process Cluster Protocol Request-2] o.a.n.c.p.impl.SocketProtocolListener Finished processing request 55896320-41df-4030-95cf-245b9535d2fc (type=HEARTBEAT, length=2243 bytes) from mynifi:8080 in 2 millis
2024-10-31 09:23:17,618 INFO [Clustering Tasks Thread-2] o.a.n.c.c.ClusterProtocolHeartbeater Heartbeat created at 2024-10-31 09:23:17,609 and sent to mynifi:8082 at 2024-10-31 09:23:17,618; send took 9 millis
2024-10-31 09:23:20,310 INFO [Heartbeat Monitor Thread-1] o.a.n.c.c.h.AbstractHeartbeatMonitor Finished processing 1 heartbeats in 11776 nanos
2024-10-31 09:23:22,625 INFO [Process Cluster Protocol Request-3] o.a.n.c.p.impl.SocketProtocolListener Finished processing request a5ca6011-d876-474e-924c-e8ba813c3145 (type=HEARTBEAT, length=2243 bytes) from mynifi:8080 in 2 millis
2024-10-31 09:23:22,628 INFO [Clustering Tasks Thread-2] o.a.n.c.c.ClusterProtocolHeartbeater Heartbeat created at 2024-10-31 09:23:22,619 and sent to mynifi:8082 at 2024-10-31 09:23:22,628; send took 8 millis
2024-10-31 09:23:23,795 INFO [pool-13-thread-1] o.a.n.c.r.WriteAheadFlowFileRepository Initiating checkpoint of FlowFile Repository
2024-10-31 09:23:23,795 INFO [pool-13-thread-1] o.a.n.c.r.WriteAheadFlowFileRepository Successfully checkpointed FlowFile Repository with 1 records in 0 milliseconds
2024-10-31 09:23:25,310 INFO [Heartbeat Monitor Thread-1] o.a.n.c.c.h.AbstractHeartbeatMonitor Finished processing 1 heartbeats in 11710 nanos
2024-10-31 09:23:27,634 INFO [Process Cluster Protocol Request-4] o.a.n.c.p.impl.SocketProtocolListener Finished processing request 82316709-6b6d-405a-9010-323a14067763 (type=HEARTBEAT, length=2243 bytes) from mynifi:8080 in 2 millis
2024-10-31 09:23:27,637 INFO [Clustering Tasks Thread-2] o.a.n.c.c.ClusterProtocolHeartbeater Heartbeat created at 2024-10-31 09:23:27,628 and sent to mynifi:8082 at 2024-10-31 09:23:27,637; send took 8 millis
2024-10-31 09:23:30,311 INFO [Heartbeat Monitor Thread-1] o.a.n.c.c.h.AbstractHeartbeatMonitor Finished processing 1 heartbeats in 12186 nanos
2024-10-31 09:23:32,643 INFO [Process Cluster Protocol Request-5] o.a.n.c.p.impl.SocketProtocolListener Finished processing request 08dee006-dbac-4449-ab1e-828b7cf84a19 (type=HEARTBEAT, length=2243 bytes) from mynifi:8080 in 2 millis
2024-10-31 09:23:32,645 INFO [Clustering Tasks Thread-2] o.a.n.c.c.ClusterProtocolHeartbeater Heartbeat created at 2024-10-31 09:23:32,637 and sent to mynifi:8082 at 2024-10-31 09:23:32,645; send took 7 millis
2024-10-31 09:23:35,311 INFO [Heartbeat Monitor Thread-1] o.a.n.c.c.h.AbstractHeartbeatMonitor Finished processing 1 heartbeats in 12798 nanos
2024-10-31 09:23:37,651 INFO [Process Cluster Protocol Request-6] o.a.n.c.p.impl.SocketProtocolListener Finished processing request 3cf8a4c0-4903-430d-ad60-b33f57f7b9ea (type=HEARTBEAT, length=2243 bytes) from mynifi:8080 in 2 millis
2024-10-31 09:23:37,653 INFO [Clustering Tasks Thread-2] o.a.n.c.c.ClusterProtocolHeartbeater Heartbeat created at 2024-10-31 09:23:37,646 and sent to mynifi:8082 at 2024-10-31 09:23:37,653; send took 7 millis
2024-10-31 09:23:40,311 INFO [Heartbeat Monitor Thread-1] o.a.n.c.c.h.AbstractHeartbeatMonitor Finished processing 1 heartbeats in 11833 nanos
2024-10-31 09:23:42,660 INFO [Process Cluster Protocol Request-7] o.a.n.c.p.impl.SocketProtocolListener Finished processing request d49dd50d-1dc7-4624-8875-82a2482f8fb6 (type=HEARTBEAT, length=2243 bytes) from mynifi:8080 in 2 millis
2024-10-31 09:23:42,662 INFO [Clustering Tasks Thread-2] o.a.n.c.c.ClusterProtocolHeartbeater Heartbeat created at 2024-10-31 09:23:42,654 and sent to mynifi:8082 at 2024-10-31 09:23:42,662; send took 8 millis
2024-10-31 09:23:43,795 INFO [pool-13-thread-1] o.a.n.c.r.WriteAheadFlowFileRepository Initiating checkpoint of FlowFile Repository
2024-10-31 09:23:43,795 INFO [pool-13-thread-1] o.a.n.c.r.WriteAheadFlowFileRepository Successfully checkpointed FlowFile Repository with 1 records in 0 milliseconds
2024-10-31 09:23:45,312 INFO [Heartbeat Monitor Thread-1] o.a.n.c.c.h.AbstractHeartbeatMonitor Finished processing 1 heartbeats in 11956 nanos
2024-10-31 09:23:47,669 INFO [Process Cluster Protocol Request-8] o.a.n.c.p.impl.SocketProtocolListener Finished processing request fded5549-1168-4c09-a73a-d53ef1eb956d (type=HEARTBEAT, length=2243 bytes) from mynifi:8080 in 2 millis
2024-10-31 09:23:47,671 INFO [Clustering Tasks Thread-2] o.a.n.c.c.ClusterProtocolHeartbeater Heartbeat created at 2024-10-31 09:23:47,663 and sent to mynifi:8082 at 2024-10-31 09:23:47,671; send took 8 millis
2024-10-31 09:23:50,312 INFO [Heartbeat Monitor Thread-1] o.a.n.c.c.h.AbstractHeartbeatMonitor Finished processing 1 heartbeats in 11388 nanos
2024-10-31 09:23:52,677 INFO [Process Cluster Protocol Request-9] o.a.n.c.p.impl.SocketProtocolListener Finished processing request daeea580-09c3-47a9-8a5f-678b9cfd6678 (type=HEARTBEAT, length=2243 bytes) from mynifi:8080 in 2 millis
2024-10-31 09:23:52,680 INFO [Clustering Tasks Thread-2] o.a.n.c.c.ClusterProtocolHeartbeater Heartbeat created at 2024-10-31 09:23:52,672 and sent to mynifi:8082 at 2024-10-31 09:23:52,680; send took 8 millis
2024-10-31 09:23:55,312 INFO [Heartbeat Monitor Thread-1] o.a.n.c.c.h.AbstractHeartbeatMonitor Finished processing 1 heartbeats in 12482 nanos
2024-10-31 09:23:57,686 INFO [Process Cluster Protocol Request-10] o.a.n.c.p.impl.SocketProtocolListener Finished processing request e205f105-d43d-48e2-94f0-f59dd0eee409 (type=HEARTBEAT, length=2243 bytes) from mynifi:8080 in 2 millis
2024-10-31 09:23:57,688 INFO [Clustering Tasks Thread-2] o.a.n.c.c.ClusterProtocolHeartbeater Heartbeat created at 2024-10-31 09:23:57,680 and sent to mynifi:8082 at 2024-10-31 09:23:57,688; send took 7 millis
2024-10-31 09:24:00,313 INFO [Heartbeat Monitor Thread-1] o.a.n.c.c.h.AbstractHeartbeatMonitor Finished processing 1 heartbeats in 11971 nanos
2024-10-31 09:24:02,695 INFO [Process Cluster Protocol Request-1] o.a.n.c.p.impl.SocketProtocolListener Finished processing request 58de6edd-90f9-410c-b255-437f0dfbdff4 (type=HEARTBEAT, length=2243 bytes) from mynifi:8080 in 2 millis
2024-10-31 09:24:02,697 INFO [Clustering Tasks Thread-2] o.a.n.c.c.ClusterProtocolHeartbeater Heartbeat created at 2024-10-31 09:24:02,689 and sent to mynifi:8082 at 2024-10-31 09:24:02,697; send took 8 millis
2024-10-31 09:24:03,796 INFO [pool-13-thread-1] o.a.n.c.r.WriteAheadFlowFileRepository Initiating checkpoint of FlowFile Repository
2024-10-31 09:24:03,796 INFO [pool-13-thread-1] o.a.n.c.r.WriteAheadFlowFileRepository Successfully checkpointed FlowFile Repository with 1 records in 0 milliseconds
2024-10-31 09:24:05,313 INFO [Heartbeat Monitor Thread-1] o.a.n.c.c.h.AbstractHeartbeatMonitor Finished processing 1 heartbeats in 12621 nanos
2024-10-31 09:24:07,703 INFO [Process Cluster Protocol Request-2] o.a.n.c.p.impl.SocketProtocolListener Finished processing request c4c6c299-4a78-4444-b1ad-a63b14194889 (type=HEARTBEAT, length=2243 bytes) from mynifi:8080 in 2 millis
2024-10-31 09:24:07,706 INFO [Clustering Tasks Thread-2] o.a.n.c.c.ClusterProtocolHeartbeater Heartbeat created at 2024-10-31 09:24:07,698 and sent to mynifi:8082 at 2024-10-31 09:24:07,706; send took 8 millis
2024-10-31 09:24:08,405 INFO [Write-Ahead Local State Provider Maintenance] org.wali.MinimalLockingWriteAheadLog org.wali.MinimalLockingWriteAheadLog@7555782c checkpointed with 25 Records and 0 Swap Files in 11 milliseconds (Stop-the-world time = 4 milliseconds, Clear Edit Logs time = 4 millis), max Transaction ID 111
2024-10-31 09:24:10,314 INFO [Heartbeat Monitor Thread-1] o.a.n.c.c.h.AbstractHeartbeatMonitor Finished processing 1 heartbeats in 6169 nanos
2024-10-31 09:24:11,667 INFO [Cleanup Archive for default] o.a.n.c.repository.FileSystemRepository Successfully deleted 0 files (0 bytes) from archive
2024-10-31 09:24:12,712 INFO [Process Cluster Protocol Request-3] o.a.n.c.p.impl.SocketProtocolListener Finished processing request 1d60cf20-1efe-4962-9c3b-a9c323d662a4 (type=HEARTBEAT, length=2243 bytes) from mynifi:8080 in 2 millis
2024-10-31 09:24:12,714 INFO [Clustering Tasks Thread-2] o.a.n.c.c.ClusterProtocolHeartbeater Heartbeat created at 2024-10-31 09:24:12,706 and sent to mynifi:8082 at 2024-10-31 09:24:12,714; send took 8 millis
2024-10-31 09:24:15,314 INFO [Heartbeat Monitor Thread-1] o.a.n.c.c.h.AbstractHeartbeatMonitor Finished processing 1 heartbeats in 11885 nanos
2024-10-31 09:24:17,720 INFO [Process Cluster Protocol Request-4] o.a.n.c.p.impl.SocketProtocolListener Finished processing request e7f561d7-a1cc-450e-9c58-32fa6c15859f (type=HEARTBEAT, length=2243 bytes) from mynifi:8080 in 2 millis
2024-10-31 09:24:17,723 INFO [Clustering Tasks Thread-2] o.a.n.c.c.ClusterProtocolHeartbeater Heartbeat created at 2024-10-31 09:24:17,715 and sent to mynifi:8082 at 2024-10-31 09:24:17,723; send took 8 millis
2024-10-31 09:24:20,314 INFO [Heartbeat Monitor Thread-1] o.a.n.c.c.h.AbstractHeartbeatMonitor Finished processing 1 heartbeats in 19232 nanos
2024-10-31 09:24:22,729 INFO [Process Cluster Protocol Request-5] o.a.n.c.p.impl.SocketProtocolListener Finished processing request 69f918cd-cb0a-486a-9272-81ee58fad8a3 (type=HEARTBEAT, length=2243 bytes) from mynifi:8080 in 2 millis
2024-10-31 09:24:22,731 INFO [Clustering Tasks Thread-2] o.a.n.c.c.ClusterProtocolHeartbeater Heartbeat created at 2024-10-31 09:24:22,723 and sent to mynifi:8082 at 2024-10-31 09:24:22,731; send took 7 millis
2024-10-31 09:24:23,796 INFO [pool-13-thread-1] o.a.n.c.r.WriteAheadFlowFileRepository Initiating checkpoint of FlowFile Repository
2024-10-31 09:24:23,796 INFO [pool-13-thread-1] o.a.n.c.r.WriteAheadFlowFileRepository Successfully checkpointed FlowFile Repository with 1 records in 0 milliseconds
2024-10-31 09:24:25,315 INFO [Heartbeat Monitor Thread-1] o.a.n.c.c.h.AbstractHeartbeatMonitor Finished processing 1 heartbeats in 11385 nanos
2024-10-31 09:24:27,738 INFO [Process Cluster Protocol Request-6] o.a.n.c.p.impl.SocketProtocolListener Finished processing request 18d62ec8-a1e7-4ab0-82e1-56573477ea8f (type=HEARTBEAT, length=2243 bytes) from mynifi:8080 in 2 millis
2024-10-31 09:24:27,740 INFO [Clustering Tasks Thread-2] o.a.n.c.c.ClusterProtocolHeartbeater Heartbeat created at 2024-10-31 09:24:27,732 and sent to mynifi:8082 at 2024-10-31 09:24:27,740; send took 8 millis
2024-10-31 09:24:30,315 INFO [Heartbeat Monitor Thread-1] o.a.n.c.c.h.AbstractHeartbeatMonitor Finished processing 1 heartbeats in 14047 nanos
2024-10-31 09:24:32,746 INFO [Process Cluster Protocol Request-7] o.a.n.c.p.impl.SocketProtocolListener Finished processing request c86e93cd-c174-492e-8c8b-229c5d39d0d9 (type=HEARTBEAT, length=2243 bytes) from mynifi:8080 in 2 millis
2024-10-31 09:24:32,749 INFO [Clustering Tasks Thread-2] o.a.n.c.c.ClusterProtocolHeartbeater Heartbeat created at 2024-10-31 09:24:32,740 and sent to mynifi:8082 at 2024-10-31 09:24:32,749; send took 8 millis
2024-10-31 09:24:35,315 INFO [Heartbeat Monitor Thread-1] o.a.n.c.c.h.AbstractHeartbeatMonitor Finished processing 1 heartbeats in 12318 nanos
2024-10-31 09:24:37,755 INFO [Process Cluster Protocol Request-8] o.a.n.c.p.impl.SocketProtocolListener Finished processing request 6db6b226-034e-4f19-ace4-d2836b630a00 (type=HEARTBEAT, length=2243 bytes) from mynifi:8080 in 2 millis
2024-10-31 09:24:37,757 INFO [Clustering Tasks Thread-2] o.a.n.c.c.ClusterProtocolHeartbeater Heartbeat created at 2024-10-31 09:24:37,749 and sent to mynifi:8082 at 2024-10-31 09:24:37,757; send took 7 millis
2024-10-31 09:24:40,316 INFO [Heartbeat Monitor Thread-1] o.a.n.c.c.h.AbstractHeartbeatMonitor Finished processing 1 heartbeats in 11895 nanos
2024-10-31 09:24:42,763 INFO [Process Cluster Protocol Request-9] o.a.n.c.p.impl.SocketProtocolListener Finished processing request c6b2a054-20c3-4d57-91c0-9791ef44b392 (type=HEARTBEAT, length=2243 bytes) from mynifi:8080 in 2 millis
2024-10-31 09:24:42,766 INFO [Clustering Tasks Thread-2] o.a.n.c.c.ClusterProtocolHeartbeater Heartbeat created at 2024-10-31 09:24:42,758 and sent to mynifi:8082 at 2024-10-31 09:24:42,766; send took 8 millis
2024-10-31 09:24:43,796 INFO [pool-13-thread-1] o.a.n.c.r.WriteAheadFlowFileRepository Initiating checkpoint of FlowFile Repository
2024-10-31 09:24:43,796 INFO [pool-13-thread-1] o.a.n.c.r.WriteAheadFlowFileRepository Successfully checkpointed FlowFile Repository with 1 records in 0 milliseconds
2024-10-31 09:24:45,316 INFO [Heartbeat Monitor Thread-1] o.a.n.c.c.h.AbstractHeartbeatMonitor Finished processing 1 heartbeats in 12227 nanos
2024-10-31 09:24:47,772 INFO [Process Cluster Protocol Request-10] o.a.n.c.p.impl.SocketProtocolListener Finished processing request 206a2ca1-380a-4d4d-ab49-5dd9f671d300 (type=HEARTBEAT, length=2243 bytes) from mynifi:8080 in 2 millis
2024-10-31 09:24:47,775 INFO [Clustering Tasks Thread-2] o.a.n.c.c.ClusterProtocolHeartbeater Heartbeat created at 2024-10-31 09:24:47,767 and sent to mynifi:8082 at 2024-10-31 09:24:47,775; send took 8 millis
2024-10-31 09:24:50,316 INFO [Heartbeat Monitor Thread-1] o.a.n.c.c.h.AbstractHeartbeatMonitor Finished processing 1 heartbeats in 4214 nanos
2024-10-31 09:24:52,778 INFO [Process Cluster Protocol Request-1] o.a.n.c.p.impl.SocketProtocolListener Finished processing request cae6a2d7-3c0f-43c4-b351-e6d80a2e6d22 (type=HEARTBEAT, length=2243 bytes) from mynifi:8080 in 1 millis
2024-10-31 09:24:52,779 INFO [Clustering Tasks Thread-2] o.a.n.c.c.ClusterProtocolHeartbeater Heartbeat created at 2024-10-31 09:24:52,775 and sent to mynifi:8082 at 2024-10-31 09:24:52,779; send took 3 millis
2024-10-31 09:24:55,317 INFO [Heartbeat Monitor Thread-1] o.a.n.c.c.h.AbstractHeartbeatMonitor Finished processing 1 heartbeats in 11612 nanos
2024-10-31 09:24:57,785 INFO [Process Cluster Protocol Request-2] o.a.n.c.p.impl.SocketProtocolListener Finished processing request 8b9f9de9-1c04-4335-9ab7-6a4a65e5de88 (type=HEARTBEAT, length=2243 bytes) from mynifi:8080 in 2 millis
2024-10-31 09:24:57,787 INFO [Clustering Tasks Thread-2] o.a.n.c.c.ClusterProtocolHeartbeater Heartbeat created at 2024-10-31 09:24:57,779 and sent to mynifi:8082 at 2024-10-31 09:24:57,787; send took 8 millis
2024-10-31 09:25:00,317 INFO [Heartbeat Monitor Thread-1] o.a.n.c.c.h.AbstractHeartbeatMonitor Finished processing 1 heartbeats in 12500 nanos
2024-10-31 09:25:02,793 INFO [Process Cluster Protocol Request-3] o.a.n.c.p.impl.SocketProtocolListener Finished processing request 93954f68-355d-4803-b975-a37885906693 (type=HEARTBEAT, length=2243 bytes) from mynifi:8080 in 2 millis
2024-10-31 09:25:02,796 INFO [Clustering Tasks Thread-2] o.a.n.c.c.ClusterProtocolHeartbeater Heartbeat created at 2024-10-31 09:25:02,788 and sent to mynifi:8082 at 2024-10-31 09:25:02,796; send took 7 millis
2024-10-31 09:25:03,797 INFO [pool-13-thread-1] o.a.n.c.r.WriteAheadFlowFileRepository Initiating checkpoint of FlowFile Repository
2024-10-31 09:25:03,797 INFO [pool-13-thread-1] o.a.n.c.r.WriteAheadFlowFileRepository Successfully checkpointed FlowFile Repository with 1 records in 0 milliseconds
2024-10-31 09:25:05,317 INFO [Heartbeat Monitor Thread-1] o.a.n.c.c.h.AbstractHeartbeatMonitor Finished processing 1 heartbeats in 11483 nanos
2024-10-31 09:25:07,798 INFO [Process Cluster Protocol Request-4] o.a.n.c.p.impl.SocketProtocolListener Finished processing request 2e6ea27d-6d96-4fe1-8416-025577178c10 (type=HEARTBEAT, length=2243 bytes) from mynifi:8080 in 684467 nanos
2024-10-31 09:25:07,799 INFO [Clustering Tasks Thread-2] o.a.n.c.c.ClusterProtocolHeartbeater Heartbeat created at 2024-10-31 09:25:07,796 and sent to mynifi:8082 at 2024-10-31 09:25:07,799; send took 3 millis
2024-10-31 09:25:10,318 INFO [Heartbeat Monitor Thread-1] o.a.n.c.c.h.AbstractHeartbeatMonitor Finished processing 1 heartbeats in 14270 nanos
2024-10-31 09:25:11,694 INFO [Cleanup Archive for default] o.a.n.c.repository.FileSystemRepository Successfully deleted 0 files (0 bytes) from archive
2024-10-31 09:25:12,805 INFO [Process Cluster Protocol Request-5] o.a.n.c.p.impl.SocketProtocolListener Finished processing request e80119ab-acc2-48e7-b178-063b87b00c5e (type=HEARTBEAT, length=2243 bytes) from mynifi:8080 in 2 millis
2024-10-31 09:25:12,809 INFO [Clustering Tasks Thread-2] o.a.n.c.c.ClusterProtocolHeartbeater Heartbeat created at 2024-10-31 09:25:12,800 and sent to mynifi:8082 at 2024-10-31 09:25:12,809; send took 9 millis
2024-10-31 09:25:15,318 INFO [Heartbeat Monitor Thread-1] o.a.n.c.c.h.AbstractHeartbeatMonitor Finished processing 1 heartbeats in 12877 nanos
2024-10-31 09:25:17,815 INFO [Process Cluster Protocol Request-6] o.a.n.c.p.impl.SocketProtocolListener Finished processing request 286294ff-f8f5-4c1b-ad8d-ba3d26b4a382 (type=HEARTBEAT, length=2243 bytes) from mynifi:8080 in 2 millis
2024-10-31 09:25:17,818 INFO [Clustering Tasks Thread-2] o.a.n.c.c.ClusterProtocolHeartbeater Heartbeat created at 2024-10-31 09:25:17,809 and sent to mynifi:8082 at 2024-10-31 09:25:17,818; send took 8 millis
2024-10-31 09:25:20,318 INFO [Heartbeat Monitor Thread-1] o.a.n.c.c.h.AbstractHeartbeatMonitor Finished processing 1 heartbeats in 5685 nanos
2024-10-31 09:25:22,824 INFO [Process Cluster Protocol Request-7] o.a.n.c.p.impl.SocketProtocolListener Finished processing request 85215984-85f1-474b-a66b-10482d7ab16c (type=HEARTBEAT, length=2243 bytes) from mynifi:8080 in 2 millis
2024-10-31 09:25:22,826 INFO [Clustering Tasks Thread-2] o.a.n.c.c.ClusterProtocolHeartbeater Heartbeat created at 2024-10-31 09:25:22,818 and sent to mynifi:8082 at 2024-10-31 09:25:22,826; send took 8 millis
2024-10-31 09:25:23,797 INFO [pool-13-thread-1] o.a.n.c.r.WriteAheadFlowFileRepository Initiating checkpoint of FlowFile Repository
2024-10-31 09:25:23,797 INFO [pool-13-thread-1] o.a.n.c.r.WriteAheadFlowFileRepository Successfully checkpointed FlowFile Repository with 1 records in 0 milliseconds
2024-10-31 09:25:25,319 INFO [Heartbeat Monitor Thread-1] o.a.n.c.c.h.AbstractHeartbeatMonitor Finished processing 1 heartbeats in 11581 nanos
2024-10-31 09:25:27,832 INFO [Process Cluster Protocol Request-8] o.a.n.c.p.impl.SocketProtocolListener Finished processing request 19f25b2b-1e0f-413f-8e35-76426e1f7be9 (type=HEARTBEAT, length=2243 bytes) from mynifi:8080 in 2 millis
2024-10-31 09:25:27,835 INFO [Clustering Tasks Thread-2] o.a.n.c.c.ClusterProtocolHeartbeater Heartbeat created at 2024-10-31 09:25:27,827 and sent to mynifi:8082 at 2024-10-31 09:25:27,835; send took 8 millis
2024-10-31 09:25:30,319 INFO [Heartbeat Monitor Thread-1] o.a.n.c.c.h.AbstractHeartbeatMonitor Finished processing 1 heartbeats in 12431 nanos
2024-10-31 09:25:32,841 INFO [Process Cluster Protocol Request-9] o.a.n.c.p.impl.SocketProtocolListener Finished processing request 8aed4e55-1eae-4e64-a90b-3dfd218b4390 (type=HEARTBEAT, length=2243 bytes) from mynifi:8080 in 2 millis
2024-10-31 09:25:32,844 INFO [Clustering Tasks Thread-2] o.a.n.c.c.ClusterProtocolHeartbeater Heartbeat created at 2024-10-31 09:25:32,835 and sent to mynifi:8082 at 2024-10-31 09:25:32,844; send took 8 millis
2024-10-31 09:25:35,319 INFO [Heartbeat Monitor Thread-1] o.a.n.c.c.h.AbstractHeartbeatMonitor Finished processing 1 heartbeats in 11484 nanos
2024-10-31 09:25:37,850 INFO [Process Cluster Protocol Request-10] o.a.n.c.p.impl.SocketProtocolListener Finished processing request 7113ad06-b22a-498d-98bd-d9eebf6c2882 (type=HEARTBEAT, length=2243 bytes) from mynifi:8080 in 2 millis
2024-10-31 09:25:37,852 INFO [Clustering Tasks Thread-2] o.a.n.c.c.ClusterProtocolHeartbeater Heartbeat created at 2024-10-31 09:25:37,844 and sent to mynifi:8082 at 2024-10-31 09:25:37,852; send took 8 millis
2024-10-31 09:25:40,320 INFO [Heartbeat Monitor Thread-1] o.a.n.c.c.h.AbstractHeartbeatMonitor Finished processing 1 heartbeats in 12173 nanos
2024-10-31 09:25:42,859 INFO [Process Cluster Protocol Request-1] o.a.n.c.p.impl.SocketProtocolListener Finished processing request 4750adeb-7b31-4c40-bc28-aea370ab8f99 (type=HEARTBEAT, length=2243 bytes) from mynifi:8080 in 2 millis
2024-10-31 09:25:42,862 INFO [Clustering Tasks Thread-2] o.a.n.c.c.ClusterProtocolHeartbeater Heartbeat created at 2024-10-31 09:25:42,853 and sent to mynifi:8082 at 2024-10-31 09:25:42,862; send took 9 millis
2024-10-31 09:25:43,797 INFO [pool-13-thread-1] o.a.n.c.r.WriteAheadFlowFileRepository Initiating checkpoint of FlowFile Repository
2024-10-31 09:25:43,798 INFO [pool-13-thread-1] o.a.n.c.r.WriteAheadFlowFileRepository Successfully checkpointed FlowFile Repository with 1 records in 0 milliseconds
2024-10-31 09:25:45,320 INFO [Heartbeat Monitor Thread-1] o.a.n.c.c.h.AbstractHeartbeatMonitor Finished processing 1 heartbeats in 11309 nanos
2024-10-31 09:25:47,868 INFO [Process Cluster Protocol Request-2] o.a.n.c.p.impl.SocketProtocolListener Finished processing request eb3d81e3-1caa-4e7b-b9c3-bf7f7437b843 (type=HEARTBEAT, length=2243 bytes) from mynifi:8080 in 2 millis
2024-10-31 09:25:47,871 INFO [Clustering Tasks Thread-2] o.a.n.c.c.ClusterProtocolHeartbeater Heartbeat created at 2024-10-31 09:25:47,863 and sent to mynifi:8082 at 2024-10-31 09:25:47,871; send took 8 millis
2024-10-31 09:25:50,320 INFO [Heartbeat Monitor Thread-1] o.a.n.c.c.h.AbstractHeartbeatMonitor Finished processing 1 heartbeats in 11593 nanos
2024-10-31 09:25:52,877 INFO [Process Cluster Protocol Request-3] o.a.n.c.p.impl.SocketProtocolListener Finished processing request 19f1753b-c65b-41fb-8d1a-712055e5643f (type=HEARTBEAT, length=2243 bytes) from mynifi:8080 in 2 millis
2024-10-31 09:25:52,880 INFO [Clustering Tasks Thread-2] o.a.n.c.c.ClusterProtocolHeartbeater Heartbeat created at 2024-10-31 09:25:52,871 and sent to mynifi:8082 at 2024-10-31 09:25:52,880; send took 8 millis
2024-10-31 09:25:55,321 INFO [Heartbeat Monitor Thread-1] o.a.n.c.c.h.AbstractHeartbeatMonitor Finished processing 1 heartbeats in 11091 nanos
2024-10-31 09:25:57,884 INFO [Process Cluster Protocol Request-4] o.a.n.c.p.impl.SocketProtocolListener Finished processing request 58358746-462c-4ed7-87ca-5ce07592ed53 (type=HEARTBEAT, length=2243 bytes) from mynifi:8080 in 894810 nanos
2024-10-31 09:25:57,885 INFO [Clustering Tasks Thread-2] o.a.n.c.c.ClusterProtocolHeartbeater Heartbeat created at 2024-10-31 09:25:57,880 and sent to mynifi:8082 at 2024-10-31 09:25:57,885; send took 4 millis
2024-10-31 09:26:00,321 INFO [Heartbeat Monitor Thread-1] o.a.n.c.c.h.AbstractHeartbeatMonitor Finished processing 1 heartbeats in 11357 nanos
2024-10-31 09:26:02,891 INFO [Process Cluster Protocol Request-5] o.a.n.c.p.impl.SocketProtocolListener Finished processing request 81bedd0d-2730-4ad3-a90c-132ff4c854a3 (type=HEARTBEAT, length=2243 bytes) from mynifi:8080 in 2 millis
2024-10-31 09:26:02,893 INFO [Clustering Tasks Thread-2] o.a.n.c.c.ClusterProtocolHeartbeater Heartbeat created at 2024-10-31 09:26:02,885 and sent to mynifi:8082 at 2024-10-31 09:26:02,893; send took 8 millis
2024-10-31 09:26:03,798 INFO [pool-13-thread-1] o.a.n.c.r.WriteAheadFlowFileRepository Initiating checkpoint of FlowFile Repository
2024-10-31 09:26:03,798 INFO [pool-13-thread-1] o.a.n.c.r.WriteAheadFlowFileRepository Successfully checkpointed FlowFile Repository with 1 records in 0 milliseconds
2024-10-31 09:26:05,321 INFO [Heartbeat Monitor Thread-1] o.a.n.c.c.h.AbstractHeartbeatMonitor Finished processing 1 heartbeats in 11278 nanos
2024-10-31 09:26:07,900 INFO [Process Cluster Protocol Request-6] o.a.n.c.p.impl.SocketProtocolListener Finished processing request 4c7e8267-8e00-4d96-a03c-71ab6ad3b14f (type=HEARTBEAT, length=2243 bytes) from mynifi:8080 in 2 millis
2024-10-31 09:26:07,902 INFO [Clustering Tasks Thread-2] o.a.n.c.c.ClusterProtocolHeartbeater Heartbeat created at 2024-10-31 09:26:07,894 and sent to mynifi:8082 at 2024-10-31 09:26:07,902; send took 8 millis
2024-10-31 09:26:08,413 INFO [Write-Ahead Local State Provider Maintenance] org.wali.MinimalLockingWriteAheadLog org.wali.MinimalLockingWriteAheadLog@7555782c checkpointed with 25 Records and 0 Swap Files in 7 milliseconds (Stop-the-world time = 4 milliseconds, Clear Edit Logs time = 1 millis), max Transaction ID 111
2024-10-31 09:26:10,322 INFO [Heartbeat Monitor Thread-1] o.a.n.c.c.h.AbstractHeartbeatMonitor Finished processing 1 heartbeats in 10919 nanos
2024-10-31 09:26:11,718 INFO [Cleanup Archive for default] o.a.n.c.repository.FileSystemRepository Successfully deleted 0 files (0 bytes) from archive
2024-10-31 09:26:12,906 INFO [Process Cluster Protocol Request-7] o.a.n.c.p.impl.SocketProtocolListener Finished processing request 69f49ea4-ad33-47d1-ac9c-5778e124611c (type=HEARTBEAT, length=2243 bytes) from mynifi:8080 in 1 millis
2024-10-31 09:26:12,907 INFO [Clustering Tasks Thread-2] o.a.n.c.c.ClusterProtocolHeartbeater Heartbeat created at 2024-10-31 09:26:12,903 and sent to mynifi:8082 at 2024-10-31 09:26:12,907; send took 4 millis
2024-10-31 09:26:15,322 INFO [Heartbeat Monitor Thread-1] o.a.n.c.c.h.AbstractHeartbeatMonitor Finished processing 1 heartbeats in 11349 nanos
2024-10-31 09:26:17,910 INFO [Process Cluster Protocol Request-8] o.a.n.c.p.impl.SocketProtocolListener Finished processing request e33a6047-faa5-4c10-85a8-d5cd34f64457 (type=HEARTBEAT, length=2243 bytes) from mynifi:8080 in 906102 nanos
2024-10-31 09:26:17,910 INFO [Clustering Tasks Thread-2] o.a.n.c.c.ClusterProtocolHeartbeater Heartbeat created at 2024-10-31 09:26:17,907 and sent to mynifi:8082 at 2024-10-31 09:26:17,910; send took 2 millis
2024-10-31 09:26:20,323 INFO [Heartbeat Monitor Thread-1] o.a.n.c.c.h.AbstractHeartbeatMonitor Finished processing 1 heartbeats in 11237 nanos
2024-10-31 09:26:22,916 INFO [Process Cluster Protocol Request-9] o.a.n.c.p.impl.SocketProtocolListener Finished processing request 89a20949-0050-42fe-b2c9-57857a055b46 (type=HEARTBEAT, length=2243 bytes) from mynifi:8080 in 2 millis
2024-10-31 09:26:22,919 INFO [Clustering Tasks Thread-2] o.a.n.c.c.ClusterProtocolHeartbeater Heartbeat created at 2024-10-31 09:26:22,911 and sent to mynifi:8082 at 2024-10-31 09:26:22,919; send took 7 millis
2024-10-31 09:26:23,798 INFO [pool-13-thread-1] o.a.n.c.r.WriteAheadFlowFileRepository Initiating checkpoint of FlowFile Repository
2024-10-31 09:26:23,799 INFO [pool-13-thread-1] o.a.n.c.r.WriteAheadFlowFileRepository Successfully checkpointed FlowFile Repository with 1 records in 0 milliseconds
2024-10-31 09:26:25,323 INFO [Heartbeat Monitor Thread-1] o.a.n.c.c.h.AbstractHeartbeatMonitor Finished processing 1 heartbeats in 11145 nanos
2024-10-31 09:26:27,925 INFO [Process Cluster Protocol Request-10] o.a.n.c.p.impl.SocketProtocolListener Finished processing request b2a7294b-40c1-4f1d-944e-f4436fbad16c (type=HEARTBEAT, length=2243 bytes) from mynifi:8080 in 2 millis
2024-10-31 09:26:27,927 INFO [Clustering Tasks Thread-2] o.a.n.c.c.ClusterProtocolHeartbeater Heartbeat created at 2024-10-31 09:26:27,919 and sent to mynifi:8082 at 2024-10-31 09:26:27,927; send took 8 millis
2024-10-31 09:26:30,323 INFO [Heartbeat Monitor Thread-1] o.a.n.c.c.h.AbstractHeartbeatMonitor Finished processing 1 heartbeats in 11139 nanos
2024-10-31 09:26:32,934 INFO [Process Cluster Protocol Request-1] o.a.n.c.p.impl.SocketProtocolListener Finished processing request 76fba7cc-4856-48da-8435-843c749963bc (type=HEARTBEAT, length=2243 bytes) from mynifi:8080 in 2 millis
2024-10-31 09:26:32,936 INFO [Clustering Tasks Thread-2] o.a.n.c.c.ClusterProtocolHeartbeater Heartbeat created at 2024-10-31 09:26:32,928 and sent to mynifi:8082 at 2024-10-31 09:26:32,936; send took 8 millis
2024-10-31 09:26:35,324 INFO [Heartbeat Monitor Thread-1] o.a.n.c.c.h.AbstractHeartbeatMonitor Finished processing 1 heartbeats in 11083 nanos
2024-10-31 09:26:37,942 INFO [Process Cluster Protocol Request-2] o.a.n.c.p.impl.SocketProtocolListener Finished processing request 74727804-24cc-496c-9f72-1b07643ff67a (type=HEARTBEAT, length=2243 bytes) from mynifi:8080 in 2 millis
2024-10-31 09:26:37,944 INFO [Clustering Tasks Thread-2] o.a.n.c.c.ClusterProtocolHeartbeater Heartbeat created at 2024-10-31 09:26:37,937 and sent to mynifi:8082 at 2024-10-31 09:26:37,944; send took 7 millis
2024-10-31 09:26:40,324 INFO [Heartbeat Monitor Thread-1] o.a.n.c.c.h.AbstractHeartbeatMonitor Finished processing 1 heartbeats in 11654 nanos
2024-10-31 09:26:42,951 INFO [Process Cluster Protocol Request-3] o.a.n.c.p.impl.SocketProtocolListener Finished processing request 876e604d-b63f-40c5-8190-cdd9ba6d2ff3 (type=HEARTBEAT, length=2243 bytes) from mynifi:8080 in 2 millis
2024-10-31 09:26:42,953 INFO [Clustering Tasks Thread-2] o.a.n.c.c.ClusterProtocolHeartbeater Heartbeat created at 2024-10-31 09:26:42,945 and sent to mynifi:8082 at 2024-10-31 09:26:42,953; send took 8 millis
2024-10-31 09:26:43,799 INFO [pool-13-thread-1] o.a.n.c.r.WriteAheadFlowFileRepository Initiating checkpoint of FlowFile Repository
2024-10-31 09:26:43,799 INFO [pool-13-thread-1] o.a.n.c.r.WriteAheadFlowFileRepository Successfully checkpointed FlowFile Repository with 1 records in 0 milliseconds
2024-10-31 09:26:45,324 INFO [Heartbeat Monitor Thread-1] o.a.n.c.c.h.AbstractHeartbeatMonitor Finished processing 1 heartbeats in 11341 nanos
2024-10-31 09:26:47,959 INFO [Process Cluster Protocol Request-4] o.a.n.c.p.impl.SocketProtocolListener Finished processing request 0af6db6b-c264-4825-a816-699bc6356ca2 (type=HEARTBEAT, length=2243 bytes) from mynifi:8080 in 2 millis
2024-10-31 09:26:47,962 INFO [Clustering Tasks Thread-2] o.a.n.c.c.ClusterProtocolHeartbeater Heartbeat created at 2024-10-31 09:26:47,954 and sent to mynifi:8082 at 2024-10-31 09:26:47,962; send took 8 millis
2024-10-31 09:26:50,325 INFO [Heartbeat Monitor Thread-1] o.a.n.c.c.h.AbstractHeartbeatMonitor Finished processing 1 heartbeats in 10684 nanos
2024-10-31 09:26:52,964 INFO [Process Cluster Protocol Request-5] o.a.n.c.p.impl.SocketProtocolListener Finished processing request d9245bbb-aa0a-4553-9862-84793d8f5d72 (type=HEARTBEAT, length=2243 bytes) from mynifi:8080 in 657971 nanos
2024-10-31 09:26:52,964 INFO [Clustering Tasks Thread-2] o.a.n.c.c.ClusterProtocolHeartbeater Heartbeat created at 2024-10-31 09:26:52,962 and sent to mynifi:8082 at 2024-10-31 09:26:52,964; send took 2 millis
2024-10-31 09:26:55,325 INFO [Heartbeat Monitor Thread-1] o.a.n.c.c.h.AbstractHeartbeatMonitor Finished processing 1 heartbeats in 10958 nanos
2024-10-31 09:26:57,971 INFO [Process Cluster Protocol Request-6] o.a.n.c.p.impl.SocketProtocolListener Finished processing request 1da3d865-1249-4841-bebc-c9f7ddfdc64d (type=HEARTBEAT, length=2243 bytes) from mynifi:8080 in 2 millis
2024-10-31 09:26:57,973 INFO [Clustering Tasks Thread-2] o.a.n.c.c.ClusterProtocolHeartbeater Heartbeat created at 2024-10-31 09:26:57,965 and sent to mynifi:8082 at 2024-10-31 09:26:57,973; send took 8 millis
2024-10-31 09:27:00,325 INFO [Heartbeat Monitor Thread-1] o.a.n.c.c.h.AbstractHeartbeatMonitor Finished processing 1 heartbeats in 11223 nanos
2024-10-31 09:27:02,980 INFO [Process Cluster Protocol Request-7] o.a.n.c.p.impl.SocketProtocolListener Finished processing request b69ce79d-f5d3-4b3e-9b10-e794f482bb97 (type=HEARTBEAT, length=2243 bytes) from mynifi:8080 in 2 millis
2024-10-31 09:27:02,982 INFO [Clustering Tasks Thread-2] o.a.n.c.c.ClusterProtocolHeartbeater Heartbeat created at 2024-10-31 09:27:02,974 and sent to mynifi:8082 at 2024-10-31 09:27:02,982; send took 8 millis
2024-10-31 09:27:03,799 INFO [pool-13-thread-1] o.a.n.c.r.WriteAheadFlowFileRepository Initiating checkpoint of FlowFile Repository
2024-10-31 09:27:03,799 INFO [pool-13-thread-1] o.a.n.c.r.WriteAheadFlowFileRepository Successfully checkpointed FlowFile Repository with 1 records in 0 milliseconds
2024-10-31 09:27:05,329 INFO [Heartbeat Monitor Thread-1] o.a.n.c.c.h.AbstractHeartbeatMonitor Finished processing 1 heartbeats in 12117 nanos
2024-10-31 09:27:07,988 INFO [Process Cluster Protocol Request-8] o.a.n.c.p.impl.SocketProtocolListener Finished processing request f1e9edb3-97c0-4207-af1a-4fd4f0a66eef (type=HEARTBEAT, length=2243 bytes) from mynifi:8080 in 2 millis
2024-10-31 09:27:07,992 INFO [Clustering Tasks Thread-2] o.a.n.c.c.ClusterProtocolHeartbeater Heartbeat created at 2024-10-31 09:27:07,982 and sent to mynifi:8082 at 2024-10-31 09:27:07,992; send took 9 millis
2024-10-31 09:27:10,329 INFO [Heartbeat Monitor Thread-1] o.a.n.c.c.h.AbstractHeartbeatMonitor Finished processing 1 heartbeats in 12776 nanos
2024-10-31 09:27:11,781 INFO [Cleanup Archive for default] o.a.n.c.repository.FileSystemRepository Successfully deleted 0 files (0 bytes) from archive
2024-10-31 09:27:12,997 INFO [Process Cluster Protocol Request-9] o.a.n.c.p.impl.SocketProtocolListener Finished processing request f374ddd6-a3be-406f-b20b-98898f685905 (type=HEARTBEAT, length=2243 bytes) from mynifi:8080 in 2 millis
2024-10-31 09:27:12,999 INFO [Clustering Tasks Thread-2] o.a.n.c.c.ClusterProtocolHeartbeater Heartbeat created at 2024-10-31 09:27:12,992 and sent to mynifi:8082 at 2024-10-31 09:27:12,999; send took 7 millis
2024-10-31 09:27:15,329 INFO [Heartbeat Monitor Thread-1] o.a.n.c.c.h.AbstractHeartbeatMonitor Finished processing 1 heartbeats in 13705 nanos
2024-10-31 09:27:18,006 INFO [Process Cluster Protocol Request-10] o.a.n.c.p.impl.SocketProtocolListener Finished processing request 8c372f49-4708-4fdf-9f1c-0e57b4180430 (type=HEARTBEAT, length=2243 bytes) from mynifi:8080 in 2 millis
2024-10-31 09:27:18,008 INFO [Clustering Tasks Thread-2] o.a.n.c.c.ClusterProtocolHeartbeater Heartbeat created at 2024-10-31 09:27:18,000 and sent to mynifi:8082 at 2024-10-31 09:27:18,008; send took 8 millis
2024-10-31 09:27:20,330 INFO [Heartbeat Monitor Thread-1] o.a.n.c.c.h.AbstractHeartbeatMonitor Finished processing 1 heartbeats in 13286 nanos
2024-10-31 09:27:23,015 INFO [Process Cluster Protocol Request-1] o.a.n.c.p.impl.SocketProtocolListener Finished processing request 0262c3e4-db5b-47a2-810e-f2244149537d (type=HEARTBEAT, length=2243 bytes) from mynifi:8080 in 2 millis
2024-10-31 09:27:23,018 INFO [Clustering Tasks Thread-2] o.a.n.c.c.ClusterProtocolHeartbeater Heartbeat created at 2024-10-31 09:27:23,009 and sent to mynifi:8082 at 2024-10-31 09:27:23,018; send took 8 millis
2024-10-31 09:27:23,800 INFO [pool-13-thread-1] o.a.n.c.r.WriteAheadFlowFileRepository Initiating checkpoint of FlowFile Repository
2024-10-31 09:27:23,800 INFO [pool-13-thread-1] o.a.n.c.r.WriteAheadFlowFileRepository Successfully checkpointed FlowFile Repository with 1 records in 0 milliseconds
2024-10-31 09:27:25,330 INFO [Heartbeat Monitor Thread-1] o.a.n.c.c.h.AbstractHeartbeatMonitor Finished processing 1 heartbeats in 13560 nanos
2024-10-31 09:27:28,024 INFO [Process Cluster Protocol Request-2] o.a.n.c.p.impl.SocketProtocolListener Finished processing request e03dceb9-00f1-4843-a818-336db972dccc (type=HEARTBEAT, length=2243 bytes) from mynifi:8080 in 2 millis
2024-10-31 09:27:28,026 INFO [Clustering Tasks Thread-2] o.a.n.c.c.ClusterProtocolHeartbeater Heartbeat created at 2024-10-31 09:27:28,018 and sent to mynifi:8082 at 2024-10-31 09:27:28,026; send took 8 millis
2024-10-31 09:27:30,331 INFO [Heartbeat Monitor Thread-1] o.a.n.c.c.h.AbstractHeartbeatMonitor Finished processing 1 heartbeats in 12636 nanos
2024-10-31 09:27:33,033 INFO [Process Cluster Protocol Request-3] o.a.n.c.p.impl.SocketProtocolListener Finished processing request 73375ae1-3c90-49d6-9087-7e8cb6ca1b0a (type=HEARTBEAT, length=2243 bytes) from mynifi:8080 in 2 millis
2024-10-31 09:27:33,035 INFO [Clustering Tasks Thread-2] o.a.n.c.c.ClusterProtocolHeartbeater Heartbeat created at 2024-10-31 09:27:33,027 and sent to mynifi:8082 at 2024-10-31 09:27:33,035; send took 8 millis
2024-10-31 09:27:35,331 INFO [Heartbeat Monitor Thread-1] o.a.n.c.c.h.AbstractHeartbeatMonitor Finished processing 1 heartbeats in 30021 nanos
2024-10-31 09:27:38,042 INFO [Process Cluster Protocol Request-4] o.a.n.c.p.impl.SocketProtocolListener Finished processing request 980ef9bf-c5b2-43fa-add5-0db480be3a51 (type=HEARTBEAT, length=2243 bytes) from mynifi:8080 in 2 millis
2024-10-31 09:27:38,044 INFO [Clustering Tasks Thread-2] o.a.n.c.c.ClusterProtocolHeartbeater Heartbeat created at 2024-10-31 09:27:38,036 and sent to mynifi:8082 at 2024-10-31 09:27:38,044; send took 8 millis
2024-10-31 09:27:40,331 INFO [Heartbeat Monitor Thread-1] o.a.n.c.c.h.AbstractHeartbeatMonitor Finished processing 1 heartbeats in 5944 nanos
2024-10-31 09:27:43,051 INFO [Process Cluster Protocol Request-5] o.a.n.c.p.impl.SocketProtocolListener Finished processing request e63d4576-45d6-4a8e-b386-888c890d0f3e (type=HEARTBEAT, length=2243 bytes) from mynifi:8080 in 2 millis
2024-10-31 09:27:43,054 INFO [Clustering Tasks Thread-2] o.a.n.c.c.ClusterProtocolHeartbeater Heartbeat created at 2024-10-31 09:27:43,045 and sent to mynifi:8082 at 2024-10-31 09:27:43,054; send took 8 millis
2024-10-31 09:27:43,800 INFO [pool-13-thread-1] o.a.n.c.r.WriteAheadFlowFileRepository Initiating checkpoint of FlowFile Repository
2024-10-31 09:27:43,800 INFO [pool-13-thread-1] o.a.n.c.r.WriteAheadFlowFileRepository Successfully checkpointed FlowFile Repository with 1 records in 0 milliseconds
2024-10-31 09:27:45,331 INFO [Heartbeat Monitor Thread-1] o.a.n.c.c.h.AbstractHeartbeatMonitor Finished processing 1 heartbeats in 6785 nanos
2024-10-31 09:27:48,060 INFO [Process Cluster Protocol Request-6] o.a.n.c.p.impl.SocketProtocolListener Finished processing request 623b1d36-39d3-4427-be12-c84eea158e2a (type=HEARTBEAT, length=2243 bytes) from mynifi:8080 in 2 millis
2024-10-31 09:27:48,063 INFO [Clustering Tasks Thread-2] o.a.n.c.c.ClusterProtocolHeartbeater Heartbeat created at 2024-10-31 09:27:48,054 and sent to mynifi:8082 at 2024-10-31 09:27:48,063; send took 8 millis
2024-10-31 09:27:50,332 INFO [Heartbeat Monitor Thread-1] o.a.n.c.c.h.AbstractHeartbeatMonitor Finished processing 1 heartbeats in 13666 nanos
2024-10-31 09:27:53,069 INFO [Process Cluster Protocol Request-7] o.a.n.c.p.impl.SocketProtocolListener Finished processing request 0e8de1a0-48bc-40ca-9307-5f09843bb534 (type=HEARTBEAT, length=2243 bytes) from mynifi:8080 in 2 millis
2024-10-31 09:27:53,072 INFO [Clustering Tasks Thread-2] o.a.n.c.c.ClusterProtocolHeartbeater Heartbeat created at 2024-10-31 09:27:53,063 and sent to mynifi:8082 at 2024-10-31 09:27:53,072; send took 8 millis
2024-10-31 09:27:55,332 INFO [Heartbeat Monitor Thread-1] o.a.n.c.c.h.AbstractHeartbeatMonitor Finished processing 1 heartbeats in 14263 nanos
2024-10-31 09:27:58,078 INFO [Process Cluster Protocol Request-8] o.a.n.c.p.impl.SocketProtocolListener Finished processing request e8c3d601-aa64-4ad8-be32-546ae6bd91e6 (type=HEARTBEAT, length=2243 bytes) from mynifi:8080 in 2 millis
2024-10-31 09:27:58,080 INFO [Clustering Tasks Thread-2] o.a.n.c.c.ClusterProtocolHeartbeater Heartbeat created at 2024-10-31 09:27:58,072 and sent to mynifi:8082 at 2024-10-31 09:27:58,080; send took 8 millis
2024-10-31 09:28:00,332 INFO [Heartbeat Monitor Thread-1] o.a.n.c.c.h.AbstractHeartbeatMonitor Finished processing 1 heartbeats in 13477 nanos
2024-10-31 09:28:03,087 INFO [Process Cluster Protocol Request-9] o.a.n.c.p.impl.SocketProtocolListener Finished processing request b3043e8c-cee0-430c-82a3-6ce9df427198 (type=HEARTBEAT, length=2243 bytes) from mynifi:8080 in 2 millis
2024-10-31 09:28:03,089 INFO [Clustering Tasks Thread-2] o.a.n.c.c.ClusterProtocolHeartbeater Heartbeat created at 2024-10-31 09:28:03,081 and sent to mynifi:8082 at 2024-10-31 09:28:03,089; send took 8 millis
2024-10-31 09:28:03,801 INFO [pool-13-thread-1] o.a.n.c.r.WriteAheadFlowFileRepository Initiating checkpoint of FlowFile Repository
2024-10-31 09:28:03,801 INFO [pool-13-thread-1] o.a.n.c.r.WriteAheadFlowFileRepository Successfully checkpointed FlowFile Repository with 1 records in 0 milliseconds
2024-10-31 09:28:05,333 INFO [Heartbeat Monitor Thread-1] o.a.n.c.c.h.AbstractHeartbeatMonitor Finished processing 1 heartbeats in 14392 nanos
2024-10-31 09:28:08,092 INFO [Process Cluster Protocol Request-10] o.a.n.c.p.impl.SocketProtocolListener Finished processing request 85799dd2-9a2d-4f2e-816b-0b282beda4d3 (type=HEARTBEAT, length=2243 bytes) from mynifi:8080 in 960116 nanos
2024-10-31 09:28:08,093 INFO [Clustering Tasks Thread-2] o.a.n.c.c.ClusterProtocolHeartbeater Heartbeat created at 2024-10-31 09:28:08,090 and sent to mynifi:8082 at 2024-10-31 09:28:08,093; send took 3 millis
2024-10-31 09:28:08,420 INFO [Write-Ahead Local State Provider Maintenance] org.wali.MinimalLockingWriteAheadLog org.wali.MinimalLockingWriteAheadLog@7555782c checkpointed with 25 Records and 0 Swap Files in 6 milliseconds (Stop-the-world time = 4 milliseconds, Clear Edit Logs time = 0 millis), max Transaction ID 111
2024-10-31 09:28:10,333 INFO [Heartbeat Monitor Thread-1] o.a.n.c.c.h.AbstractHeartbeatMonitor Finished processing 1 heartbeats in 27933 nanos
2024-10-31 09:28:11,844 INFO [Cleanup Archive for default] o.a.n.c.repository.FileSystemRepository Successfully deleted 0 files (0 bytes) from archive
2024-10-31 09:28:13,099 INFO [Process Cluster Protocol Request-1] o.a.n.c.p.impl.SocketProtocolListener Finished processing request 54601894-ff93-46bb-b15d-8f84e0672fda (type=HEARTBEAT, length=2243 bytes) from mynifi:8080 in 2 millis
2024-10-31 09:28:13,101 INFO [Clustering Tasks Thread-2] o.a.n.c.c.ClusterProtocolHeartbeater Heartbeat created at 2024-10-31 09:28:13,093 and sent to mynifi:8082 at 2024-10-31 09:28:13,101; send took 8 millis
2024-10-31 09:28:15,334 INFO [Heartbeat Monitor Thread-1] o.a.n.c.c.h.AbstractHeartbeatMonitor Finished processing 1 heartbeats in 14189 nanos
2024-10-31 09:28:18,108 INFO [Process Cluster Protocol Request-2] o.a.n.c.p.impl.SocketProtocolListener Finished processing request b855219c-d0a1-44a9-8ca5-696e8339c0d2 (type=HEARTBEAT, length=2243 bytes) from mynifi:8080 in 2 millis
2024-10-31 09:28:18,110 INFO [Clustering Tasks Thread-2] o.a.n.c.c.ClusterProtocolHeartbeater Heartbeat created at 2024-10-31 09:28:18,102 and sent to mynifi:8082 at 2024-10-31 09:28:18,110; send took 8 millis
2024-10-31 09:28:20,334 INFO [Heartbeat Monitor Thread-1] o.a.n.c.c.h.AbstractHeartbeatMonitor Finished processing 1 heartbeats in 13760 nanos
2024-10-31 09:28:23,117 INFO [Process Cluster Protocol Request-3] o.a.n.c.p.impl.SocketProtocolListener Finished processing request 126efeb3-b0da-4881-95ac-d2f7bd480516 (type=HEARTBEAT, length=2243 bytes) from mynifi:8080 in 2 millis
2024-10-31 09:28:23,119 INFO [Clustering Tasks Thread-2] o.a.n.c.c.ClusterProtocolHeartbeater Heartbeat created at 2024-10-31 09:28:23,111 and sent to mynifi:8082 at 2024-10-31 09:28:23,119; send took 8 millis
2024-10-31 09:28:23,801 INFO [pool-13-thread-1] o.a.n.c.r.WriteAheadFlowFileRepository Initiating checkpoint of FlowFile Repository
2024-10-31 09:28:23,801 INFO [pool-13-thread-1] o.a.n.c.r.WriteAheadFlowFileRepository Successfully checkpointed FlowFile Repository with 1 records in 0 milliseconds
2024-10-31 09:28:25,334 INFO [Heartbeat Monitor Thread-1] o.a.n.c.c.h.AbstractHeartbeatMonitor Finished processing 1 heartbeats in 14079 nanos
2024-10-31 09:28:28,122 INFO [Process Cluster Protocol Request-4] o.a.n.c.p.impl.SocketProtocolListener Finished processing request 2fb6771a-8083-416e-add9-e8c76d36e15b (type=HEARTBEAT, length=2243 bytes) from mynifi:8080 in 671453 nanos
2024-10-31 09:28:28,123 INFO [Clustering Tasks Thread-2] o.a.n.c.c.ClusterProtocolHeartbeater Heartbeat created at 2024-10-31 09:28:28,120 and sent to mynifi:8082 at 2024-10-31 09:28:28,123; send took 3 millis
2024-10-31 09:28:30,335 INFO [Heartbeat Monitor Thread-1] o.a.n.c.c.h.AbstractHeartbeatMonitor Finished processing 1 heartbeats in 13023 nanos
2024-10-31 09:28:33,126 INFO [Process Cluster Protocol Request-5] o.a.n.c.p.impl.SocketProtocolListener Finished processing request 5575729b-5345-4fbd-9a08-4629cacb1491 (type=HEARTBEAT, length=2243 bytes) from mynifi:8080 in 1 millis
2024-10-31 09:28:33,127 INFO [Clustering Tasks Thread-2] o.a.n.c.c.ClusterProtocolHeartbeater Heartbeat created at 2024-10-31 09:28:33,123 and sent to mynifi:8082 at 2024-10-31 09:28:33,127; send took 3 millis
2024-10-31 09:28:35,335 INFO [Heartbeat Monitor Thread-1] o.a.n.c.c.h.AbstractHeartbeatMonitor Finished processing 1 heartbeats in 13419 nanos
2024-10-31 09:28:38,129 INFO [Process Cluster Protocol Request-6] o.a.n.c.p.impl.SocketProtocolListener Finished processing request 3a1d48aa-9478-496a-98b0-a824005464d8 (type=HEARTBEAT, length=2243 bytes) from mynifi:8080 in 668237 nanos
2024-10-31 09:28:38,129 INFO [Clustering Tasks Thread-2] o.a.n.c.c.ClusterProtocolHeartbeater Heartbeat created at 2024-10-31 09:28:38,127 and sent to mynifi:8082 at 2024-10-31 09:28:38,129; send took 2 millis
2024-10-31 09:28:40,335 INFO [Heartbeat Monitor Thread-1] o.a.n.c.c.h.AbstractHeartbeatMonitor Finished processing 1 heartbeats in 14455 nanos
2024-10-31 09:28:43,132 INFO [Process Cluster Protocol Request-7] o.a.n.c.p.impl.SocketProtocolListener Finished processing request ba7253d1-9708-47e4-a459-e1a04351d4e2 (type=HEARTBEAT, length=2243 bytes) from mynifi:8080 in 729825 nanos
2024-10-31 09:28:43,132 INFO [Clustering Tasks Thread-2] o.a.n.c.c.ClusterProtocolHeartbeater Heartbeat created at 2024-10-31 09:28:43,130 and sent to mynifi:8082 at 2024-10-31 09:28:43,132; send took 2 millis
2024-10-31 09:28:43,801 INFO [pool-13-thread-1] o.a.n.c.r.WriteAheadFlowFileRepository Initiating checkpoint of FlowFile Repository
2024-10-31 09:28:43,801 INFO [pool-13-thread-1] o.a.n.c.r.WriteAheadFlowFileRepository Successfully checkpointed FlowFile Repository with 1 records in 0 milliseconds
2024-10-31 09:28:45,336 INFO [Heartbeat Monitor Thread-1] o.a.n.c.c.h.AbstractHeartbeatMonitor Finished processing 1 heartbeats in 14172 nanos
2024-10-31 09:28:48,134 INFO [Process Cluster Protocol Request-8] o.a.n.c.p.impl.SocketProtocolListener Finished processing request 4bf4ecde-88ca-4595-91b0-96c91ce3617b (type=HEARTBEAT, length=2243 bytes) from mynifi:8080 in 741041 nanos
2024-10-31 09:28:48,135 INFO [Clustering Tasks Thread-2] o.a.n.c.c.ClusterProtocolHeartbeater Heartbeat created at 2024-10-31 09:28:48,133 and sent to mynifi:8082 at 2024-10-31 09:28:48,135; send took 2 millis
2024-10-31 09:28:50,336 INFO [Heartbeat Monitor Thread-1] o.a.n.c.c.h.AbstractHeartbeatMonitor Finished processing 1 heartbeats in 13429 nanos
2024-10-31 09:28:53,140 INFO [Process Cluster Protocol Request-9] o.a.n.c.p.impl.SocketProtocolListener Finished processing request 3d91aede-69b8-47f5-ab5c-6225f508cd4b (type=HEARTBEAT, length=2243 bytes) from mynifi:8080 in 2 millis
2024-10-31 09:28:53,143 INFO [Clustering Tasks Thread-2] o.a.n.c.c.ClusterProtocolHeartbeater Heartbeat created at 2024-10-31 09:28:53,135 and sent to mynifi:8082 at 2024-10-31 09:28:53,143; send took 7 millis
2024-10-31 09:28:55,337 INFO [Heartbeat Monitor Thread-1] o.a.n.c.c.h.AbstractHeartbeatMonitor Finished processing 1 heartbeats in 13540 nanos
2024-10-31 09:28:58,149 INFO [Process Cluster Protocol Request-10] o.a.n.c.p.impl.SocketProtocolListener Finished processing request 2d4b2ec2-7f05-4dc2-8e6f-d13f988a98dc (type=HEARTBEAT, length=2243 bytes) from mynifi:8080 in 2 millis
2024-10-31 09:28:58,151 INFO [Clustering Tasks Thread-2] o.a.n.c.c.ClusterProtocolHeartbeater Heartbeat created at 2024-10-31 09:28:58,143 and sent to mynifi:8082 at 2024-10-31 09:28:58,151; send took 7 millis
2024-10-31 09:29:00,337 INFO [Heartbeat Monitor Thread-1] o.a.n.c.c.h.AbstractHeartbeatMonitor Finished processing 1 heartbeats in 5580 nanos
2024-10-31 09:29:03,158 INFO [Process Cluster Protocol Request-1] o.a.n.c.p.impl.SocketProtocolListener Finished processing request a25d3011-7e5a-4e14-b25c-3814c513bf45 (type=HEARTBEAT, length=2243 bytes) from mynifi:8080 in 2 millis
2024-10-31 09:29:03,160 INFO [Clustering Tasks Thread-2] o.a.n.c.c.ClusterProtocolHeartbeater Heartbeat created at 2024-10-31 09:29:03,152 and sent to mynifi:8082 at 2024-10-31 09:29:03,160; send took 8 millis
2024-10-31 09:29:03,802 INFO [pool-13-thread-1] o.a.n.c.r.WriteAheadFlowFileRepository Initiating checkpoint of FlowFile Repository
2024-10-31 09:29:03,802 INFO [pool-13-thread-1] o.a.n.c.r.WriteAheadFlowFileRepository Successfully checkpointed FlowFile Repository with 1 records in 0 milliseconds
2024-10-31 09:29:05,337 INFO [Heartbeat Monitor Thread-1] o.a.n.c.c.h.AbstractHeartbeatMonitor Finished processing 1 heartbeats in 13350 nanos
2024-10-31 09:29:08,167 INFO [Process Cluster Protocol Request-2] o.a.n.c.p.impl.SocketProtocolListener Finished processing request 1e78678f-4dc3-42db-9182-ce336df03643 (type=HEARTBEAT, length=2243 bytes) from mynifi:8080 in 2 millis
2024-10-31 09:29:08,170 INFO [Clustering Tasks Thread-2] o.a.n.c.c.ClusterProtocolHeartbeater Heartbeat created at 2024-10-31 09:29:08,161 and sent to mynifi:8082 at 2024-10-31 09:29:08,170; send took 8 millis
2024-10-31 09:29:10,337 INFO [Heartbeat Monitor Thread-1] o.a.n.c.c.h.AbstractHeartbeatMonitor Finished processing 1 heartbeats in 5565 nanos
2024-10-31 09:29:11,906 INFO [Cleanup Archive for default] o.a.n.c.repository.FileSystemRepository Successfully deleted 0 files (0 bytes) from archive
2024-10-31 09:29:13,171 INFO [Process Cluster Protocol Request-3] o.a.n.c.p.impl.SocketProtocolListener Finished processing request acd9dac4-41e7-4414-a68b-e723f37c6160 (type=HEARTBEAT, length=2243 bytes) from mynifi:8080 in 756313 nanos
2024-10-31 09:29:13,172 INFO [Clustering Tasks Thread-2] o.a.n.c.c.ClusterProtocolHeartbeater Heartbeat created at 2024-10-31 09:29:13,170 and sent to mynifi:8082 at 2024-10-31 09:29:13,172; send took 2 millis
2024-10-31 09:29:15,338 INFO [Heartbeat Monitor Thread-1] o.a.n.c.c.h.AbstractHeartbeatMonitor Finished processing 1 heartbeats in 13496 nanos
2024-10-31 09:29:18,178 INFO [Process Cluster Protocol Request-4] o.a.n.c.p.impl.SocketProtocolListener Finished processing request 9c720ef0-3d40-40b9-ac0c-d793917a046b (type=HEARTBEAT, length=2243 bytes) from mynifi:8080 in 2 millis
2024-10-31 09:29:18,181 INFO [Clustering Tasks Thread-2] o.a.n.c.c.ClusterProtocolHeartbeater Heartbeat created at 2024-10-31 09:29:18,172 and sent to mynifi:8082 at 2024-10-31 09:29:18,181; send took 8 millis
2024-10-31 09:29:20,338 INFO [Heartbeat Monitor Thread-1] o.a.n.c.c.h.AbstractHeartbeatMonitor Finished processing 1 heartbeats in 13114 nanos
2024-10-31 09:29:23,187 INFO [Process Cluster Protocol Request-5] o.a.n.c.p.impl.SocketProtocolListener Finished processing request 530d0ad4-a53e-4d44-8477-6a94ad866678 (type=HEARTBEAT, length=2243 bytes) from mynifi:8080 in 2 millis
2024-10-31 09:29:23,189 INFO [Clustering Tasks Thread-2] o.a.n.c.c.ClusterProtocolHeartbeater Heartbeat created at 2024-10-31 09:29:23,181 and sent to mynifi:8082 at 2024-10-31 09:29:23,189; send took 7 millis
2024-10-31 09:29:23,802 INFO [pool-13-thread-1] o.a.n.c.r.WriteAheadFlowFileRepository Initiating checkpoint of FlowFile Repository
2024-10-31 09:29:23,802 INFO [pool-13-thread-1] o.a.n.c.r.WriteAheadFlowFileRepository Successfully checkpointed FlowFile Repository with 1 records in 0 milliseconds
2024-10-31 09:29:25,338 INFO [Heartbeat Monitor Thread-1] o.a.n.c.c.h.AbstractHeartbeatMonitor Finished processing 1 heartbeats in 14560 nanos
2024-10-31 09:29:28,195 INFO [Process Cluster Protocol Request-6] o.a.n.c.p.impl.SocketProtocolListener Finished processing request a9f9bf39-53ec-4480-8671-ec12032880f0 (type=HEARTBEAT, length=2243 bytes) from mynifi:8080 in 2 millis
2024-10-31 09:29:28,198 INFO [Clustering Tasks Thread-2] o.a.n.c.c.ClusterProtocolHeartbeater Heartbeat created at 2024-10-31 09:29:28,189 and sent to mynifi:8082 at 2024-10-31 09:29:28,198; send took 8 millis
2024-10-31 09:29:30,339 INFO [Heartbeat Monitor Thread-1] o.a.n.c.c.h.AbstractHeartbeatMonitor Finished processing 1 heartbeats in 13906 nanos
2024-10-31 09:29:33,204 INFO [Process Cluster Protocol Request-7] o.a.n.c.p.impl.SocketProtocolListener Finished processing request 0c74c889-fa46-4a4e-92ee-0f38566c7a28 (type=HEARTBEAT, length=2243 bytes) from mynifi:8080 in 2 millis
2024-10-31 09:29:33,206 INFO [Clustering Tasks Thread-2] o.a.n.c.c.ClusterProtocolHeartbeater Heartbeat created at 2024-10-31 09:29:33,198 and sent to mynifi:8082 at 2024-10-31 09:29:33,206; send took 8 millis
2024-10-31 09:29:35,339 INFO [Heartbeat Monitor Thread-1] o.a.n.c.c.h.AbstractHeartbeatMonitor Finished processing 1 heartbeats in 13252 nanos
2024-10-31 09:29:38,213 INFO [Process Cluster Protocol Request-8] o.a.n.c.p.impl.SocketProtocolListener Finished processing request bd605f59-d78f-4b22-be76-99327bed72f0 (type=HEARTBEAT, length=2243 bytes) from mynifi:8080 in 2 millis
2024-10-31 09:29:38,215 INFO [Clustering Tasks Thread-2] o.a.n.c.c.ClusterProtocolHeartbeater Heartbeat created at 2024-10-31 09:29:38,207 and sent to mynifi:8082 at 2024-10-31 09:29:38,215; send took 8 millis
2024-10-31 09:29:40,339 INFO [Heartbeat Monitor Thread-1] o.a.n.c.c.h.AbstractHeartbeatMonitor Finished processing 1 heartbeats in 14563 nanos
2024-10-31 09:29:43,222 INFO [Process Cluster Protocol Request-9] o.a.n.c.p.impl.SocketProtocolListener Finished processing request 8c875ac4-0147-48b2-b29b-dee2b4fc8a36 (type=HEARTBEAT, length=2243 bytes) from mynifi:8080 in 2 millis
2024-10-31 09:29:43,224 INFO [Clustering Tasks Thread-2] o.a.n.c.c.ClusterProtocolHeartbeater Heartbeat created at 2024-10-31 09:29:43,215 and sent to mynifi:8082 at 2024-10-31 09:29:43,224; send took 8 millis
2024-10-31 09:29:43,803 INFO [pool-13-thread-1] o.a.n.c.r.WriteAheadFlowFileRepository Initiating checkpoint of FlowFile Repository
2024-10-31 09:29:43,803 INFO [pool-13-thread-1] o.a.n.c.r.WriteAheadFlowFileRepository Successfully checkpointed FlowFile Repository with 1 records in 0 milliseconds
2024-10-31 09:29:45,340 INFO [Heartbeat Monitor Thread-1] o.a.n.c.c.h.AbstractHeartbeatMonitor Finished processing 1 heartbeats in 13860 nanos
2024-10-31 09:29:48,230 INFO [Process Cluster Protocol Request-10] o.a.n.c.p.impl.SocketProtocolListener Finished processing request 2631857a-f29d-45b2-a7ca-a1d9293a190d (type=HEARTBEAT, length=2243 bytes) from mynifi:8080 in 2 millis
2024-10-31 09:29:48,233 INFO [Clustering Tasks Thread-2] o.a.n.c.c.ClusterProtocolHeartbeater Heartbeat created at 2024-10-31 09:29:48,225 and sent to mynifi:8082 at 2024-10-31 09:29:48,233; send took 8 millis
2024-10-31 09:29:50,340 INFO [Heartbeat Monitor Thread-1] o.a.n.c.c.h.AbstractHeartbeatMonitor Finished processing 1 heartbeats in 13891 nanos
2024-10-31 09:29:53,240 INFO [Process Cluster Protocol Request-1] o.a.n.c.p.impl.SocketProtocolListener Finished processing request a5fcc215-36b9-4ef7-bc08-fca41c6abaa2 (type=HEARTBEAT, length=2243 bytes) from mynifi:8080 in 2 millis
2024-10-31 09:29:53,242 INFO [Clustering Tasks Thread-2] o.a.n.c.c.ClusterProtocolHeartbeater Heartbeat created at 2024-10-31 09:29:53,234 and sent to mynifi:8082 at 2024-10-31 09:29:53,242; send took 8 millis
2024-10-31 09:29:55,340 INFO [Heartbeat Monitor Thread-1] o.a.n.c.c.h.AbstractHeartbeatMonitor Finished processing 1 heartbeats in 13891 nanos
2024-10-31 09:29:58,248 INFO [Process Cluster Protocol Request-2] o.a.n.c.p.impl.SocketProtocolListener Finished processing request b0e48bae-f198-4b01-8d5c-981748d547d7 (type=HEARTBEAT, length=2243 bytes) from mynifi:8080 in 2 millis
2024-10-31 09:29:58,251 INFO [Clustering Tasks Thread-2] o.a.n.c.c.ClusterProtocolHeartbeater Heartbeat created at 2024-10-31 09:29:58,243 and sent to mynifi:8082 at 2024-10-31 09:29:58,251; send took 7 millis
2024-10-31 09:30:00,341 INFO [Heartbeat Monitor Thread-1] o.a.n.c.c.h.AbstractHeartbeatMonitor Finished processing 1 heartbeats in 12809 nanos
2024-10-31 09:30:03,257 INFO [Process Cluster Protocol Request-3] o.a.n.c.p.impl.SocketProtocolListener Finished processing request d128203d-0f61-4b61-9bfe-3f24a998ac71 (type=HEARTBEAT, length=2243 bytes) from mynifi:8080 in 2 millis
2024-10-31 09:30:03,260 INFO [Clustering Tasks Thread-2] o.a.n.c.c.ClusterProtocolHeartbeater Heartbeat created at 2024-10-31 09:30:03,251 and sent to mynifi:8082 at 2024-10-31 09:30:03,260; send took 8 millis
2024-10-31 09:30:03,803 INFO [pool-13-thread-1] o.a.n.c.r.WriteAheadFlowFileRepository Initiating checkpoint of FlowFile Repository
2024-10-31 09:30:03,803 INFO [pool-13-thread-1] o.a.n.c.r.WriteAheadFlowFileRepository Successfully checkpointed FlowFile Repository with 1 records in 0 milliseconds
2024-10-31 09:30:05,341 INFO [Heartbeat Monitor Thread-1] o.a.n.c.c.h.AbstractHeartbeatMonitor Finished processing 1 heartbeats in 14311 nanos
2024-10-31 09:30:08,266 INFO [Process Cluster Protocol Request-4] o.a.n.c.p.impl.SocketProtocolListener Finished processing request 594f76a3-b68d-435e-b64e-d311cebd3c21 (type=HEARTBEAT, length=2243 bytes) from mynifi:8080 in 2 millis
2024-10-31 09:30:08,269 INFO [Clustering Tasks Thread-2] o.a.n.c.c.ClusterProtocolHeartbeater Heartbeat created at 2024-10-31 09:30:08,260 and sent to mynifi:8082 at 2024-10-31 09:30:08,269; send took 8 millis
2024-10-31 09:30:08,427 INFO [Write-Ahead Local State Provider Maintenance] org.wali.MinimalLockingWriteAheadLog org.wali.MinimalLockingWriteAheadLog@7555782c checkpointed with 25 Records and 0 Swap Files in 6 milliseconds (Stop-the-world time = 4 milliseconds, Clear Edit Logs time = 1 millis), max Transaction ID 111
2024-10-31 09:30:10,342 INFO [Heartbeat Monitor Thread-1] o.a.n.c.c.h.AbstractHeartbeatMonitor Finished processing 1 heartbeats in 12687 nanos
2024-10-31 09:30:11,934 INFO [Cleanup Archive for default] o.a.n.c.repository.FileSystemRepository Successfully deleted 0 files (0 bytes) from archive
2024-10-31 09:30:13,275 INFO [Process Cluster Protocol Request-5] o.a.n.c.p.impl.SocketProtocolListener Finished processing request a1dac9e2-e705-487b-8933-791f8d1d0f65 (type=HEARTBEAT, length=2243 bytes) from mynifi:8080 in 2 millis
2024-10-31 09:30:13,278 INFO [Clustering Tasks Thread-2] o.a.n.c.c.ClusterProtocolHeartbeater Heartbeat created at 2024-10-31 09:30:13,269 and sent to mynifi:8082 at 2024-10-31 09:30:13,278; send took 8 millis
2024-10-31 09:30:15,342 INFO [Heartbeat Monitor Thread-1] o.a.n.c.c.h.AbstractHeartbeatMonitor Finished processing 1 heartbeats in 21670 nanos
2024-10-31 09:30:18,284 INFO [Process Cluster Protocol Request-6] o.a.n.c.p.impl.SocketProtocolListener Finished processing request 23024dba-988d-4f21-9d64-e884e0eeab86 (type=HEARTBEAT, length=2243 bytes) from mynifi:8080 in 2 millis
2024-10-31 09:30:18,286 INFO [Clustering Tasks Thread-2] o.a.n.c.c.ClusterProtocolHeartbeater Heartbeat created at 2024-10-31 09:30:18,278 and sent to mynifi:8082 at 2024-10-31 09:30:18,286; send took 8 millis
2024-10-31 09:30:20,342 INFO [Heartbeat Monitor Thread-1] o.a.n.c.c.h.AbstractHeartbeatMonitor Finished processing 1 heartbeats in 13618 nanos
2024-10-31 09:30:23,293 INFO [Process Cluster Protocol Request-7] o.a.n.c.p.impl.SocketProtocolListener Finished processing request 9aadfdaa-bcef-41d4-8a82-780b49cc848b (type=HEARTBEAT, length=2243 bytes) from mynifi:8080 in 2 millis
2024-10-31 09:30:23,295 INFO [Clustering Tasks Thread-2] o.a.n.c.c.ClusterProtocolHeartbeater Heartbeat created at 2024-10-31 09:30:23,287 and sent to mynifi:8082 at 2024-10-31 09:30:23,295; send took 8 millis
2024-10-31 09:30:23,803 INFO [pool-13-thread-1] o.a.n.c.r.WriteAheadFlowFileRepository Initiating checkpoint of FlowFile Repository
2024-10-31 09:30:23,804 INFO [pool-13-thread-1] o.a.n.c.r.WriteAheadFlowFileRepository Successfully checkpointed FlowFile Repository with 1 records in 0 milliseconds
2024-10-31 09:30:25,343 INFO [Heartbeat Monitor Thread-1] o.a.n.c.c.h.AbstractHeartbeatMonitor Finished processing 1 heartbeats in 13076 nanos
2024-10-31 09:30:28,301 INFO [Process Cluster Protocol Request-8] o.a.n.c.p.impl.SocketProtocolListener Finished processing request 7a43b69f-2ac9-41aa-be98-4a9cafa9120b (type=HEARTBEAT, length=2243 bytes) from mynifi:8080 in 2 millis
2024-10-31 09:30:28,304 INFO [Clustering Tasks Thread-2] o.a.n.c.c.ClusterProtocolHeartbeater Heartbeat created at 2024-10-31 09:30:28,296 and sent to mynifi:8082 at 2024-10-31 09:30:28,304; send took 8 millis
2024-10-31 09:30:30,343 INFO [Heartbeat Monitor Thread-1] o.a.n.c.c.h.AbstractHeartbeatMonitor Finished processing 1 heartbeats in 13744 nanos
2024-10-31 09:30:33,311 INFO [Process Cluster Protocol Request-9] o.a.n.c.p.impl.SocketProtocolListener Finished processing request a3e4722b-0fc2-4fd2-97f5-1603b77a852c (type=HEARTBEAT, length=2243 bytes) from mynifi:8080 in 2 millis
2024-10-31 09:30:33,313 INFO [Clustering Tasks Thread-2] o.a.n.c.c.ClusterProtocolHeartbeater Heartbeat created at 2024-10-31 09:30:33,305 and sent to mynifi:8082 at 2024-10-31 09:30:33,313; send took 8 millis
2024-10-31 09:30:35,343 INFO [Heartbeat Monitor Thread-1] o.a.n.c.c.h.AbstractHeartbeatMonitor Finished processing 1 heartbeats in 13288 nanos
2024-10-31 09:30:38,319 INFO [Process Cluster Protocol Request-10] o.a.n.c.p.impl.SocketProtocolListener Finished processing request 2818b075-67ff-4ae4-9d81-7c101ec5f381 (type=HEARTBEAT, length=2243 bytes) from mynifi:8080 in 2 millis
2024-10-31 09:30:38,322 INFO [Clustering Tasks Thread-2] o.a.n.c.c.ClusterProtocolHeartbeater Heartbeat created at 2024-10-31 09:30:38,314 and sent to mynifi:8082 at 2024-10-31 09:30:38,322; send took 7 millis
2024-10-31 09:30:40,344 INFO [Heartbeat Monitor Thread-1] o.a.n.c.c.h.AbstractHeartbeatMonitor Finished processing 1 heartbeats in 14020 nanos
2024-10-31 09:30:43,328 INFO [Process Cluster Protocol Request-1] o.a.n.c.p.impl.SocketProtocolListener Finished processing request 2795d703-625e-439b-86f4-8dbb329bbedd (type=HEARTBEAT, length=2243 bytes) from mynifi:8080 in 2 millis
2024-10-31 09:30:43,331 INFO [Clustering Tasks Thread-2] o.a.n.c.c.ClusterProtocolHeartbeater Heartbeat created at 2024-10-31 09:30:43,322 and sent to mynifi:8082 at 2024-10-31 09:30:43,331; send took 8 millis
2024-10-31 09:30:43,804 INFO [pool-13-thread-1] o.a.n.c.r.WriteAheadFlowFileRepository Initiating checkpoint of FlowFile Repository
2024-10-31 09:30:43,804 INFO [pool-13-thread-1] o.a.n.c.r.WriteAheadFlowFileRepository Successfully checkpointed FlowFile Repository with 1 records in 0 milliseconds
2024-10-31 09:30:45,344 INFO [Heartbeat Monitor Thread-1] o.a.n.c.c.h.AbstractHeartbeatMonitor Finished processing 1 heartbeats in 12995 nanos
2024-10-31 09:30:48,337 INFO [Process Cluster Protocol Request-2] o.a.n.c.p.impl.SocketProtocolListener Finished processing request 2ca816b0-200e-41de-8046-5503c3f63425 (type=HEARTBEAT, length=2243 bytes) from mynifi:8080 in 2 millis
2024-10-31 09:30:48,340 INFO [Clustering Tasks Thread-2] o.a.n.c.c.ClusterProtocolHeartbeater Heartbeat created at 2024-10-31 09:30:48,331 and sent to mynifi:8082 at 2024-10-31 09:30:48,340; send took 8 millis
2024-10-31 09:30:50,344 INFO [Heartbeat Monitor Thread-1] o.a.n.c.c.h.AbstractHeartbeatMonitor Finished processing 1 heartbeats in 13290 nanos
2024-10-31 09:30:53,346 INFO [Process Cluster Protocol Request-3] o.a.n.c.p.impl.SocketProtocolListener Finished processing request 96fc2ce1-e30c-4186-92a7-e20a10aa7a86 (type=HEARTBEAT, length=2243 bytes) from mynifi:8080 in 2 millis
2024-10-31 09:30:53,348 INFO [Clustering Tasks Thread-2] o.a.n.c.c.ClusterProtocolHeartbeater Heartbeat created at 2024-10-31 09:30:53,340 and sent to mynifi:8082 at 2024-10-31 09:30:53,348; send took 8 millis
2024-10-31 09:30:55,345 INFO [Heartbeat Monitor Thread-1] o.a.n.c.c.h.AbstractHeartbeatMonitor Finished processing 1 heartbeats in 13475 nanos
2024-10-31 09:30:58,355 INFO [Process Cluster Protocol Request-4] o.a.n.c.p.impl.SocketProtocolListener Finished processing request a77ac613-49da-4502-964f-140d026bbc93 (type=HEARTBEAT, length=2243 bytes) from mynifi:8080 in 2 millis
2024-10-31 09:30:58,358 INFO [Clustering Tasks Thread-2] o.a.n.c.c.ClusterProtocolHeartbeater Heartbeat created at 2024-10-31 09:30:58,349 and sent to mynifi:8082 at 2024-10-31 09:30:58,358; send took 8 millis
2024-10-31 09:31:00,345 INFO [Heartbeat Monitor Thread-1] o.a.n.c.c.h.AbstractHeartbeatMonitor Finished processing 1 heartbeats in 13101 nanos
2024-10-31 09:31:03,364 INFO [Process Cluster Protocol Request-5] o.a.n.c.p.impl.SocketProtocolListener Finished processing request 445b4a7d-6167-44c9-8d73-d7cdfc520136 (type=HEARTBEAT, length=2243 bytes) from mynifi:8080 in 2 millis
2024-10-31 09:31:03,368 INFO [Clustering Tasks Thread-2] o.a.n.c.c.ClusterProtocolHeartbeater Heartbeat created at 2024-10-31 09:31:03,358 and sent to mynifi:8082 at 2024-10-31 09:31:03,368; send took 10 millis
2024-10-31 09:31:03,804 INFO [pool-13-thread-1] o.a.n.c.r.WriteAheadFlowFileRepository Initiating checkpoint of FlowFile Repository
2024-10-31 09:31:03,804 INFO [pool-13-thread-1] o.a.n.c.r.WriteAheadFlowFileRepository Successfully checkpointed FlowFile Repository with 1 records in 0 milliseconds
2024-10-31 09:31:05,345 INFO [Heartbeat Monitor Thread-1] o.a.n.c.c.h.AbstractHeartbeatMonitor Finished processing 1 heartbeats in 13051 nanos
2024-10-31 09:31:08,374 INFO [Process Cluster Protocol Request-6] o.a.n.c.p.impl.SocketProtocolListener Finished processing request fb8864a9-ea47-4dfe-9747-7f82f07ba06c (type=HEARTBEAT, length=2243 bytes) from mynifi:8080 in 2 millis
2024-10-31 09:31:08,377 INFO [Clustering Tasks Thread-2] o.a.n.c.c.ClusterProtocolHeartbeater Heartbeat created at 2024-10-31 09:31:08,369 and sent to mynifi:8082 at 2024-10-31 09:31:08,377; send took 8 millis
2024-10-31 09:31:10,346 INFO [Heartbeat Monitor Thread-1] o.a.n.c.c.h.AbstractHeartbeatMonitor Finished processing 1 heartbeats in 11892 nanos
2024-10-31 09:31:11,973 INFO [Cleanup Archive for default] o.a.n.c.repository.FileSystemRepository Successfully deleted 0 files (0 bytes) from archive
2024-10-31 09:31:13,383 INFO [Process Cluster Protocol Request-7] o.a.n.c.p.impl.SocketProtocolListener Finished processing request c984877f-b1b0-43c9-98bc-9205b35d5b0c (type=HEARTBEAT, length=2243 bytes) from mynifi:8080 in 2 millis
2024-10-31 09:31:13,386 INFO [Clustering Tasks Thread-2] o.a.n.c.c.ClusterProtocolHeartbeater Heartbeat created at 2024-10-31 09:31:13,377 and sent to mynifi:8082 at 2024-10-31 09:31:13,386; send took 8 millis
2024-10-31 09:31:15,346 INFO [Heartbeat Monitor Thread-1] o.a.n.c.c.h.AbstractHeartbeatMonitor Finished processing 1 heartbeats in 13226 nanos
2024-10-31 09:31:18,393 INFO [Process Cluster Protocol Request-8] o.a.n.c.p.impl.SocketProtocolListener Finished processing request cfeb6f08-0c51-438d-ba42-375b6b8d4113 (type=HEARTBEAT, length=2243 bytes) from mynifi:8080 in 2 millis
2024-10-31 09:31:18,395 INFO [Clustering Tasks Thread-2] o.a.n.c.c.ClusterProtocolHeartbeater Heartbeat created at 2024-10-31 09:31:18,387 and sent to mynifi:8082 at 2024-10-31 09:31:18,395; send took 8 millis
2024-10-31 09:31:20,347 INFO [Heartbeat Monitor Thread-1] o.a.n.c.c.h.AbstractHeartbeatMonitor Finished processing 1 heartbeats in 13639 nanos
2024-10-31 09:31:23,397 INFO [Process Cluster Protocol Request-9] o.a.n.c.p.impl.SocketProtocolListener Finished processing request 4cee5335-2576-4879-ac7e-52969bd71990 (type=HEARTBEAT, length=2243 bytes) from mynifi:8080 in 718969 nanos
2024-10-31 09:31:23,398 INFO [Clustering Tasks Thread-2] o.a.n.c.c.ClusterProtocolHeartbeater Heartbeat created at 2024-10-31 09:31:23,396 and sent to mynifi:8082 at 2024-10-31 09:31:23,398; send took 2 millis
2024-10-31 09:31:23,805 INFO [pool-13-thread-1] o.a.n.c.r.WriteAheadFlowFileRepository Initiating checkpoint of FlowFile Repository
2024-10-31 09:31:23,805 INFO [pool-13-thread-1] o.a.n.c.r.WriteAheadFlowFileRepository Successfully checkpointed FlowFile Repository with 1 records in 0 milliseconds
2024-10-31 09:31:25,347 INFO [Heartbeat Monitor Thread-1] o.a.n.c.c.h.AbstractHeartbeatMonitor Finished processing 1 heartbeats in 13650 nanos
2024-10-31 09:31:28,404 INFO [Process Cluster Protocol Request-10] o.a.n.c.p.impl.SocketProtocolListener Finished processing request 2b3148ae-0d64-4f01-b69c-0ce2e68df11b (type=HEARTBEAT, length=2243 bytes) from mynifi:8080 in 2 millis
2024-10-31 09:31:28,405 INFO [Clustering Tasks Thread-2] o.a.n.c.c.ClusterProtocolHeartbeater Heartbeat created at 2024-10-31 09:31:28,398 and sent to mynifi:8082 at 2024-10-31 09:31:28,405; send took 7 millis
2024-10-31 09:31:30,347 INFO [Heartbeat Monitor Thread-1] o.a.n.c.c.h.AbstractHeartbeatMonitor Finished processing 1 heartbeats in 13422 nanos
2024-10-31 09:31:33,411 INFO [Process Cluster Protocol Request-1] o.a.n.c.p.impl.SocketProtocolListener Finished processing request 627a91f8-b856-4047-9f11-64cc3df4d417 (type=HEARTBEAT, length=2243 bytes) from mynifi:8080 in 2 millis
2024-10-31 09:31:33,414 INFO [Clustering Tasks Thread-2] o.a.n.c.c.ClusterProtocolHeartbeater Heartbeat created at 2024-10-31 09:31:33,406 and sent to mynifi:8082 at 2024-10-31 09:31:33,414; send took 8 millis
2024-10-31 09:31:35,348 INFO [Heartbeat Monitor Thread-1] o.a.n.c.c.h.AbstractHeartbeatMonitor Finished processing 1 heartbeats in 13172 nanos
2024-10-31 09:31:38,420 INFO [Process Cluster Protocol Request-2] o.a.n.c.p.impl.SocketProtocolListener Finished processing request 63ec42d9-c130-4b93-9ec4-1c2e4d9d247b (type=HEARTBEAT, length=2243 bytes) from mynifi:8080 in 2 millis
2024-10-31 09:31:38,423 INFO [Clustering Tasks Thread-2] o.a.n.c.c.ClusterProtocolHeartbeater Heartbeat created at 2024-10-31 09:31:38,415 and sent to mynifi:8082 at 2024-10-31 09:31:38,423; send took 8 millis
2024-10-31 09:31:40,348 INFO [Heartbeat Monitor Thread-1] o.a.n.c.c.h.AbstractHeartbeatMonitor Finished processing 1 heartbeats in 13449 nanos
2024-10-31 09:31:43,429 INFO [Process Cluster Protocol Request-3] o.a.n.c.p.impl.SocketProtocolListener Finished processing request 4fc45a33-c8ad-4ade-9bf3-945329729be1 (type=HEARTBEAT, length=2243 bytes) from mynifi:8080 in 2 millis
2024-10-31 09:31:43,432 INFO [Clustering Tasks Thread-2] o.a.n.c.c.ClusterProtocolHeartbeater Heartbeat created at 2024-10-31 09:31:43,423 and sent to mynifi:8082 at 2024-10-31 09:31:43,432; send took 8 millis
2024-10-31 09:31:43,805 INFO [pool-13-thread-1] o.a.n.c.r.WriteAheadFlowFileRepository Initiating checkpoint of FlowFile Repository
2024-10-31 09:31:43,805 INFO [pool-13-thread-1] o.a.n.c.r.WriteAheadFlowFileRepository Successfully checkpointed FlowFile Repository with 1 records in 0 milliseconds
2024-10-31 09:31:45,348 INFO [Heartbeat Monitor Thread-1] o.a.n.c.c.h.AbstractHeartbeatMonitor Finished processing 1 heartbeats in 23865 nanos
2024-10-31 09:31:48,438 INFO [Process Cluster Protocol Request-4] o.a.n.c.p.impl.SocketProtocolListener Finished processing request a786f762-e8c4-433a-a76b-624d1b532f79 (type=HEARTBEAT, length=2243 bytes) from mynifi:8080 in 2 millis
2024-10-31 09:31:48,440 INFO [Clustering Tasks Thread-2] o.a.n.c.c.ClusterProtocolHeartbeater Heartbeat created at 2024-10-31 09:31:48,432 and sent to mynifi:8082 at 2024-10-31 09:31:48,440; send took 8 millis
2024-10-31 09:31:50,349 INFO [Heartbeat Monitor Thread-1] o.a.n.c.c.h.AbstractHeartbeatMonitor Finished processing 1 heartbeats in 13376 nanos
2024-10-31 09:31:53,447 INFO [Process Cluster Protocol Request-5] o.a.n.c.p.impl.SocketProtocolListener Finished processing request 7a575da4-7f0f-4578-b4e9-ac1affd68d5f (type=HEARTBEAT, length=2243 bytes) from mynifi:8080 in 2 millis
2024-10-31 09:31:53,449 INFO [Clustering Tasks Thread-2] o.a.n.c.c.ClusterProtocolHeartbeater Heartbeat created at 2024-10-31 09:31:53,441 and sent to mynifi:8082 at 2024-10-31 09:31:53,449; send took 8 millis
2024-10-31 09:31:55,349 INFO [Heartbeat Monitor Thread-1] o.a.n.c.c.h.AbstractHeartbeatMonitor Finished processing 1 heartbeats in 12942 nanos
2024-10-31 09:31:58,456 INFO [Process Cluster Protocol Request-6] o.a.n.c.p.impl.SocketProtocolListener Finished processing request 05bbd857-6f4e-4c52-b16c-3a10792c7965 (type=HEARTBEAT, length=2243 bytes) from mynifi:8080 in 2 millis
2024-10-31 09:31:58,458 INFO [Clustering Tasks Thread-2] o.a.n.c.c.ClusterProtocolHeartbeater Heartbeat created at 2024-10-31 09:31:58,450 and sent to mynifi:8082 at 2024-10-31 09:31:58,458; send took 8 millis
2024-10-31 09:32:00,349 INFO [Heartbeat Monitor Thread-1] o.a.n.c.c.h.AbstractHeartbeatMonitor Finished processing 1 heartbeats in 13133 nanos
2024-10-31 09:32:03,465 INFO [Process Cluster Protocol Request-7] o.a.n.c.p.impl.SocketProtocolListener Finished processing request 3716c4b9-575f-45be-9a34-31601c9c75e9 (type=HEARTBEAT, length=2243 bytes) from mynifi:8080 in 2 millis
2024-10-31 09:32:03,467 INFO [Clustering Tasks Thread-2] o.a.n.c.c.ClusterProtocolHeartbeater Heartbeat created at 2024-10-31 09:32:03,459 and sent to mynifi:8082 at 2024-10-31 09:32:03,467; send took 8 millis
2024-10-31 09:32:03,805 INFO [pool-13-thread-1] o.a.n.c.r.WriteAheadFlowFileRepository Initiating checkpoint of FlowFile Repository
2024-10-31 09:32:03,806 INFO [pool-13-thread-1] o.a.n.c.r.WriteAheadFlowFileRepository Successfully checkpointed FlowFile Repository with 1 records in 0 milliseconds
2024-10-31 09:32:05,350 INFO [Heartbeat Monitor Thread-1] o.a.n.c.c.h.AbstractHeartbeatMonitor Finished processing 1 heartbeats in 12806 nanos
2024-10-31 09:32:08,434 INFO [Write-Ahead Local State Provider Maintenance] org.wali.MinimalLockingWriteAheadLog org.wali.MinimalLockingWriteAheadLog@7555782c checkpointed with 25 Records and 0 Swap Files in 6 milliseconds (Stop-the-world time = 4 milliseconds, Clear Edit Logs time = 0 millis), max Transaction ID 111
2024-10-31 09:32:08,469 INFO [Process Cluster Protocol Request-8] o.a.n.c.p.impl.SocketProtocolListener Finished processing request d2e8b2d2-7cdb-4dff-907d-2d192e5d90a3 (type=HEARTBEAT, length=2243 bytes) from mynifi:8080 in 872417 nanos
2024-10-31 09:32:08,470 INFO [Clustering Tasks Thread-2] o.a.n.c.c.ClusterProtocolHeartbeater Heartbeat created at 2024-10-31 09:32:08,468 and sent to mynifi:8082 at 2024-10-31 09:32:08,470; send took 2 millis
2024-10-31 09:32:10,350 INFO [Heartbeat Monitor Thread-1] o.a.n.c.c.h.AbstractHeartbeatMonitor Finished processing 1 heartbeats in 13752 nanos
2024-10-31 09:32:12,030 INFO [Cleanup Archive for default] o.a.n.c.repository.FileSystemRepository Successfully deleted 0 files (0 bytes) from archive
2024-10-31 09:32:13,477 INFO [Process Cluster Protocol Request-9] o.a.n.c.p.impl.SocketProtocolListener Finished processing request c0146b0f-de74-4106-a8e0-5adc75624f6c (type=HEARTBEAT, length=2243 bytes) from mynifi:8080 in 2 millis
2024-10-31 09:32:13,479 INFO [Clustering Tasks Thread-2] o.a.n.c.c.ClusterProtocolHeartbeater Heartbeat created at 2024-10-31 09:32:13,470 and sent to mynifi:8082 at 2024-10-31 09:32:13,479; send took 8 millis
2024-10-31 09:32:15,351 INFO [Heartbeat Monitor Thread-1] o.a.n.c.c.h.AbstractHeartbeatMonitor Finished processing 1 heartbeats in 13328 nanos
2024-10-31 09:32:18,486 INFO [Process Cluster Protocol Request-10] o.a.n.c.p.impl.SocketProtocolListener Finished processing request 2532d623-c95a-4219-9a80-1d5cf790c167 (type=HEARTBEAT, length=2243 bytes) from mynifi:8080 in 2 millis
2024-10-31 09:32:18,488 INFO [Clustering Tasks Thread-2] o.a.n.c.c.ClusterProtocolHeartbeater Heartbeat created at 2024-10-31 09:32:18,480 and sent to mynifi:8082 at 2024-10-31 09:32:18,488; send took 8 millis
2024-10-31 09:32:20,351 INFO [Heartbeat Monitor Thread-1] o.a.n.c.c.h.AbstractHeartbeatMonitor Finished processing 1 heartbeats in 13408 nanos
2024-10-31 09:32:23,495 INFO [Process Cluster Protocol Request-1] o.a.n.c.p.impl.SocketProtocolListener Finished processing request c60120d2-58ac-42b4-bd29-ce3de20b8049 (type=HEARTBEAT, length=2243 bytes) from mynifi:8080 in 2 millis
2024-10-31 09:32:23,497 INFO [Clustering Tasks Thread-2] o.a.n.c.c.ClusterProtocolHeartbeater Heartbeat created at 2024-10-31 09:32:23,488 and sent to mynifi:8082 at 2024-10-31 09:32:23,497; send took 8 millis
2024-10-31 09:32:23,806 INFO [pool-13-thread-1] o.a.n.c.r.WriteAheadFlowFileRepository Initiating checkpoint of FlowFile Repository
2024-10-31 09:32:23,806 INFO [pool-13-thread-1] o.a.n.c.r.WriteAheadFlowFileRepository Successfully checkpointed FlowFile Repository with 1 records in 0 milliseconds
2024-10-31 09:32:25,351 INFO [Heartbeat Monitor Thread-1] o.a.n.c.c.h.AbstractHeartbeatMonitor Finished processing 1 heartbeats in 13502 nanos
2024-10-31 09:32:28,503 INFO [Process Cluster Protocol Request-2] o.a.n.c.p.impl.SocketProtocolListener Finished processing request 9b7637d3-6585-4615-99ee-427023ad7444 (type=HEARTBEAT, length=2243 bytes) from mynifi:8080 in 2 millis
2024-10-31 09:32:28,506 INFO [Clustering Tasks Thread-2] o.a.n.c.c.ClusterProtocolHeartbeater Heartbeat created at 2024-10-31 09:32:28,497 and sent to mynifi:8082 at 2024-10-31 09:32:28,506; send took 8 millis
2024-10-31 09:32:30,352 INFO [Heartbeat Monitor Thread-1] o.a.n.c.c.h.AbstractHeartbeatMonitor Finished processing 1 heartbeats in 13011 nanos
2024-10-31 09:32:33,512 INFO [Process Cluster Protocol Request-3] o.a.n.c.p.impl.SocketProtocolListener Finished processing request bb20a848-f4e1-4079-a60e-97b186f2b3ef (type=HEARTBEAT, length=2243 bytes) from mynifi:8080 in 2 millis
2024-10-31 09:32:33,514 INFO [Clustering Tasks Thread-2] o.a.n.c.c.ClusterProtocolHeartbeater Heartbeat created at 2024-10-31 09:32:33,506 and sent to mynifi:8082 at 2024-10-31 09:32:33,514; send took 8 millis
2024-10-31 09:32:35,352 INFO [Heartbeat Monitor Thread-1] o.a.n.c.c.h.AbstractHeartbeatMonitor Finished processing 1 heartbeats in 14084 nanos
2024-10-31 09:32:38,521 INFO [Process Cluster Protocol Request-4] o.a.n.c.p.impl.SocketProtocolListener Finished processing request c9f1493f-2ff3-4bb0-8653-2fe150067d6d (type=HEARTBEAT, length=2243 bytes) from mynifi:8080 in 2 millis
2024-10-31 09:32:38,523 INFO [Clustering Tasks Thread-2] o.a.n.c.c.ClusterProtocolHeartbeater Heartbeat created at 2024-10-31 09:32:38,515 and sent to mynifi:8082 at 2024-10-31 09:32:38,523; send took 8 millis
2024-10-31 09:32:40,352 INFO [Heartbeat Monitor Thread-1] o.a.n.c.c.h.AbstractHeartbeatMonitor Finished processing 1 heartbeats in 7739 nanos
2024-10-31 09:32:43,529 INFO [Process Cluster Protocol Request-5] o.a.n.c.p.impl.SocketProtocolListener Finished processing request 7344b767-fa41-487a-b196-60d1f06ba34d (type=HEARTBEAT, length=2243 bytes) from mynifi:8080 in 2 millis
2024-10-31 09:32:43,532 INFO [Clustering Tasks Thread-2] o.a.n.c.c.ClusterProtocolHeartbeater Heartbeat created at 2024-10-31 09:32:43,524 and sent to mynifi:8082 at 2024-10-31 09:32:43,532; send took 8 millis
2024-10-31 09:32:43,806 INFO [pool-13-thread-1] o.a.n.c.r.WriteAheadFlowFileRepository Initiating checkpoint of FlowFile Repository
2024-10-31 09:32:43,806 INFO [pool-13-thread-1] o.a.n.c.r.WriteAheadFlowFileRepository Successfully checkpointed FlowFile Repository with 1 records in 0 milliseconds
2024-10-31 09:32:45,353 INFO [Heartbeat Monitor Thread-1] o.a.n.c.c.h.AbstractHeartbeatMonitor Finished processing 1 heartbeats in 13367 nanos
2024-10-31 09:32:48,538 INFO [Process Cluster Protocol Request-6] o.a.n.c.p.impl.SocketProtocolListener Finished processing request 182ded4d-8fe2-45e6-ae70-0492d49f2319 (type=HEARTBEAT, length=2243 bytes) from mynifi:8080 in 2 millis
2024-10-31 09:32:48,541 INFO [Clustering Tasks Thread-2] o.a.n.c.c.ClusterProtocolHeartbeater Heartbeat created at 2024-10-31 09:32:48,532 and sent to mynifi:8082 at 2024-10-31 09:32:48,541; send took 8 millis
2024-10-31 09:32:50,353 INFO [Heartbeat Monitor Thread-1] o.a.n.c.c.h.AbstractHeartbeatMonitor Finished processing 1 heartbeats in 13514 nanos
2024-10-31 09:32:53,547 INFO [Process Cluster Protocol Request-7] o.a.n.c.p.impl.SocketProtocolListener Finished processing request 3c91fcd1-f538-4cbd-9177-d6832e47be5e (type=HEARTBEAT, length=2243 bytes) from mynifi:8080 in 2 millis
2024-10-31 09:32:53,550 INFO [Clustering Tasks Thread-2] o.a.n.c.c.ClusterProtocolHeartbeater Heartbeat created at 2024-10-31 09:32:53,541 and sent to mynifi:8082 at 2024-10-31 09:32:53,550; send took 8 millis
2024-10-31 09:32:55,353 INFO [Heartbeat Monitor Thread-1] o.a.n.c.c.h.AbstractHeartbeatMonitor Finished processing 1 heartbeats in 13067 nanos
2024-10-31 09:32:58,556 INFO [Process Cluster Protocol Request-8] o.a.n.c.p.impl.SocketProtocolListener Finished processing request 38be50b7-31e2-4e15-a70d-522db7ab4884 (type=HEARTBEAT, length=2243 bytes) from mynifi:8080 in 2 millis
2024-10-31 09:32:58,559 INFO [Clustering Tasks Thread-2] o.a.n.c.c.ClusterProtocolHeartbeater Heartbeat created at 2024-10-31 09:32:58,550 and sent to mynifi:8082 at 2024-10-31 09:32:58,559; send took 9 millis
2024-10-31 09:33:00,354 INFO [Heartbeat Monitor Thread-1] o.a.n.c.c.h.AbstractHeartbeatMonitor Finished processing 1 heartbeats in 16120 nanos
2024-10-31 09:33:03,566 INFO [Process Cluster Protocol Request-9] o.a.n.c.p.impl.SocketProtocolListener Finished processing request 677601fc-8098-418a-8ea4-81c43f5993cf (type=HEARTBEAT, length=2243 bytes) from mynifi:8080 in 2 millis
2024-10-31 09:33:03,569 INFO [Clustering Tasks Thread-2] o.a.n.c.c.ClusterProtocolHeartbeater Heartbeat created at 2024-10-31 09:33:03,560 and sent to mynifi:8082 at 2024-10-31 09:33:03,569; send took 9 millis
2024-10-31 09:33:03,806 INFO [pool-13-thread-1] o.a.n.c.r.WriteAheadFlowFileRepository Initiating checkpoint of FlowFile Repository
2024-10-31 09:33:03,807 INFO [pool-13-thread-1] o.a.n.c.r.WriteAheadFlowFileRepository Successfully checkpointed FlowFile Repository with 1 records in 0 milliseconds
2024-10-31 09:33:05,354 INFO [Heartbeat Monitor Thread-1] o.a.n.c.c.h.AbstractHeartbeatMonitor Finished processing 1 heartbeats in 14168 nanos
2024-10-31 09:33:08,575 INFO [Process Cluster Protocol Request-10] o.a.n.c.p.impl.SocketProtocolListener Finished processing request 0669795f-aef0-40a0-a848-785620b19872 (type=HEARTBEAT, length=2243 bytes) from mynifi:8080 in 2 millis
2024-10-31 09:33:08,578 INFO [Clustering Tasks Thread-2] o.a.n.c.c.ClusterProtocolHeartbeater Heartbeat created at 2024-10-31 09:33:08,570 and sent to mynifi:8082 at 2024-10-31 09:33:08,578; send took 8 millis
2024-10-31 09:33:10,355 INFO [Heartbeat Monitor Thread-1] o.a.n.c.c.h.AbstractHeartbeatMonitor Finished processing 1 heartbeats in 12423 nanos
2024-10-31 09:33:12,054 INFO [Cleanup Archive for default] o.a.n.c.repository.FileSystemRepository Successfully deleted 0 files (0 bytes) from archive
2024-10-31 09:33:13,585 INFO [Process Cluster Protocol Request-1] o.a.n.c.p.impl.SocketProtocolListener Finished processing request d1cf8031-86cf-4550-93d6-99f54ac2ae63 (type=HEARTBEAT, length=2243 bytes) from mynifi:8080 in 2 millis
2024-10-31 09:33:13,587 INFO [Clustering Tasks Thread-2] o.a.n.c.c.ClusterProtocolHeartbeater Heartbeat created at 2024-10-31 09:33:13,578 and sent to mynifi:8082 at 2024-10-31 09:33:13,587; send took 8 millis
2024-10-31 09:33:15,355 INFO [Heartbeat Monitor Thread-1] o.a.n.c.c.h.AbstractHeartbeatMonitor Finished processing 1 heartbeats in 13156 nanos
2024-10-31 09:33:18,593 INFO [Process Cluster Protocol Request-2] o.a.n.c.p.impl.SocketProtocolListener Finished processing request 918ecdf1-051e-4fba-a3f1-f19232e31573 (type=HEARTBEAT, length=2243 bytes) from mynifi:8080 in 2 millis
2024-10-31 09:33:18,596 INFO [Clustering Tasks Thread-2] o.a.n.c.c.ClusterProtocolHeartbeater Heartbeat created at 2024-10-31 09:33:18,588 and sent to mynifi:8082 at 2024-10-31 09:33:18,596; send took 8 millis
2024-10-31 09:33:20,355 INFO [Heartbeat Monitor Thread-1] o.a.n.c.c.h.AbstractHeartbeatMonitor Finished processing 1 heartbeats in 13401 nanos
2024-10-31 09:33:23,602 INFO [Process Cluster Protocol Request-3] o.a.n.c.p.impl.SocketProtocolListener Finished processing request 5e577b1e-2300-4015-8f49-7a2805c23e7f (type=HEARTBEAT, length=2243 bytes) from mynifi:8080 in 2 millis
2024-10-31 09:33:23,604 INFO [Clustering Tasks Thread-2] o.a.n.c.c.ClusterProtocolHeartbeater Heartbeat created at 2024-10-31 09:33:23,596 and sent to mynifi:8082 at 2024-10-31 09:33:23,604; send took 8 millis
2024-10-31 09:33:23,807 INFO [pool-13-thread-1] o.a.n.c.r.WriteAheadFlowFileRepository Initiating checkpoint of FlowFile Repository
2024-10-31 09:33:23,807 INFO [pool-13-thread-1] o.a.n.c.r.WriteAheadFlowFileRepository Successfully checkpointed FlowFile Repository with 1 records in 0 milliseconds
2024-10-31 09:33:25,356 INFO [Heartbeat Monitor Thread-1] o.a.n.c.c.h.AbstractHeartbeatMonitor Finished processing 1 heartbeats in 13625 nanos
2024-10-31 09:33:28,611 INFO [Process Cluster Protocol Request-4] o.a.n.c.p.impl.SocketProtocolListener Finished processing request c1b44368-bc96-490a-91d0-792992bf593d (type=HEARTBEAT, length=2243 bytes) from mynifi:8080 in 2 millis
2024-10-31 09:33:28,613 INFO [Clustering Tasks Thread-2] o.a.n.c.c.ClusterProtocolHeartbeater Heartbeat created at 2024-10-31 09:33:28,605 and sent to mynifi:8082 at 2024-10-31 09:33:28,613; send took 8 millis
2024-10-31 09:33:30,356 INFO [Heartbeat Monitor Thread-1] o.a.n.c.c.h.AbstractHeartbeatMonitor Finished processing 1 heartbeats in 14882 nanos
2024-10-31 09:33:33,619 INFO [Process Cluster Protocol Request-5] o.a.n.c.p.impl.SocketProtocolListener Finished processing request a1a65f15-0272-4959-aff4-986752845cb6 (type=HEARTBEAT, length=2243 bytes) from mynifi:8080 in 2 millis
2024-10-31 09:33:33,622 INFO [Clustering Tasks Thread-2] o.a.n.c.c.ClusterProtocolHeartbeater Heartbeat created at 2024-10-31 09:33:33,614 and sent to mynifi:8082 at 2024-10-31 09:33:33,622; send took 8 millis
2024-10-31 09:33:35,356 INFO [Heartbeat Monitor Thread-1] o.a.n.c.c.h.AbstractHeartbeatMonitor Finished processing 1 heartbeats in 13754 nanos
2024-10-31 09:33:38,628 INFO [Process Cluster Protocol Request-6] o.a.n.c.p.impl.SocketProtocolListener Finished processing request 8a657556-4385-42af-9f61-d1ba508861d6 (type=HEARTBEAT, length=2243 bytes) from mynifi:8080 in 2 millis
2024-10-31 09:33:38,630 INFO [Clustering Tasks Thread-2] o.a.n.c.c.ClusterProtocolHeartbeater Heartbeat created at 2024-10-31 09:33:38,622 and sent to mynifi:8082 at 2024-10-31 09:33:38,630; send took 8 millis
2024-10-31 09:33:40,357 INFO [Heartbeat Monitor Thread-1] o.a.n.c.c.h.AbstractHeartbeatMonitor Finished processing 1 heartbeats in 13740 nanos
2024-10-31 09:33:43,636 INFO [Process Cluster Protocol Request-7] o.a.n.c.p.impl.SocketProtocolListener Finished processing request e5b189c2-e65d-436b-95c2-4cb7f5bf6067 (type=HEARTBEAT, length=2243 bytes) from mynifi:8080 in 2 millis
2024-10-31 09:33:43,639 INFO [Clustering Tasks Thread-2] o.a.n.c.c.ClusterProtocolHeartbeater Heartbeat created at 2024-10-31 09:33:43,631 and sent to mynifi:8082 at 2024-10-31 09:33:43,639; send took 8 millis
2024-10-31 09:33:43,807 INFO [pool-13-thread-1] o.a.n.c.r.WriteAheadFlowFileRepository Initiating checkpoint of FlowFile Repository
2024-10-31 09:33:43,807 INFO [pool-13-thread-1] o.a.n.c.r.WriteAheadFlowFileRepository Successfully checkpointed FlowFile Repository with 1 records in 0 milliseconds
2024-10-31 09:33:45,357 INFO [Heartbeat Monitor Thread-1] o.a.n.c.c.h.AbstractHeartbeatMonitor Finished processing 1 heartbeats in 13858 nanos
2024-10-31 09:33:48,645 INFO [Process Cluster Protocol Request-8] o.a.n.c.p.impl.SocketProtocolListener Finished processing request 64fa3194-73d4-4f64-b94c-3b20c5a3b6fd (type=HEARTBEAT, length=2243 bytes) from mynifi:8080 in 2 millis
2024-10-31 09:33:48,647 INFO [Clustering Tasks Thread-2] o.a.n.c.c.ClusterProtocolHeartbeater Heartbeat created at 2024-10-31 09:33:48,639 and sent to mynifi:8082 at 2024-10-31 09:33:48,647; send took 8 millis
2024-10-31 09:33:50,357 INFO [Heartbeat Monitor Thread-1] o.a.n.c.c.h.AbstractHeartbeatMonitor Finished processing 1 heartbeats in 13643 nanos
2024-10-31 09:33:53,654 INFO [Process Cluster Protocol Request-9] o.a.n.c.p.impl.SocketProtocolListener Finished processing request b780c1b9-f051-429b-aadd-82b206b615b6 (type=HEARTBEAT, length=2243 bytes) from mynifi:8080 in 2 millis
2024-10-31 09:33:53,656 INFO [Clustering Tasks Thread-2] o.a.n.c.c.ClusterProtocolHeartbeater Heartbeat created at 2024-10-31 09:33:53,648 and sent to mynifi:8082 at 2024-10-31 09:33:53,656; send took 8 millis
2024-10-31 09:33:55,358 INFO [Heartbeat Monitor Thread-1] o.a.n.c.c.h.AbstractHeartbeatMonitor Finished processing 1 heartbeats in 5291 nanos
2024-10-31 09:33:58,662 INFO [Process Cluster Protocol Request-10] o.a.n.c.p.impl.SocketProtocolListener Finished processing request e257d7a0-538d-46d7-8c2e-f1561c7a4a5f (type=HEARTBEAT, length=2243 bytes) from mynifi:8080 in 2 millis
2024-10-31 09:33:58,665 INFO [Clustering Tasks Thread-2] o.a.n.c.c.ClusterProtocolHeartbeater Heartbeat created at 2024-10-31 09:33:58,657 and sent to mynifi:8082 at 2024-10-31 09:33:58,665; send took 7 millis
2024-10-31 09:34:00,358 INFO [Heartbeat Monitor Thread-1] o.a.n.c.c.h.AbstractHeartbeatMonitor Finished processing 1 heartbeats in 14199 nanos
2024-10-31 09:34:03,671 INFO [Process Cluster Protocol Request-1] o.a.n.c.p.impl.SocketProtocolListener Finished processing request fe9a5cae-c9dc-4071-8e3a-8b2f193b4f9c (type=HEARTBEAT, length=2243 bytes) from mynifi:8080 in 2 millis
2024-10-31 09:34:03,673 INFO [Clustering Tasks Thread-2] o.a.n.c.c.ClusterProtocolHeartbeater Heartbeat created at 2024-10-31 09:34:03,665 and sent to mynifi:8082 at 2024-10-31 09:34:03,673; send took 7 millis
2024-10-31 09:34:03,808 INFO [pool-13-thread-1] o.a.n.c.r.WriteAheadFlowFileRepository Initiating checkpoint of FlowFile Repository
2024-10-31 09:34:03,808 INFO [pool-13-thread-1] o.a.n.c.r.WriteAheadFlowFileRepository Successfully checkpointed FlowFile Repository with 1 records in 0 milliseconds
2024-10-31 09:34:05,358 INFO [Heartbeat Monitor Thread-1] o.a.n.c.c.h.AbstractHeartbeatMonitor Finished processing 1 heartbeats in 13423 nanos
2024-10-31 09:34:08,441 INFO [Write-Ahead Local State Provider Maintenance] org.wali.MinimalLockingWriteAheadLog org.wali.MinimalLockingWriteAheadLog@7555782c checkpointed with 25 Records and 0 Swap Files in 6 milliseconds (Stop-the-world time = 4 milliseconds, Clear Edit Logs time = 0 millis), max Transaction ID 111
2024-10-31 09:34:08,679 INFO [Process Cluster Protocol Request-2] o.a.n.c.p.impl.SocketProtocolListener Finished processing request 4182da02-6fe4-47aa-b8fe-69739b895236 (type=HEARTBEAT, length=2243 bytes) from mynifi:8080 in 2 millis
2024-10-31 09:34:08,682 INFO [Clustering Tasks Thread-2] o.a.n.c.c.ClusterProtocolHeartbeater Heartbeat created at 2024-10-31 09:34:08,674 and sent to mynifi:8082 at 2024-10-31 09:34:08,682; send took 8 millis
2024-10-31 09:34:10,359 INFO [Heartbeat Monitor Thread-1] o.a.n.c.c.h.AbstractHeartbeatMonitor Finished processing 1 heartbeats in 12197 nanos
2024-10-31 09:34:12,082 INFO [Cleanup Archive for default] o.a.n.c.repository.FileSystemRepository Successfully deleted 0 files (0 bytes) from archive
2024-10-31 09:34:13,688 INFO [Process Cluster Protocol Request-3] o.a.n.c.p.impl.SocketProtocolListener Finished processing request 2b7a8377-7a24-4df0-8549-485e14433de4 (type=HEARTBEAT, length=2243 bytes) from mynifi:8080 in 2 millis
2024-10-31 09:34:13,691 INFO [Clustering Tasks Thread-2] o.a.n.c.c.ClusterProtocolHeartbeater Heartbeat created at 2024-10-31 09:34:13,682 and sent to mynifi:8082 at 2024-10-31 09:34:13,691; send took 8 millis
2024-10-31 09:34:15,359 INFO [Heartbeat Monitor Thread-1] o.a.n.c.c.h.AbstractHeartbeatMonitor Finished processing 1 heartbeats in 13757 nanos
2024-10-31 09:34:18,697 INFO [Process Cluster Protocol Request-4] o.a.n.c.p.impl.SocketProtocolListener Finished processing request 7e9dfb8a-7350-4298-a323-41f275fb81b1 (type=HEARTBEAT, length=2243 bytes) from mynifi:8080 in 2 millis
2024-10-31 09:34:18,699 INFO [Clustering Tasks Thread-2] o.a.n.c.c.ClusterProtocolHeartbeater Heartbeat created at 2024-10-31 09:34:18,691 and sent to mynifi:8082 at 2024-10-31 09:34:18,699; send took 8 millis
2024-10-31 09:34:20,359 INFO [Heartbeat Monitor Thread-1] o.a.n.c.c.h.AbstractHeartbeatMonitor Finished processing 1 heartbeats in 13296 nanos
2024-10-31 09:34:23,703 INFO [Process Cluster Protocol Request-5] o.a.n.c.p.impl.SocketProtocolListener Finished processing request 48f71e8a-06d9-42dc-8c60-9dc0cc8518ff (type=HEARTBEAT, length=2243 bytes) from mynifi:8080 in 1 millis
2024-10-31 09:34:23,704 INFO [Clustering Tasks Thread-2] o.a.n.c.c.ClusterProtocolHeartbeater Heartbeat created at 2024-10-31 09:34:23,700 and sent to mynifi:8082 at 2024-10-31 09:34:23,704; send took 3 millis
2024-10-31 09:34:23,808 INFO [pool-13-thread-1] o.a.n.c.r.WriteAheadFlowFileRepository Initiating checkpoint of FlowFile Repository
2024-10-31 09:34:23,808 INFO [pool-13-thread-1] o.a.n.c.r.WriteAheadFlowFileRepository Successfully checkpointed FlowFile Repository with 1 records in 0 milliseconds
2024-10-31 09:34:25,360 INFO [Heartbeat Monitor Thread-1] o.a.n.c.c.h.AbstractHeartbeatMonitor Finished processing 1 heartbeats in 14025 nanos
2024-10-31 09:34:28,710 INFO [Process Cluster Protocol Request-6] o.a.n.c.p.impl.SocketProtocolListener Finished processing request c1f59d03-09c1-4e8b-8efa-a276a541bbb3 (type=HEARTBEAT, length=2243 bytes) from mynifi:8080 in 3 millis
2024-10-31 09:34:28,713 INFO [Clustering Tasks Thread-2] o.a.n.c.c.ClusterProtocolHeartbeater Heartbeat created at 2024-10-31 09:34:28,704 and sent to mynifi:8082 at 2024-10-31 09:34:28,713; send took 8 millis
2024-10-31 09:34:30,360 INFO [Heartbeat Monitor Thread-1] o.a.n.c.c.h.AbstractHeartbeatMonitor Finished processing 1 heartbeats in 14291 nanos
2024-10-31 09:34:33,719 INFO [Process Cluster Protocol Request-7] o.a.n.c.p.impl.SocketProtocolListener Finished processing request 718fedfb-e56c-4aed-81b2-6ba8eb577110 (type=HEARTBEAT, length=2243 bytes) from mynifi:8080 in 2 millis
2024-10-31 09:34:33,721 INFO [Clustering Tasks Thread-2] o.a.n.c.c.ClusterProtocolHeartbeater Heartbeat created at 2024-10-31 09:34:33,713 and sent to mynifi:8082 at 2024-10-31 09:34:33,721; send took 8 millis
2024-10-31 09:34:35,361 INFO [Heartbeat Monitor Thread-1] o.a.n.c.c.h.AbstractHeartbeatMonitor Finished processing 1 heartbeats in 13693 nanos
2024-10-31 09:34:38,727 INFO [Process Cluster Protocol Request-8] o.a.n.c.p.impl.SocketProtocolListener Finished processing request b2f5b91c-6b27-441e-9c4c-2a3028f210f7 (type=HEARTBEAT, length=2243 bytes) from mynifi:8080 in 2 millis
2024-10-31 09:34:38,730 INFO [Clustering Tasks Thread-2] o.a.n.c.c.ClusterProtocolHeartbeater Heartbeat created at 2024-10-31 09:34:38,722 and sent to mynifi:8082 at 2024-10-31 09:34:38,730; send took 8 millis
2024-10-31 09:34:40,361 INFO [Heartbeat Monitor Thread-1] o.a.n.c.c.h.AbstractHeartbeatMonitor Finished processing 1 heartbeats in 42973 nanos
2024-10-31 09:34:43,736 INFO [Process Cluster Protocol Request-9] o.a.n.c.p.impl.SocketProtocolListener Finished processing request bc8d2355-a3ca-4323-9990-be282faebb01 (type=HEARTBEAT, length=2243 bytes) from mynifi:8080 in 2 millis
2024-10-31 09:34:43,738 INFO [Clustering Tasks Thread-2] o.a.n.c.c.ClusterProtocolHeartbeater Heartbeat created at 2024-10-31 09:34:43,730 and sent to mynifi:8082 at 2024-10-31 09:34:43,738; send took 8 millis
2024-10-31 09:34:43,808 INFO [pool-13-thread-1] o.a.n.c.r.WriteAheadFlowFileRepository Initiating checkpoint of FlowFile Repository
2024-10-31 09:34:43,809 INFO [pool-13-thread-1] o.a.n.c.r.WriteAheadFlowFileRepository Successfully checkpointed FlowFile Repository with 1 records in 0 milliseconds
2024-10-31 09:34:45,361 INFO [Heartbeat Monitor Thread-1] o.a.n.c.c.h.AbstractHeartbeatMonitor Finished processing 1 heartbeats in 13956 nanos
2024-10-31 09:34:48,745 INFO [Process Cluster Protocol Request-10] o.a.n.c.p.impl.SocketProtocolListener Finished processing request bf0a62c5-a16c-4d1c-b429-42a05f0bb220 (type=HEARTBEAT, length=2243 bytes) from mynifi:8080 in 2 millis
2024-10-31 09:34:48,747 INFO [Clustering Tasks Thread-2] o.a.n.c.c.ClusterProtocolHeartbeater Heartbeat created at 2024-10-31 09:34:48,739 and sent to mynifi:8082 at 2024-10-31 09:34:48,747; send took 8 millis
2024-10-31 09:34:50,362 INFO [Heartbeat Monitor Thread-1] o.a.n.c.c.h.AbstractHeartbeatMonitor Finished processing 1 heartbeats in 14064 nanos
2024-10-31 09:34:53,749 INFO [Process Cluster Protocol Request-1] o.a.n.c.p.impl.SocketProtocolListener Finished processing request 1a731ee1-2cb0-44c9-80e1-04b09a6ae1b9 (type=HEARTBEAT, length=2243 bytes) from mynifi:8080 in 755830 nanos
2024-10-31 09:34:53,750 INFO [Clustering Tasks Thread-2] o.a.n.c.c.ClusterProtocolHeartbeater Heartbeat created at 2024-10-31 09:34:53,747 and sent to mynifi:8082 at 2024-10-31 09:34:53,750; send took 2 millis
2024-10-31 09:34:55,362 INFO [Heartbeat Monitor Thread-1] o.a.n.c.c.h.AbstractHeartbeatMonitor Finished processing 1 heartbeats in 13651 nanos
2024-10-31 09:34:58,756 INFO [Process Cluster Protocol Request-2] o.a.n.c.p.impl.SocketProtocolListener Finished processing request bc784c22-09fa-4f18-80fd-acfd8cbb3e2f (type=HEARTBEAT, length=2243 bytes) from mynifi:8080 in 2 millis
2024-10-31 09:34:58,760 INFO [Clustering Tasks Thread-2] o.a.n.c.c.ClusterProtocolHeartbeater Heartbeat created at 2024-10-31 09:34:58,750 and sent to mynifi:8082 at 2024-10-31 09:34:58,760; send took 9 millis
2024-10-31 09:35:00,362 INFO [Heartbeat Monitor Thread-1] o.a.n.c.c.h.AbstractHeartbeatMonitor Finished processing 1 heartbeats in 14193 nanos
2024-10-31 09:35:03,766 INFO [Process Cluster Protocol Request-3] o.a.n.c.p.impl.SocketProtocolListener Finished processing request cab08bea-95eb-4c7a-9d70-f37a7ea0a186 (type=HEARTBEAT, length=2243 bytes) from mynifi:8080 in 2 millis
2024-10-31 09:35:03,768 INFO [Clustering Tasks Thread-2] o.a.n.c.c.ClusterProtocolHeartbeater Heartbeat created at 2024-10-31 09:35:03,760 and sent to mynifi:8082 at 2024-10-31 09:35:03,768; send took 8 millis
2024-10-31 09:35:03,809 INFO [pool-13-thread-1] o.a.n.c.r.WriteAheadFlowFileRepository Initiating checkpoint of FlowFile Repository
2024-10-31 09:35:03,809 INFO [pool-13-thread-1] o.a.n.c.r.WriteAheadFlowFileRepository Successfully checkpointed FlowFile Repository with 1 records in 0 milliseconds
2024-10-31 09:35:05,363 INFO [Heartbeat Monitor Thread-1] o.a.n.c.c.h.AbstractHeartbeatMonitor Finished processing 1 heartbeats in 13565 nanos
2024-10-31 09:35:08,774 INFO [Process Cluster Protocol Request-4] o.a.n.c.p.impl.SocketProtocolListener Finished processing request 13d57863-ae9e-416d-80aa-38be674fd74f (type=HEARTBEAT, length=2243 bytes) from mynifi:8080 in 2 millis
2024-10-31 09:35:08,777 INFO [Clustering Tasks Thread-2] o.a.n.c.c.ClusterProtocolHeartbeater Heartbeat created at 2024-10-31 09:35:08,769 and sent to mynifi:8082 at 2024-10-31 09:35:08,777; send took 8 millis
2024-10-31 09:35:10,363 INFO [Heartbeat Monitor Thread-1] o.a.n.c.c.h.AbstractHeartbeatMonitor Finished processing 1 heartbeats in 14144 nanos
2024-10-31 09:35:12,145 INFO [Cleanup Archive for default] o.a.n.c.repository.FileSystemRepository Successfully deleted 0 files (0 bytes) from archive
2024-10-31 09:35:13,783 INFO [Process Cluster Protocol Request-5] o.a.n.c.p.impl.SocketProtocolListener Finished processing request 0c53ee14-f5ce-4233-9f86-c95323b2e2fe (type=HEARTBEAT, length=2243 bytes) from mynifi:8080 in 2 millis
2024-10-31 09:35:13,786 INFO [Clustering Tasks Thread-2] o.a.n.c.c.ClusterProtocolHeartbeater Heartbeat created at 2024-10-31 09:35:13,777 and sent to mynifi:8082 at 2024-10-31 09:35:13,786; send took 8 millis
2024-10-31 09:35:15,363 INFO [Heartbeat Monitor Thread-1] o.a.n.c.c.h.AbstractHeartbeatMonitor Finished processing 1 heartbeats in 6499 nanos
2024-10-31 09:35:18,792 INFO [Process Cluster Protocol Request-6] o.a.n.c.p.impl.SocketProtocolListener Finished processing request 0020fbfa-bc82-43b6-b8c9-6499060d6422 (type=HEARTBEAT, length=2243 bytes) from mynifi:8080 in 2 millis
2024-10-31 09:35:18,795 INFO [Clustering Tasks Thread-2] o.a.n.c.c.ClusterProtocolHeartbeater Heartbeat created at 2024-10-31 09:35:18,786 and sent to mynifi:8082 at 2024-10-31 09:35:18,795; send took 8 millis
2024-10-31 09:35:20,364 INFO [Heartbeat Monitor Thread-1] o.a.n.c.c.h.AbstractHeartbeatMonitor Finished processing 1 heartbeats in 14045 nanos
2024-10-31 09:35:23,801 INFO [Process Cluster Protocol Request-7] o.a.n.c.p.impl.SocketProtocolListener Finished processing request f2b88bd3-0d16-4a2f-a84a-fb9d05c1bf19 (type=HEARTBEAT, length=2243 bytes) from mynifi:8080 in 2 millis
2024-10-31 09:35:23,803 INFO [Clustering Tasks Thread-2] o.a.n.c.c.ClusterProtocolHeartbeater Heartbeat created at 2024-10-31 09:35:23,795 and sent to mynifi:8082 at 2024-10-31 09:35:23,803; send took 7 millis
2024-10-31 09:35:23,809 INFO [pool-13-thread-1] o.a.n.c.r.WriteAheadFlowFileRepository Initiating checkpoint of FlowFile Repository
2024-10-31 09:35:23,809 INFO [pool-13-thread-1] o.a.n.c.r.WriteAheadFlowFileRepository Successfully checkpointed FlowFile Repository with 1 records in 0 milliseconds
2024-10-31 09:35:25,364 INFO [Heartbeat Monitor Thread-1] o.a.n.c.c.h.AbstractHeartbeatMonitor Finished processing 1 heartbeats in 14055 nanos
2024-10-31 09:35:28,809 INFO [Process Cluster Protocol Request-8] o.a.n.c.p.impl.SocketProtocolListener Finished processing request c82b3d74-bbc3-4288-b32e-4825b3fb331e (type=HEARTBEAT, length=2243 bytes) from mynifi:8080 in 2 millis
2024-10-31 09:35:28,812 INFO [Clustering Tasks Thread-2] o.a.n.c.c.ClusterProtocolHeartbeater Heartbeat created at 2024-10-31 09:35:28,803 and sent to mynifi:8082 at 2024-10-31 09:35:28,812; send took 8 millis
2024-10-31 09:35:30,364 INFO [Heartbeat Monitor Thread-1] o.a.n.c.c.h.AbstractHeartbeatMonitor Finished processing 1 heartbeats in 14713 nanos
2024-10-31 09:35:33,819 INFO [Process Cluster Protocol Request-9] o.a.n.c.p.impl.SocketProtocolListener Finished processing request 0787b47a-cf49-4180-b10a-af459668ab23 (type=HEARTBEAT, length=2243 bytes) from mynifi:8080 in 2 millis
2024-10-31 09:35:33,822 INFO [Clustering Tasks Thread-2] o.a.n.c.c.ClusterProtocolHeartbeater Heartbeat created at 2024-10-31 09:35:33,813 and sent to mynifi:8082 at 2024-10-31 09:35:33,822; send took 8 millis
2024-10-31 09:35:35,365 INFO [Heartbeat Monitor Thread-1] o.a.n.c.c.h.AbstractHeartbeatMonitor Finished processing 1 heartbeats in 13765 nanos
2024-10-31 09:35:38,828 INFO [Process Cluster Protocol Request-10] o.a.n.c.p.impl.SocketProtocolListener Finished processing request 7b11ed9a-7784-43c2-9e13-7a20af9a26c7 (type=HEARTBEAT, length=2243 bytes) from mynifi:8080 in 2 millis
2024-10-31 09:35:38,830 INFO [Clustering Tasks Thread-2] o.a.n.c.c.ClusterProtocolHeartbeater Heartbeat created at 2024-10-31 09:35:38,822 and sent to mynifi:8082 at 2024-10-31 09:35:38,830; send took 7 millis
2024-10-31 09:35:40,365 INFO [Heartbeat Monitor Thread-1] o.a.n.c.c.h.AbstractHeartbeatMonitor Finished processing 1 heartbeats in 13268 nanos
2024-10-31 09:35:43,809 INFO [pool-13-thread-1] o.a.n.c.r.WriteAheadFlowFileRepository Initiating checkpoint of FlowFile Repository
2024-10-31 09:35:43,810 INFO [pool-13-thread-1] o.a.n.c.r.WriteAheadFlowFileRepository Successfully checkpointed FlowFile Repository with 1 records in 0 milliseconds
2024-10-31 09:35:43,837 INFO [Process Cluster Protocol Request-1] o.a.n.c.p.impl.SocketProtocolListener Finished processing request 6ab5aa6b-cc95-4ea0-a9ec-67163cc2485a (type=HEARTBEAT, length=2243 bytes) from mynifi:8080 in 2 millis
2024-10-31 09:35:43,839 INFO [Clustering Tasks Thread-2] o.a.n.c.c.ClusterProtocolHeartbeater Heartbeat created at 2024-10-31 09:35:43,831 and sent to mynifi:8082 at 2024-10-31 09:35:43,839; send took 8 millis
2024-10-31 09:35:45,366 INFO [Heartbeat Monitor Thread-1] o.a.n.c.c.h.AbstractHeartbeatMonitor Finished processing 1 heartbeats in 13915 nanos
2024-10-31 09:35:48,842 INFO [Process Cluster Protocol Request-2] o.a.n.c.p.impl.SocketProtocolListener Finished processing request 23e4c62f-c451-4ee8-b717-72868ba68573 (type=HEARTBEAT, length=2243 bytes) from mynifi:8080 in 799424 nanos
2024-10-31 09:35:48,842 INFO [Clustering Tasks Thread-2] o.a.n.c.c.ClusterProtocolHeartbeater Heartbeat created at 2024-10-31 09:35:48,840 and sent to mynifi:8082 at 2024-10-31 09:35:48,842; send took 2 millis
2024-10-31 09:35:50,366 INFO [Heartbeat Monitor Thread-1] o.a.n.c.c.h.AbstractHeartbeatMonitor Finished processing 1 heartbeats in 13909 nanos
2024-10-31 09:35:53,848 INFO [Process Cluster Protocol Request-3] o.a.n.c.p.impl.SocketProtocolListener Finished processing request c50e557a-5233-4374-b362-2aad445b6b7b (type=HEARTBEAT, length=2243 bytes) from mynifi:8080 in 2 millis
2024-10-31 09:35:53,851 INFO [Clustering Tasks Thread-2] o.a.n.c.c.ClusterProtocolHeartbeater Heartbeat created at 2024-10-31 09:35:53,843 and sent to mynifi:8082 at 2024-10-31 09:35:53,851; send took 7 millis
2024-10-31 09:35:55,366 INFO [Heartbeat Monitor Thread-1] o.a.n.c.c.h.AbstractHeartbeatMonitor Finished processing 1 heartbeats in 13198 nanos
2024-10-31 09:35:58,857 INFO [Process Cluster Protocol Request-4] o.a.n.c.p.impl.SocketProtocolListener Finished processing request 99219871-ae71-4b63-9dc4-ce6960d1bb10 (type=HEARTBEAT, length=2243 bytes) from mynifi:8080 in 2 millis
2024-10-31 09:35:58,859 INFO [Clustering Tasks Thread-2] o.a.n.c.c.ClusterProtocolHeartbeater Heartbeat created at 2024-10-31 09:35:58,851 and sent to mynifi:8082 at 2024-10-31 09:35:58,859; send took 7 millis
2024-10-31 09:36:00,367 INFO [Heartbeat Monitor Thread-1] o.a.n.c.c.h.AbstractHeartbeatMonitor Finished processing 1 heartbeats in 13559 nanos
2024-10-31 09:36:03,810 INFO [pool-13-thread-1] o.a.n.c.r.WriteAheadFlowFileRepository Initiating checkpoint of FlowFile Repository
2024-10-31 09:36:03,810 INFO [pool-13-thread-1] o.a.n.c.r.WriteAheadFlowFileRepository Successfully checkpointed FlowFile Repository with 1 records in 0 milliseconds
2024-10-31 09:36:03,863 INFO [Process Cluster Protocol Request-5] o.a.n.c.p.impl.SocketProtocolListener Finished processing request 88d2b5b9-6c0f-4133-8caa-d1901800a1a0 (type=HEARTBEAT, length=2243 bytes) from mynifi:8080 in 1 millis
2024-10-31 09:36:03,865 INFO [Clustering Tasks Thread-2] o.a.n.c.c.ClusterProtocolHeartbeater Heartbeat created at 2024-10-31 09:36:03,859 and sent to mynifi:8082 at 2024-10-31 09:36:03,865; send took 5 millis
2024-10-31 09:36:05,367 INFO [Heartbeat Monitor Thread-1] o.a.n.c.c.h.AbstractHeartbeatMonitor Finished processing 1 heartbeats in 13642 nanos
2024-10-31 09:36:08,448 INFO [Write-Ahead Local State Provider Maintenance] org.wali.MinimalLockingWriteAheadLog org.wali.MinimalLockingWriteAheadLog@7555782c checkpointed with 25 Records and 0 Swap Files in 7 milliseconds (Stop-the-world time = 4 milliseconds, Clear Edit Logs time = 1 millis), max Transaction ID 111
2024-10-31 09:36:08,871 INFO [Process Cluster Protocol Request-6] o.a.n.c.p.impl.SocketProtocolListener Finished processing request df47fa83-7a09-4645-85e8-b80c35baa24e (type=HEARTBEAT, length=2243 bytes) from mynifi:8080 in 2 millis
2024-10-31 09:36:08,873 INFO [Clustering Tasks Thread-2] o.a.n.c.c.ClusterProtocolHeartbeater Heartbeat created at 2024-10-31 09:36:08,865 and sent to mynifi:8082 at 2024-10-31 09:36:08,873; send took 8 millis
2024-10-31 09:36:10,367 INFO [Heartbeat Monitor Thread-1] o.a.n.c.c.h.AbstractHeartbeatMonitor Finished processing 1 heartbeats in 5710 nanos
2024-10-31 09:36:12,174 INFO [Cleanup Archive for default] o.a.n.c.repository.FileSystemRepository Successfully deleted 0 files (0 bytes) from archive
2024-10-31 09:36:13,876 INFO [Process Cluster Protocol Request-7] o.a.n.c.p.impl.SocketProtocolListener Finished processing request 5f78a4cb-0d72-44d2-add3-0f689332e2d4 (type=HEARTBEAT, length=2243 bytes) from mynifi:8080 in 746269 nanos
2024-10-31 09:36:13,876 INFO [Clustering Tasks Thread-2] o.a.n.c.c.ClusterProtocolHeartbeater Heartbeat created at 2024-10-31 09:36:13,874 and sent to mynifi:8082 at 2024-10-31 09:36:13,876; send took 2 millis
2024-10-31 09:36:15,368 INFO [Heartbeat Monitor Thread-1] o.a.n.c.c.h.AbstractHeartbeatMonitor Finished processing 1 heartbeats in 15980 nanos
2024-10-31 09:36:18,882 INFO [Process Cluster Protocol Request-8] o.a.n.c.p.impl.SocketProtocolListener Finished processing request 4d180c8d-ccea-4913-9efc-e2845d148490 (type=HEARTBEAT, length=2243 bytes) from mynifi:8080 in 2 millis
2024-10-31 09:36:18,885 INFO [Clustering Tasks Thread-2] o.a.n.c.c.ClusterProtocolHeartbeater Heartbeat created at 2024-10-31 09:36:18,877 and sent to mynifi:8082 at 2024-10-31 09:36:18,885; send took 8 millis
2024-10-31 09:36:20,368 INFO [Heartbeat Monitor Thread-1] o.a.n.c.c.h.AbstractHeartbeatMonitor Finished processing 1 heartbeats in 15415 nanos
2024-10-31 09:36:23,810 INFO [pool-13-thread-1] o.a.n.c.r.WriteAheadFlowFileRepository Initiating checkpoint of FlowFile Repository
2024-10-31 09:36:23,810 INFO [pool-13-thread-1] o.a.n.c.r.WriteAheadFlowFileRepository Successfully checkpointed FlowFile Repository with 1 records in 0 milliseconds
2024-10-31 09:36:23,887 INFO [Process Cluster Protocol Request-9] o.a.n.c.p.impl.SocketProtocolListener Finished processing request 7337b147-d828-4c57-bf59-fc4fe5cf9ea8 (type=HEARTBEAT, length=2243 bytes) from mynifi:8080 in 726523 nanos
2024-10-31 09:36:23,888 INFO [Clustering Tasks Thread-2] o.a.n.c.c.ClusterProtocolHeartbeater Heartbeat created at 2024-10-31 09:36:23,885 and sent to mynifi:8082 at 2024-10-31 09:36:23,888; send took 2 millis
2024-10-31 09:36:25,368 INFO [Heartbeat Monitor Thread-1] o.a.n.c.c.h.AbstractHeartbeatMonitor Finished processing 1 heartbeats in 13844 nanos
2024-10-31 09:36:28,894 INFO [Process Cluster Protocol Request-10] o.a.n.c.p.impl.SocketProtocolListener Finished processing request ca914b36-8d15-4742-b753-b31f0008b646 (type=HEARTBEAT, length=2243 bytes) from mynifi:8080 in 2 millis
2024-10-31 09:36:28,896 INFO [Clustering Tasks Thread-2] o.a.n.c.c.ClusterProtocolHeartbeater Heartbeat created at 2024-10-31 09:36:28,888 and sent to mynifi:8082 at 2024-10-31 09:36:28,896; send took 8 millis
2024-10-31 09:36:30,369 INFO [Heartbeat Monitor Thread-1] o.a.n.c.c.h.AbstractHeartbeatMonitor Finished processing 1 heartbeats in 9808 nanos
2024-10-31 09:36:33,902 INFO [Process Cluster Protocol Request-1] o.a.n.c.p.impl.SocketProtocolListener Finished processing request 813a08c1-86d0-4c35-b614-3902c42a37e5 (type=HEARTBEAT, length=2243 bytes) from mynifi:8080 in 2 millis
2024-10-31 09:36:33,905 INFO [Clustering Tasks Thread-2] o.a.n.c.c.ClusterProtocolHeartbeater Heartbeat created at 2024-10-31 09:36:33,897 and sent to mynifi:8082 at 2024-10-31 09:36:33,905; send took 7 millis
2024-10-31 09:36:35,369 INFO [Heartbeat Monitor Thread-1] o.a.n.c.c.h.AbstractHeartbeatMonitor Finished processing 1 heartbeats in 14283 nanos
2024-10-31 09:36:38,911 INFO [Process Cluster Protocol Request-2] o.a.n.c.p.impl.SocketProtocolListener Finished processing request 5aab6aa0-f41b-4c22-a1d2-910bcc69d09e (type=HEARTBEAT, length=2243 bytes) from mynifi:8080 in 2 millis
2024-10-31 09:36:38,913 INFO [Clustering Tasks Thread-2] o.a.n.c.c.ClusterProtocolHeartbeater Heartbeat created at 2024-10-31 09:36:38,905 and sent to mynifi:8082 at 2024-10-31 09:36:38,913; send took 8 millis
2024-10-31 09:36:40,369 INFO [Heartbeat Monitor Thread-1] o.a.n.c.c.h.AbstractHeartbeatMonitor Finished processing 1 heartbeats in 14229 nanos
2024-10-31 09:36:43,810 INFO [pool-13-thread-1] o.a.n.c.r.WriteAheadFlowFileRepository Initiating checkpoint of FlowFile Repository
2024-10-31 09:36:43,811 INFO [pool-13-thread-1] o.a.n.c.r.WriteAheadFlowFileRepository Successfully checkpointed FlowFile Repository with 1 records in 0 milliseconds
2024-10-31 09:36:43,919 INFO [Process Cluster Protocol Request-3] o.a.n.c.p.impl.SocketProtocolListener Finished processing request 49e74724-798d-4072-aa74-2709444ea6b4 (type=HEARTBEAT, length=2243 bytes) from mynifi:8080 in 2 millis
2024-10-31 09:36:43,922 INFO [Clustering Tasks Thread-2] o.a.n.c.c.ClusterProtocolHeartbeater Heartbeat created at 2024-10-31 09:36:43,914 and sent to mynifi:8082 at 2024-10-31 09:36:43,922; send took 8 millis
2024-10-31 09:36:45,370 INFO [Heartbeat Monitor Thread-1] o.a.n.c.c.h.AbstractHeartbeatMonitor Finished processing 1 heartbeats in 12970 nanos
2024-10-31 09:36:48,928 INFO [Process Cluster Protocol Request-4] o.a.n.c.p.impl.SocketProtocolListener Finished processing request b7827a8b-e9d3-4313-9604-e7c79a8c2bab (type=HEARTBEAT, length=2243 bytes) from mynifi:8080 in 2 millis
2024-10-31 09:36:48,931 INFO [Clustering Tasks Thread-2] o.a.n.c.c.ClusterProtocolHeartbeater Heartbeat created at 2024-10-31 09:36:48,922 and sent to mynifi:8082 at 2024-10-31 09:36:48,931; send took 8 millis
2024-10-31 09:36:50,370 INFO [Heartbeat Monitor Thread-1] o.a.n.c.c.h.AbstractHeartbeatMonitor Finished processing 1 heartbeats in 13086 nanos
2024-10-31 09:36:53,937 INFO [Process Cluster Protocol Request-5] o.a.n.c.p.impl.SocketProtocolListener Finished processing request 6adccc86-7cce-4049-be22-e9e82f4c1d62 (type=HEARTBEAT, length=2243 bytes) from mynifi:8080 in 2 millis
2024-10-31 09:36:53,939 INFO [Clustering Tasks Thread-2] o.a.n.c.c.ClusterProtocolHeartbeater Heartbeat created at 2024-10-31 09:36:53,931 and sent to mynifi:8082 at 2024-10-31 09:36:53,939; send took 8 millis
2024-10-31 09:36:55,370 INFO [Heartbeat Monitor Thread-1] o.a.n.c.c.h.AbstractHeartbeatMonitor Finished processing 1 heartbeats in 13094 nanos
2024-10-31 09:36:58,945 INFO [Process Cluster Protocol Request-6] o.a.n.c.p.impl.SocketProtocolListener Finished processing request f21b7b4f-04bb-4b24-89b2-2b3379e00313 (type=HEARTBEAT, length=2243 bytes) from mynifi:8080 in 2 millis
2024-10-31 09:36:58,949 INFO [Clustering Tasks Thread-2] o.a.n.c.c.ClusterProtocolHeartbeater Heartbeat created at 2024-10-31 09:36:58,940 and sent to mynifi:8082 at 2024-10-31 09:36:58,949; send took 9 millis
2024-10-31 09:37:00,371 INFO [Heartbeat Monitor Thread-1] o.a.n.c.c.h.AbstractHeartbeatMonitor Finished processing 1 heartbeats in 13600 nanos
2024-10-31 09:37:03,811 INFO [pool-13-thread-1] o.a.n.c.r.WriteAheadFlowFileRepository Initiating checkpoint of FlowFile Repository
2024-10-31 09:37:03,811 INFO [pool-13-thread-1] o.a.n.c.r.WriteAheadFlowFileRepository Successfully checkpointed FlowFile Repository with 1 records in 0 milliseconds
2024-10-31 09:37:03,955 INFO [Process Cluster Protocol Request-7] o.a.n.c.p.impl.SocketProtocolListener Finished processing request 31c4e058-d5ac-4967-9022-1b162e44cb24 (type=HEARTBEAT, length=2243 bytes) from mynifi:8080 in 2 millis
2024-10-31 09:37:03,958 INFO [Clustering Tasks Thread-2] o.a.n.c.c.ClusterProtocolHeartbeater Heartbeat created at 2024-10-31 09:37:03,950 and sent to mynifi:8082 at 2024-10-31 09:37:03,958; send took 8 millis
2024-10-31 09:37:05,371 INFO [Heartbeat Monitor Thread-1] o.a.n.c.c.h.AbstractHeartbeatMonitor Finished processing 1 heartbeats in 13392 nanos
2024-10-31 09:37:08,964 INFO [Process Cluster Protocol Request-8] o.a.n.c.p.impl.SocketProtocolListener Finished processing request 1fe3781b-8b41-4646-959c-51b3fe49bfb9 (type=HEARTBEAT, length=2243 bytes) from mynifi:8080 in 2 millis
2024-10-31 09:37:08,966 INFO [Clustering Tasks Thread-2] o.a.n.c.c.ClusterProtocolHeartbeater Heartbeat created at 2024-10-31 09:37:08,958 and sent to mynifi:8082 at 2024-10-31 09:37:08,966; send took 8 millis
2024-10-31 09:37:10,371 INFO [Heartbeat Monitor Thread-1] o.a.n.c.c.h.AbstractHeartbeatMonitor Finished processing 1 heartbeats in 12180 nanos
2024-10-31 09:37:12,217 INFO [Cleanup Archive for default] o.a.n.c.repository.FileSystemRepository Successfully deleted 0 files (0 bytes) from archive
2024-10-31 09:37:13,973 INFO [Process Cluster Protocol Request-9] o.a.n.c.p.impl.SocketProtocolListener Finished processing request bbd6b939-417f-4311-ae00-2901d7eedbb9 (type=HEARTBEAT, length=2243 bytes) from mynifi:8080 in 2 millis
2024-10-31 09:37:13,975 INFO [Clustering Tasks Thread-2] o.a.n.c.c.ClusterProtocolHeartbeater Heartbeat created at 2024-10-31 09:37:13,967 and sent to mynifi:8082 at 2024-10-31 09:37:13,975; send took 8 millis
2024-10-31 09:37:15,372 INFO [Heartbeat Monitor Thread-1] o.a.n.c.c.h.AbstractHeartbeatMonitor Finished processing 1 heartbeats in 13060 nanos
2024-10-31 09:37:18,982 INFO [Process Cluster Protocol Request-10] o.a.n.c.p.impl.SocketProtocolListener Finished processing request c0af89e1-2de1-4da4-bf15-7148f124741c (type=HEARTBEAT, length=2243 bytes) from mynifi:8080 in 2 millis
2024-10-31 09:37:18,984 INFO [Clustering Tasks Thread-2] o.a.n.c.c.ClusterProtocolHeartbeater Heartbeat created at 2024-10-31 09:37:18,976 and sent to mynifi:8082 at 2024-10-31 09:37:18,984; send took 8 millis
2024-10-31 09:37:20,372 INFO [Heartbeat Monitor Thread-1] o.a.n.c.c.h.AbstractHeartbeatMonitor Finished processing 1 heartbeats in 13331 nanos
2024-10-31 09:37:23,811 INFO [pool-13-thread-1] o.a.n.c.r.WriteAheadFlowFileRepository Initiating checkpoint of FlowFile Repository
2024-10-31 09:37:23,811 INFO [pool-13-thread-1] o.a.n.c.r.WriteAheadFlowFileRepository Successfully checkpointed FlowFile Repository with 1 records in 0 milliseconds
2024-10-31 09:37:23,991 INFO [Process Cluster Protocol Request-1] o.a.n.c.p.impl.SocketProtocolListener Finished processing request 50348e9e-196d-4e20-8cb5-3075a58f8b4f (type=HEARTBEAT, length=2243 bytes) from mynifi:8080 in 2 millis
2024-10-31 09:37:23,993 INFO [Clustering Tasks Thread-2] o.a.n.c.c.ClusterProtocolHeartbeater Heartbeat created at 2024-10-31 09:37:23,985 and sent to mynifi:8082 at 2024-10-31 09:37:23,993; send took 8 millis
2024-10-31 09:37:25,372 INFO [Heartbeat Monitor Thread-1] o.a.n.c.c.h.AbstractHeartbeatMonitor Finished processing 1 heartbeats in 13390 nanos
2024-10-31 09:37:29,000 INFO [Process Cluster Protocol Request-2] o.a.n.c.p.impl.SocketProtocolListener Finished processing request ce3299f7-9189-487d-a0c0-5ebaa8bf901b (type=HEARTBEAT, length=2243 bytes) from mynifi:8080 in 2 millis
2024-10-31 09:37:29,003 INFO [Clustering Tasks Thread-2] o.a.n.c.c.ClusterProtocolHeartbeater Heartbeat created at 2024-10-31 09:37:28,994 and sent to mynifi:8082 at 2024-10-31 09:37:29,003; send took 8 millis
2024-10-31 09:37:30,373 INFO [Heartbeat Monitor Thread-1] o.a.n.c.c.h.AbstractHeartbeatMonitor Finished processing 1 heartbeats in 13473 nanos
2024-10-31 09:37:34,009 INFO [Process Cluster Protocol Request-3] o.a.n.c.p.impl.SocketProtocolListener Finished processing request c4a00cd9-4c2e-433e-b5f1-4b370240c622 (type=HEARTBEAT, length=2243 bytes) from mynifi:8080 in 2 millis
2024-10-31 09:37:34,011 INFO [Clustering Tasks Thread-2] o.a.n.c.c.ClusterProtocolHeartbeater Heartbeat created at 2024-10-31 09:37:34,003 and sent to mynifi:8082 at 2024-10-31 09:37:34,011; send took 8 millis
2024-10-31 09:37:35,373 INFO [Heartbeat Monitor Thread-1] o.a.n.c.c.h.AbstractHeartbeatMonitor Finished processing 1 heartbeats in 13189 nanos
2024-10-31 09:37:39,018 INFO [Process Cluster Protocol Request-4] o.a.n.c.p.impl.SocketProtocolListener Finished processing request f9fa08c2-7ced-4f81-94e0-1b1cc0ba86b5 (type=HEARTBEAT, length=2243 bytes) from mynifi:8080 in 2 millis
2024-10-31 09:37:39,020 INFO [Clustering Tasks Thread-2] o.a.n.c.c.ClusterProtocolHeartbeater Heartbeat created at 2024-10-31 09:37:39,012 and sent to mynifi:8082 at 2024-10-31 09:37:39,020; send took 8 millis
2024-10-31 09:37:40,373 INFO [Heartbeat Monitor Thread-1] o.a.n.c.c.h.AbstractHeartbeatMonitor Finished processing 1 heartbeats in 14391 nanos
2024-10-31 09:37:43,812 INFO [pool-13-thread-1] o.a.n.c.r.WriteAheadFlowFileRepository Initiating checkpoint of FlowFile Repository
2024-10-31 09:37:43,812 INFO [pool-13-thread-1] o.a.n.c.r.WriteAheadFlowFileRepository Successfully checkpointed FlowFile Repository with 1 records in 0 milliseconds
2024-10-31 09:37:44,026 INFO [Process Cluster Protocol Request-5] o.a.n.c.p.impl.SocketProtocolListener Finished processing request d7d7e84b-5942-45d5-9441-cbf2694e8187 (type=HEARTBEAT, length=2243 bytes) from mynifi:8080 in 2 millis
2024-10-31 09:37:44,029 INFO [Clustering Tasks Thread-2] o.a.n.c.c.ClusterProtocolHeartbeater Heartbeat created at 2024-10-31 09:37:44,021 and sent to mynifi:8082 at 2024-10-31 09:37:44,029; send took 8 millis
2024-10-31 09:37:45,374 INFO [Heartbeat Monitor Thread-1] o.a.n.c.c.h.AbstractHeartbeatMonitor Finished processing 1 heartbeats in 14088 nanos
2024-10-31 09:37:49,036 INFO [Process Cluster Protocol Request-6] o.a.n.c.p.impl.SocketProtocolListener Finished processing request 84aa4792-3f1d-42c3-844b-1206dddfbd10 (type=HEARTBEAT, length=2243 bytes) from mynifi:8080 in 2 millis
2024-10-31 09:37:49,038 INFO [Clustering Tasks Thread-2] o.a.n.c.c.ClusterProtocolHeartbeater Heartbeat created at 2024-10-31 09:37:49,029 and sent to mynifi:8082 at 2024-10-31 09:37:49,038; send took 8 millis
2024-10-31 09:37:50,374 INFO [Heartbeat Monitor Thread-1] o.a.n.c.c.h.AbstractHeartbeatMonitor Finished processing 1 heartbeats in 13545 nanos
2024-10-31 09:37:54,045 INFO [Process Cluster Protocol Request-7] o.a.n.c.p.impl.SocketProtocolListener Finished processing request 212aba4c-0c69-470b-9b28-9f454a5c33fe (type=HEARTBEAT, length=2243 bytes) from mynifi:8080 in 2 millis
2024-10-31 09:37:54,047 INFO [Clustering Tasks Thread-2] o.a.n.c.c.ClusterProtocolHeartbeater Heartbeat created at 2024-10-31 09:37:54,039 and sent to mynifi:8082 at 2024-10-31 09:37:54,047; send took 8 millis
2024-10-31 09:37:55,375 INFO [Heartbeat Monitor Thread-1] o.a.n.c.c.h.AbstractHeartbeatMonitor Finished processing 1 heartbeats in 14048 nanos
2024-10-31 09:37:59,053 INFO [Process Cluster Protocol Request-8] o.a.n.c.p.impl.SocketProtocolListener Finished processing request b82c4944-2a8a-4c9c-8319-e71075166b2c (type=HEARTBEAT, length=2243 bytes) from mynifi:8080 in 2 millis
2024-10-31 09:37:59,056 INFO [Clustering Tasks Thread-2] o.a.n.c.c.ClusterProtocolHeartbeater Heartbeat created at 2024-10-31 09:37:59,048 and sent to mynifi:8082 at 2024-10-31 09:37:59,056; send took 8 millis
2024-10-31 09:38:00,375 INFO [Heartbeat Monitor Thread-1] o.a.n.c.c.h.AbstractHeartbeatMonitor Finished processing 1 heartbeats in 15706 nanos
2024-10-31 09:38:03,812 INFO [pool-13-thread-1] o.a.n.c.r.WriteAheadFlowFileRepository Initiating checkpoint of FlowFile Repository
2024-10-31 09:38:03,812 INFO [pool-13-thread-1] o.a.n.c.r.WriteAheadFlowFileRepository Successfully checkpointed FlowFile Repository with 1 records in 0 milliseconds
2024-10-31 09:38:04,062 INFO [Process Cluster Protocol Request-9] o.a.n.c.p.impl.SocketProtocolListener Finished processing request 9ef4f26c-609f-48b7-82a2-4bcfe4b9c4d1 (type=HEARTBEAT, length=2243 bytes) from mynifi:8080 in 2 millis
2024-10-31 09:38:04,064 INFO [Clustering Tasks Thread-2] o.a.n.c.c.ClusterProtocolHeartbeater Heartbeat created at 2024-10-31 09:38:04,056 and sent to mynifi:8082 at 2024-10-31 09:38:04,064; send took 7 millis
2024-10-31 09:38:05,375 INFO [Heartbeat Monitor Thread-1] o.a.n.c.c.h.AbstractHeartbeatMonitor Finished processing 1 heartbeats in 13840 nanos
2024-10-31 09:38:08,465 INFO [Write-Ahead Local State Provider Maintenance] org.wali.MinimalLockingWriteAheadLog org.wali.MinimalLockingWriteAheadLog@7555782c checkpointed with 25 Records and 0 Swap Files in 15 milliseconds (Stop-the-world time = 14 milliseconds, Clear Edit Logs time = 0 millis), max Transaction ID 111
2024-10-31 09:38:09,068 INFO [Process Cluster Protocol Request-10] o.a.n.c.p.impl.SocketProtocolListener Finished processing request 55338ffa-2880-4e90-aec3-60e96ad34753 (type=HEARTBEAT, length=2243 bytes) from mynifi:8080 in 1 millis
2024-10-31 09:38:09,071 INFO [Clustering Tasks Thread-2] o.a.n.c.c.ClusterProtocolHeartbeater Heartbeat created at 2024-10-31 09:38:09,064 and sent to mynifi:8082 at 2024-10-31 09:38:09,071; send took 6 millis
2024-10-31 09:38:10,376 INFO [Heartbeat Monitor Thread-1] o.a.n.c.c.h.AbstractHeartbeatMonitor Finished processing 1 heartbeats in 10758 nanos
2024-10-31 09:38:12,246 INFO [Cleanup Archive for default] o.a.n.c.repository.FileSystemRepository Successfully deleted 0 files (0 bytes) from archive
2024-10-31 09:38:14,077 INFO [Process Cluster Protocol Request-1] o.a.n.c.p.impl.SocketProtocolListener Finished processing request 31c2865d-e523-4321-a42d-27846274a679 (type=HEARTBEAT, length=2243 bytes) from mynifi:8080 in 2 millis
2024-10-31 09:38:14,079 INFO [Clustering Tasks Thread-2] o.a.n.c.c.ClusterProtocolHeartbeater Heartbeat created at 2024-10-31 09:38:14,071 and sent to mynifi:8082 at 2024-10-31 09:38:14,079; send took 8 millis
2024-10-31 09:38:15,376 INFO [Heartbeat Monitor Thread-1] o.a.n.c.c.h.AbstractHeartbeatMonitor Finished processing 1 heartbeats in 7154 nanos
2024-10-31 09:38:19,086 INFO [Process Cluster Protocol Request-2] o.a.n.c.p.impl.SocketProtocolListener Finished processing request e14db22b-2a97-4613-b247-03cc3ca55526 (type=HEARTBEAT, length=2243 bytes) from mynifi:8080 in 2 millis
2024-10-31 09:38:19,089 INFO [Clustering Tasks Thread-2] o.a.n.c.c.ClusterProtocolHeartbeater Heartbeat created at 2024-10-31 09:38:19,080 and sent to mynifi:8082 at 2024-10-31 09:38:19,089; send took 8 millis
2024-10-31 09:38:20,376 INFO [Heartbeat Monitor Thread-1] o.a.n.c.c.h.AbstractHeartbeatMonitor Finished processing 1 heartbeats in 13815 nanos
2024-10-31 09:38:23,812 INFO [pool-13-thread-1] o.a.n.c.r.WriteAheadFlowFileRepository Initiating checkpoint of FlowFile Repository
2024-10-31 09:38:23,813 INFO [pool-13-thread-1] o.a.n.c.r.WriteAheadFlowFileRepository Successfully checkpointed FlowFile Repository with 1 records in 0 milliseconds
2024-10-31 09:38:24,095 INFO [Process Cluster Protocol Request-3] o.a.n.c.p.impl.SocketProtocolListener Finished processing request 3c5538d8-6f43-452d-bf00-91ce7f7dc9f3 (type=HEARTBEAT, length=2243 bytes) from mynifi:8080 in 2 millis
2024-10-31 09:38:24,097 INFO [Clustering Tasks Thread-2] o.a.n.c.c.ClusterProtocolHeartbeater Heartbeat created at 2024-10-31 09:38:24,089 and sent to mynifi:8082 at 2024-10-31 09:38:24,097; send took 8 millis
2024-10-31 09:38:25,376 INFO [Heartbeat Monitor Thread-1] o.a.n.c.c.h.AbstractHeartbeatMonitor Finished processing 1 heartbeats in 14762 nanos
2024-10-31 09:38:29,103 INFO [Process Cluster Protocol Request-4] o.a.n.c.p.impl.SocketProtocolListener Finished processing request 1400b581-275a-422b-93ed-ee47b54d8612 (type=HEARTBEAT, length=2243 bytes) from mynifi:8080 in 2 millis
2024-10-31 09:38:29,106 INFO [Clustering Tasks Thread-2] o.a.n.c.c.ClusterProtocolHeartbeater Heartbeat created at 2024-10-31 09:38:29,098 and sent to mynifi:8082 at 2024-10-31 09:38:29,106; send took 7 millis
2024-10-31 09:38:30,377 INFO [Heartbeat Monitor Thread-1] o.a.n.c.c.h.AbstractHeartbeatMonitor Finished processing 1 heartbeats in 14233 nanos
2024-10-31 09:38:34,111 INFO [Process Cluster Protocol Request-5] o.a.n.c.p.impl.SocketProtocolListener Finished processing request 1c528132-b3f0-48e0-9b3d-1720f632f0b4 (type=HEARTBEAT, length=2243 bytes) from mynifi:8080 in 2 millis
2024-10-31 09:38:34,114 INFO [Clustering Tasks Thread-2] o.a.n.c.c.ClusterProtocolHeartbeater Heartbeat created at 2024-10-31 09:38:34,106 and sent to mynifi:8082 at 2024-10-31 09:38:34,114; send took 7 millis
2024-10-31 09:38:35,377 INFO [Heartbeat Monitor Thread-1] o.a.n.c.c.h.AbstractHeartbeatMonitor Finished processing 1 heartbeats in 13514 nanos
2024-10-31 09:38:39,120 INFO [Process Cluster Protocol Request-6] o.a.n.c.p.impl.SocketProtocolListener Finished processing request 44fb75c2-0177-461c-ade6-47bf7151290e (type=HEARTBEAT, length=2243 bytes) from mynifi:8080 in 2 millis
2024-10-31 09:38:39,123 INFO [Clustering Tasks Thread-2] o.a.n.c.c.ClusterProtocolHeartbeater Heartbeat created at 2024-10-31 09:38:39,114 and sent to mynifi:8082 at 2024-10-31 09:38:39,123; send took 8 millis
2024-10-31 09:38:40,378 INFO [Heartbeat Monitor Thread-1] o.a.n.c.c.h.AbstractHeartbeatMonitor Finished processing 1 heartbeats in 13736 nanos
2024-10-31 09:38:43,813 INFO [pool-13-thread-1] o.a.n.c.r.WriteAheadFlowFileRepository Initiating checkpoint of FlowFile Repository
2024-10-31 09:38:43,813 INFO [pool-13-thread-1] o.a.n.c.r.WriteAheadFlowFileRepository Successfully checkpointed FlowFile Repository with 1 records in 0 milliseconds
2024-10-31 09:38:44,129 INFO [Process Cluster Protocol Request-7] o.a.n.c.p.impl.SocketProtocolListener Finished processing request 23b05dcc-fd42-4fd2-9d26-172e9ef1e6e0 (type=HEARTBEAT, length=2243 bytes) from mynifi:8080 in 2 millis
2024-10-31 09:38:44,131 INFO [Clustering Tasks Thread-2] o.a.n.c.c.ClusterProtocolHeartbeater Heartbeat created at 2024-10-31 09:38:44,123 and sent to mynifi:8082 at 2024-10-31 09:38:44,131; send took 8 millis
2024-10-31 09:38:45,378 INFO [Heartbeat Monitor Thread-1] o.a.n.c.c.h.AbstractHeartbeatMonitor Finished processing 1 heartbeats in 14129 nanos
2024-10-31 09:38:49,138 INFO [Process Cluster Protocol Request-8] o.a.n.c.p.impl.SocketProtocolListener Finished processing request 75a82378-87b5-4319-892b-bbd35b8aff49 (type=HEARTBEAT, length=2243 bytes) from mynifi:8080 in 2 millis
2024-10-31 09:38:49,141 INFO [Clustering Tasks Thread-2] o.a.n.c.c.ClusterProtocolHeartbeater Heartbeat created at 2024-10-31 09:38:49,132 and sent to mynifi:8082 at 2024-10-31 09:38:49,141; send took 8 millis
2024-10-31 09:38:50,378 INFO [Heartbeat Monitor Thread-1] o.a.n.c.c.h.AbstractHeartbeatMonitor Finished processing 1 heartbeats in 13682 nanos
2024-10-31 09:38:54,147 INFO [Process Cluster Protocol Request-9] o.a.n.c.p.impl.SocketProtocolListener Finished processing request d279f227-6983-40c0-9474-66d8731fd850 (type=HEARTBEAT, length=2243 bytes) from mynifi:8080 in 2 millis
2024-10-31 09:38:54,149 INFO [Clustering Tasks Thread-2] o.a.n.c.c.ClusterProtocolHeartbeater Heartbeat created at 2024-10-31 09:38:54,141 and sent to mynifi:8082 at 2024-10-31 09:38:54,149; send took 8 millis
2024-10-31 09:38:55,379 INFO [Heartbeat Monitor Thread-1] o.a.n.c.c.h.AbstractHeartbeatMonitor Finished processing 1 heartbeats in 13527 nanos
2024-10-31 09:38:59,156 INFO [Process Cluster Protocol Request-10] o.a.n.c.p.impl.SocketProtocolListener Finished processing request 0adeffb9-f568-438a-8d45-eb3174a91bec (type=HEARTBEAT, length=2243 bytes) from mynifi:8080 in 2 millis
2024-10-31 09:38:59,160 INFO [Clustering Tasks Thread-2] o.a.n.c.c.ClusterProtocolHeartbeater Heartbeat created at 2024-10-31 09:38:59,150 and sent to mynifi:8082 at 2024-10-31 09:38:59,160; send took 9 millis
2024-10-31 09:39:00,379 INFO [Heartbeat Monitor Thread-1] o.a.n.c.c.h.AbstractHeartbeatMonitor Finished processing 1 heartbeats in 14743 nanos
2024-10-31 09:39:03,813 INFO [pool-13-thread-1] o.a.n.c.r.WriteAheadFlowFileRepository Initiating checkpoint of FlowFile Repository
2024-10-31 09:39:03,813 INFO [pool-13-thread-1] o.a.n.c.r.WriteAheadFlowFileRepository Successfully checkpointed FlowFile Repository with 1 records in 0 milliseconds
2024-10-31 09:39:04,166 INFO [Process Cluster Protocol Request-1] o.a.n.c.p.impl.SocketProtocolListener Finished processing request 63c34da0-627d-4408-96f0-5eea4bf27621 (type=HEARTBEAT, length=2243 bytes) from mynifi:8080 in 2 millis
2024-10-31 09:39:04,168 INFO [Clustering Tasks Thread-2] o.a.n.c.c.ClusterProtocolHeartbeater Heartbeat created at 2024-10-31 09:39:04,160 and sent to mynifi:8082 at 2024-10-31 09:39:04,168; send took 8 millis
2024-10-31 09:39:05,379 INFO [Heartbeat Monitor Thread-1] o.a.n.c.c.h.AbstractHeartbeatMonitor Finished processing 1 heartbeats in 13389 nanos
2024-10-31 09:39:09,170 INFO [Process Cluster Protocol Request-2] o.a.n.c.p.impl.SocketProtocolListener Finished processing request ebed3628-1bd1-46f4-b86f-2aff139392ab (type=HEARTBEAT, length=2243 bytes) from mynifi:8080 in 797688 nanos
2024-10-31 09:39:09,171 INFO [Clustering Tasks Thread-2] o.a.n.c.c.ClusterProtocolHeartbeater Heartbeat created at 2024-10-31 09:39:09,169 and sent to mynifi:8082 at 2024-10-31 09:39:09,171; send took 2 millis
2024-10-31 09:39:10,380 INFO [Heartbeat Monitor Thread-1] o.a.n.c.c.h.AbstractHeartbeatMonitor Finished processing 1 heartbeats in 12541 nanos
2024-10-31 09:39:12,308 INFO [Cleanup Archive for default] o.a.n.c.repository.FileSystemRepository Successfully deleted 0 files (0 bytes) from archive
2024-10-31 09:39:14,177 INFO [Process Cluster Protocol Request-3] o.a.n.c.p.impl.SocketProtocolListener Finished processing request 68bb7505-a88c-477a-8784-3b7ed6c672a1 (type=HEARTBEAT, length=2243 bytes) from mynifi:8080 in 2 millis
2024-10-31 09:39:14,180 INFO [Clustering Tasks Thread-2] o.a.n.c.c.ClusterProtocolHeartbeater Heartbeat created at 2024-10-31 09:39:14,172 and sent to mynifi:8082 at 2024-10-31 09:39:14,180; send took 7 millis
2024-10-31 09:39:15,380 INFO [Heartbeat Monitor Thread-1] o.a.n.c.c.h.AbstractHeartbeatMonitor Finished processing 1 heartbeats in 13820 nanos
2024-10-31 09:39:19,187 INFO [Process Cluster Protocol Request-4] o.a.n.c.p.impl.SocketProtocolListener Finished processing request a03862b8-a1f3-426c-b41a-237d5698626b (type=HEARTBEAT, length=2243 bytes) from mynifi:8080 in 2 millis
2024-10-31 09:39:19,189 INFO [Clustering Tasks Thread-2] o.a.n.c.c.ClusterProtocolHeartbeater Heartbeat created at 2024-10-31 09:39:19,180 and sent to mynifi:8082 at 2024-10-31 09:39:19,189; send took 8 millis
2024-10-31 09:39:20,380 INFO [Heartbeat Monitor Thread-1] o.a.n.c.c.h.AbstractHeartbeatMonitor Finished processing 1 heartbeats in 14439 nanos
2024-10-31 09:39:23,814 INFO [pool-13-thread-1] o.a.n.c.r.WriteAheadFlowFileRepository Initiating checkpoint of FlowFile Repository
2024-10-31 09:39:23,814 INFO [pool-13-thread-1] o.a.n.c.r.WriteAheadFlowFileRepository Successfully checkpointed FlowFile Repository with 1 records in 0 milliseconds
2024-10-31 09:39:24,195 INFO [Process Cluster Protocol Request-5] o.a.n.c.p.impl.SocketProtocolListener Finished processing request dc18d34a-a1be-4cb7-a0f3-6633184644dc (type=HEARTBEAT, length=2243 bytes) from mynifi:8080 in 2 millis
2024-10-31 09:39:24,198 INFO [Clustering Tasks Thread-2] o.a.n.c.c.ClusterProtocolHeartbeater Heartbeat created at 2024-10-31 09:39:24,190 and sent to mynifi:8082 at 2024-10-31 09:39:24,198; send took 7 millis
2024-10-31 09:39:25,381 INFO [Heartbeat Monitor Thread-1] o.a.n.c.c.h.AbstractHeartbeatMonitor Finished processing 1 heartbeats in 13549 nanos
2024-10-31 09:39:29,204 INFO [Process Cluster Protocol Request-6] o.a.n.c.p.impl.SocketProtocolListener Finished processing request 3ccd2ad9-fc03-4bdb-a977-da41331fb1dc (type=HEARTBEAT, length=2243 bytes) from mynifi:8080 in 2 millis
2024-10-31 09:39:29,207 INFO [Clustering Tasks Thread-2] o.a.n.c.c.ClusterProtocolHeartbeater Heartbeat created at 2024-10-31 09:39:29,198 and sent to mynifi:8082 at 2024-10-31 09:39:29,207; send took 8 millis
2024-10-31 09:39:30,381 INFO [Heartbeat Monitor Thread-1] o.a.n.c.c.h.AbstractHeartbeatMonitor Finished processing 1 heartbeats in 14566 nanos
2024-10-31 09:39:34,213 INFO [Process Cluster Protocol Request-7] o.a.n.c.p.impl.SocketProtocolListener Finished processing request 74d174a0-7e70-4d70-8a95-5c6875e597ab (type=HEARTBEAT, length=2243 bytes) from mynifi:8080 in 2 millis
2024-10-31 09:39:34,215 INFO [Clustering Tasks Thread-2] o.a.n.c.c.ClusterProtocolHeartbeater Heartbeat created at 2024-10-31 09:39:34,207 and sent to mynifi:8082 at 2024-10-31 09:39:34,215; send took 7 millis
2024-10-31 09:39:35,382 INFO [Heartbeat Monitor Thread-1] o.a.n.c.c.h.AbstractHeartbeatMonitor Finished processing 1 heartbeats in 14658 nanos
2024-10-31 09:39:39,222 INFO [Process Cluster Protocol Request-8] o.a.n.c.p.impl.SocketProtocolListener Finished processing request 14f21789-02cf-42f6-8a2e-31c6da3f32bf (type=HEARTBEAT, length=2243 bytes) from mynifi:8080 in 2 millis
2024-10-31 09:39:39,224 INFO [Clustering Tasks Thread-2] o.a.n.c.c.ClusterProtocolHeartbeater Heartbeat created at 2024-10-31 09:39:39,216 and sent to mynifi:8082 at 2024-10-31 09:39:39,224; send took 8 millis
2024-10-31 09:39:40,382 INFO [Heartbeat Monitor Thread-1] o.a.n.c.c.h.AbstractHeartbeatMonitor Finished processing 1 heartbeats in 30694 nanos
2024-10-31 09:39:43,814 INFO [pool-13-thread-1] o.a.n.c.r.WriteAheadFlowFileRepository Initiating checkpoint of FlowFile Repository
2024-10-31 09:39:43,814 INFO [pool-13-thread-1] o.a.n.c.r.WriteAheadFlowFileRepository Successfully checkpointed FlowFile Repository with 1 records in 0 milliseconds
2024-10-31 09:39:44,230 INFO [Process Cluster Protocol Request-9] o.a.n.c.p.impl.SocketProtocolListener Finished processing request be925727-8e88-4fe6-b7c3-c9030ece8bc1 (type=HEARTBEAT, length=2243 bytes) from mynifi:8080 in 2 millis
2024-10-31 09:39:44,234 INFO [Clustering Tasks Thread-2] o.a.n.c.c.ClusterProtocolHeartbeater Heartbeat created at 2024-10-31 09:39:44,225 and sent to mynifi:8082 at 2024-10-31 09:39:44,234; send took 9 millis
2024-10-31 09:39:45,382 INFO [Heartbeat Monitor Thread-1] o.a.n.c.c.h.AbstractHeartbeatMonitor Finished processing 1 heartbeats in 14132 nanos
2024-10-31 09:39:49,240 INFO [Process Cluster Protocol Request-10] o.a.n.c.p.impl.SocketProtocolListener Finished processing request 3b80d0b9-1b2b-40fc-ba34-d2856c9a914e (type=HEARTBEAT, length=2243 bytes) from mynifi:8080 in 2 millis
2024-10-31 09:39:49,243 INFO [Clustering Tasks Thread-2] o.a.n.c.c.ClusterProtocolHeartbeater Heartbeat created at 2024-10-31 09:39:49,235 and sent to mynifi:8082 at 2024-10-31 09:39:49,243; send took 8 millis
2024-10-31 09:39:50,383 INFO [Heartbeat Monitor Thread-1] o.a.n.c.c.h.AbstractHeartbeatMonitor Finished processing 1 heartbeats in 14248 nanos
2024-10-31 09:39:54,249 INFO [Process Cluster Protocol Request-1] o.a.n.c.p.impl.SocketProtocolListener Finished processing request 76f0de82-608c-42c5-929e-0d3adebed96a (type=HEARTBEAT, length=2243 bytes) from mynifi:8080 in 2 millis
2024-10-31 09:39:54,251 INFO [Clustering Tasks Thread-2] o.a.n.c.c.ClusterProtocolHeartbeater Heartbeat created at 2024-10-31 09:39:54,243 and sent to mynifi:8082 at 2024-10-31 09:39:54,251; send took 7 millis
2024-10-31 09:39:55,383 INFO [Heartbeat Monitor Thread-1] o.a.n.c.c.h.AbstractHeartbeatMonitor Finished processing 1 heartbeats in 13522 nanos
2024-10-31 09:39:59,258 INFO [Process Cluster Protocol Request-2] o.a.n.c.p.impl.SocketProtocolListener Finished processing request f894982e-5523-4225-9740-dbfb5f85de55 (type=HEARTBEAT, length=2243 bytes) from mynifi:8080 in 2 millis
2024-10-31 09:39:59,260 INFO [Clustering Tasks Thread-2] o.a.n.c.c.ClusterProtocolHeartbeater Heartbeat created at 2024-10-31 09:39:59,252 and sent to mynifi:8082 at 2024-10-31 09:39:59,260; send took 8 millis
2024-10-31 09:40:00,383 INFO [Heartbeat Monitor Thread-1] o.a.n.c.c.h.AbstractHeartbeatMonitor Finished processing 1 heartbeats in 13737 nanos
2024-10-31 09:40:03,814 INFO [pool-13-thread-1] o.a.n.c.r.WriteAheadFlowFileRepository Initiating checkpoint of FlowFile Repository
2024-10-31 09:40:03,815 INFO [pool-13-thread-1] o.a.n.c.r.WriteAheadFlowFileRepository Successfully checkpointed FlowFile Repository with 1 records in 0 milliseconds
2024-10-31 09:40:04,266 INFO [Process Cluster Protocol Request-3] o.a.n.c.p.impl.SocketProtocolListener Finished processing request b558d363-5015-444e-bdb0-a320a98d6ed9 (type=HEARTBEAT, length=2243 bytes) from mynifi:8080 in 2 millis
2024-10-31 09:40:04,269 INFO [Clustering Tasks Thread-2] o.a.n.c.c.ClusterProtocolHeartbeater Heartbeat created at 2024-10-31 09:40:04,261 and sent to mynifi:8082 at 2024-10-31 09:40:04,269; send took 8 millis
2024-10-31 09:40:05,384 INFO [Heartbeat Monitor Thread-1] o.a.n.c.c.h.AbstractHeartbeatMonitor Finished processing 1 heartbeats in 13864 nanos
2024-10-31 09:40:08,472 INFO [Write-Ahead Local State Provider Maintenance] org.wali.MinimalLockingWriteAheadLog org.wali.MinimalLockingWriteAheadLog@7555782c checkpointed with 25 Records and 0 Swap Files in 6 milliseconds (Stop-the-world time = 4 milliseconds, Clear Edit Logs time = 0 millis), max Transaction ID 111
2024-10-31 09:40:09,275 INFO [Process Cluster Protocol Request-4] o.a.n.c.p.impl.SocketProtocolListener Finished processing request 84e499b9-879f-4c59-a180-f2f88948ace4 (type=HEARTBEAT, length=2243 bytes) from mynifi:8080 in 2 millis
2024-10-31 09:40:09,278 INFO [Clustering Tasks Thread-2] o.a.n.c.c.ClusterProtocolHeartbeater Heartbeat created at 2024-10-31 09:40:09,269 and sent to mynifi:8082 at 2024-10-31 09:40:09,278; send took 8 millis
2024-10-31 09:40:10,384 INFO [Heartbeat Monitor Thread-1] o.a.n.c.c.h.AbstractHeartbeatMonitor Finished processing 1 heartbeats in 13536 nanos
2024-10-31 09:40:12,335 INFO [Cleanup Archive for default] o.a.n.c.repository.FileSystemRepository Successfully deleted 0 files (0 bytes) from archive
2024-10-31 09:40:14,284 INFO [Process Cluster Protocol Request-5] o.a.n.c.p.impl.SocketProtocolListener Finished processing request 492a0ae1-b96f-40e6-96cb-cb7283903dc3 (type=HEARTBEAT, length=2243 bytes) from mynifi:8080 in 2 millis
2024-10-31 09:40:14,286 INFO [Clustering Tasks Thread-2] o.a.n.c.c.ClusterProtocolHeartbeater Heartbeat created at 2024-10-31 09:40:14,278 and sent to mynifi:8082 at 2024-10-31 09:40:14,286; send took 8 millis
2024-10-31 09:40:15,384 INFO [Heartbeat Monitor Thread-1] o.a.n.c.c.h.AbstractHeartbeatMonitor Finished processing 1 heartbeats in 13994 nanos
2024-10-31 09:40:19,293 INFO [Process Cluster Protocol Request-6] o.a.n.c.p.impl.SocketProtocolListener Finished processing request b7dc1c51-c8bd-4b9a-b77c-81d08155fcaf (type=HEARTBEAT, length=2243 bytes) from mynifi:8080 in 2 millis
2024-10-31 09:40:19,295 INFO [Clustering Tasks Thread-2] o.a.n.c.c.ClusterProtocolHeartbeater Heartbeat created at 2024-10-31 09:40:19,287 and sent to mynifi:8082 at 2024-10-31 09:40:19,295; send took 8 millis
2024-10-31 09:40:20,385 INFO [Heartbeat Monitor Thread-1] o.a.n.c.c.h.AbstractHeartbeatMonitor Finished processing 1 heartbeats in 13682 nanos
2024-10-31 09:40:23,815 INFO [pool-13-thread-1] o.a.n.c.r.WriteAheadFlowFileRepository Initiating checkpoint of FlowFile Repository
2024-10-31 09:40:23,815 INFO [pool-13-thread-1] o.a.n.c.r.WriteAheadFlowFileRepository Successfully checkpointed FlowFile Repository with 1 records in 0 milliseconds
2024-10-31 09:40:24,301 INFO [Process Cluster Protocol Request-7] o.a.n.c.p.impl.SocketProtocolListener Finished processing request f2ce91a4-3908-4921-bb1b-158e2ff77f9e (type=HEARTBEAT, length=2243 bytes) from mynifi:8080 in 2 millis
2024-10-31 09:40:24,303 INFO [Clustering Tasks Thread-2] o.a.n.c.c.ClusterProtocolHeartbeater Heartbeat created at 2024-10-31 09:40:24,295 and sent to mynifi:8082 at 2024-10-31 09:40:24,303; send took 7 millis
2024-10-31 09:40:25,385 INFO [Heartbeat Monitor Thread-1] o.a.n.c.c.h.AbstractHeartbeatMonitor Finished processing 1 heartbeats in 14567 nanos
2024-10-31 09:40:29,310 INFO [Process Cluster Protocol Request-8] o.a.n.c.p.impl.SocketProtocolListener Finished processing request a6cd7dc3-fc29-4b9e-9dc7-9d7095b2ae51 (type=HEARTBEAT, length=2243 bytes) from mynifi:8080 in 2 millis
2024-10-31 09:40:29,312 INFO [Clustering Tasks Thread-2] o.a.n.c.c.ClusterProtocolHeartbeater Heartbeat created at 2024-10-31 09:40:29,304 and sent to mynifi:8082 at 2024-10-31 09:40:29,312; send took 8 millis
2024-10-31 09:40:30,385 INFO [Heartbeat Monitor Thread-1] o.a.n.c.c.h.AbstractHeartbeatMonitor Finished processing 1 heartbeats in 13739 nanos
2024-10-31 09:40:34,315 INFO [Process Cluster Protocol Request-9] o.a.n.c.p.impl.SocketProtocolListener Finished processing request 69e8f156-e711-47e0-8f56-63e523e5ff6d (type=HEARTBEAT, length=2243 bytes) from mynifi:8080 in 974242 nanos
2024-10-31 09:40:34,316 INFO [Clustering Tasks Thread-2] o.a.n.c.c.ClusterProtocolHeartbeater Heartbeat created at 2024-10-31 09:40:34,313 and sent to mynifi:8082 at 2024-10-31 09:40:34,316; send took 3 millis
2024-10-31 09:40:35,386 INFO [Heartbeat Monitor Thread-1] o.a.n.c.c.h.AbstractHeartbeatMonitor Finished processing 1 heartbeats in 13894 nanos
2024-10-31 09:40:39,322 INFO [Process Cluster Protocol Request-10] o.a.n.c.p.impl.SocketProtocolListener Finished processing request 6ec42f01-b196-4902-8295-ced813758ea3 (type=HEARTBEAT, length=2243 bytes) from mynifi:8080 in 2 millis
2024-10-31 09:40:39,324 INFO [Clustering Tasks Thread-2] o.a.n.c.c.ClusterProtocolHeartbeater Heartbeat created at 2024-10-31 09:40:39,316 and sent to mynifi:8082 at 2024-10-31 09:40:39,324; send took 8 millis
2024-10-31 09:40:40,386 INFO [Heartbeat Monitor Thread-1] o.a.n.c.c.h.AbstractHeartbeatMonitor Finished processing 1 heartbeats in 14299 nanos
2024-10-31 09:40:43,815 INFO [pool-13-thread-1] o.a.n.c.r.WriteAheadFlowFileRepository Initiating checkpoint of FlowFile Repository
2024-10-31 09:40:43,815 INFO [pool-13-thread-1] o.a.n.c.r.WriteAheadFlowFileRepository Successfully checkpointed FlowFile Repository with 1 records in 0 milliseconds
2024-10-31 09:40:44,327 INFO [Process Cluster Protocol Request-1] o.a.n.c.p.impl.SocketProtocolListener Finished processing request 59c26f1e-df23-4805-9848-1c61017425fb (type=HEARTBEAT, length=2243 bytes) from mynifi:8080 in 939933 nanos
2024-10-31 09:40:44,328 INFO [Clustering Tasks Thread-2] o.a.n.c.c.ClusterProtocolHeartbeater Heartbeat created at 2024-10-31 09:40:44,325 and sent to mynifi:8082 at 2024-10-31 09:40:44,328; send took 3 millis
2024-10-31 09:40:45,387 INFO [Heartbeat Monitor Thread-1] o.a.n.c.c.h.AbstractHeartbeatMonitor Finished processing 1 heartbeats in 13989 nanos
2024-10-31 09:40:49,330 INFO [Process Cluster Protocol Request-2] o.a.n.c.p.impl.SocketProtocolListener Finished processing request d06da5c6-7989-4be0-b886-563c238b7deb (type=HEARTBEAT, length=2243 bytes) from mynifi:8080 in 714632 nanos
2024-10-31 09:40:49,331 INFO [Clustering Tasks Thread-2] o.a.n.c.c.ClusterProtocolHeartbeater Heartbeat created at 2024-10-31 09:40:49,328 and sent to mynifi:8082 at 2024-10-31 09:40:49,331; send took 2 millis
2024-10-31 09:40:50,387 INFO [Heartbeat Monitor Thread-1] o.a.n.c.c.h.AbstractHeartbeatMonitor Finished processing 1 heartbeats in 13858 nanos
2024-10-31 09:40:54,337 INFO [Process Cluster Protocol Request-3] o.a.n.c.p.impl.SocketProtocolListener Finished processing request 3dfae1ae-6f82-45aa-a173-f573e2735c3c (type=HEARTBEAT, length=2243 bytes) from mynifi:8080 in 2 millis
2024-10-31 09:40:54,339 INFO [Clustering Tasks Thread-2] o.a.n.c.c.ClusterProtocolHeartbeater Heartbeat created at 2024-10-31 09:40:54,331 and sent to mynifi:8082 at 2024-10-31 09:40:54,339; send took 7 millis
2024-10-31 09:40:55,387 INFO [Heartbeat Monitor Thread-1] o.a.n.c.c.h.AbstractHeartbeatMonitor Finished processing 1 heartbeats in 14776 nanos
2024-10-31 09:40:59,346 INFO [Process Cluster Protocol Request-4] o.a.n.c.p.impl.SocketProtocolListener Finished processing request a4554291-c397-4eaa-ba4d-4862e61e27c0 (type=HEARTBEAT, length=2243 bytes) from mynifi:8080 in 2 millis
2024-10-31 09:40:59,350 INFO [Clustering Tasks Thread-2] o.a.n.c.c.ClusterProtocolHeartbeater Heartbeat created at 2024-10-31 09:40:59,340 and sent to mynifi:8082 at 2024-10-31 09:40:59,350; send took 10 millis
2024-10-31 09:41:00,388 INFO [Heartbeat Monitor Thread-1] o.a.n.c.c.h.AbstractHeartbeatMonitor Finished processing 1 heartbeats in 14157 nanos
2024-10-31 09:41:03,816 INFO [pool-13-thread-1] o.a.n.c.r.WriteAheadFlowFileRepository Initiating checkpoint of FlowFile Repository
2024-10-31 09:41:03,816 INFO [pool-13-thread-1] o.a.n.c.r.WriteAheadFlowFileRepository Successfully checkpointed FlowFile Repository with 1 records in 0 milliseconds
2024-10-31 09:41:04,355 INFO [Process Cluster Protocol Request-5] o.a.n.c.p.impl.SocketProtocolListener Finished processing request c5033a0e-423c-4415-b9c3-b2ba3b101985 (type=HEARTBEAT, length=2243 bytes) from mynifi:8080 in 2 millis
2024-10-31 09:41:04,357 INFO [Clustering Tasks Thread-2] o.a.n.c.c.ClusterProtocolHeartbeater Heartbeat created at 2024-10-31 09:41:04,350 and sent to mynifi:8082 at 2024-10-31 09:41:04,357; send took 6 millis
2024-10-31 09:41:05,388 INFO [Heartbeat Monitor Thread-1] o.a.n.c.c.h.AbstractHeartbeatMonitor Finished processing 1 heartbeats in 5763 nanos
2024-10-31 09:41:09,360 INFO [Process Cluster Protocol Request-6] o.a.n.c.p.impl.SocketProtocolListener Finished processing request b60f5338-16ed-4ea5-bb47-80e8ae9a250e (type=HEARTBEAT, length=2243 bytes) from mynifi:8080 in 660974 nanos
2024-10-31 09:41:09,360 INFO [Clustering Tasks Thread-2] o.a.n.c.c.ClusterProtocolHeartbeater Heartbeat created at 2024-10-31 09:41:09,358 and sent to mynifi:8082 at 2024-10-31 09:41:09,360; send took 2 millis
2024-10-31 09:41:10,388 INFO [Heartbeat Monitor Thread-1] o.a.n.c.c.h.AbstractHeartbeatMonitor Finished processing 1 heartbeats in 13616 nanos
2024-10-31 09:41:12,363 INFO [Cleanup Archive for default] o.a.n.c.repository.FileSystemRepository Successfully deleted 0 files (0 bytes) from archive
2024-10-31 09:41:14,366 INFO [Process Cluster Protocol Request-7] o.a.n.c.p.impl.SocketProtocolListener Finished processing request eea11e63-7cf2-4cbf-918e-4653d49c6ced (type=HEARTBEAT, length=2243 bytes) from mynifi:8080 in 2 millis
2024-10-31 09:41:14,369 INFO [Clustering Tasks Thread-2] o.a.n.c.c.ClusterProtocolHeartbeater Heartbeat created at 2024-10-31 09:41:14,361 and sent to mynifi:8082 at 2024-10-31 09:41:14,369; send took 8 millis
2024-10-31 09:41:15,389 INFO [Heartbeat Monitor Thread-1] o.a.n.c.c.h.AbstractHeartbeatMonitor Finished processing 1 heartbeats in 13874 nanos
2024-10-31 09:41:19,375 INFO [Process Cluster Protocol Request-8] o.a.n.c.p.impl.SocketProtocolListener Finished processing request c23ffb8d-c233-44ce-8274-2728832e40a8 (type=HEARTBEAT, length=2243 bytes) from mynifi:8080 in 2 millis
2024-10-31 09:41:19,378 INFO [Clustering Tasks Thread-2] o.a.n.c.c.ClusterProtocolHeartbeater Heartbeat created at 2024-10-31 09:41:19,369 and sent to mynifi:8082 at 2024-10-31 09:41:19,378; send took 8 millis
2024-10-31 09:41:20,389 INFO [Heartbeat Monitor Thread-1] o.a.n.c.c.h.AbstractHeartbeatMonitor Finished processing 1 heartbeats in 14037 nanos
2024-10-31 09:41:23,816 INFO [pool-13-thread-1] o.a.n.c.r.WriteAheadFlowFileRepository Initiating checkpoint of FlowFile Repository
2024-10-31 09:41:23,816 INFO [pool-13-thread-1] o.a.n.c.r.WriteAheadFlowFileRepository Successfully checkpointed FlowFile Repository with 1 records in 0 milliseconds
2024-10-31 09:41:24,381 INFO [Process Cluster Protocol Request-9] o.a.n.c.p.impl.SocketProtocolListener Finished processing request bbc136b0-7049-4f9b-83f3-c3235b2aaab6 (type=HEARTBEAT, length=2243 bytes) from mynifi:8080 in 1 millis
2024-10-31 09:41:24,383 INFO [Clustering Tasks Thread-2] o.a.n.c.c.ClusterProtocolHeartbeater Heartbeat created at 2024-10-31 09:41:24,378 and sent to mynifi:8082 at 2024-10-31 09:41:24,383; send took 4 millis
2024-10-31 09:41:25,389 INFO [Heartbeat Monitor Thread-1] o.a.n.c.c.h.AbstractHeartbeatMonitor Finished processing 1 heartbeats in 5481 nanos
2024-10-31 09:41:29,389 INFO [Process Cluster Protocol Request-10] o.a.n.c.p.impl.SocketProtocolListener Finished processing request 5e47f455-aa9b-4e47-9b25-bf218f285b79 (type=HEARTBEAT, length=2243 bytes) from mynifi:8080 in 2 millis
2024-10-31 09:41:29,392 INFO [Clustering Tasks Thread-2] o.a.n.c.c.ClusterProtocolHeartbeater Heartbeat created at 2024-10-31 09:41:29,383 and sent to mynifi:8082 at 2024-10-31 09:41:29,392; send took 9 millis
2024-10-31 09:41:30,390 INFO [Heartbeat Monitor Thread-1] o.a.n.c.c.h.AbstractHeartbeatMonitor Finished processing 1 heartbeats in 14339 nanos
2024-10-31 09:41:34,398 INFO [Process Cluster Protocol Request-1] o.a.n.c.p.impl.SocketProtocolListener Finished processing request 31b68cdd-66ab-4a23-9a1c-1caa7819be33 (type=HEARTBEAT, length=2243 bytes) from mynifi:8080 in 2 millis
2024-10-31 09:41:34,402 INFO [Clustering Tasks Thread-2] o.a.n.c.c.ClusterProtocolHeartbeater Heartbeat created at 2024-10-31 09:41:34,393 and sent to mynifi:8082 at 2024-10-31 09:41:34,402; send took 8 millis
2024-10-31 09:41:35,390 INFO [Heartbeat Monitor Thread-1] o.a.n.c.c.h.AbstractHeartbeatMonitor Finished processing 1 heartbeats in 36870 nanos
2024-10-31 09:41:39,408 INFO [Process Cluster Protocol Request-2] o.a.n.c.p.impl.SocketProtocolListener Finished processing request b6553ae9-9615-4d83-bfc9-a7aa246e4e97 (type=HEARTBEAT, length=2243 bytes) from mynifi:8080 in 2 millis
2024-10-31 09:41:39,411 INFO [Clustering Tasks Thread-2] o.a.n.c.c.ClusterProtocolHeartbeater Heartbeat created at 2024-10-31 09:41:39,402 and sent to mynifi:8082 at 2024-10-31 09:41:39,410; send took 8 millis
2024-10-31 09:41:40,390 INFO [Heartbeat Monitor Thread-1] o.a.n.c.c.h.AbstractHeartbeatMonitor Finished processing 1 heartbeats in 14445 nanos
2024-10-31 09:41:43,817 INFO [pool-13-thread-1] o.a.n.c.r.WriteAheadFlowFileRepository Initiating checkpoint of FlowFile Repository
2024-10-31 09:41:43,817 INFO [pool-13-thread-1] o.a.n.c.r.WriteAheadFlowFileRepository Successfully checkpointed FlowFile Repository with 1 records in 0 milliseconds
2024-10-31 09:41:44,417 INFO [Process Cluster Protocol Request-3] o.a.n.c.p.impl.SocketProtocolListener Finished processing request f17a09c5-020b-402e-ba33-3c20056b29b9 (type=HEARTBEAT, length=2243 bytes) from mynifi:8080 in 2 millis
2024-10-31 09:41:44,419 INFO [Clustering Tasks Thread-2] o.a.n.c.c.ClusterProtocolHeartbeater Heartbeat created at 2024-10-31 09:41:44,411 and sent to mynifi:8082 at 2024-10-31 09:41:44,419; send took 8 millis
2024-10-31 09:41:45,391 INFO [Heartbeat Monitor Thread-1] o.a.n.c.c.h.AbstractHeartbeatMonitor Finished processing 1 heartbeats in 14448 nanos
2024-10-31 09:41:49,426 INFO [Process Cluster Protocol Request-4] o.a.n.c.p.impl.SocketProtocolListener Finished processing request 247d2a43-05f6-4f02-9d98-8da37c36fafb (type=HEARTBEAT, length=2243 bytes) from mynifi:8080 in 2 millis
2024-10-31 09:41:49,428 INFO [Clustering Tasks Thread-2] o.a.n.c.c.ClusterProtocolHeartbeater Heartbeat created at 2024-10-31 09:41:49,420 and sent to mynifi:8082 at 2024-10-31 09:41:49,428; send took 8 millis
2024-10-31 09:41:50,391 INFO [Heartbeat Monitor Thread-1] o.a.n.c.c.h.AbstractHeartbeatMonitor Finished processing 1 heartbeats in 14737 nanos
2024-10-31 09:41:54,435 INFO [Process Cluster Protocol Request-5] o.a.n.c.p.impl.SocketProtocolListener Finished processing request b9e54d0c-eb64-457e-9bba-476a26467a26 (type=HEARTBEAT, length=2243 bytes) from mynifi:8080 in 2 millis
2024-10-31 09:41:54,437 INFO [Clustering Tasks Thread-2] o.a.n.c.c.ClusterProtocolHeartbeater Heartbeat created at 2024-10-31 09:41:54,429 and sent to mynifi:8082 at 2024-10-31 09:41:54,437; send took 8 millis
2024-10-31 09:41:55,391 INFO [Heartbeat Monitor Thread-1] o.a.n.c.c.h.AbstractHeartbeatMonitor Finished processing 1 heartbeats in 13542 nanos
2024-10-31 09:41:59,444 INFO [Process Cluster Protocol Request-6] o.a.n.c.p.impl.SocketProtocolListener Finished processing request 0c86752f-1f3b-417f-809f-3d70cbeabb17 (type=HEARTBEAT, length=2243 bytes) from mynifi:8080 in 2 millis
2024-10-31 09:41:59,446 INFO [Clustering Tasks Thread-2] o.a.n.c.c.ClusterProtocolHeartbeater Heartbeat created at 2024-10-31 09:41:59,438 and sent to mynifi:8082 at 2024-10-31 09:41:59,446; send took 8 millis
2024-10-31 09:42:00,392 INFO [Heartbeat Monitor Thread-1] o.a.n.c.c.h.AbstractHeartbeatMonitor Finished processing 1 heartbeats in 13992 nanos
2024-10-31 09:42:03,817 INFO [pool-13-thread-1] o.a.n.c.r.WriteAheadFlowFileRepository Initiating checkpoint of FlowFile Repository
2024-10-31 09:42:03,817 INFO [pool-13-thread-1] o.a.n.c.r.WriteAheadFlowFileRepository Successfully checkpointed FlowFile Repository with 1 records in 0 milliseconds
2024-10-31 09:42:04,453 INFO [Process Cluster Protocol Request-7] o.a.n.c.p.impl.SocketProtocolListener Finished processing request a0bb9ac8-b0e2-4302-9210-22a9885087ca (type=HEARTBEAT, length=2243 bytes) from mynifi:8080 in 2 millis
2024-10-31 09:42:04,455 INFO [Clustering Tasks Thread-2] o.a.n.c.c.ClusterProtocolHeartbeater Heartbeat created at 2024-10-31 09:42:04,447 and sent to mynifi:8082 at 2024-10-31 09:42:04,455; send took 8 millis
2024-10-31 09:42:05,392 INFO [Heartbeat Monitor Thread-1] o.a.n.c.c.h.AbstractHeartbeatMonitor Finished processing 1 heartbeats in 13789 nanos
2024-10-31 09:42:08,479 INFO [Write-Ahead Local State Provider Maintenance] org.wali.MinimalLockingWriteAheadLog org.wali.MinimalLockingWriteAheadLog@7555782c checkpointed with 25 Records and 0 Swap Files in 6 milliseconds (Stop-the-world time = 4 milliseconds, Clear Edit Logs time = 0 millis), max Transaction ID 111
2024-10-31 09:42:09,462 INFO [Process Cluster Protocol Request-8] o.a.n.c.p.impl.SocketProtocolListener Finished processing request 747afd69-0ea6-4358-890b-6fd27625d214 (type=HEARTBEAT, length=2243 bytes) from mynifi:8080 in 2 millis
2024-10-31 09:42:09,465 INFO [Clustering Tasks Thread-2] o.a.n.c.c.ClusterProtocolHeartbeater Heartbeat created at 2024-10-31 09:42:09,456 and sent to mynifi:8082 at 2024-10-31 09:42:09,465; send took 8 millis
2024-10-31 09:42:10,392 INFO [Heartbeat Monitor Thread-1] o.a.n.c.c.h.AbstractHeartbeatMonitor Finished processing 1 heartbeats in 13658 nanos
2024-10-31 09:42:12,390 INFO [Cleanup Archive for default] o.a.n.c.repository.FileSystemRepository Successfully deleted 0 files (0 bytes) from archive
2024-10-31 09:42:14,467 INFO [Process Cluster Protocol Request-9] o.a.n.c.p.impl.SocketProtocolListener Finished processing request 6b67d701-4de6-4d8d-81b3-6abb78772fb4 (type=HEARTBEAT, length=2243 bytes) from mynifi:8080 in 731127 nanos
2024-10-31 09:42:14,467 INFO [Clustering Tasks Thread-2] o.a.n.c.c.ClusterProtocolHeartbeater Heartbeat created at 2024-10-31 09:42:14,465 and sent to mynifi:8082 at 2024-10-31 09:42:14,467; send took 2 millis
2024-10-31 09:42:15,393 INFO [Heartbeat Monitor Thread-1] o.a.n.c.c.h.AbstractHeartbeatMonitor Finished processing 1 heartbeats in 14046 nanos
2024-10-31 09:42:19,473 INFO [Process Cluster Protocol Request-10] o.a.n.c.p.impl.SocketProtocolListener Finished processing request cb1f0373-d85a-42f8-9921-b8441bba8abb (type=HEARTBEAT, length=2243 bytes) from mynifi:8080 in 2 millis
2024-10-31 09:42:19,477 INFO [Clustering Tasks Thread-2] o.a.n.c.c.ClusterProtocolHeartbeater Heartbeat created at 2024-10-31 09:42:19,468 and sent to mynifi:8082 at 2024-10-31 09:42:19,477; send took 9 millis
2024-10-31 09:42:20,393 INFO [Heartbeat Monitor Thread-1] o.a.n.c.c.h.AbstractHeartbeatMonitor Finished processing 1 heartbeats in 15759 nanos
2024-10-31 09:42:23,817 INFO [pool-13-thread-1] o.a.n.c.r.WriteAheadFlowFileRepository Initiating checkpoint of FlowFile Repository
2024-10-31 09:42:23,818 INFO [pool-13-thread-1] o.a.n.c.r.WriteAheadFlowFileRepository Successfully checkpointed FlowFile Repository with 1 records in 0 milliseconds
2024-10-31 09:42:24,483 INFO [Process Cluster Protocol Request-1] o.a.n.c.p.impl.SocketProtocolListener Finished processing request 3cd7431f-877d-4ad3-a30a-1910bbf24573 (type=HEARTBEAT, length=2243 bytes) from mynifi:8080 in 2 millis
2024-10-31 09:42:24,485 INFO [Clustering Tasks Thread-2] o.a.n.c.c.ClusterProtocolHeartbeater Heartbeat created at 2024-10-31 09:42:24,477 and sent to mynifi:8082 at 2024-10-31 09:42:24,485; send took 7 millis
2024-10-31 09:42:25,393 INFO [Heartbeat Monitor Thread-1] o.a.n.c.c.h.AbstractHeartbeatMonitor Finished processing 1 heartbeats in 14157 nanos
2024-10-31 09:42:29,491 INFO [Process Cluster Protocol Request-2] o.a.n.c.p.impl.SocketProtocolListener Finished processing request e67f1f51-f1d4-48fa-9e42-34885502f54c (type=HEARTBEAT, length=2243 bytes) from mynifi:8080 in 2 millis
2024-10-31 09:42:29,494 INFO [Clustering Tasks Thread-2] o.a.n.c.c.ClusterProtocolHeartbeater Heartbeat created at 2024-10-31 09:42:29,486 and sent to mynifi:8082 at 2024-10-31 09:42:29,494; send took 8 millis
2024-10-31 09:42:30,394 INFO [Heartbeat Monitor Thread-1] o.a.n.c.c.h.AbstractHeartbeatMonitor Finished processing 1 heartbeats in 13867 nanos
2024-10-31 09:42:34,500 INFO [Process Cluster Protocol Request-3] o.a.n.c.p.impl.SocketProtocolListener Finished processing request d156c24e-4907-48ff-a0ea-a0b119a6499b (type=HEARTBEAT, length=2243 bytes) from mynifi:8080 in 2 millis
2024-10-31 09:42:34,502 INFO [Clustering Tasks Thread-2] o.a.n.c.c.ClusterProtocolHeartbeater Heartbeat created at 2024-10-31 09:42:34,494 and sent to mynifi:8082 at 2024-10-31 09:42:34,502; send took 8 millis
2024-10-31 09:42:35,394 INFO [Heartbeat Monitor Thread-1] o.a.n.c.c.h.AbstractHeartbeatMonitor Finished processing 1 heartbeats in 14162 nanos
2024-10-31 09:42:39,509 INFO [Process Cluster Protocol Request-4] o.a.n.c.p.impl.SocketProtocolListener Finished processing request 53bbebe4-c780-46db-8166-1a44a5e7da71 (type=HEARTBEAT, length=2243 bytes) from mynifi:8080 in 2 millis
2024-10-31 09:42:39,511 INFO [Clustering Tasks Thread-2] o.a.n.c.c.ClusterProtocolHeartbeater Heartbeat created at 2024-10-31 09:42:39,503 and sent to mynifi:8082 at 2024-10-31 09:42:39,511; send took 8 millis
2024-10-31 09:42:40,395 INFO [Heartbeat Monitor Thread-1] o.a.n.c.c.h.AbstractHeartbeatMonitor Finished processing 1 heartbeats in 16467 nanos
2024-10-31 09:42:43,818 INFO [pool-13-thread-1] o.a.n.c.r.WriteAheadFlowFileRepository Initiating checkpoint of FlowFile Repository
2024-10-31 09:42:43,818 INFO [pool-13-thread-1] o.a.n.c.r.WriteAheadFlowFileRepository Successfully checkpointed FlowFile Repository with 1 records in 0 milliseconds
2024-10-31 09:42:44,517 INFO [Process Cluster Protocol Request-5] o.a.n.c.p.impl.SocketProtocolListener Finished processing request 811e2f41-1f6a-4f21-935d-edd587ae0bdc (type=HEARTBEAT, length=2243 bytes) from mynifi:8080 in 2 millis
2024-10-31 09:42:44,520 INFO [Clustering Tasks Thread-2] o.a.n.c.c.ClusterProtocolHeartbeater Heartbeat created at 2024-10-31 09:42:44,512 and sent to mynifi:8082 at 2024-10-31 09:42:44,520; send took 8 millis
2024-10-31 09:42:45,395 INFO [Heartbeat Monitor Thread-1] o.a.n.c.c.h.AbstractHeartbeatMonitor Finished processing 1 heartbeats in 14204 nanos
2024-10-31 09:42:49,527 INFO [Process Cluster Protocol Request-6] o.a.n.c.p.impl.SocketProtocolListener Finished processing request cbe3b46a-fa52-4d61-8b66-70fe9104f069 (type=HEARTBEAT, length=2243 bytes) from mynifi:8080 in 2 millis
2024-10-31 09:42:49,530 INFO [Clustering Tasks Thread-2] o.a.n.c.c.ClusterProtocolHeartbeater Heartbeat created at 2024-10-31 09:42:49,521 and sent to mynifi:8082 at 2024-10-31 09:42:49,530; send took 8 millis
2024-10-31 09:42:50,396 INFO [Heartbeat Monitor Thread-1] o.a.n.c.c.h.AbstractHeartbeatMonitor Finished processing 1 heartbeats in 8053 nanos
2024-10-31 09:42:54,532 INFO [Process Cluster Protocol Request-7] o.a.n.c.p.impl.SocketProtocolListener Finished processing request b304a3eb-21f5-41b1-a8f1-15b2df1ee847 (type=HEARTBEAT, length=2243 bytes) from mynifi:8080 in 1 millis
2024-10-31 09:42:54,534 INFO [Clustering Tasks Thread-2] o.a.n.c.c.ClusterProtocolHeartbeater Heartbeat created at 2024-10-31 09:42:54,530 and sent to mynifi:8082 at 2024-10-31 09:42:54,534; send took 4 millis
2024-10-31 09:42:55,397 INFO [Heartbeat Monitor Thread-1] o.a.n.c.c.h.AbstractHeartbeatMonitor Finished processing 1 heartbeats in 14138 nanos
2024-10-31 09:42:59,541 INFO [Process Cluster Protocol Request-8] o.a.n.c.p.impl.SocketProtocolListener Finished processing request d4641ed3-b6ff-4da8-b8eb-ef31aa9180f1 (type=HEARTBEAT, length=2243 bytes) from mynifi:8080 in 2 millis
2024-10-31 09:42:59,544 INFO [Clustering Tasks Thread-2] o.a.n.c.c.ClusterProtocolHeartbeater Heartbeat created at 2024-10-31 09:42:59,535 and sent to mynifi:8082 at 2024-10-31 09:42:59,544; send took 9 millis
2024-10-31 09:43:00,397 INFO [Heartbeat Monitor Thread-1] o.a.n.c.c.h.AbstractHeartbeatMonitor Finished processing 1 heartbeats in 6058 nanos
2024-10-31 09:43:03,818 INFO [pool-13-thread-1] o.a.n.c.r.WriteAheadFlowFileRepository Initiating checkpoint of FlowFile Repository
2024-10-31 09:43:03,818 INFO [pool-13-thread-1] o.a.n.c.r.WriteAheadFlowFileRepository Successfully checkpointed FlowFile Repository with 1 records in 0 milliseconds
2024-10-31 09:43:04,550 INFO [Process Cluster Protocol Request-9] o.a.n.c.p.impl.SocketProtocolListener Finished processing request ffc22382-6cd9-4c30-b474-2df067436e2b (type=HEARTBEAT, length=2243 bytes) from mynifi:8080 in 2 millis
2024-10-31 09:43:04,553 INFO [Clustering Tasks Thread-2] o.a.n.c.c.ClusterProtocolHeartbeater Heartbeat created at 2024-10-31 09:43:04,545 and sent to mynifi:8082 at 2024-10-31 09:43:04,553; send took 7 millis
2024-10-31 09:43:05,397 INFO [Heartbeat Monitor Thread-1] o.a.n.c.c.h.AbstractHeartbeatMonitor Finished processing 1 heartbeats in 14252 nanos
2024-10-31 09:43:09,559 INFO [Process Cluster Protocol Request-10] o.a.n.c.p.impl.SocketProtocolListener Finished processing request fc094d0f-be6d-4760-b402-4fd3b14f4d11 (type=HEARTBEAT, length=2243 bytes) from mynifi:8080 in 2 millis
2024-10-31 09:43:09,562 INFO [Clustering Tasks Thread-2] o.a.n.c.c.ClusterProtocolHeartbeater Heartbeat created at 2024-10-31 09:43:09,553 and sent to mynifi:8082 at 2024-10-31 09:43:09,562; send took 8 millis
2024-10-31 09:43:10,398 INFO [Heartbeat Monitor Thread-1] o.a.n.c.c.h.AbstractHeartbeatMonitor Finished processing 1 heartbeats in 14124 nanos
2024-10-31 09:43:12,456 INFO [Cleanup Archive for default] o.a.n.c.repository.FileSystemRepository Successfully deleted 0 files (0 bytes) from archive
2024-10-31 09:43:14,568 INFO [Process Cluster Protocol Request-1] o.a.n.c.p.impl.SocketProtocolListener Finished processing request 8a6a52f4-346c-41e8-9df4-bbdb18729a94 (type=HEARTBEAT, length=2243 bytes) from mynifi:8080 in 2 millis
2024-10-31 09:43:14,570 INFO [Clustering Tasks Thread-2] o.a.n.c.c.ClusterProtocolHeartbeater Heartbeat created at 2024-10-31 09:43:14,562 and sent to mynifi:8082 at 2024-10-31 09:43:14,570; send took 7 millis
2024-10-31 09:43:15,398 INFO [Heartbeat Monitor Thread-1] o.a.n.c.c.h.AbstractHeartbeatMonitor Finished processing 1 heartbeats in 8324 nanos
2024-10-31 09:43:19,577 INFO [Process Cluster Protocol Request-2] o.a.n.c.p.impl.SocketProtocolListener Finished processing request 230950a8-dd95-481e-a78a-916adb7cd4e6 (type=HEARTBEAT, length=2243 bytes) from mynifi:8080 in 2 millis
2024-10-31 09:43:19,580 INFO [Clustering Tasks Thread-2] o.a.n.c.c.ClusterProtocolHeartbeater Heartbeat created at 2024-10-31 09:43:19,571 and sent to mynifi:8082 at 2024-10-31 09:43:19,580; send took 9 millis
2024-10-31 09:43:20,398 INFO [Heartbeat Monitor Thread-1] o.a.n.c.c.h.AbstractHeartbeatMonitor Finished processing 1 heartbeats in 14251 nanos
2024-10-31 09:43:23,818 INFO [pool-13-thread-1] o.a.n.c.r.WriteAheadFlowFileRepository Initiating checkpoint of FlowFile Repository
2024-10-31 09:43:23,819 INFO [pool-13-thread-1] o.a.n.c.r.WriteAheadFlowFileRepository Successfully checkpointed FlowFile Repository with 1 records in 0 milliseconds
2024-10-31 09:43:24,586 INFO [Process Cluster Protocol Request-3] o.a.n.c.p.impl.SocketProtocolListener Finished processing request e6564fc2-cd00-4c62-b216-6a70743391cf (type=HEARTBEAT, length=2243 bytes) from mynifi:8080 in 2 millis
2024-10-31 09:43:24,589 INFO [Clustering Tasks Thread-2] o.a.n.c.c.ClusterProtocolHeartbeater Heartbeat created at 2024-10-31 09:43:24,581 and sent to mynifi:8082 at 2024-10-31 09:43:24,589; send took 8 millis
2024-10-31 09:43:25,398 INFO [Heartbeat Monitor Thread-1] o.a.n.c.c.h.AbstractHeartbeatMonitor Finished processing 1 heartbeats in 13148 nanos
2024-10-31 09:43:29,595 INFO [Process Cluster Protocol Request-4] o.a.n.c.p.impl.SocketProtocolListener Finished processing request c7db924a-4f96-47e4-bb28-6fc4ade16b06 (type=HEARTBEAT, length=2243 bytes) from mynifi:8080 in 2 millis
2024-10-31 09:43:29,597 INFO [Clustering Tasks Thread-2] o.a.n.c.c.ClusterProtocolHeartbeater Heartbeat created at 2024-10-31 09:43:29,589 and sent to mynifi:8082 at 2024-10-31 09:43:29,597; send took 7 millis
2024-10-31 09:43:30,399 INFO [Heartbeat Monitor Thread-1] o.a.n.c.c.h.AbstractHeartbeatMonitor Finished processing 1 heartbeats in 5630 nanos
2024-10-31 09:43:34,603 INFO [Process Cluster Protocol Request-5] o.a.n.c.p.impl.SocketProtocolListener Finished processing request a4a3d938-6a27-45cc-be10-cc27fa87eb80 (type=HEARTBEAT, length=2243 bytes) from mynifi:8080 in 2 millis
2024-10-31 09:43:34,606 INFO [Clustering Tasks Thread-2] o.a.n.c.c.ClusterProtocolHeartbeater Heartbeat created at 2024-10-31 09:43:34,598 and sent to mynifi:8082 at 2024-10-31 09:43:34,606; send took 8 millis
2024-10-31 09:43:35,399 INFO [Heartbeat Monitor Thread-1] o.a.n.c.c.h.AbstractHeartbeatMonitor Finished processing 1 heartbeats in 13463 nanos
2024-10-31 09:43:39,612 INFO [Process Cluster Protocol Request-6] o.a.n.c.p.impl.SocketProtocolListener Finished processing request e5c8e124-c61b-4e79-8898-eeee639b4269 (type=HEARTBEAT, length=2243 bytes) from mynifi:8080 in 2 millis
2024-10-31 09:43:39,615 INFO [Clustering Tasks Thread-2] o.a.n.c.c.ClusterProtocolHeartbeater Heartbeat created at 2024-10-31 09:43:39,606 and sent to mynifi:8082 at 2024-10-31 09:43:39,615; send took 8 millis
2024-10-31 09:43:40,399 INFO [Heartbeat Monitor Thread-1] o.a.n.c.c.h.AbstractHeartbeatMonitor Finished processing 1 heartbeats in 14127 nanos
2024-10-31 09:43:43,819 INFO [pool-13-thread-1] o.a.n.c.r.WriteAheadFlowFileRepository Initiating checkpoint of FlowFile Repository
2024-10-31 09:43:43,819 INFO [pool-13-thread-1] o.a.n.c.r.WriteAheadFlowFileRepository Successfully checkpointed FlowFile Repository with 1 records in 0 milliseconds
2024-10-31 09:43:44,621 INFO [Process Cluster Protocol Request-7] o.a.n.c.p.impl.SocketProtocolListener Finished processing request 626a88f4-4af5-4df6-ac69-0cb8c9071702 (type=HEARTBEAT, length=2243 bytes) from mynifi:8080 in 2 millis
2024-10-31 09:43:44,623 INFO [Clustering Tasks Thread-2] o.a.n.c.c.ClusterProtocolHeartbeater Heartbeat created at 2024-10-31 09:43:44,615 and sent to mynifi:8082 at 2024-10-31 09:43:44,623; send took 8 millis
2024-10-31 09:43:45,400 INFO [Heartbeat Monitor Thread-1] o.a.n.c.c.h.AbstractHeartbeatMonitor Finished processing 1 heartbeats in 14306 nanos
2024-10-31 09:43:49,629 INFO [Process Cluster Protocol Request-8] o.a.n.c.p.impl.SocketProtocolListener Finished processing request 6ecb8f8c-f7f5-4e57-bd29-736e3fa64611 (type=HEARTBEAT, length=2243 bytes) from mynifi:8080 in 2 millis
2024-10-31 09:43:49,632 INFO [Clustering Tasks Thread-2] o.a.n.c.c.ClusterProtocolHeartbeater Heartbeat created at 2024-10-31 09:43:49,624 and sent to mynifi:8082 at 2024-10-31 09:43:49,632; send took 8 millis
2024-10-31 09:43:50,400 INFO [Heartbeat Monitor Thread-1] o.a.n.c.c.h.AbstractHeartbeatMonitor Finished processing 1 heartbeats in 7309 nanos
2024-10-31 09:43:54,638 INFO [Process Cluster Protocol Request-9] o.a.n.c.p.impl.SocketProtocolListener Finished processing request a3cabd11-79a1-467c-a8e5-c8e42d6cb5aa (type=HEARTBEAT, length=2243 bytes) from mynifi:8080 in 2 millis
2024-10-31 09:43:54,640 INFO [Clustering Tasks Thread-2] o.a.n.c.c.ClusterProtocolHeartbeater Heartbeat created at 2024-10-31 09:43:54,632 and sent to mynifi:8082 at 2024-10-31 09:43:54,640; send took 7 millis
2024-10-31 09:43:55,400 INFO [Heartbeat Monitor Thread-1] o.a.n.c.c.h.AbstractHeartbeatMonitor Finished processing 1 heartbeats in 13859 nanos
2024-10-31 09:43:59,646 INFO [Process Cluster Protocol Request-10] o.a.n.c.p.impl.SocketProtocolListener Finished processing request ad437ecc-2965-4459-9426-cc350a4d2347 (type=HEARTBEAT, length=2243 bytes) from mynifi:8080 in 2 millis
2024-10-31 09:43:59,649 INFO [Clustering Tasks Thread-2] o.a.n.c.c.ClusterProtocolHeartbeater Heartbeat created at 2024-10-31 09:43:59,641 and sent to mynifi:8082 at 2024-10-31 09:43:59,649; send took 7 millis
2024-10-31 09:44:00,400 INFO [Heartbeat Monitor Thread-1] o.a.n.c.c.h.AbstractHeartbeatMonitor Finished processing 1 heartbeats in 13960 nanos
2024-10-31 09:44:03,819 INFO [pool-13-thread-1] o.a.n.c.r.WriteAheadFlowFileRepository Initiating checkpoint of FlowFile Repository
2024-10-31 09:44:03,819 INFO [pool-13-thread-1] o.a.n.c.r.WriteAheadFlowFileRepository Successfully checkpointed FlowFile Repository with 1 records in 0 milliseconds
2024-10-31 09:44:04,655 INFO [Process Cluster Protocol Request-1] o.a.n.c.p.impl.SocketProtocolListener Finished processing request 51fc3caa-a53d-449d-9541-68f0820e5df0 (type=HEARTBEAT, length=2243 bytes) from mynifi:8080 in 2 millis
2024-10-31 09:44:04,657 INFO [Clustering Tasks Thread-2] o.a.n.c.c.ClusterProtocolHeartbeater Heartbeat created at 2024-10-31 09:44:04,649 and sent to mynifi:8082 at 2024-10-31 09:44:04,657; send took 8 millis
2024-10-31 09:44:05,401 INFO [Heartbeat Monitor Thread-1] o.a.n.c.c.h.AbstractHeartbeatMonitor Finished processing 1 heartbeats in 15528 nanos
2024-10-31 09:44:08,486 INFO [Write-Ahead Local State Provider Maintenance] org.wali.MinimalLockingWriteAheadLog org.wali.MinimalLockingWriteAheadLog@7555782c checkpointed with 25 Records and 0 Swap Files in 7 milliseconds (Stop-the-world time = 4 milliseconds, Clear Edit Logs time = 0 millis), max Transaction ID 111
2024-10-31 09:44:09,663 INFO [Process Cluster Protocol Request-2] o.a.n.c.p.impl.SocketProtocolListener Finished processing request ec927d22-e38b-4fe6-807a-d519f0c22b0f (type=HEARTBEAT, length=2243 bytes) from mynifi:8080 in 2 millis
2024-10-31 09:44:09,664 INFO [Clustering Tasks Thread-2] o.a.n.c.c.ClusterProtocolHeartbeater Heartbeat created at 2024-10-31 09:44:09,658 and sent to mynifi:8082 at 2024-10-31 09:44:09,664; send took 6 millis
2024-10-31 09:44:10,401 INFO [Heartbeat Monitor Thread-1] o.a.n.c.c.h.AbstractHeartbeatMonitor Finished processing 1 heartbeats in 12553 nanos
2024-10-31 09:44:12,484 INFO [Cleanup Archive for default] o.a.n.c.repository.FileSystemRepository Successfully deleted 0 files (0 bytes) from archive
2024-10-31 09:44:14,666 INFO [Process Cluster Protocol Request-3] o.a.n.c.p.impl.SocketProtocolListener Finished processing request ea26098c-cfc5-4c37-8b92-af1a4df24fa6 (type=HEARTBEAT, length=2243 bytes) from mynifi:8080 in 648618 nanos
2024-10-31 09:44:14,666 INFO [Clustering Tasks Thread-2] o.a.n.c.c.ClusterProtocolHeartbeater Heartbeat created at 2024-10-31 09:44:14,664 and sent to mynifi:8082 at 2024-10-31 09:44:14,666; send took 2 millis
2024-10-31 09:44:15,401 INFO [Heartbeat Monitor Thread-1] o.a.n.c.c.h.AbstractHeartbeatMonitor Finished processing 1 heartbeats in 13731 nanos
2024-10-31 09:44:19,672 INFO [Process Cluster Protocol Request-4] o.a.n.c.p.impl.SocketProtocolListener Finished processing request 43a3f764-83a2-4c19-8ed0-0b36e5b1d095 (type=HEARTBEAT, length=2243 bytes) from mynifi:8080 in 2 millis
2024-10-31 09:44:19,675 INFO [Clustering Tasks Thread-2] o.a.n.c.c.ClusterProtocolHeartbeater Heartbeat created at 2024-10-31 09:44:19,667 and sent to mynifi:8082 at 2024-10-31 09:44:19,675; send took 8 millis
2024-10-31 09:44:20,402 INFO [Heartbeat Monitor Thread-1] o.a.n.c.c.h.AbstractHeartbeatMonitor Finished processing 1 heartbeats in 14115 nanos
2024-10-31 09:44:23,820 INFO [pool-13-thread-1] o.a.n.c.r.WriteAheadFlowFileRepository Initiating checkpoint of FlowFile Repository
2024-10-31 09:44:23,820 INFO [pool-13-thread-1] o.a.n.c.r.WriteAheadFlowFileRepository Successfully checkpointed FlowFile Repository with 1 records in 0 milliseconds
2024-10-31 09:44:24,681 INFO [Process Cluster Protocol Request-5] o.a.n.c.p.impl.SocketProtocolListener Finished processing request b6b0494d-5806-45e5-af72-facb4ff72a41 (type=HEARTBEAT, length=2243 bytes) from mynifi:8080 in 2 millis
2024-10-31 09:44:24,683 INFO [Clustering Tasks Thread-2] o.a.n.c.c.ClusterProtocolHeartbeater Heartbeat created at 2024-10-31 09:44:24,675 and sent to mynifi:8082 at 2024-10-31 09:44:24,683; send took 8 millis
2024-10-31 09:44:25,402 INFO [Heartbeat Monitor Thread-1] o.a.n.c.c.h.AbstractHeartbeatMonitor Finished processing 1 heartbeats in 12649 nanos
2024-10-31 09:44:29,690 INFO [Process Cluster Protocol Request-6] o.a.n.c.p.impl.SocketProtocolListener Finished processing request 086bfe54-6db7-41ae-8459-3f2986d46feb (type=HEARTBEAT, length=2243 bytes) from mynifi:8080 in 2 millis
2024-10-31 09:44:29,692 INFO [Clustering Tasks Thread-2] o.a.n.c.c.ClusterProtocolHeartbeater Heartbeat created at 2024-10-31 09:44:29,684 and sent to mynifi:8082 at 2024-10-31 09:44:29,692; send took 7 millis
2024-10-31 09:44:30,402 INFO [Heartbeat Monitor Thread-1] o.a.n.c.c.h.AbstractHeartbeatMonitor Finished processing 1 heartbeats in 14411 nanos
2024-10-31 09:44:34,698 INFO [Process Cluster Protocol Request-7] o.a.n.c.p.impl.SocketProtocolListener Finished processing request d2268cea-8aa4-4d01-8f7c-6aecf1b578b3 (type=HEARTBEAT, length=2243 bytes) from mynifi:8080 in 2 millis
2024-10-31 09:44:34,701 INFO [Clustering Tasks Thread-2] o.a.n.c.c.ClusterProtocolHeartbeater Heartbeat created at 2024-10-31 09:44:34,692 and sent to mynifi:8082 at 2024-10-31 09:44:34,701; send took 8 millis
2024-10-31 09:44:35,403 INFO [Heartbeat Monitor Thread-1] o.a.n.c.c.h.AbstractHeartbeatMonitor Finished processing 1 heartbeats in 13588 nanos
2024-10-31 09:44:39,707 INFO [Process Cluster Protocol Request-8] o.a.n.c.p.impl.SocketProtocolListener Finished processing request 4eb6ead6-e0d0-42af-baf1-d500ece95ba8 (type=HEARTBEAT, length=2243 bytes) from mynifi:8080 in 2 millis
2024-10-31 09:44:39,710 INFO [Clustering Tasks Thread-2] o.a.n.c.c.ClusterProtocolHeartbeater Heartbeat created at 2024-10-31 09:44:39,701 and sent to mynifi:8082 at 2024-10-31 09:44:39,710; send took 8 millis
2024-10-31 09:44:40,403 INFO [Heartbeat Monitor Thread-1] o.a.n.c.c.h.AbstractHeartbeatMonitor Finished processing 1 heartbeats in 13002 nanos
2024-10-31 09:44:43,820 INFO [pool-13-thread-1] o.a.n.c.r.WriteAheadFlowFileRepository Initiating checkpoint of FlowFile Repository
2024-10-31 09:44:43,820 INFO [pool-13-thread-1] o.a.n.c.r.WriteAheadFlowFileRepository Successfully checkpointed FlowFile Repository with 1 records in 0 milliseconds
2024-10-31 09:44:44,715 INFO [Process Cluster Protocol Request-9] o.a.n.c.p.impl.SocketProtocolListener Finished processing request 7c9d2ec6-898e-4029-9cbe-e00b7e9a2ef2 (type=HEARTBEAT, length=2243 bytes) from mynifi:8080 in 2 millis
2024-10-31 09:44:44,719 INFO [Clustering Tasks Thread-2] o.a.n.c.c.ClusterProtocolHeartbeater Heartbeat created at 2024-10-31 09:44:44,710 and sent to mynifi:8082 at 2024-10-31 09:44:44,719; send took 8 millis
2024-10-31 09:44:45,404 INFO [Heartbeat Monitor Thread-1] o.a.n.c.c.h.AbstractHeartbeatMonitor Finished processing 1 heartbeats in 6821 nanos
2024-10-31 09:44:49,725 INFO [Process Cluster Protocol Request-10] o.a.n.c.p.impl.SocketProtocolListener Finished processing request 373a63b1-d01b-41ed-b5c9-e6ddf9ea6874 (type=HEARTBEAT, length=2243 bytes) from mynifi:8080 in 2 millis
2024-10-31 09:44:49,728 INFO [Clustering Tasks Thread-2] o.a.n.c.c.ClusterProtocolHeartbeater Heartbeat created at 2024-10-31 09:44:49,719 and sent to mynifi:8082 at 2024-10-31 09:44:49,728; send took 8 millis
2024-10-31 09:44:50,404 INFO [Heartbeat Monitor Thread-1] o.a.n.c.c.h.AbstractHeartbeatMonitor Finished processing 1 heartbeats in 5669 nanos
2024-10-31 09:44:54,734 INFO [Process Cluster Protocol Request-1] o.a.n.c.p.impl.SocketProtocolListener Finished processing request d61ab6f9-062b-4d3d-b5b0-ba3f578ee842 (type=HEARTBEAT, length=2243 bytes) from mynifi:8080 in 2 millis
2024-10-31 09:44:54,736 INFO [Clustering Tasks Thread-2] o.a.n.c.c.ClusterProtocolHeartbeater Heartbeat created at 2024-10-31 09:44:54,728 and sent to mynifi:8082 at 2024-10-31 09:44:54,736; send took 8 millis
2024-10-31 09:44:55,404 INFO [Heartbeat Monitor Thread-1] o.a.n.c.c.h.AbstractHeartbeatMonitor Finished processing 1 heartbeats in 9863 nanos
2024-10-31 09:44:59,742 INFO [Process Cluster Protocol Request-2] o.a.n.c.p.impl.SocketProtocolListener Finished processing request 3336a865-2adc-4f2f-b9ca-0d0b270ea4d7 (type=HEARTBEAT, length=2243 bytes) from mynifi:8080 in 2 millis
2024-10-31 09:44:59,746 INFO [Clustering Tasks Thread-2] o.a.n.c.c.ClusterProtocolHeartbeater Heartbeat created at 2024-10-31 09:44:59,737 and sent to mynifi:8082 at 2024-10-31 09:44:59,746; send took 9 millis
2024-10-31 09:45:00,404 INFO [Heartbeat Monitor Thread-1] o.a.n.c.c.h.AbstractHeartbeatMonitor Finished processing 1 heartbeats in 14382 nanos
2024-10-31 09:45:03,820 INFO [pool-13-thread-1] o.a.n.c.r.WriteAheadFlowFileRepository Initiating checkpoint of FlowFile Repository
2024-10-31 09:45:03,820 INFO [pool-13-thread-1] o.a.n.c.r.WriteAheadFlowFileRepository Successfully checkpointed FlowFile Repository with 1 records in 0 milliseconds
2024-10-31 09:45:04,752 INFO [Process Cluster Protocol Request-3] o.a.n.c.p.impl.SocketProtocolListener Finished processing request 4d674eb3-456e-4e9f-801b-e1515969ee6c (type=HEARTBEAT, length=2243 bytes) from mynifi:8080 in 2 millis
2024-10-31 09:45:04,755 INFO [Clustering Tasks Thread-2] o.a.n.c.c.ClusterProtocolHeartbeater Heartbeat created at 2024-10-31 09:45:04,747 and sent to mynifi:8082 at 2024-10-31 09:45:04,755; send took 8 millis
2024-10-31 09:45:05,405 INFO [Heartbeat Monitor Thread-1] o.a.n.c.c.h.AbstractHeartbeatMonitor Finished processing 1 heartbeats in 13416 nanos
2024-10-31 09:45:09,758 INFO [Process Cluster Protocol Request-4] o.a.n.c.p.impl.SocketProtocolListener Finished processing request fb2f3fe9-1d46-46ef-a38a-8b428fac44de (type=HEARTBEAT, length=2243 bytes) from mynifi:8080 in 1 millis
2024-10-31 09:45:09,759 INFO [Clustering Tasks Thread-2] o.a.n.c.c.ClusterProtocolHeartbeater Heartbeat created at 2024-10-31 09:45:09,755 and sent to mynifi:8082 at 2024-10-31 09:45:09,759; send took 3 millis
2024-10-31 09:45:10,405 INFO [Heartbeat Monitor Thread-1] o.a.n.c.c.h.AbstractHeartbeatMonitor Finished processing 1 heartbeats in 13360 nanos
2024-10-31 09:45:12,511 INFO [Cleanup Archive for default] o.a.n.c.repository.FileSystemRepository Successfully deleted 0 files (0 bytes) from archive
2024-10-31 09:45:14,763 INFO [Process Cluster Protocol Request-5] o.a.n.c.p.impl.SocketProtocolListener Finished processing request 16cf0459-645e-4cfd-aecd-723484b36eef (type=HEARTBEAT, length=2243 bytes) from mynifi:8080 in 2 millis
2024-10-31 09:45:14,766 INFO [Clustering Tasks Thread-2] o.a.n.c.c.ClusterProtocolHeartbeater Heartbeat created at 2024-10-31 09:45:14,759 and sent to mynifi:8082 at 2024-10-31 09:45:14,766; send took 6 millis
2024-10-31 09:45:15,405 INFO [Heartbeat Monitor Thread-1] o.a.n.c.c.h.AbstractHeartbeatMonitor Finished processing 1 heartbeats in 14576 nanos
2024-10-31 09:45:19,772 INFO [Process Cluster Protocol Request-6] o.a.n.c.p.impl.SocketProtocolListener Finished processing request 69d34094-71c6-4893-855e-8ea6db13a7e7 (type=HEARTBEAT, length=2243 bytes) from mynifi:8080 in 2 millis
2024-10-31 09:45:19,774 INFO [Clustering Tasks Thread-2] o.a.n.c.c.ClusterProtocolHeartbeater Heartbeat created at 2024-10-31 09:45:19,766 and sent to mynifi:8082 at 2024-10-31 09:45:19,774; send took 7 millis
2024-10-31 09:45:20,406 INFO [Heartbeat Monitor Thread-1] o.a.n.c.c.h.AbstractHeartbeatMonitor Finished processing 1 heartbeats in 13326 nanos
2024-10-31 09:45:23,821 INFO [pool-13-thread-1] o.a.n.c.r.WriteAheadFlowFileRepository Initiating checkpoint of FlowFile Repository
2024-10-31 09:45:23,821 INFO [pool-13-thread-1] o.a.n.c.r.WriteAheadFlowFileRepository Successfully checkpointed FlowFile Repository with 1 records in 0 milliseconds
2024-10-31 09:45:24,780 INFO [Process Cluster Protocol Request-7] o.a.n.c.p.impl.SocketProtocolListener Finished processing request 20eaf8fa-61c3-4f3a-9420-b7840055dc9d (type=HEARTBEAT, length=2243 bytes) from mynifi:8080 in 2 millis
2024-10-31 09:45:24,782 INFO [Clustering Tasks Thread-2] o.a.n.c.c.ClusterProtocolHeartbeater Heartbeat created at 2024-10-31 09:45:24,775 and sent to mynifi:8082 at 2024-10-31 09:45:24,782; send took 7 millis
2024-10-31 09:45:25,406 INFO [Heartbeat Monitor Thread-1] o.a.n.c.c.h.AbstractHeartbeatMonitor Finished processing 1 heartbeats in 13772 nanos
2024-10-31 09:45:29,789 INFO [Process Cluster Protocol Request-8] o.a.n.c.p.impl.SocketProtocolListener Finished processing request 0b3a5112-5fbc-42a2-875d-d703db94d54c (type=HEARTBEAT, length=2243 bytes) from mynifi:8080 in 2 millis
2024-10-31 09:45:29,791 INFO [Clustering Tasks Thread-2] o.a.n.c.c.ClusterProtocolHeartbeater Heartbeat created at 2024-10-31 09:45:29,783 and sent to mynifi:8082 at 2024-10-31 09:45:29,791; send took 8 millis
2024-10-31 09:45:30,406 INFO [Heartbeat Monitor Thread-1] o.a.n.c.c.h.AbstractHeartbeatMonitor Finished processing 1 heartbeats in 13643 nanos
2024-10-31 09:45:34,797 INFO [Process Cluster Protocol Request-9] o.a.n.c.p.impl.SocketProtocolListener Finished processing request c5c8ab37-7303-4f99-82a0-097898fe62ee (type=HEARTBEAT, length=2243 bytes) from mynifi:8080 in 2 millis
2024-10-31 09:45:34,799 INFO [Clustering Tasks Thread-2] o.a.n.c.c.ClusterProtocolHeartbeater Heartbeat created at 2024-10-31 09:45:34,792 and sent to mynifi:8082 at 2024-10-31 09:45:34,799; send took 7 millis
2024-10-31 09:45:35,407 INFO [Heartbeat Monitor Thread-1] o.a.n.c.c.h.AbstractHeartbeatMonitor Finished processing 1 heartbeats in 13390 nanos
2024-10-31 09:45:39,805 INFO [Process Cluster Protocol Request-10] o.a.n.c.p.impl.SocketProtocolListener Finished processing request 90cc2026-f214-4be4-8dab-4cd60b55d310 (type=HEARTBEAT, length=2243 bytes) from mynifi:8080 in 2 millis
2024-10-31 09:45:39,808 INFO [Clustering Tasks Thread-2] o.a.n.c.c.ClusterProtocolHeartbeater Heartbeat created at 2024-10-31 09:45:39,800 and sent to mynifi:8082 at 2024-10-31 09:45:39,808; send took 7 millis
2024-10-31 09:45:40,407 INFO [Heartbeat Monitor Thread-1] o.a.n.c.c.h.AbstractHeartbeatMonitor Finished processing 1 heartbeats in 14193 nanos
2024-10-31 09:45:43,821 INFO [pool-13-thread-1] o.a.n.c.r.WriteAheadFlowFileRepository Initiating checkpoint of FlowFile Repository
2024-10-31 09:45:43,821 INFO [pool-13-thread-1] o.a.n.c.r.WriteAheadFlowFileRepository Successfully checkpointed FlowFile Repository with 1 records in 0 milliseconds
2024-10-31 09:45:44,814 INFO [Process Cluster Protocol Request-1] o.a.n.c.p.impl.SocketProtocolListener Finished processing request 771b0aa6-7655-49ca-bae7-9df4c675fabb (type=HEARTBEAT, length=2243 bytes) from mynifi:8080 in 2 millis
2024-10-31 09:45:44,816 INFO [Clustering Tasks Thread-2] o.a.n.c.c.ClusterProtocolHeartbeater Heartbeat created at 2024-10-31 09:45:44,808 and sent to mynifi:8082 at 2024-10-31 09:45:44,816; send took 7 millis
2024-10-31 09:45:45,407 INFO [Heartbeat Monitor Thread-1] o.a.n.c.c.h.AbstractHeartbeatMonitor Finished processing 1 heartbeats in 13742 nanos
2024-10-31 09:45:49,822 INFO [Process Cluster Protocol Request-2] o.a.n.c.p.impl.SocketProtocolListener Finished processing request bfb0210e-fc37-468b-a947-c2e6930f612f (type=HEARTBEAT, length=2243 bytes) from mynifi:8080 in 2 millis
2024-10-31 09:45:49,825 INFO [Clustering Tasks Thread-2] o.a.n.c.c.ClusterProtocolHeartbeater Heartbeat created at 2024-10-31 09:45:49,817 and sent to mynifi:8082 at 2024-10-31 09:45:49,825; send took 8 millis
2024-10-31 09:45:50,408 INFO [Heartbeat Monitor Thread-1] o.a.n.c.c.h.AbstractHeartbeatMonitor Finished processing 1 heartbeats in 13553 nanos
2024-10-31 09:45:54,831 INFO [Process Cluster Protocol Request-3] o.a.n.c.p.impl.SocketProtocolListener Finished processing request bd203869-cb46-4775-bc5c-fc9aa29da7df (type=HEARTBEAT, length=2243 bytes) from mynifi:8080 in 2 millis
2024-10-31 09:45:54,833 INFO [Clustering Tasks Thread-2] o.a.n.c.c.ClusterProtocolHeartbeater Heartbeat created at 2024-10-31 09:45:54,825 and sent to mynifi:8082 at 2024-10-31 09:45:54,833; send took 7 millis
2024-10-31 09:45:55,408 INFO [Heartbeat Monitor Thread-1] o.a.n.c.c.h.AbstractHeartbeatMonitor Finished processing 1 heartbeats in 13801 nanos
2024-10-31 09:45:59,839 INFO [Process Cluster Protocol Request-4] o.a.n.c.p.impl.SocketProtocolListener Finished processing request 1e2c6892-4f81-4142-87b0-66a9ad618b26 (type=HEARTBEAT, length=2243 bytes) from mynifi:8080 in 2 millis
2024-10-31 09:45:59,841 INFO [Clustering Tasks Thread-2] o.a.n.c.c.ClusterProtocolHeartbeater Heartbeat created at 2024-10-31 09:45:59,834 and sent to mynifi:8082 at 2024-10-31 09:45:59,841; send took 7 millis
2024-10-31 09:46:00,408 INFO [Heartbeat Monitor Thread-1] o.a.n.c.c.h.AbstractHeartbeatMonitor Finished processing 1 heartbeats in 13799 nanos
2024-10-31 09:46:03,821 INFO [pool-13-thread-1] o.a.n.c.r.WriteAheadFlowFileRepository Initiating checkpoint of FlowFile Repository
2024-10-31 09:46:03,822 INFO [pool-13-thread-1] o.a.n.c.r.WriteAheadFlowFileRepository Successfully checkpointed FlowFile Repository with 1 records in 0 milliseconds
2024-10-31 09:46:04,847 INFO [Process Cluster Protocol Request-5] o.a.n.c.p.impl.SocketProtocolListener Finished processing request 5bf1eadb-1784-4930-a748-a3fcad983e03 (type=HEARTBEAT, length=2243 bytes) from mynifi:8080 in 2 millis
2024-10-31 09:46:04,850 INFO [Clustering Tasks Thread-2] o.a.n.c.c.ClusterProtocolHeartbeater Heartbeat created at 2024-10-31 09:46:04,842 and sent to mynifi:8082 at 2024-10-31 09:46:04,850; send took 7 millis
2024-10-31 09:46:05,409 INFO [Heartbeat Monitor Thread-1] o.a.n.c.c.h.AbstractHeartbeatMonitor Finished processing 1 heartbeats in 13515 nanos
2024-10-31 09:46:08,493 INFO [Write-Ahead Local State Provider Maintenance] org.wali.MinimalLockingWriteAheadLog org.wali.MinimalLockingWriteAheadLog@7555782c checkpointed with 25 Records and 0 Swap Files in 6 milliseconds (Stop-the-world time = 4 milliseconds, Clear Edit Logs time = 0 millis), max Transaction ID 111
2024-10-31 09:46:09,856 INFO [Process Cluster Protocol Request-6] o.a.n.c.p.impl.SocketProtocolListener Finished processing request de030735-b812-40f4-beb1-8e39e6d340c9 (type=HEARTBEAT, length=2243 bytes) from mynifi:8080 in 2 millis
2024-10-31 09:46:09,858 INFO [Clustering Tasks Thread-2] o.a.n.c.c.ClusterProtocolHeartbeater Heartbeat created at 2024-10-31 09:46:09,850 and sent to mynifi:8082 at 2024-10-31 09:46:09,858; send took 7 millis
2024-10-31 09:46:10,409 INFO [Heartbeat Monitor Thread-1] o.a.n.c.c.h.AbstractHeartbeatMonitor Finished processing 1 heartbeats in 13151 nanos
2024-10-31 09:46:12,538 INFO [Cleanup Archive for default] o.a.n.c.repository.FileSystemRepository Successfully deleted 0 files (0 bytes) from archive
2024-10-31 09:46:14,864 INFO [Process Cluster Protocol Request-7] o.a.n.c.p.impl.SocketProtocolListener Finished processing request a759ea7e-bede-4930-bffd-239261c6ec4a (type=HEARTBEAT, length=2243 bytes) from mynifi:8080 in 2 millis
2024-10-31 09:46:14,867 INFO [Clustering Tasks Thread-2] o.a.n.c.c.ClusterProtocolHeartbeater Heartbeat created at 2024-10-31 09:46:14,859 and sent to mynifi:8082 at 2024-10-31 09:46:14,867; send took 7 millis
2024-10-31 09:46:15,409 INFO [Heartbeat Monitor Thread-1] o.a.n.c.c.h.AbstractHeartbeatMonitor Finished processing 1 heartbeats in 13240 nanos
2024-10-31 09:46:19,873 INFO [Process Cluster Protocol Request-8] o.a.n.c.p.impl.SocketProtocolListener Finished processing request e462f2cd-e1a0-4e29-900c-e502166f8d45 (type=HEARTBEAT, length=2243 bytes) from mynifi:8080 in 2 millis
2024-10-31 09:46:19,875 INFO [Clustering Tasks Thread-2] o.a.n.c.c.ClusterProtocolHeartbeater Heartbeat created at 2024-10-31 09:46:19,867 and sent to mynifi:8082 at 2024-10-31 09:46:19,875; send took 8 millis
2024-10-31 09:46:20,410 INFO [Heartbeat Monitor Thread-1] o.a.n.c.c.h.AbstractHeartbeatMonitor Finished processing 1 heartbeats in 14267 nanos
2024-10-31 09:46:23,822 INFO [pool-13-thread-1] o.a.n.c.r.WriteAheadFlowFileRepository Initiating checkpoint of FlowFile Repository
2024-10-31 09:46:23,822 INFO [pool-13-thread-1] o.a.n.c.r.WriteAheadFlowFileRepository Successfully checkpointed FlowFile Repository with 1 records in 0 milliseconds
2024-10-31 09:46:24,881 INFO [Process Cluster Protocol Request-9] o.a.n.c.p.impl.SocketProtocolListener Finished processing request 0c18512b-e54f-4469-8876-0faa4e7c4455 (type=HEARTBEAT, length=2243 bytes) from mynifi:8080 in 2 millis
2024-10-31 09:46:24,885 INFO [Clustering Tasks Thread-2] o.a.n.c.c.ClusterProtocolHeartbeater Heartbeat created at 2024-10-31 09:46:24,876 and sent to mynifi:8082 at 2024-10-31 09:46:24,885; send took 8 millis
2024-10-31 09:46:25,410 INFO [Heartbeat Monitor Thread-1] o.a.n.c.c.h.AbstractHeartbeatMonitor Finished processing 1 heartbeats in 12995 nanos
2024-10-31 09:46:29,891 INFO [Process Cluster Protocol Request-10] o.a.n.c.p.impl.SocketProtocolListener Finished processing request 8b67865e-34f7-4d16-a850-509a25e4ee23 (type=HEARTBEAT, length=2243 bytes) from mynifi:8080 in 2 millis
2024-10-31 09:46:29,893 INFO [Clustering Tasks Thread-2] o.a.n.c.c.ClusterProtocolHeartbeater Heartbeat created at 2024-10-31 09:46:29,885 and sent to mynifi:8082 at 2024-10-31 09:46:29,893; send took 7 millis
2024-10-31 09:46:30,410 INFO [Heartbeat Monitor Thread-1] o.a.n.c.c.h.AbstractHeartbeatMonitor Finished processing 1 heartbeats in 14323 nanos
2024-10-31 09:46:34,899 INFO [Process Cluster Protocol Request-1] o.a.n.c.p.impl.SocketProtocolListener Finished processing request 5aeb81a1-4fc3-43e5-818e-a8beb553cc07 (type=HEARTBEAT, length=2243 bytes) from mynifi:8080 in 2 millis
2024-10-31 09:46:34,901 INFO [Clustering Tasks Thread-2] o.a.n.c.c.ClusterProtocolHeartbeater Heartbeat created at 2024-10-31 09:46:34,893 and sent to mynifi:8082 at 2024-10-31 09:46:34,901; send took 7 millis
2024-10-31 09:46:35,411 INFO [Heartbeat Monitor Thread-1] o.a.n.c.c.h.AbstractHeartbeatMonitor Finished processing 1 heartbeats in 13225 nanos
2024-10-31 09:46:39,907 INFO [Process Cluster Protocol Request-2] o.a.n.c.p.impl.SocketProtocolListener Finished processing request 1f80e44b-5b3b-4089-a8cf-12e3f6d79b61 (type=HEARTBEAT, length=2243 bytes) from mynifi:8080 in 2 millis
2024-10-31 09:46:39,910 INFO [Clustering Tasks Thread-2] o.a.n.c.c.ClusterProtocolHeartbeater Heartbeat created at 2024-10-31 09:46:39,902 and sent to mynifi:8082 at 2024-10-31 09:46:39,910; send took 7 millis
2024-10-31 09:46:40,411 INFO [Heartbeat Monitor Thread-1] o.a.n.c.c.h.AbstractHeartbeatMonitor Finished processing 1 heartbeats in 8675 nanos
2024-10-31 09:46:43,822 INFO [pool-13-thread-1] o.a.n.c.r.WriteAheadFlowFileRepository Initiating checkpoint of FlowFile Repository
2024-10-31 09:46:43,822 INFO [pool-13-thread-1] o.a.n.c.r.WriteAheadFlowFileRepository Successfully checkpointed FlowFile Repository with 1 records in 0 milliseconds
2024-10-31 09:46:44,916 INFO [Process Cluster Protocol Request-3] o.a.n.c.p.impl.SocketProtocolListener Finished processing request 8423da4d-ead8-42da-9f1f-a29d9d7603fe (type=HEARTBEAT, length=2243 bytes) from mynifi:8080 in 2 millis
2024-10-31 09:46:44,918 INFO [Clustering Tasks Thread-2] o.a.n.c.c.ClusterProtocolHeartbeater Heartbeat created at 2024-10-31 09:46:44,910 and sent to mynifi:8082 at 2024-10-31 09:46:44,918; send took 8 millis
2024-10-31 09:46:45,411 INFO [Heartbeat Monitor Thread-1] o.a.n.c.c.h.AbstractHeartbeatMonitor Finished processing 1 heartbeats in 13700 nanos
2024-10-31 09:46:49,925 INFO [Process Cluster Protocol Request-4] o.a.n.c.p.impl.SocketProtocolListener Finished processing request 55221fb1-1d11-40ee-b81e-b2d956d67ec3 (type=HEARTBEAT, length=2243 bytes) from mynifi:8080 in 2 millis
2024-10-31 09:46:49,927 INFO [Clustering Tasks Thread-2] o.a.n.c.c.ClusterProtocolHeartbeater Heartbeat created at 2024-10-31 09:46:49,919 and sent to mynifi:8082 at 2024-10-31 09:46:49,927; send took 8 millis
2024-10-31 09:46:50,411 INFO [Heartbeat Monitor Thread-1] o.a.n.c.c.h.AbstractHeartbeatMonitor Finished processing 1 heartbeats in 13406 nanos
2024-10-31 09:46:54,933 INFO [Process Cluster Protocol Request-5] o.a.n.c.p.impl.SocketProtocolListener Finished processing request 188cc322-024e-4e21-8b04-33a301207357 (type=HEARTBEAT, length=2243 bytes) from mynifi:8080 in 2 millis
2024-10-31 09:46:54,937 INFO [Clustering Tasks Thread-2] o.a.n.c.c.ClusterProtocolHeartbeater Heartbeat created at 2024-10-31 09:46:54,927 and sent to mynifi:8082 at 2024-10-31 09:46:54,937; send took 9 millis
2024-10-31 09:46:55,412 INFO [Heartbeat Monitor Thread-1] o.a.n.c.c.h.AbstractHeartbeatMonitor Finished processing 1 heartbeats in 12935 nanos
2024-10-31 09:46:59,942 INFO [Process Cluster Protocol Request-6] o.a.n.c.p.impl.SocketProtocolListener Finished processing request 00c2999a-b75f-4f57-ad05-1db8d3b28bb1 (type=HEARTBEAT, length=2243 bytes) from mynifi:8080 in 2 millis
2024-10-31 09:46:59,945 INFO [Clustering Tasks Thread-2] o.a.n.c.c.ClusterProtocolHeartbeater Heartbeat created at 2024-10-31 09:46:59,937 and sent to mynifi:8082 at 2024-10-31 09:46:59,945; send took 7 millis
2024-10-31 09:47:00,412 INFO [Heartbeat Monitor Thread-1] o.a.n.c.c.h.AbstractHeartbeatMonitor Finished processing 1 heartbeats in 13657 nanos
2024-10-31 09:47:03,823 INFO [pool-13-thread-1] o.a.n.c.r.WriteAheadFlowFileRepository Initiating checkpoint of FlowFile Repository
2024-10-31 09:47:03,823 INFO [pool-13-thread-1] o.a.n.c.r.WriteAheadFlowFileRepository Successfully checkpointed FlowFile Repository with 1 records in 0 milliseconds
2024-10-31 09:47:04,951 INFO [Process Cluster Protocol Request-7] o.a.n.c.p.impl.SocketProtocolListener Finished processing request 131a97b8-615e-4818-9447-36f61e4495d3 (type=HEARTBEAT, length=2243 bytes) from mynifi:8080 in 2 millis
2024-10-31 09:47:04,954 INFO [Clustering Tasks Thread-2] o.a.n.c.c.ClusterProtocolHeartbeater Heartbeat created at 2024-10-31 09:47:04,946 and sent to mynifi:8082 at 2024-10-31 09:47:04,954; send took 8 millis
2024-10-31 09:47:05,412 INFO [Heartbeat Monitor Thread-1] o.a.n.c.c.h.AbstractHeartbeatMonitor Finished processing 1 heartbeats in 13991 nanos
2024-10-31 09:47:09,959 INFO [Process Cluster Protocol Request-8] o.a.n.c.p.impl.SocketProtocolListener Finished processing request 9fe5e08f-0fcd-4bb6-bea7-a3943468c84e (type=HEARTBEAT, length=2243 bytes) from mynifi:8080 in 2 millis
2024-10-31 09:47:09,962 INFO [Clustering Tasks Thread-2] o.a.n.c.c.ClusterProtocolHeartbeater Heartbeat created at 2024-10-31 09:47:09,954 and sent to mynifi:8082 at 2024-10-31 09:47:09,962; send took 7 millis
2024-10-31 09:47:10,413 INFO [Heartbeat Monitor Thread-1] o.a.n.c.c.h.AbstractHeartbeatMonitor Finished processing 1 heartbeats in 12752 nanos
2024-10-31 09:47:12,565 INFO [Cleanup Archive for default] o.a.n.c.repository.FileSystemRepository Successfully deleted 0 files (0 bytes) from archive
2024-10-31 09:47:14,965 INFO [Process Cluster Protocol Request-9] o.a.n.c.p.impl.SocketProtocolListener Finished processing request 5aa6a0a2-0301-4433-8af2-a4b3f7f3b27e (type=HEARTBEAT, length=2243 bytes) from mynifi:8080 in 1 millis
2024-10-31 09:47:14,967 INFO [Clustering Tasks Thread-2] o.a.n.c.c.ClusterProtocolHeartbeater Heartbeat created at 2024-10-31 09:47:14,962 and sent to mynifi:8082 at 2024-10-31 09:47:14,967; send took 4 millis
2024-10-31 09:47:15,413 INFO [Heartbeat Monitor Thread-1] o.a.n.c.c.h.AbstractHeartbeatMonitor Finished processing 1 heartbeats in 13606 nanos
2024-10-31 09:47:19,973 INFO [Process Cluster Protocol Request-10] o.a.n.c.p.impl.SocketProtocolListener Finished processing request b4f6e271-9230-4edd-bf2a-d870de9f24e9 (type=HEARTBEAT, length=2243 bytes) from mynifi:8080 in 2 millis
2024-10-31 09:47:19,976 INFO [Clustering Tasks Thread-2] o.a.n.c.c.ClusterProtocolHeartbeater Heartbeat created at 2024-10-31 09:47:19,967 and sent to mynifi:8082 at 2024-10-31 09:47:19,976; send took 8 millis
2024-10-31 09:47:20,413 INFO [Heartbeat Monitor Thread-1] o.a.n.c.c.h.AbstractHeartbeatMonitor Finished processing 1 heartbeats in 13313 nanos
2024-10-31 09:47:23,823 INFO [pool-13-thread-1] o.a.n.c.r.WriteAheadFlowFileRepository Initiating checkpoint of FlowFile Repository
2024-10-31 09:47:23,823 INFO [pool-13-thread-1] o.a.n.c.r.WriteAheadFlowFileRepository Successfully checkpointed FlowFile Repository with 1 records in 0 milliseconds
2024-10-31 09:47:24,982 INFO [Process Cluster Protocol Request-1] o.a.n.c.p.impl.SocketProtocolListener Finished processing request d1100ce6-34b7-42af-b7c1-8829ad11cf91 (type=HEARTBEAT, length=2243 bytes) from mynifi:8080 in 2 millis
2024-10-31 09:47:24,985 INFO [Clustering Tasks Thread-2] o.a.n.c.c.ClusterProtocolHeartbeater Heartbeat created at 2024-10-31 09:47:24,976 and sent to mynifi:8082 at 2024-10-31 09:47:24,985; send took 8 millis
2024-10-31 09:47:25,414 INFO [Heartbeat Monitor Thread-1] o.a.n.c.c.h.AbstractHeartbeatMonitor Finished processing 1 heartbeats in 12886 nanos
2024-10-31 09:47:29,987 INFO [Process Cluster Protocol Request-2] o.a.n.c.p.impl.SocketProtocolListener Finished processing request cd47f006-1827-4429-9911-f1966e99e588 (type=HEARTBEAT, length=2243 bytes) from mynifi:8080 in 682160 nanos
2024-10-31 09:47:29,988 INFO [Clustering Tasks Thread-2] o.a.n.c.c.ClusterProtocolHeartbeater Heartbeat created at 2024-10-31 09:47:29,985 and sent to mynifi:8082 at 2024-10-31 09:47:29,988; send took 2 millis
2024-10-31 09:47:30,414 INFO [Heartbeat Monitor Thread-1] o.a.n.c.c.h.AbstractHeartbeatMonitor Finished processing 1 heartbeats in 15264 nanos
2024-10-31 09:47:34,994 INFO [Process Cluster Protocol Request-3] o.a.n.c.p.impl.SocketProtocolListener Finished processing request 22b3bc5f-db5e-445d-b744-dc76a6f31441 (type=HEARTBEAT, length=2243 bytes) from mynifi:8080 in 2 millis
2024-10-31 09:47:34,996 INFO [Clustering Tasks Thread-2] o.a.n.c.c.ClusterProtocolHeartbeater Heartbeat created at 2024-10-31 09:47:34,988 and sent to mynifi:8082 at 2024-10-31 09:47:34,996; send took 8 millis
2024-10-31 09:47:35,414 INFO [Heartbeat Monitor Thread-1] o.a.n.c.c.h.AbstractHeartbeatMonitor Finished processing 1 heartbeats in 13896 nanos
2024-10-31 09:47:40,002 INFO [Process Cluster Protocol Request-4] o.a.n.c.p.impl.SocketProtocolListener Finished processing request 4cf54d3f-7dd6-4826-a97a-40ba30a2df3f (type=HEARTBEAT, length=2243 bytes) from mynifi:8080 in 2 millis
2024-10-31 09:47:40,005 INFO [Clustering Tasks Thread-2] o.a.n.c.c.ClusterProtocolHeartbeater Heartbeat created at 2024-10-31 09:47:39,997 and sent to mynifi:8082 at 2024-10-31 09:47:40,005; send took 8 millis
2024-10-31 09:47:40,415 INFO [Heartbeat Monitor Thread-1] o.a.n.c.c.h.AbstractHeartbeatMonitor Finished processing 1 heartbeats in 13299 nanos
2024-10-31 09:47:43,823 INFO [pool-13-thread-1] o.a.n.c.r.WriteAheadFlowFileRepository Initiating checkpoint of FlowFile Repository
2024-10-31 09:47:43,824 INFO [pool-13-thread-1] o.a.n.c.r.WriteAheadFlowFileRepository Successfully checkpointed FlowFile Repository with 1 records in 0 milliseconds
2024-10-31 09:47:45,011 INFO [Process Cluster Protocol Request-5] o.a.n.c.p.impl.SocketProtocolListener Finished processing request 91f49c3c-4d3d-41ab-a2e0-5098eb04d863 (type=HEARTBEAT, length=2243 bytes) from mynifi:8080 in 2 millis
2024-10-31 09:47:45,014 INFO [Clustering Tasks Thread-2] o.a.n.c.c.ClusterProtocolHeartbeater Heartbeat created at 2024-10-31 09:47:45,006 and sent to mynifi:8082 at 2024-10-31 09:47:45,014; send took 8 millis
2024-10-31 09:47:45,415 INFO [Heartbeat Monitor Thread-1] o.a.n.c.c.h.AbstractHeartbeatMonitor Finished processing 1 heartbeats in 33497 nanos
2024-10-31 09:47:50,020 INFO [Process Cluster Protocol Request-6] o.a.n.c.p.impl.SocketProtocolListener Finished processing request ebf3d9fc-b777-4858-9cbe-e0854a2c2ac6 (type=HEARTBEAT, length=2243 bytes) from mynifi:8080 in 2 millis
2024-10-31 09:47:50,023 INFO [Clustering Tasks Thread-2] o.a.n.c.c.ClusterProtocolHeartbeater Heartbeat created at 2024-10-31 09:47:50,014 and sent to mynifi:8082 at 2024-10-31 09:47:50,023; send took 8 millis
2024-10-31 09:47:50,415 INFO [Heartbeat Monitor Thread-1] o.a.n.c.c.h.AbstractHeartbeatMonitor Finished processing 1 heartbeats in 12551 nanos
2024-10-31 09:47:55,024 INFO [Process Cluster Protocol Request-7] o.a.n.c.p.impl.SocketProtocolListener Finished processing request 0463d302-2b9e-4b1d-8534-0700332882e5 (type=HEARTBEAT, length=2243 bytes) from mynifi:8080 in 671281 nanos
2024-10-31 09:47:55,024 INFO [Clustering Tasks Thread-2] o.a.n.c.c.ClusterProtocolHeartbeater Heartbeat created at 2024-10-31 09:47:55,023 and sent to mynifi:8082 at 2024-10-31 09:47:55,024; send took 1 millis
2024-10-31 09:47:55,416 INFO [Heartbeat Monitor Thread-1] o.a.n.c.c.h.AbstractHeartbeatMonitor Finished processing 1 heartbeats in 13662 nanos
2024-10-31 09:48:00,030 INFO [Process Cluster Protocol Request-8] o.a.n.c.p.impl.SocketProtocolListener Finished processing request c843ddfe-6493-43bd-961a-25f5488fdc1f (type=HEARTBEAT, length=2243 bytes) from mynifi:8080 in 2 millis
2024-10-31 09:48:00,033 INFO [Clustering Tasks Thread-2] o.a.n.c.c.ClusterProtocolHeartbeater Heartbeat created at 2024-10-31 09:48:00,025 and sent to mynifi:8082 at 2024-10-31 09:48:00,033; send took 7 millis
2024-10-31 09:48:00,416 INFO [Heartbeat Monitor Thread-1] o.a.n.c.c.h.AbstractHeartbeatMonitor Finished processing 1 heartbeats in 14161 nanos
2024-10-31 09:48:03,824 INFO [pool-13-thread-1] o.a.n.c.r.WriteAheadFlowFileRepository Initiating checkpoint of FlowFile Repository
2024-10-31 09:48:03,824 INFO [pool-13-thread-1] o.a.n.c.r.WriteAheadFlowFileRepository Successfully checkpointed FlowFile Repository with 1 records in 0 milliseconds
2024-10-31 09:48:05,039 INFO [Process Cluster Protocol Request-9] o.a.n.c.p.impl.SocketProtocolListener Finished processing request e7727735-1b32-49d4-9266-6f0676e38c07 (type=HEARTBEAT, length=2243 bytes) from mynifi:8080 in 2 millis
2024-10-31 09:48:05,041 INFO [Clustering Tasks Thread-2] o.a.n.c.c.ClusterProtocolHeartbeater Heartbeat created at 2024-10-31 09:48:05,033 and sent to mynifi:8082 at 2024-10-31 09:48:05,041; send took 8 millis
2024-10-31 09:48:05,416 INFO [Heartbeat Monitor Thread-1] o.a.n.c.c.h.AbstractHeartbeatMonitor Finished processing 1 heartbeats in 13565 nanos
2024-10-31 09:48:08,500 INFO [Write-Ahead Local State Provider Maintenance] org.wali.MinimalLockingWriteAheadLog org.wali.MinimalLockingWriteAheadLog@7555782c checkpointed with 25 Records and 0 Swap Files in 6 milliseconds (Stop-the-world time = 4 milliseconds, Clear Edit Logs time = 0 millis), max Transaction ID 111
2024-10-31 09:48:10,047 INFO [Process Cluster Protocol Request-10] o.a.n.c.p.impl.SocketProtocolListener Finished processing request 6c4c1858-f38c-480f-9210-d1a7522ec92f (type=HEARTBEAT, length=2243 bytes) from mynifi:8080 in 2 millis
2024-10-31 09:48:10,050 INFO [Clustering Tasks Thread-2] o.a.n.c.c.ClusterProtocolHeartbeater Heartbeat created at 2024-10-31 09:48:10,042 and sent to mynifi:8082 at 2024-10-31 09:48:10,050; send took 7 millis
2024-10-31 09:48:10,416 INFO [Heartbeat Monitor Thread-1] o.a.n.c.c.h.AbstractHeartbeatMonitor Finished processing 1 heartbeats in 12978 nanos
2024-10-31 09:48:12,601 INFO [Cleanup Archive for default] o.a.n.c.repository.FileSystemRepository Successfully deleted 0 files (0 bytes) from archive
2024-10-31 09:48:15,056 INFO [Process Cluster Protocol Request-1] o.a.n.c.p.impl.SocketProtocolListener Finished processing request 2c7af00b-0fae-4b27-aa57-8b2df09b69cd (type=HEARTBEAT, length=2243 bytes) from mynifi:8080 in 2 millis
2024-10-31 09:48:15,059 INFO [Clustering Tasks Thread-2] o.a.n.c.c.ClusterProtocolHeartbeater Heartbeat created at 2024-10-31 09:48:15,050 and sent to mynifi:8082 at 2024-10-31 09:48:15,059; send took 8 millis
2024-10-31 09:48:15,417 INFO [Heartbeat Monitor Thread-1] o.a.n.c.c.h.AbstractHeartbeatMonitor Finished processing 1 heartbeats in 15151 nanos
2024-10-31 09:48:20,064 INFO [Process Cluster Protocol Request-2] o.a.n.c.p.impl.SocketProtocolListener Finished processing request dee39e88-7ee4-4c19-b9dd-b69e8e63182c (type=HEARTBEAT, length=2243 bytes) from mynifi:8080 in 2 millis
2024-10-31 09:48:20,067 INFO [Clustering Tasks Thread-2] o.a.n.c.c.ClusterProtocolHeartbeater Heartbeat created at 2024-10-31 09:48:20,059 and sent to mynifi:8082 at 2024-10-31 09:48:20,067; send took 7 millis
2024-10-31 09:48:20,417 INFO [Heartbeat Monitor Thread-1] o.a.n.c.c.h.AbstractHeartbeatMonitor Finished processing 1 heartbeats in 13112 nanos
2024-10-31 09:48:23,824 INFO [pool-13-thread-1] o.a.n.c.r.WriteAheadFlowFileRepository Initiating checkpoint of FlowFile Repository
2024-10-31 09:48:23,824 INFO [pool-13-thread-1] o.a.n.c.r.WriteAheadFlowFileRepository Successfully checkpointed FlowFile Repository with 1 records in 0 milliseconds
2024-10-31 09:48:25,073 INFO [Process Cluster Protocol Request-3] o.a.n.c.p.impl.SocketProtocolListener Finished processing request 33346bba-240d-420c-bfa7-68dbd42d2b5c (type=HEARTBEAT, length=2243 bytes) from mynifi:8080 in 2 millis
2024-10-31 09:48:25,076 INFO [Clustering Tasks Thread-2] o.a.n.c.c.ClusterProtocolHeartbeater Heartbeat created at 2024-10-31 09:48:25,067 and sent to mynifi:8082 at 2024-10-31 09:48:25,076; send took 8 millis
2024-10-31 09:48:25,417 INFO [Heartbeat Monitor Thread-1] o.a.n.c.c.h.AbstractHeartbeatMonitor Finished processing 1 heartbeats in 13620 nanos
2024-10-31 09:48:30,078 INFO [Process Cluster Protocol Request-4] o.a.n.c.p.impl.SocketProtocolListener Finished processing request 17ed7f85-68a9-4035-baec-44384ee4c004 (type=HEARTBEAT, length=2243 bytes) from mynifi:8080 in 915672 nanos
2024-10-31 09:48:30,079 INFO [Clustering Tasks Thread-2] o.a.n.c.c.ClusterProtocolHeartbeater Heartbeat created at 2024-10-31 09:48:30,076 and sent to mynifi:8082 at 2024-10-31 09:48:30,079; send took 2 millis
2024-10-31 09:48:30,418 INFO [Heartbeat Monitor Thread-1] o.a.n.c.c.h.AbstractHeartbeatMonitor Finished processing 1 heartbeats in 13234 nanos
2024-10-31 09:48:35,086 INFO [Process Cluster Protocol Request-5] o.a.n.c.p.impl.SocketProtocolListener Finished processing request a91c0382-8bc1-49f6-a64a-cc1dddc6fe65 (type=HEARTBEAT, length=2243 bytes) from mynifi:8080 in 2 millis
2024-10-31 09:48:35,088 INFO [Clustering Tasks Thread-2] o.a.n.c.c.ClusterProtocolHeartbeater Heartbeat created at 2024-10-31 09:48:35,079 and sent to mynifi:8082 at 2024-10-31 09:48:35,088; send took 8 millis
2024-10-31 09:48:35,418 INFO [Heartbeat Monitor Thread-1] o.a.n.c.c.h.AbstractHeartbeatMonitor Finished processing 1 heartbeats in 13298 nanos
2024-10-31 09:48:40,094 INFO [Process Cluster Protocol Request-6] o.a.n.c.p.impl.SocketProtocolListener Finished processing request 58664929-d403-411e-b2c1-86324fd59946 (type=HEARTBEAT, length=2243 bytes) from mynifi:8080 in 2 millis
2024-10-31 09:48:40,096 INFO [Clustering Tasks Thread-2] o.a.n.c.c.ClusterProtocolHeartbeater Heartbeat created at 2024-10-31 09:48:40,089 and sent to mynifi:8082 at 2024-10-31 09:48:40,096; send took 7 millis
2024-10-31 09:48:40,418 INFO [Heartbeat Monitor Thread-1] o.a.n.c.c.h.AbstractHeartbeatMonitor Finished processing 1 heartbeats in 13905 nanos
2024-10-31 09:48:43,824 INFO [pool-13-thread-1] o.a.n.c.r.WriteAheadFlowFileRepository Initiating checkpoint of FlowFile Repository
2024-10-31 09:48:43,825 INFO [pool-13-thread-1] o.a.n.c.r.WriteAheadFlowFileRepository Successfully checkpointed FlowFile Repository with 1 records in 0 milliseconds
2024-10-31 09:48:45,103 INFO [Process Cluster Protocol Request-7] o.a.n.c.p.impl.SocketProtocolListener Finished processing request cd6e7b54-2ca7-458c-80e4-336369bf7516 (type=HEARTBEAT, length=2243 bytes) from mynifi:8080 in 2 millis
2024-10-31 09:48:45,105 INFO [Clustering Tasks Thread-2] o.a.n.c.c.ClusterProtocolHeartbeater Heartbeat created at 2024-10-31 09:48:45,097 and sent to mynifi:8082 at 2024-10-31 09:48:45,105; send took 8 millis
2024-10-31 09:48:45,419 INFO [Heartbeat Monitor Thread-1] o.a.n.c.c.h.AbstractHeartbeatMonitor Finished processing 1 heartbeats in 14573 nanos
2024-10-31 09:48:50,111 INFO [Process Cluster Protocol Request-8] o.a.n.c.p.impl.SocketProtocolListener Finished processing request 5df85065-fadf-439b-81ff-ba1001ec385b (type=HEARTBEAT, length=2243 bytes) from mynifi:8080 in 2 millis
2024-10-31 09:48:50,114 INFO [Clustering Tasks Thread-2] o.a.n.c.c.ClusterProtocolHeartbeater Heartbeat created at 2024-10-31 09:48:50,106 and sent to mynifi:8082 at 2024-10-31 09:48:50,114; send took 8 millis
2024-10-31 09:48:50,419 INFO [Heartbeat Monitor Thread-1] o.a.n.c.c.h.AbstractHeartbeatMonitor Finished processing 1 heartbeats in 13500 nanos
2024-10-31 09:48:55,120 INFO [Process Cluster Protocol Request-9] o.a.n.c.p.impl.SocketProtocolListener Finished processing request 6d738758-03e5-4b4c-8ab9-2881d94ff6f8 (type=HEARTBEAT, length=2243 bytes) from mynifi:8080 in 2 millis
2024-10-31 09:48:55,124 INFO [Clustering Tasks Thread-2] o.a.n.c.c.ClusterProtocolHeartbeater Heartbeat created at 2024-10-31 09:48:55,114 and sent to mynifi:8082 at 2024-10-31 09:48:55,124; send took 9 millis
2024-10-31 09:48:55,419 INFO [Heartbeat Monitor Thread-1] o.a.n.c.c.h.AbstractHeartbeatMonitor Finished processing 1 heartbeats in 12307 nanos
2024-10-31 09:49:00,131 INFO [Process Cluster Protocol Request-10] o.a.n.c.p.impl.SocketProtocolListener Finished processing request c4f628d4-b2a2-445d-b1b7-c87dff37b839 (type=HEARTBEAT, length=2243 bytes) from mynifi:8080 in 2 millis
2024-10-31 09:49:00,132 INFO [Clustering Tasks Thread-2] o.a.n.c.c.ClusterProtocolHeartbeater Heartbeat created at 2024-10-31 09:49:00,125 and sent to mynifi:8082 at 2024-10-31 09:49:00,132; send took 7 millis
2024-10-31 09:49:00,420 INFO [Heartbeat Monitor Thread-1] o.a.n.c.c.h.AbstractHeartbeatMonitor Finished processing 1 heartbeats in 12900 nanos
2024-10-31 09:49:03,825 INFO [pool-13-thread-1] o.a.n.c.r.WriteAheadFlowFileRepository Initiating checkpoint of FlowFile Repository
2024-10-31 09:49:03,825 INFO [pool-13-thread-1] o.a.n.c.r.WriteAheadFlowFileRepository Successfully checkpointed FlowFile Repository with 1 records in 0 milliseconds
2024-10-31 09:49:05,138 INFO [Process Cluster Protocol Request-1] o.a.n.c.p.impl.SocketProtocolListener Finished processing request cc69a177-5969-4afa-81b8-73e8f8990818 (type=HEARTBEAT, length=2243 bytes) from mynifi:8080 in 2 millis
2024-10-31 09:49:05,141 INFO [Clustering Tasks Thread-2] o.a.n.c.c.ClusterProtocolHeartbeater Heartbeat created at 2024-10-31 09:49:05,132 and sent to mynifi:8082 at 2024-10-31 09:49:05,140; send took 8 millis
2024-10-31 09:49:05,420 INFO [Heartbeat Monitor Thread-1] o.a.n.c.c.h.AbstractHeartbeatMonitor Finished processing 1 heartbeats in 12972 nanos
2024-10-31 09:49:10,147 INFO [Process Cluster Protocol Request-2] o.a.n.c.p.impl.SocketProtocolListener Finished processing request 0135cc84-880c-4203-975e-a8caa14d2fdd (type=HEARTBEAT, length=2243 bytes) from mynifi:8080 in 2 millis
2024-10-31 09:49:10,149 INFO [Clustering Tasks Thread-2] o.a.n.c.c.ClusterProtocolHeartbeater Heartbeat created at 2024-10-31 09:49:10,141 and sent to mynifi:8082 at 2024-10-31 09:49:10,149; send took 8 millis
2024-10-31 09:49:10,420 INFO [Heartbeat Monitor Thread-1] o.a.n.c.c.h.AbstractHeartbeatMonitor Finished processing 1 heartbeats in 12518 nanos
2024-10-31 09:49:12,627 INFO [Cleanup Archive for default] o.a.n.c.repository.FileSystemRepository Successfully deleted 0 files (0 bytes) from archive
2024-10-31 09:49:15,156 INFO [Process Cluster Protocol Request-3] o.a.n.c.p.impl.SocketProtocolListener Finished processing request f8803dab-fa5a-4186-93ad-eb84e6f16606 (type=HEARTBEAT, length=2243 bytes) from mynifi:8080 in 2 millis
2024-10-31 09:49:15,158 INFO [Clustering Tasks Thread-2] o.a.n.c.c.ClusterProtocolHeartbeater Heartbeat created at 2024-10-31 09:49:15,150 and sent to mynifi:8082 at 2024-10-31 09:49:15,158; send took 8 millis
2024-10-31 09:49:15,421 INFO [Heartbeat Monitor Thread-1] o.a.n.c.c.h.AbstractHeartbeatMonitor Finished processing 1 heartbeats in 12518 nanos
2024-10-31 09:49:20,164 INFO [Process Cluster Protocol Request-4] o.a.n.c.p.impl.SocketProtocolListener Finished processing request b50a5d2e-8e74-4f1f-99c8-7ade16bc5bd7 (type=HEARTBEAT, length=2243 bytes) from mynifi:8080 in 2 millis
2024-10-31 09:49:20,167 INFO [Clustering Tasks Thread-2] o.a.n.c.c.ClusterProtocolHeartbeater Heartbeat created at 2024-10-31 09:49:20,158 and sent to mynifi:8082 at 2024-10-31 09:49:20,167; send took 8 millis
2024-10-31 09:49:20,421 INFO [Heartbeat Monitor Thread-1] o.a.n.c.c.h.AbstractHeartbeatMonitor Finished processing 1 heartbeats in 14056 nanos
2024-10-31 09:49:23,825 INFO [pool-13-thread-1] o.a.n.c.r.WriteAheadFlowFileRepository Initiating checkpoint of FlowFile Repository
2024-10-31 09:49:23,825 INFO [pool-13-thread-1] o.a.n.c.r.WriteAheadFlowFileRepository Successfully checkpointed FlowFile Repository with 1 records in 0 milliseconds
2024-10-31 09:49:25,173 INFO [Process Cluster Protocol Request-5] o.a.n.c.p.impl.SocketProtocolListener Finished processing request e0831d2b-82de-47e6-9575-ba8b8cd24287 (type=HEARTBEAT, length=2243 bytes) from mynifi:8080 in 2 millis
2024-10-31 09:49:25,176 INFO [Clustering Tasks Thread-2] o.a.n.c.c.ClusterProtocolHeartbeater Heartbeat created at 2024-10-31 09:49:25,168 and sent to mynifi:8082 at 2024-10-31 09:49:25,176; send took 8 millis
2024-10-31 09:49:25,421 INFO [Heartbeat Monitor Thread-1] o.a.n.c.c.h.AbstractHeartbeatMonitor Finished processing 1 heartbeats in 13521 nanos
2024-10-31 09:49:30,182 INFO [Process Cluster Protocol Request-6] o.a.n.c.p.impl.SocketProtocolListener Finished processing request e8f7a595-2a4b-4167-b450-892aef3900bc (type=HEARTBEAT, length=2243 bytes) from mynifi:8080 in 2 millis
2024-10-31 09:49:30,184 INFO [Clustering Tasks Thread-2] o.a.n.c.c.ClusterProtocolHeartbeater Heartbeat created at 2024-10-31 09:49:30,177 and sent to mynifi:8082 at 2024-10-31 09:49:30,184; send took 7 millis
2024-10-31 09:49:30,422 INFO [Heartbeat Monitor Thread-1] o.a.n.c.c.h.AbstractHeartbeatMonitor Finished processing 1 heartbeats in 14582 nanos
2024-10-31 09:49:35,191 INFO [Process Cluster Protocol Request-7] o.a.n.c.p.impl.SocketProtocolListener Finished processing request 1f552fb4-4f7c-475d-9cfc-04869fe7520b (type=HEARTBEAT, length=2243 bytes) from mynifi:8080 in 2 millis
2024-10-31 09:49:35,193 INFO [Clustering Tasks Thread-2] o.a.n.c.c.ClusterProtocolHeartbeater Heartbeat created at 2024-10-31 09:49:35,185 and sent to mynifi:8082 at 2024-10-31 09:49:35,193; send took 8 millis
2024-10-31 09:49:35,422 INFO [Heartbeat Monitor Thread-1] o.a.n.c.c.h.AbstractHeartbeatMonitor Finished processing 1 heartbeats in 29592 nanos
2024-10-31 09:49:40,199 INFO [Process Cluster Protocol Request-8] o.a.n.c.p.impl.SocketProtocolListener Finished processing request d33ea1ba-e310-4afa-bf57-c81ad96e9cd9 (type=HEARTBEAT, length=2243 bytes) from mynifi:8080 in 2 millis
2024-10-31 09:49:40,202 INFO [Clustering Tasks Thread-2] o.a.n.c.c.ClusterProtocolHeartbeater Heartbeat created at 2024-10-31 09:49:40,194 and sent to mynifi:8082 at 2024-10-31 09:49:40,202; send took 8 millis
2024-10-31 09:49:40,422 INFO [Heartbeat Monitor Thread-1] o.a.n.c.c.h.AbstractHeartbeatMonitor Finished processing 1 heartbeats in 13450 nanos
2024-10-31 09:49:43,826 INFO [pool-13-thread-1] o.a.n.c.r.WriteAheadFlowFileRepository Initiating checkpoint of FlowFile Repository
2024-10-31 09:49:43,826 INFO [pool-13-thread-1] o.a.n.c.r.WriteAheadFlowFileRepository Successfully checkpointed FlowFile Repository with 1 records in 0 milliseconds
2024-10-31 09:49:45,208 INFO [Process Cluster Protocol Request-9] o.a.n.c.p.impl.SocketProtocolListener Finished processing request 97b9e842-68af-4bca-8531-8102146e145a (type=HEARTBEAT, length=2243 bytes) from mynifi:8080 in 2 millis
2024-10-31 09:49:45,210 INFO [Clustering Tasks Thread-2] o.a.n.c.c.ClusterProtocolHeartbeater Heartbeat created at 2024-10-31 09:49:45,202 and sent to mynifi:8082 at 2024-10-31 09:49:45,210; send took 8 millis
2024-10-31 09:49:45,423 INFO [Heartbeat Monitor Thread-1] o.a.n.c.c.h.AbstractHeartbeatMonitor Finished processing 1 heartbeats in 13962 nanos
2024-10-31 09:49:50,217 INFO [Process Cluster Protocol Request-10] o.a.n.c.p.impl.SocketProtocolListener Finished processing request 56fee9fd-2b96-4fdc-8f26-ac6ab484eed9 (type=HEARTBEAT, length=2243 bytes) from mynifi:8080 in 2 millis
2024-10-31 09:49:50,219 INFO [Clustering Tasks Thread-2] o.a.n.c.c.ClusterProtocolHeartbeater Heartbeat created at 2024-10-31 09:49:50,211 and sent to mynifi:8082 at 2024-10-31 09:49:50,219; send took 8 millis
2024-10-31 09:49:50,423 INFO [Heartbeat Monitor Thread-1] o.a.n.c.c.h.AbstractHeartbeatMonitor Finished processing 1 heartbeats in 14479 nanos
2024-10-31 09:49:55,225 INFO [Process Cluster Protocol Request-1] o.a.n.c.p.impl.SocketProtocolListener Finished processing request 35b3b2b0-1da1-4412-bc60-ead251aed52f (type=HEARTBEAT, length=2243 bytes) from mynifi:8080 in 2 millis
2024-10-31 09:49:55,227 INFO [Clustering Tasks Thread-2] o.a.n.c.c.ClusterProtocolHeartbeater Heartbeat created at 2024-10-31 09:49:55,219 and sent to mynifi:8082 at 2024-10-31 09:49:55,227; send took 8 millis
2024-10-31 09:49:55,423 INFO [Heartbeat Monitor Thread-1] o.a.n.c.c.h.AbstractHeartbeatMonitor Finished processing 1 heartbeats in 6744 nanos
2024-10-31 09:50:00,233 INFO [Process Cluster Protocol Request-2] o.a.n.c.p.impl.SocketProtocolListener Finished processing request 92572e2a-b47b-4177-86d2-4729d5c2dd28 (type=HEARTBEAT, length=2243 bytes) from mynifi:8080 in 2 millis
2024-10-31 09:50:00,236 INFO [Clustering Tasks Thread-2] o.a.n.c.c.ClusterProtocolHeartbeater Heartbeat created at 2024-10-31 09:50:00,228 and sent to mynifi:8082 at 2024-10-31 09:50:00,236; send took 7 millis
2024-10-31 09:50:00,423 INFO [Heartbeat Monitor Thread-1] o.a.n.c.c.h.AbstractHeartbeatMonitor Finished processing 1 heartbeats in 6177 nanos
2024-10-31 09:50:03,826 INFO [pool-13-thread-1] o.a.n.c.r.WriteAheadFlowFileRepository Initiating checkpoint of FlowFile Repository
2024-10-31 09:50:03,826 INFO [pool-13-thread-1] o.a.n.c.r.WriteAheadFlowFileRepository Successfully checkpointed FlowFile Repository with 1 records in 0 milliseconds
2024-10-31 09:50:05,242 INFO [Process Cluster Protocol Request-3] o.a.n.c.p.impl.SocketProtocolListener Finished processing request c6095d03-5bc7-4de2-aee9-51a723065218 (type=HEARTBEAT, length=2243 bytes) from mynifi:8080 in 2 millis
2024-10-31 09:50:05,244 INFO [Clustering Tasks Thread-2] o.a.n.c.c.ClusterProtocolHeartbeater Heartbeat created at 2024-10-31 09:50:05,236 and sent to mynifi:8082 at 2024-10-31 09:50:05,244; send took 7 millis
2024-10-31 09:50:05,424 INFO [Heartbeat Monitor Thread-1] o.a.n.c.c.h.AbstractHeartbeatMonitor Finished processing 1 heartbeats in 13920 nanos
2024-10-31 09:50:08,512 INFO [Write-Ahead Local State Provider Maintenance] org.wali.MinimalLockingWriteAheadLog org.wali.MinimalLockingWriteAheadLog@7555782c checkpointed with 25 Records and 0 Swap Files in 11 milliseconds (Stop-the-world time = 4 milliseconds, Clear Edit Logs time = 4 millis), max Transaction ID 111
2024-10-31 09:50:10,246 INFO [Process Cluster Protocol Request-4] o.a.n.c.p.impl.SocketProtocolListener Finished processing request 5db11da1-ec48-4a6a-8372-4ccfe5c4d54a (type=HEARTBEAT, length=2243 bytes) from mynifi:8080 in 760760 nanos
2024-10-31 09:50:10,247 INFO [Clustering Tasks Thread-2] o.a.n.c.c.ClusterProtocolHeartbeater Heartbeat created at 2024-10-31 09:50:10,244 and sent to mynifi:8082 at 2024-10-31 09:50:10,247; send took 2 millis
2024-10-31 09:50:10,424 INFO [Heartbeat Monitor Thread-1] o.a.n.c.c.h.AbstractHeartbeatMonitor Finished processing 1 heartbeats in 13748 nanos
2024-10-31 09:50:12,652 INFO [Cleanup Archive for default] o.a.n.c.repository.FileSystemRepository Successfully deleted 0 files (0 bytes) from archive
2024-10-31 09:50:15,253 INFO [Process Cluster Protocol Request-5] o.a.n.c.p.impl.SocketProtocolListener Finished processing request 9b960eee-8114-4214-ab66-21279b77f6c4 (type=HEARTBEAT, length=2243 bytes) from mynifi:8080 in 2 millis
2024-10-31 09:50:15,256 INFO [Clustering Tasks Thread-2] o.a.n.c.c.ClusterProtocolHeartbeater Heartbeat created at 2024-10-31 09:50:15,247 and sent to mynifi:8082 at 2024-10-31 09:50:15,256; send took 8 millis
2024-10-31 09:50:15,424 INFO [Heartbeat Monitor Thread-1] o.a.n.c.c.h.AbstractHeartbeatMonitor Finished processing 1 heartbeats in 13345 nanos
2024-10-31 09:50:20,262 INFO [Process Cluster Protocol Request-6] o.a.n.c.p.impl.SocketProtocolListener Finished processing request 9d02d18c-13f0-4694-a344-f4ba9393f8bf (type=HEARTBEAT, length=2243 bytes) from mynifi:8080 in 2 millis
2024-10-31 09:50:20,264 INFO [Clustering Tasks Thread-2] o.a.n.c.c.ClusterProtocolHeartbeater Heartbeat created at 2024-10-31 09:50:20,256 and sent to mynifi:8082 at 2024-10-31 09:50:20,264; send took 8 millis
2024-10-31 09:50:20,425 INFO [Heartbeat Monitor Thread-1] o.a.n.c.c.h.AbstractHeartbeatMonitor Finished processing 1 heartbeats in 6382 nanos
2024-10-31 09:50:23,826 INFO [pool-13-thread-1] o.a.n.c.r.WriteAheadFlowFileRepository Initiating checkpoint of FlowFile Repository
2024-10-31 09:50:23,826 INFO [pool-13-thread-1] o.a.n.c.r.WriteAheadFlowFileRepository Successfully checkpointed FlowFile Repository with 1 records in 0 milliseconds
2024-10-31 09:50:25,268 INFO [Process Cluster Protocol Request-7] o.a.n.c.p.impl.SocketProtocolListener Finished processing request ec59946a-7071-4231-94a5-04ab246013ee (type=HEARTBEAT, length=2243 bytes) from mynifi:8080 in 1 millis
2024-10-31 09:50:25,270 INFO [Clustering Tasks Thread-2] o.a.n.c.c.ClusterProtocolHeartbeater Heartbeat created at 2024-10-31 09:50:25,265 and sent to mynifi:8082 at 2024-10-31 09:50:25,270; send took 5 millis
2024-10-31 09:50:25,425 INFO [Heartbeat Monitor Thread-1] o.a.n.c.c.h.AbstractHeartbeatMonitor Finished processing 1 heartbeats in 10281 nanos
2024-10-31 09:50:30,276 INFO [Process Cluster Protocol Request-8] o.a.n.c.p.impl.SocketProtocolListener Finished processing request e9f13cec-59ec-496c-8784-f2c20d2d2270 (type=HEARTBEAT, length=2243 bytes) from mynifi:8080 in 2 millis
2024-10-31 09:50:30,278 INFO [Clustering Tasks Thread-2] o.a.n.c.c.ClusterProtocolHeartbeater Heartbeat created at 2024-10-31 09:50:30,270 and sent to mynifi:8082 at 2024-10-31 09:50:30,278; send took 7 millis
2024-10-31 09:50:30,425 INFO [Heartbeat Monitor Thread-1] o.a.n.c.c.h.AbstractHeartbeatMonitor Finished processing 1 heartbeats in 15151 nanos
2024-10-31 09:50:35,285 INFO [Process Cluster Protocol Request-9] o.a.n.c.p.impl.SocketProtocolListener Finished processing request 140c6a04-c65d-4d27-9a24-525d3e7f2596 (type=HEARTBEAT, length=2243 bytes) from mynifi:8080 in 2 millis
2024-10-31 09:50:35,287 INFO [Clustering Tasks Thread-2] o.a.n.c.c.ClusterProtocolHeartbeater Heartbeat created at 2024-10-31 09:50:35,279 and sent to mynifi:8082 at 2024-10-31 09:50:35,287; send took 8 millis
2024-10-31 09:50:35,426 INFO [Heartbeat Monitor Thread-1] o.a.n.c.c.h.AbstractHeartbeatMonitor Finished processing 1 heartbeats in 13666 nanos
2024-10-31 09:50:40,293 INFO [Process Cluster Protocol Request-10] o.a.n.c.p.impl.SocketProtocolListener Finished processing request e7b069e2-c83e-4023-b28d-647e181bba88 (type=HEARTBEAT, length=2243 bytes) from mynifi:8080 in 2 millis
2024-10-31 09:50:40,296 INFO [Clustering Tasks Thread-2] o.a.n.c.c.ClusterProtocolHeartbeater Heartbeat created at 2024-10-31 09:50:40,288 and sent to mynifi:8082 at 2024-10-31 09:50:40,296; send took 7 millis
2024-10-31 09:50:40,426 INFO [Heartbeat Monitor Thread-1] o.a.n.c.c.h.AbstractHeartbeatMonitor Finished processing 1 heartbeats in 13923 nanos
2024-10-31 09:50:43,827 INFO [pool-13-thread-1] o.a.n.c.r.WriteAheadFlowFileRepository Initiating checkpoint of FlowFile Repository
2024-10-31 09:50:43,827 INFO [pool-13-thread-1] o.a.n.c.r.WriteAheadFlowFileRepository Successfully checkpointed FlowFile Repository with 1 records in 0 milliseconds
2024-10-31 09:50:45,298 INFO [Process Cluster Protocol Request-1] o.a.n.c.p.impl.SocketProtocolListener Finished processing request 874b94bc-04ed-4a24-b2f1-0035d2ea95a4 (type=HEARTBEAT, length=2243 bytes) from mynifi:8080 in 727329 nanos
2024-10-31 09:50:45,299 INFO [Clustering Tasks Thread-2] o.a.n.c.c.ClusterProtocolHeartbeater Heartbeat created at 2024-10-31 09:50:45,296 and sent to mynifi:8082 at 2024-10-31 09:50:45,299; send took 2 millis
2024-10-31 09:50:45,426 INFO [Heartbeat Monitor Thread-1] o.a.n.c.c.h.AbstractHeartbeatMonitor Finished processing 1 heartbeats in 9854 nanos
2024-10-31 09:50:50,305 INFO [Process Cluster Protocol Request-2] o.a.n.c.p.impl.SocketProtocolListener Finished processing request f8a932bd-0ad4-4c4b-b7b4-b29b91d2b654 (type=HEARTBEAT, length=2243 bytes) from mynifi:8080 in 2 millis
2024-10-31 09:50:50,307 INFO [Clustering Tasks Thread-2] o.a.n.c.c.ClusterProtocolHeartbeater Heartbeat created at 2024-10-31 09:50:50,299 and sent to mynifi:8082 at 2024-10-31 09:50:50,307; send took 7 millis
2024-10-31 09:50:50,427 INFO [Heartbeat Monitor Thread-1] o.a.n.c.c.h.AbstractHeartbeatMonitor Finished processing 1 heartbeats in 13901 nanos
2024-10-31 09:50:55,309 INFO [Process Cluster Protocol Request-3] o.a.n.c.p.impl.SocketProtocolListener Finished processing request 2995ba98-4705-4f28-8b55-fc52f58fbcee (type=HEARTBEAT, length=2243 bytes) from mynifi:8080 in 683852 nanos
2024-10-31 09:50:55,309 INFO [Clustering Tasks Thread-2] o.a.n.c.c.ClusterProtocolHeartbeater Heartbeat created at 2024-10-31 09:50:55,307 and sent to mynifi:8082 at 2024-10-31 09:50:55,309; send took 2 millis
2024-10-31 09:50:55,427 INFO [Heartbeat Monitor Thread-1] o.a.n.c.c.h.AbstractHeartbeatMonitor Finished processing 1 heartbeats in 14757 nanos
2024-10-31 09:51:00,315 INFO [Process Cluster Protocol Request-4] o.a.n.c.p.impl.SocketProtocolListener Finished processing request 48ae1afb-745e-4aa1-8ca6-020adc859701 (type=HEARTBEAT, length=2243 bytes) from mynifi:8080 in 2 millis
2024-10-31 09:51:00,318 INFO [Clustering Tasks Thread-2] o.a.n.c.c.ClusterProtocolHeartbeater Heartbeat created at 2024-10-31 09:51:00,310 and sent to mynifi:8082 at 2024-10-31 09:51:00,318; send took 8 millis
2024-10-31 09:51:00,427 INFO [Heartbeat Monitor Thread-1] o.a.n.c.c.h.AbstractHeartbeatMonitor Finished processing 1 heartbeats in 13131 nanos
2024-10-31 09:51:03,827 INFO [pool-13-thread-1] o.a.n.c.r.WriteAheadFlowFileRepository Initiating checkpoint of FlowFile Repository
2024-10-31 09:51:03,827 INFO [pool-13-thread-1] o.a.n.c.r.WriteAheadFlowFileRepository Successfully checkpointed FlowFile Repository with 1 records in 0 milliseconds
2024-10-31 09:51:05,324 INFO [Process Cluster Protocol Request-5] o.a.n.c.p.impl.SocketProtocolListener Finished processing request 4ac12ce8-f3c2-4cc7-a02c-e02534e51fde (type=HEARTBEAT, length=2243 bytes) from mynifi:8080 in 2 millis
2024-10-31 09:51:05,327 INFO [Clustering Tasks Thread-2] o.a.n.c.c.ClusterProtocolHeartbeater Heartbeat created at 2024-10-31 09:51:05,319 and sent to mynifi:8082 at 2024-10-31 09:51:05,327; send took 8 millis
2024-10-31 09:51:05,428 INFO [Heartbeat Monitor Thread-1] o.a.n.c.c.h.AbstractHeartbeatMonitor Finished processing 1 heartbeats in 12972 nanos
2024-10-31 09:51:10,333 INFO [Process Cluster Protocol Request-6] o.a.n.c.p.impl.SocketProtocolListener Finished processing request 0bf98820-c4e1-4963-a835-7ed85a7249ed (type=HEARTBEAT, length=2243 bytes) from mynifi:8080 in 2 millis
2024-10-31 09:51:10,335 INFO [Clustering Tasks Thread-2] o.a.n.c.c.ClusterProtocolHeartbeater Heartbeat created at 2024-10-31 09:51:10,327 and sent to mynifi:8082 at 2024-10-31 09:51:10,335; send took 7 millis
2024-10-31 09:51:10,428 INFO [Heartbeat Monitor Thread-1] o.a.n.c.c.h.AbstractHeartbeatMonitor Finished processing 1 heartbeats in 13475 nanos
2024-10-31 09:51:12,679 INFO [Cleanup Archive for default] o.a.n.c.repository.FileSystemRepository Successfully deleted 0 files (0 bytes) from archive
2024-10-31 09:51:15,337 INFO [Process Cluster Protocol Request-7] o.a.n.c.p.impl.SocketProtocolListener Finished processing request d0dedddd-c405-4f35-a061-cd9731693e50 (type=HEARTBEAT, length=2243 bytes) from mynifi:8080 in 713492 nanos
2024-10-31 09:51:15,338 INFO [Clustering Tasks Thread-2] o.a.n.c.c.ClusterProtocolHeartbeater Heartbeat created at 2024-10-31 09:51:15,336 and sent to mynifi:8082 at 2024-10-31 09:51:15,338; send took 2 millis
2024-10-31 09:51:15,428 INFO [Heartbeat Monitor Thread-1] o.a.n.c.c.h.AbstractHeartbeatMonitor Finished processing 1 heartbeats in 14427 nanos
2024-10-31 09:51:20,344 INFO [Process Cluster Protocol Request-8] o.a.n.c.p.impl.SocketProtocolListener Finished processing request 0e450deb-6685-4fde-b400-229cf6c7983e (type=HEARTBEAT, length=2243 bytes) from mynifi:8080 in 2 millis
2024-10-31 09:51:20,347 INFO [Clustering Tasks Thread-2] o.a.n.c.c.ClusterProtocolHeartbeater Heartbeat created at 2024-10-31 09:51:20,338 and sent to mynifi:8082 at 2024-10-31 09:51:20,347; send took 8 millis
2024-10-31 09:51:20,428 INFO [Heartbeat Monitor Thread-1] o.a.n.c.c.h.AbstractHeartbeatMonitor Finished processing 1 heartbeats in 13294 nanos
2024-10-31 09:51:23,827 INFO [pool-13-thread-1] o.a.n.c.r.WriteAheadFlowFileRepository Initiating checkpoint of FlowFile Repository
2024-10-31 09:51:23,827 INFO [pool-13-thread-1] o.a.n.c.r.WriteAheadFlowFileRepository Successfully checkpointed FlowFile Repository with 1 records in 0 milliseconds
2024-10-31 09:51:25,354 INFO [Process Cluster Protocol Request-9] o.a.n.c.p.impl.SocketProtocolListener Finished processing request 4a97857a-8f2a-41c9-bc59-eb1df1c365a7 (type=HEARTBEAT, length=2243 bytes) from mynifi:8080 in 2 millis
2024-10-31 09:51:25,356 INFO [Clustering Tasks Thread-2] o.a.n.c.c.ClusterProtocolHeartbeater Heartbeat created at 2024-10-31 09:51:25,348 and sent to mynifi:8082 at 2024-10-31 09:51:25,356; send took 8 millis
2024-10-31 09:51:25,429 INFO [Heartbeat Monitor Thread-1] o.a.n.c.c.h.AbstractHeartbeatMonitor Finished processing 1 heartbeats in 12315 nanos
2024-10-31 09:51:30,362 INFO [Process Cluster Protocol Request-10] o.a.n.c.p.impl.SocketProtocolListener Finished processing request 10383a24-19d2-446e-b1d3-83825c18c669 (type=HEARTBEAT, length=2243 bytes) from mynifi:8080 in 2 millis
2024-10-31 09:51:30,365 INFO [Clustering Tasks Thread-2] o.a.n.c.c.ClusterProtocolHeartbeater Heartbeat created at 2024-10-31 09:51:30,357 and sent to mynifi:8082 at 2024-10-31 09:51:30,365; send took 7 millis
2024-10-31 09:51:30,429 INFO [Heartbeat Monitor Thread-1] o.a.n.c.c.h.AbstractHeartbeatMonitor Finished processing 1 heartbeats in 11856 nanos
2024-10-31 09:51:35,371 INFO [Process Cluster Protocol Request-1] o.a.n.c.p.impl.SocketProtocolListener Finished processing request bc8e8d89-4611-4dc4-bd82-5f79767a04b1 (type=HEARTBEAT, length=2243 bytes) from mynifi:8080 in 2 millis
2024-10-31 09:51:35,374 INFO [Clustering Tasks Thread-2] o.a.n.c.c.ClusterProtocolHeartbeater Heartbeat created at 2024-10-31 09:51:35,365 and sent to mynifi:8082 at 2024-10-31 09:51:35,374; send took 8 millis
2024-10-31 09:51:35,429 INFO [Heartbeat Monitor Thread-1] o.a.n.c.c.h.AbstractHeartbeatMonitor Finished processing 1 heartbeats in 14365 nanos
2024-10-31 09:51:40,379 INFO [Process Cluster Protocol Request-2] o.a.n.c.p.impl.SocketProtocolListener Finished processing request 585383aa-052d-4b18-9012-0dde24ab7900 (type=HEARTBEAT, length=2243 bytes) from mynifi:8080 in 2 millis
2024-10-31 09:51:40,382 INFO [Clustering Tasks Thread-2] o.a.n.c.c.ClusterProtocolHeartbeater Heartbeat created at 2024-10-31 09:51:40,374 and sent to mynifi:8082 at 2024-10-31 09:51:40,382; send took 7 millis
2024-10-31 09:51:40,430 INFO [Heartbeat Monitor Thread-1] o.a.n.c.c.h.AbstractHeartbeatMonitor Finished processing 1 heartbeats in 12902 nanos
2024-10-31 09:51:43,828 INFO [pool-13-thread-1] o.a.n.c.r.WriteAheadFlowFileRepository Initiating checkpoint of FlowFile Repository
2024-10-31 09:51:43,828 INFO [pool-13-thread-1] o.a.n.c.r.WriteAheadFlowFileRepository Successfully checkpointed FlowFile Repository with 1 records in 0 milliseconds
2024-10-31 09:51:45,388 INFO [Process Cluster Protocol Request-3] o.a.n.c.p.impl.SocketProtocolListener Finished processing request f1537c61-a78a-48e3-b0f1-bebdee02e410 (type=HEARTBEAT, length=2243 bytes) from mynifi:8080 in 2 millis
2024-10-31 09:51:45,391 INFO [Clustering Tasks Thread-2] o.a.n.c.c.ClusterProtocolHeartbeater Heartbeat created at 2024-10-31 09:51:45,382 and sent to mynifi:8082 at 2024-10-31 09:51:45,391; send took 8 millis
2024-10-31 09:51:45,430 INFO [Heartbeat Monitor Thread-1] o.a.n.c.c.h.AbstractHeartbeatMonitor Finished processing 1 heartbeats in 18794 nanos
2024-10-31 09:51:50,397 INFO [Process Cluster Protocol Request-4] o.a.n.c.p.impl.SocketProtocolListener Finished processing request 8e62ec46-80c4-467c-9fef-73af882bab3f (type=HEARTBEAT, length=2243 bytes) from mynifi:8080 in 2 millis
2024-10-31 09:51:50,400 INFO [Clustering Tasks Thread-2] o.a.n.c.c.ClusterProtocolHeartbeater Heartbeat created at 2024-10-31 09:51:50,391 and sent to mynifi:8082 at 2024-10-31 09:51:50,400; send took 8 millis
2024-10-31 09:51:50,430 INFO [Heartbeat Monitor Thread-1] o.a.n.c.c.h.AbstractHeartbeatMonitor Finished processing 1 heartbeats in 12384 nanos
2024-10-31 09:51:55,406 INFO [Process Cluster Protocol Request-5] o.a.n.c.p.impl.SocketProtocolListener Finished processing request e5510667-0d06-472c-a842-dbf7446d1ba8 (type=HEARTBEAT, length=2243 bytes) from mynifi:8080 in 2 millis
2024-10-31 09:51:55,409 INFO [Clustering Tasks Thread-2] o.a.n.c.c.ClusterProtocolHeartbeater Heartbeat created at 2024-10-31 09:51:55,400 and sent to mynifi:8082 at 2024-10-31 09:51:55,409; send took 8 millis
2024-10-31 09:51:55,431 INFO [Heartbeat Monitor Thread-1] o.a.n.c.c.h.AbstractHeartbeatMonitor Finished processing 1 heartbeats in 12860 nanos
2024-10-31 09:52:00,415 INFO [Process Cluster Protocol Request-6] o.a.n.c.p.impl.SocketProtocolListener Finished processing request 8b0867fc-1999-4ee2-ba17-aafe9faed387 (type=HEARTBEAT, length=2243 bytes) from mynifi:8080 in 2 millis
2024-10-31 09:52:00,417 INFO [Clustering Tasks Thread-2] o.a.n.c.c.ClusterProtocolHeartbeater Heartbeat created at 2024-10-31 09:52:00,409 and sent to mynifi:8082 at 2024-10-31 09:52:00,417; send took 7 millis
2024-10-31 09:52:00,431 INFO [Heartbeat Monitor Thread-1] o.a.n.c.c.h.AbstractHeartbeatMonitor Finished processing 1 heartbeats in 11469 nanos
2024-10-31 09:52:03,828 INFO [pool-13-thread-1] o.a.n.c.r.WriteAheadFlowFileRepository Initiating checkpoint of FlowFile Repository
2024-10-31 09:52:03,828 INFO [pool-13-thread-1] o.a.n.c.r.WriteAheadFlowFileRepository Successfully checkpointed FlowFile Repository with 1 records in 0 milliseconds
2024-10-31 09:52:05,423 INFO [Process Cluster Protocol Request-7] o.a.n.c.p.impl.SocketProtocolListener Finished processing request 6f374b9f-7526-4b8a-b57b-c4b3e625a6e1 (type=HEARTBEAT, length=2243 bytes) from mynifi:8080 in 2 millis
2024-10-31 09:52:05,426 INFO [Clustering Tasks Thread-2] o.a.n.c.c.ClusterProtocolHeartbeater Heartbeat created at 2024-10-31 09:52:05,417 and sent to mynifi:8082 at 2024-10-31 09:52:05,426; send took 8 millis
2024-10-31 09:52:05,431 INFO [Heartbeat Monitor Thread-1] o.a.n.c.c.h.AbstractHeartbeatMonitor Finished processing 1 heartbeats in 12096 nanos
2024-10-31 09:52:08,519 INFO [Write-Ahead Local State Provider Maintenance] org.wali.MinimalLockingWriteAheadLog org.wali.MinimalLockingWriteAheadLog@7555782c checkpointed with 25 Records and 0 Swap Files in 6 milliseconds (Stop-the-world time = 4 milliseconds, Clear Edit Logs time = 0 millis), max Transaction ID 111
2024-10-31 09:52:10,431 INFO [Heartbeat Monitor Thread-1] o.a.n.c.c.h.AbstractHeartbeatMonitor Finished processing 1 heartbeats in 12631 nanos
2024-10-31 09:52:10,432 INFO [Process Cluster Protocol Request-8] o.a.n.c.p.impl.SocketProtocolListener Finished processing request b301e12e-e1ce-4975-a46a-ce9045d32486 (type=HEARTBEAT, length=2243 bytes) from mynifi:8080 in 2 millis
2024-10-31 09:52:10,434 INFO [Clustering Tasks Thread-2] o.a.n.c.c.ClusterProtocolHeartbeater Heartbeat created at 2024-10-31 09:52:10,426 and sent to mynifi:8082 at 2024-10-31 09:52:10,434; send took 7 millis
2024-10-31 09:52:12,739 INFO [Cleanup Archive for default] o.a.n.c.repository.FileSystemRepository Successfully deleted 0 files (0 bytes) from archive
2024-10-31 09:52:15,432 INFO [Heartbeat Monitor Thread-1] o.a.n.c.c.h.AbstractHeartbeatMonitor Finished processing 1 heartbeats in 5585 nanos
2024-10-31 09:52:15,436 INFO [Process Cluster Protocol Request-9] o.a.n.c.p.impl.SocketProtocolListener Finished processing request 8ab0ffb4-7867-4154-98a2-f4280f0b0573 (type=HEARTBEAT, length=2243 bytes) from mynifi:8080 in 843784 nanos
2024-10-31 09:52:15,437 INFO [Clustering Tasks Thread-2] o.a.n.c.c.ClusterProtocolHeartbeater Heartbeat created at 2024-10-31 09:52:15,434 and sent to mynifi:8082 at 2024-10-31 09:52:15,437; send took 2 millis
2024-10-31 09:52:20,432 INFO [Heartbeat Monitor Thread-1] o.a.n.c.c.h.AbstractHeartbeatMonitor Finished processing 1 heartbeats in 13830 nanos
2024-10-31 09:52:20,444 INFO [Process Cluster Protocol Request-10] o.a.n.c.p.impl.SocketProtocolListener Finished processing request 011d5247-08d6-4c7b-a5ea-48a598ed092e (type=HEARTBEAT, length=2243 bytes) from mynifi:8080 in 2 millis
2024-10-31 09:52:20,447 INFO [Clustering Tasks Thread-2] o.a.n.c.c.ClusterProtocolHeartbeater Heartbeat created at 2024-10-31 09:52:20,438 and sent to mynifi:8082 at 2024-10-31 09:52:20,447; send took 8 millis
2024-10-31 09:52:23,829 INFO [pool-13-thread-1] o.a.n.c.r.WriteAheadFlowFileRepository Initiating checkpoint of FlowFile Repository
2024-10-31 09:52:23,829 INFO [pool-13-thread-1] o.a.n.c.r.WriteAheadFlowFileRepository Successfully checkpointed FlowFile Repository with 1 records in 0 milliseconds
2024-10-31 09:52:25,432 INFO [Heartbeat Monitor Thread-1] o.a.n.c.c.h.AbstractHeartbeatMonitor Finished processing 1 heartbeats in 14050 nanos
2024-10-31 09:52:25,453 INFO [Process Cluster Protocol Request-1] o.a.n.c.p.impl.SocketProtocolListener Finished processing request bba181e5-9e6c-45a2-bfc6-253901544ac5 (type=HEARTBEAT, length=2243 bytes) from mynifi:8080 in 2 millis
2024-10-31 09:52:25,456 INFO [Clustering Tasks Thread-2] o.a.n.c.c.ClusterProtocolHeartbeater Heartbeat created at 2024-10-31 09:52:25,447 and sent to mynifi:8082 at 2024-10-31 09:52:25,456; send took 8 millis
2024-10-31 09:52:30,433 INFO [Heartbeat Monitor Thread-1] o.a.n.c.c.h.AbstractHeartbeatMonitor Finished processing 1 heartbeats in 13902 nanos
2024-10-31 09:52:30,462 INFO [Process Cluster Protocol Request-2] o.a.n.c.p.impl.SocketProtocolListener Finished processing request 4ec65da4-dad4-44cd-8de3-2fdb8b4c996d (type=HEARTBEAT, length=2243 bytes) from mynifi:8080 in 2 millis
2024-10-31 09:52:30,464 INFO [Clustering Tasks Thread-2] o.a.n.c.c.ClusterProtocolHeartbeater Heartbeat created at 2024-10-31 09:52:30,456 and sent to mynifi:8082 at 2024-10-31 09:52:30,464; send took 7 millis
2024-10-31 09:52:35,433 INFO [Heartbeat Monitor Thread-1] o.a.n.c.c.h.AbstractHeartbeatMonitor Finished processing 1 heartbeats in 13652 nanos
2024-10-31 09:52:35,467 INFO [Process Cluster Protocol Request-3] o.a.n.c.p.impl.SocketProtocolListener Finished processing request 1267b324-2943-427b-8129-6324c399ac36 (type=HEARTBEAT, length=2243 bytes) from mynifi:8080 in 850716 nanos
2024-10-31 09:52:35,467 INFO [Clustering Tasks Thread-2] o.a.n.c.c.ClusterProtocolHeartbeater Heartbeat created at 2024-10-31 09:52:35,464 and sent to mynifi:8082 at 2024-10-31 09:52:35,467; send took 2 millis
2024-10-31 09:52:40,434 INFO [Heartbeat Monitor Thread-1] o.a.n.c.c.h.AbstractHeartbeatMonitor Finished processing 1 heartbeats in 14988 nanos
2024-10-31 09:52:40,473 INFO [Process Cluster Protocol Request-4] o.a.n.c.p.impl.SocketProtocolListener Finished processing request e07dbee5-92d9-4a4e-ae60-080d1b976343 (type=HEARTBEAT, length=2243 bytes) from mynifi:8080 in 2 millis
2024-10-31 09:52:40,476 INFO [Clustering Tasks Thread-2] o.a.n.c.c.ClusterProtocolHeartbeater Heartbeat created at 2024-10-31 09:52:40,468 and sent to mynifi:8082 at 2024-10-31 09:52:40,476; send took 8 millis
2024-10-31 09:52:43,829 INFO [pool-13-thread-1] o.a.n.c.r.WriteAheadFlowFileRepository Initiating checkpoint of FlowFile Repository
2024-10-31 09:52:43,829 INFO [pool-13-thread-1] o.a.n.c.r.WriteAheadFlowFileRepository Successfully checkpointed FlowFile Repository with 1 records in 0 milliseconds
2024-10-31 09:52:45,434 INFO [Heartbeat Monitor Thread-1] o.a.n.c.c.h.AbstractHeartbeatMonitor Finished processing 1 heartbeats in 14510 nanos
2024-10-31 09:52:45,483 INFO [Process Cluster Protocol Request-5] o.a.n.c.p.impl.SocketProtocolListener Finished processing request 929da181-d565-430d-a7b2-0b2a44322900 (type=HEARTBEAT, length=2243 bytes) from mynifi:8080 in 2 millis
2024-10-31 09:52:45,485 INFO [Clustering Tasks Thread-2] o.a.n.c.c.ClusterProtocolHeartbeater Heartbeat created at 2024-10-31 09:52:45,476 and sent to mynifi:8082 at 2024-10-31 09:52:45,485; send took 8 millis
2024-10-31 09:52:50,434 INFO [Heartbeat Monitor Thread-1] o.a.n.c.c.h.AbstractHeartbeatMonitor Finished processing 1 heartbeats in 14013 nanos
2024-10-31 09:52:50,491 INFO [Process Cluster Protocol Request-6] o.a.n.c.p.impl.SocketProtocolListener Finished processing request bfa75eee-6946-4bf3-b461-3ea2a3f8ff85 (type=HEARTBEAT, length=2243 bytes) from mynifi:8080 in 2 millis
2024-10-31 09:52:50,492 INFO [Clustering Tasks Thread-2] o.a.n.c.c.ClusterProtocolHeartbeater Heartbeat created at 2024-10-31 09:52:50,486 and sent to mynifi:8082 at 2024-10-31 09:52:50,492; send took 6 millis
2024-10-31 09:52:55,435 INFO [Heartbeat Monitor Thread-1] o.a.n.c.c.h.AbstractHeartbeatMonitor Finished processing 1 heartbeats in 14026 nanos
2024-10-31 09:52:55,497 INFO [Process Cluster Protocol Request-7] o.a.n.c.p.impl.SocketProtocolListener Finished processing request 97a0b1cc-9055-4c38-8445-64267b7f2194 (type=HEARTBEAT, length=2243 bytes) from mynifi:8080 in 1 millis
2024-10-31 09:52:55,499 INFO [Clustering Tasks Thread-2] o.a.n.c.c.ClusterProtocolHeartbeater Heartbeat created at 2024-10-31 09:52:55,492 and sent to mynifi:8082 at 2024-10-31 09:52:55,499; send took 6 millis
2024-10-31 09:53:00,435 INFO [Heartbeat Monitor Thread-1] o.a.n.c.c.h.AbstractHeartbeatMonitor Finished processing 1 heartbeats in 14323 nanos
2024-10-31 09:53:00,505 INFO [Process Cluster Protocol Request-8] o.a.n.c.p.impl.SocketProtocolListener Finished processing request e7b0febc-3043-4479-b26f-e31ec8613157 (type=HEARTBEAT, length=2243 bytes) from mynifi:8080 in 2 millis
2024-10-31 09:53:00,507 INFO [Clustering Tasks Thread-2] o.a.n.c.c.ClusterProtocolHeartbeater Heartbeat created at 2024-10-31 09:53:00,499 and sent to mynifi:8082 at 2024-10-31 09:53:00,507; send took 8 millis
2024-10-31 09:53:03,829 INFO [pool-13-thread-1] o.a.n.c.r.WriteAheadFlowFileRepository Initiating checkpoint of FlowFile Repository
2024-10-31 09:53:03,830 INFO [pool-13-thread-1] o.a.n.c.r.WriteAheadFlowFileRepository Successfully checkpointed FlowFile Repository with 1 records in 0 milliseconds
2024-10-31 09:53:05,435 INFO [Heartbeat Monitor Thread-1] o.a.n.c.c.h.AbstractHeartbeatMonitor Finished processing 1 heartbeats in 28629 nanos
2024-10-31 09:53:05,513 INFO [Process Cluster Protocol Request-9] o.a.n.c.p.impl.SocketProtocolListener Finished processing request 4db975d7-3974-49a3-87cb-75f34a08c9ee (type=HEARTBEAT, length=2243 bytes) from mynifi:8080 in 2 millis
2024-10-31 09:53:05,516 INFO [Clustering Tasks Thread-2] o.a.n.c.c.ClusterProtocolHeartbeater Heartbeat created at 2024-10-31 09:53:05,508 and sent to mynifi:8082 at 2024-10-31 09:53:05,516; send took 8 millis
2024-10-31 09:53:10,436 INFO [Heartbeat Monitor Thread-1] o.a.n.c.c.h.AbstractHeartbeatMonitor Finished processing 1 heartbeats in 13067 nanos
2024-10-31 09:53:10,522 INFO [Process Cluster Protocol Request-10] o.a.n.c.p.impl.SocketProtocolListener Finished processing request b2848c0d-7ec1-471f-98b9-f7926a22b75c (type=HEARTBEAT, length=2243 bytes) from mynifi:8080 in 2 millis
2024-10-31 09:53:10,525 INFO [Clustering Tasks Thread-2] o.a.n.c.c.ClusterProtocolHeartbeater Heartbeat created at 2024-10-31 09:53:10,516 and sent to mynifi:8082 at 2024-10-31 09:53:10,525; send took 8 millis
2024-10-31 09:53:12,767 INFO [Cleanup Archive for default] o.a.n.c.repository.FileSystemRepository Successfully deleted 0 files (0 bytes) from archive
2024-10-31 09:53:15,436 INFO [Heartbeat Monitor Thread-1] o.a.n.c.c.h.AbstractHeartbeatMonitor Finished processing 1 heartbeats in 14735 nanos
2024-10-31 09:53:15,531 INFO [Process Cluster Protocol Request-1] o.a.n.c.p.impl.SocketProtocolListener Finished processing request a6f08c7b-4bef-4eea-b5af-a2fe808e8469 (type=HEARTBEAT, length=2243 bytes) from mynifi:8080 in 2 millis
2024-10-31 09:53:15,533 INFO [Clustering Tasks Thread-2] o.a.n.c.c.ClusterProtocolHeartbeater Heartbeat created at 2024-10-31 09:53:15,525 and sent to mynifi:8082 at 2024-10-31 09:53:15,533; send took 8 millis
2024-10-31 09:53:20,436 INFO [Heartbeat Monitor Thread-1] o.a.n.c.c.h.AbstractHeartbeatMonitor Finished processing 1 heartbeats in 14170 nanos
2024-10-31 09:53:20,539 INFO [Process Cluster Protocol Request-2] o.a.n.c.p.impl.SocketProtocolListener Finished processing request 45ed19e2-533d-4257-8b3a-8e49a94594fe (type=HEARTBEAT, length=2243 bytes) from mynifi:8080 in 2 millis
2024-10-31 09:53:20,552 INFO [Clustering Tasks Thread-2] o.a.n.c.c.ClusterProtocolHeartbeater Heartbeat created at 2024-10-31 09:53:20,534 and sent to mynifi:8082 at 2024-10-31 09:53:20,552; send took 18 millis
2024-10-31 09:53:23,830 INFO [pool-13-thread-1] o.a.n.c.r.WriteAheadFlowFileRepository Initiating checkpoint of FlowFile Repository
2024-10-31 09:53:23,830 INFO [pool-13-thread-1] o.a.n.c.r.WriteAheadFlowFileRepository Successfully checkpointed FlowFile Repository with 1 records in 0 milliseconds
2024-10-31 09:53:25,437 INFO [Heartbeat Monitor Thread-1] o.a.n.c.c.h.AbstractHeartbeatMonitor Finished processing 1 heartbeats in 14517 nanos
2024-10-31 09:53:25,558 INFO [Process Cluster Protocol Request-3] o.a.n.c.p.impl.SocketProtocolListener Finished processing request 034c4f48-63f3-43f2-b319-95551642d6e0 (type=HEARTBEAT, length=2243 bytes) from mynifi:8080 in 2 millis
2024-10-31 09:53:25,561 INFO [Clustering Tasks Thread-2] o.a.n.c.c.ClusterProtocolHeartbeater Heartbeat created at 2024-10-31 09:53:25,553 and sent to mynifi:8082 at 2024-10-31 09:53:25,561; send took 7 millis
2024-10-31 09:53:30,437 INFO [Heartbeat Monitor Thread-1] o.a.n.c.c.h.AbstractHeartbeatMonitor Finished processing 1 heartbeats in 14142 nanos
2024-10-31 09:53:30,567 INFO [Process Cluster Protocol Request-4] o.a.n.c.p.impl.SocketProtocolListener Finished processing request 8667b801-450b-4eb5-8327-577026bba188 (type=HEARTBEAT, length=2243 bytes) from mynifi:8080 in 2 millis
2024-10-31 09:53:30,568 INFO [Clustering Tasks Thread-2] o.a.n.c.c.ClusterProtocolHeartbeater Heartbeat created at 2024-10-31 09:53:30,562 and sent to mynifi:8082 at 2024-10-31 09:53:30,568; send took 5 millis
2024-10-31 09:53:35,437 INFO [Heartbeat Monitor Thread-1] o.a.n.c.c.h.AbstractHeartbeatMonitor Finished processing 1 heartbeats in 14264 nanos
2024-10-31 09:53:35,574 INFO [Process Cluster Protocol Request-5] o.a.n.c.p.impl.SocketProtocolListener Finished processing request 5b17f143-8ab9-4c1b-8f02-9498cbe048f2 (type=HEARTBEAT, length=2243 bytes) from mynifi:8080 in 2 millis
2024-10-31 09:53:35,577 INFO [Clustering Tasks Thread-2] o.a.n.c.c.ClusterProtocolHeartbeater Heartbeat created at 2024-10-31 09:53:35,568 and sent to mynifi:8082 at 2024-10-31 09:53:35,577; send took 8 millis
2024-10-31 09:53:40,438 INFO [Heartbeat Monitor Thread-1] o.a.n.c.c.h.AbstractHeartbeatMonitor Finished processing 1 heartbeats in 14211 nanos
2024-10-31 09:53:40,582 INFO [Process Cluster Protocol Request-6] o.a.n.c.p.impl.SocketProtocolListener Finished processing request 2d24908f-fb20-4283-8def-2d8a7ec53445 (type=HEARTBEAT, length=2243 bytes) from mynifi:8080 in 2 millis
2024-10-31 09:53:40,585 INFO [Clustering Tasks Thread-2] o.a.n.c.c.ClusterProtocolHeartbeater Heartbeat created at 2024-10-31 09:53:40,577 and sent to mynifi:8082 at 2024-10-31 09:53:40,585; send took 7 millis
2024-10-31 09:53:43,830 INFO [pool-13-thread-1] o.a.n.c.r.WriteAheadFlowFileRepository Initiating checkpoint of FlowFile Repository
2024-10-31 09:53:43,830 INFO [pool-13-thread-1] o.a.n.c.r.WriteAheadFlowFileRepository Successfully checkpointed FlowFile Repository with 1 records in 0 milliseconds
2024-10-31 09:53:45,438 INFO [Heartbeat Monitor Thread-1] o.a.n.c.c.h.AbstractHeartbeatMonitor Finished processing 1 heartbeats in 5866 nanos
2024-10-31 09:53:45,591 INFO [Process Cluster Protocol Request-7] o.a.n.c.p.impl.SocketProtocolListener Finished processing request 1a160a4a-1964-41c6-9cc7-e6e3c3a81cf5 (type=HEARTBEAT, length=2243 bytes) from mynifi:8080 in 2 millis
2024-10-31 09:53:45,594 INFO [Clustering Tasks Thread-2] o.a.n.c.c.ClusterProtocolHeartbeater Heartbeat created at 2024-10-31 09:53:45,585 and sent to mynifi:8082 at 2024-10-31 09:53:45,594; send took 8 millis
2024-10-31 09:53:50,438 INFO [Heartbeat Monitor Thread-1] o.a.n.c.c.h.AbstractHeartbeatMonitor Finished processing 1 heartbeats in 24013 nanos
2024-10-31 09:53:50,597 INFO [Process Cluster Protocol Request-8] o.a.n.c.p.impl.SocketProtocolListener Finished processing request f1f548bc-00d5-4836-9f13-451fd61fa32e (type=HEARTBEAT, length=2243 bytes) from mynifi:8080 in 1 millis
2024-10-31 09:53:50,598 INFO [Clustering Tasks Thread-2] o.a.n.c.c.ClusterProtocolHeartbeater Heartbeat created at 2024-10-31 09:53:50,594 and sent to mynifi:8082 at 2024-10-31 09:53:50,598; send took 4 millis
2024-10-31 09:53:55,439 INFO [Heartbeat Monitor Thread-1] o.a.n.c.c.h.AbstractHeartbeatMonitor Finished processing 1 heartbeats in 13811 nanos
2024-10-31 09:53:55,604 INFO [Process Cluster Protocol Request-9] o.a.n.c.p.impl.SocketProtocolListener Finished processing request cbb83137-ed4b-41f1-9c9c-18de2c73c717 (type=HEARTBEAT, length=2243 bytes) from mynifi:8080 in 2 millis
2024-10-31 09:53:55,607 INFO [Clustering Tasks Thread-2] o.a.n.c.c.ClusterProtocolHeartbeater Heartbeat created at 2024-10-31 09:53:55,599 and sent to mynifi:8082 at 2024-10-31 09:53:55,607; send took 8 millis
2024-10-31 09:54:00,439 INFO [Heartbeat Monitor Thread-1] o.a.n.c.c.h.AbstractHeartbeatMonitor Finished processing 1 heartbeats in 15164 nanos
2024-10-31 09:54:00,612 INFO [Process Cluster Protocol Request-10] o.a.n.c.p.impl.SocketProtocolListener Finished processing request 33108676-0cbf-4653-9701-ce57731094c1 (type=HEARTBEAT, length=2243 bytes) from mynifi:8080 in 2 millis
2024-10-31 09:54:00,615 INFO [Clustering Tasks Thread-2] o.a.n.c.c.ClusterProtocolHeartbeater Heartbeat created at 2024-10-31 09:54:00,607 and sent to mynifi:8082 at 2024-10-31 09:54:00,615; send took 7 millis
2024-10-31 09:54:03,831 INFO [pool-13-thread-1] o.a.n.c.r.WriteAheadFlowFileRepository Initiating checkpoint of FlowFile Repository
2024-10-31 09:54:03,831 INFO [pool-13-thread-1] o.a.n.c.r.WriteAheadFlowFileRepository Successfully checkpointed FlowFile Repository with 1 records in 0 milliseconds
2024-10-31 09:54:05,439 INFO [Heartbeat Monitor Thread-1] o.a.n.c.c.h.AbstractHeartbeatMonitor Finished processing 1 heartbeats in 14068 nanos
2024-10-31 09:54:05,621 INFO [Process Cluster Protocol Request-1] o.a.n.c.p.impl.SocketProtocolListener Finished processing request 5ebd4986-fe49-47e5-9323-2d24bf96d2c8 (type=HEARTBEAT, length=2243 bytes) from mynifi:8080 in 2 millis
2024-10-31 09:54:05,623 INFO [Clustering Tasks Thread-2] o.a.n.c.c.ClusterProtocolHeartbeater Heartbeat created at 2024-10-31 09:54:05,615 and sent to mynifi:8082 at 2024-10-31 09:54:05,623; send took 7 millis
2024-10-31 09:54:08,526 INFO [Write-Ahead Local State Provider Maintenance] org.wali.MinimalLockingWriteAheadLog org.wali.MinimalLockingWriteAheadLog@7555782c checkpointed with 25 Records and 0 Swap Files in 7 milliseconds (Stop-the-world time = 4 milliseconds, Clear Edit Logs time = 0 millis), max Transaction ID 111
2024-10-31 09:54:10,440 INFO [Heartbeat Monitor Thread-1] o.a.n.c.c.h.AbstractHeartbeatMonitor Finished processing 1 heartbeats in 6970 nanos
2024-10-31 09:54:10,629 INFO [Process Cluster Protocol Request-2] o.a.n.c.p.impl.SocketProtocolListener Finished processing request 71f7b96f-90f3-4a7b-8e7a-9814599b24ae (type=HEARTBEAT, length=2243 bytes) from mynifi:8080 in 2 millis
2024-10-31 09:54:10,632 INFO [Clustering Tasks Thread-2] o.a.n.c.c.ClusterProtocolHeartbeater Heartbeat created at 2024-10-31 09:54:10,624 and sent to mynifi:8082 at 2024-10-31 09:54:10,632; send took 8 millis
2024-10-31 09:54:12,792 INFO [Cleanup Archive for default] o.a.n.c.repository.FileSystemRepository Successfully deleted 0 files (0 bytes) from archive
2024-10-31 09:54:15,440 INFO [Heartbeat Monitor Thread-1] o.a.n.c.c.h.AbstractHeartbeatMonitor Finished processing 1 heartbeats in 13523 nanos
2024-10-31 09:54:15,638 INFO [Process Cluster Protocol Request-3] o.a.n.c.p.impl.SocketProtocolListener Finished processing request 34182a48-f031-4e6e-b480-425539745fbe (type=HEARTBEAT, length=2243 bytes) from mynifi:8080 in 2 millis
2024-10-31 09:54:15,640 INFO [Clustering Tasks Thread-2] o.a.n.c.c.ClusterProtocolHeartbeater Heartbeat created at 2024-10-31 09:54:15,632 and sent to mynifi:8082 at 2024-10-31 09:54:15,640; send took 8 millis
2024-10-31 09:54:20,440 INFO [Heartbeat Monitor Thread-1] o.a.n.c.c.h.AbstractHeartbeatMonitor Finished processing 1 heartbeats in 13463 nanos
2024-10-31 09:54:20,642 INFO [Process Cluster Protocol Request-4] o.a.n.c.p.impl.SocketProtocolListener Finished processing request ce26d024-be0c-4d0c-a294-f33067569099 (type=HEARTBEAT, length=2243 bytes) from mynifi:8080 in 684719 nanos
2024-10-31 09:54:20,643 INFO [Clustering Tasks Thread-2] o.a.n.c.c.ClusterProtocolHeartbeater Heartbeat created at 2024-10-31 09:54:20,641 and sent to mynifi:8082 at 2024-10-31 09:54:20,643; send took 2 millis
2024-10-31 09:54:23,831 INFO [pool-13-thread-1] o.a.n.c.r.WriteAheadFlowFileRepository Initiating checkpoint of FlowFile Repository
2024-10-31 09:54:23,831 INFO [pool-13-thread-1] o.a.n.c.r.WriteAheadFlowFileRepository Successfully checkpointed FlowFile Repository with 1 records in 0 milliseconds
2024-10-31 09:54:25,441 INFO [Heartbeat Monitor Thread-1] o.a.n.c.c.h.AbstractHeartbeatMonitor Finished processing 1 heartbeats in 13845 nanos
2024-10-31 09:54:25,645 INFO [Process Cluster Protocol Request-5] o.a.n.c.p.impl.SocketProtocolListener Finished processing request 394d3c69-9a2f-4ee3-84b8-a68187ea270d (type=HEARTBEAT, length=2243 bytes) from mynifi:8080 in 693995 nanos
2024-10-31 09:54:25,646 INFO [Clustering Tasks Thread-2] o.a.n.c.c.ClusterProtocolHeartbeater Heartbeat created at 2024-10-31 09:54:25,643 and sent to mynifi:8082 at 2024-10-31 09:54:25,646; send took 3 millis
2024-10-31 09:54:30,441 INFO [Heartbeat Monitor Thread-1] o.a.n.c.c.h.AbstractHeartbeatMonitor Finished processing 1 heartbeats in 13622 nanos
2024-10-31 09:54:30,652 INFO [Process Cluster Protocol Request-6] o.a.n.c.p.impl.SocketProtocolListener Finished processing request bf4f51f1-722b-4ac7-8942-3348bf41bed9 (type=HEARTBEAT, length=2243 bytes) from mynifi:8080 in 2 millis
2024-10-31 09:54:30,654 INFO [Clustering Tasks Thread-2] o.a.n.c.c.ClusterProtocolHeartbeater Heartbeat created at 2024-10-31 09:54:30,647 and sent to mynifi:8082 at 2024-10-31 09:54:30,654; send took 7 millis
2024-10-31 09:54:35,441 INFO [Heartbeat Monitor Thread-1] o.a.n.c.c.h.AbstractHeartbeatMonitor Finished processing 1 heartbeats in 14754 nanos
2024-10-31 09:54:35,660 INFO [Process Cluster Protocol Request-7] o.a.n.c.p.impl.SocketProtocolListener Finished processing request bf6ced8d-9bd6-4687-9689-6aa03f98fd27 (type=HEARTBEAT, length=2243 bytes) from mynifi:8080 in 2 millis
2024-10-31 09:54:35,662 INFO [Clustering Tasks Thread-2] o.a.n.c.c.ClusterProtocolHeartbeater Heartbeat created at 2024-10-31 09:54:35,654 and sent to mynifi:8082 at 2024-10-31 09:54:35,662; send took 7 millis
2024-10-31 09:54:40,442 INFO [Heartbeat Monitor Thread-1] o.a.n.c.c.h.AbstractHeartbeatMonitor Finished processing 1 heartbeats in 23983 nanos
2024-10-31 09:54:40,669 INFO [Process Cluster Protocol Request-8] o.a.n.c.p.impl.SocketProtocolListener Finished processing request f92f2268-c8c8-43b0-8ea9-e252641dfa53 (type=HEARTBEAT, length=2243 bytes) from mynifi:8080 in 2 millis
2024-10-31 09:54:40,671 INFO [Clustering Tasks Thread-2] o.a.n.c.c.ClusterProtocolHeartbeater Heartbeat created at 2024-10-31 09:54:40,663 and sent to mynifi:8082 at 2024-10-31 09:54:40,671; send took 8 millis
2024-10-31 09:54:43,831 INFO [pool-13-thread-1] o.a.n.c.r.WriteAheadFlowFileRepository Initiating checkpoint of FlowFile Repository
2024-10-31 09:54:43,832 INFO [pool-13-thread-1] o.a.n.c.r.WriteAheadFlowFileRepository Successfully checkpointed FlowFile Repository with 1 records in 0 milliseconds
2024-10-31 09:54:45,442 INFO [Heartbeat Monitor Thread-1] o.a.n.c.c.h.AbstractHeartbeatMonitor Finished processing 1 heartbeats in 14279 nanos
2024-10-31 09:54:45,674 INFO [Process Cluster Protocol Request-9] o.a.n.c.p.impl.SocketProtocolListener Finished processing request a28df8d6-76c2-470b-b1f4-ceda7dd6b235 (type=HEARTBEAT, length=2243 bytes) from mynifi:8080 in 758690 nanos
2024-10-31 09:54:45,674 INFO [Clustering Tasks Thread-2] o.a.n.c.c.ClusterProtocolHeartbeater Heartbeat created at 2024-10-31 09:54:45,672 and sent to mynifi:8082 at 2024-10-31 09:54:45,674; send took 2 millis
2024-10-31 09:54:50,443 INFO [Heartbeat Monitor Thread-1] o.a.n.c.c.h.AbstractHeartbeatMonitor Finished processing 1 heartbeats in 13854 nanos
2024-10-31 09:54:50,681 INFO [Process Cluster Protocol Request-10] o.a.n.c.p.impl.SocketProtocolListener Finished processing request 08f594ed-a72d-475a-b69c-cd312e54c5d0 (type=HEARTBEAT, length=2243 bytes) from mynifi:8080 in 2 millis
2024-10-31 09:54:50,683 INFO [Clustering Tasks Thread-2] o.a.n.c.c.ClusterProtocolHeartbeater Heartbeat created at 2024-10-31 09:54:50,675 and sent to mynifi:8082 at 2024-10-31 09:54:50,683; send took 8 millis
2024-10-31 09:54:55,443 INFO [Heartbeat Monitor Thread-1] o.a.n.c.c.h.AbstractHeartbeatMonitor Finished processing 1 heartbeats in 13901 nanos
2024-10-31 09:54:55,689 INFO [Process Cluster Protocol Request-1] o.a.n.c.p.impl.SocketProtocolListener Finished processing request 5f0e81c7-1ca6-4051-af1f-b9b7db30459a (type=HEARTBEAT, length=2243 bytes) from mynifi:8080 in 2 millis
2024-10-31 09:54:55,691 INFO [Clustering Tasks Thread-2] o.a.n.c.c.ClusterProtocolHeartbeater Heartbeat created at 2024-10-31 09:54:55,683 and sent to mynifi:8082 at 2024-10-31 09:54:55,691; send took 7 millis
2024-10-31 09:55:00,443 INFO [Heartbeat Monitor Thread-1] o.a.n.c.c.h.AbstractHeartbeatMonitor Finished processing 1 heartbeats in 14147 nanos
2024-10-31 09:55:00,697 INFO [Process Cluster Protocol Request-2] o.a.n.c.p.impl.SocketProtocolListener Finished processing request feae3b17-cdd5-4d5a-bfc4-3f958bd87755 (type=HEARTBEAT, length=2243 bytes) from mynifi:8080 in 2 millis
2024-10-31 09:55:00,700 INFO [Clustering Tasks Thread-2] o.a.n.c.c.ClusterProtocolHeartbeater Heartbeat created at 2024-10-31 09:55:00,692 and sent to mynifi:8082 at 2024-10-31 09:55:00,700; send took 7 millis
2024-10-31 09:55:03,832 INFO [pool-13-thread-1] o.a.n.c.r.WriteAheadFlowFileRepository Initiating checkpoint of FlowFile Repository
2024-10-31 09:55:03,832 INFO [pool-13-thread-1] o.a.n.c.r.WriteAheadFlowFileRepository Successfully checkpointed FlowFile Repository with 1 records in 0 milliseconds
2024-10-31 09:55:05,444 INFO [Heartbeat Monitor Thread-1] o.a.n.c.c.h.AbstractHeartbeatMonitor Finished processing 1 heartbeats in 13881 nanos
2024-10-31 09:55:05,702 INFO [Process Cluster Protocol Request-3] o.a.n.c.p.impl.SocketProtocolListener Finished processing request c5a016f6-b36b-4098-9f4b-d716dd8bd213 (type=HEARTBEAT, length=2243 bytes) from mynifi:8080 in 1 millis
2024-10-31 09:55:05,703 INFO [Clustering Tasks Thread-2] o.a.n.c.c.ClusterProtocolHeartbeater Heartbeat created at 2024-10-31 09:55:05,700 and sent to mynifi:8082 at 2024-10-31 09:55:05,703; send took 3 millis
2024-10-31 09:55:10,444 INFO [Heartbeat Monitor Thread-1] o.a.n.c.c.h.AbstractHeartbeatMonitor Finished processing 1 heartbeats in 12544 nanos
2024-10-31 09:55:10,706 INFO [Process Cluster Protocol Request-4] o.a.n.c.p.impl.SocketProtocolListener Finished processing request 466bf8d9-f4e5-4492-860e-a44fc52a993c (type=HEARTBEAT, length=2243 bytes) from mynifi:8080 in 773284 nanos
2024-10-31 09:55:10,707 INFO [Clustering Tasks Thread-2] o.a.n.c.c.ClusterProtocolHeartbeater Heartbeat created at 2024-10-31 09:55:10,704 and sent to mynifi:8082 at 2024-10-31 09:55:10,707; send took 3 millis
2024-10-31 09:55:12,819 INFO [Cleanup Archive for default] o.a.n.c.repository.FileSystemRepository Successfully deleted 0 files (0 bytes) from archive
2024-10-31 09:55:15,444 INFO [Heartbeat Monitor Thread-1] o.a.n.c.c.h.AbstractHeartbeatMonitor Finished processing 1 heartbeats in 14184 nanos
2024-10-31 09:55:15,710 INFO [Process Cluster Protocol Request-5] o.a.n.c.p.impl.SocketProtocolListener Finished processing request a1203b97-833a-45e6-bca9-e3e970a3f733 (type=HEARTBEAT, length=2243 bytes) from mynifi:8080 in 1 millis
2024-10-31 09:55:15,711 INFO [Clustering Tasks Thread-2] o.a.n.c.c.ClusterProtocolHeartbeater Heartbeat created at 2024-10-31 09:55:15,707 and sent to mynifi:8082 at 2024-10-31 09:55:15,711; send took 3 millis
2024-10-31 09:55:20,445 INFO [Heartbeat Monitor Thread-1] o.a.n.c.c.h.AbstractHeartbeatMonitor Finished processing 1 heartbeats in 13877 nanos
2024-10-31 09:55:20,717 INFO [Process Cluster Protocol Request-6] o.a.n.c.p.impl.SocketProtocolListener Finished processing request 8c5812ab-0964-4f07-9352-b4a8ea8950e3 (type=HEARTBEAT, length=2243 bytes) from mynifi:8080 in 2 millis
2024-10-31 09:55:20,718 INFO [Clustering Tasks Thread-2] o.a.n.c.c.ClusterProtocolHeartbeater Heartbeat created at 2024-10-31 09:55:20,711 and sent to mynifi:8082 at 2024-10-31 09:55:20,718; send took 6 millis
2024-10-31 09:55:23,832 INFO [pool-13-thread-1] o.a.n.c.r.WriteAheadFlowFileRepository Initiating checkpoint of FlowFile Repository
2024-10-31 09:55:23,832 INFO [pool-13-thread-1] o.a.n.c.r.WriteAheadFlowFileRepository Successfully checkpointed FlowFile Repository with 1 records in 0 milliseconds
2024-10-31 09:55:25,445 INFO [Heartbeat Monitor Thread-1] o.a.n.c.c.h.AbstractHeartbeatMonitor Finished processing 1 heartbeats in 13865 nanos
2024-10-31 09:55:25,724 INFO [Process Cluster Protocol Request-7] o.a.n.c.p.impl.SocketProtocolListener Finished processing request 345674ca-858e-4d4c-beb8-1e7abd47ca09 (type=HEARTBEAT, length=2243 bytes) from mynifi:8080 in 2 millis
2024-10-31 09:55:25,726 INFO [Clustering Tasks Thread-2] o.a.n.c.c.ClusterProtocolHeartbeater Heartbeat created at 2024-10-31 09:55:25,718 and sent to mynifi:8082 at 2024-10-31 09:55:25,726; send took 8 millis
2024-10-31 09:55:30,445 INFO [Heartbeat Monitor Thread-1] o.a.n.c.c.h.AbstractHeartbeatMonitor Finished processing 1 heartbeats in 22134 nanos
2024-10-31 09:55:30,730 INFO [Process Cluster Protocol Request-8] o.a.n.c.p.impl.SocketProtocolListener Finished processing request b2cecc2c-d217-471b-8002-1e2e6430b92b (type=HEARTBEAT, length=2243 bytes) from mynifi:8080 in 1 millis
2024-10-31 09:55:30,731 INFO [Clustering Tasks Thread-2] o.a.n.c.c.ClusterProtocolHeartbeater Heartbeat created at 2024-10-31 09:55:30,727 and sent to mynifi:8082 at 2024-10-31 09:55:30,731; send took 4 millis
2024-10-31 09:55:35,446 INFO [Heartbeat Monitor Thread-1] o.a.n.c.c.h.AbstractHeartbeatMonitor Finished processing 1 heartbeats in 14226 nanos
2024-10-31 09:55:35,737 INFO [Process Cluster Protocol Request-9] o.a.n.c.p.impl.SocketProtocolListener Finished processing request bfa60387-9a36-4fb8-992e-27466af2988c (type=HEARTBEAT, length=2243 bytes) from mynifi:8080 in 2 millis
2024-10-31 09:55:35,739 INFO [Clustering Tasks Thread-2] o.a.n.c.c.ClusterProtocolHeartbeater Heartbeat created at 2024-10-31 09:55:35,731 and sent to mynifi:8082 at 2024-10-31 09:55:35,739; send took 7 millis
2024-10-31 09:55:40,446 INFO [Heartbeat Monitor Thread-1] o.a.n.c.c.h.AbstractHeartbeatMonitor Finished processing 1 heartbeats in 13683 nanos
2024-10-31 09:55:40,744 INFO [Process Cluster Protocol Request-10] o.a.n.c.p.impl.SocketProtocolListener Finished processing request 34fb7f2d-b18d-4b5d-a39f-f582b3b240a2 (type=HEARTBEAT, length=2243 bytes) from mynifi:8080 in 2 millis
2024-10-31 09:55:40,747 INFO [Clustering Tasks Thread-2] o.a.n.c.c.ClusterProtocolHeartbeater Heartbeat created at 2024-10-31 09:55:40,740 and sent to mynifi:8082 at 2024-10-31 09:55:40,747; send took 6 millis
2024-10-31 09:55:43,833 INFO [pool-13-thread-1] o.a.n.c.r.WriteAheadFlowFileRepository Initiating checkpoint of FlowFile Repository
2024-10-31 09:55:43,833 INFO [pool-13-thread-1] o.a.n.c.r.WriteAheadFlowFileRepository Successfully checkpointed FlowFile Repository with 1 records in 0 milliseconds
2024-10-31 09:55:45,447 INFO [Heartbeat Monitor Thread-1] o.a.n.c.c.h.AbstractHeartbeatMonitor Finished processing 1 heartbeats in 13613 nanos
2024-10-31 09:55:45,749 INFO [Process Cluster Protocol Request-1] o.a.n.c.p.impl.SocketProtocolListener Finished processing request 341e8ff6-4991-4c62-879c-e9e6ce0102ba (type=HEARTBEAT, length=2243 bytes) from mynifi:8080 in 892984 nanos
2024-10-31 09:55:45,750 INFO [Clustering Tasks Thread-2] o.a.n.c.c.ClusterProtocolHeartbeater Heartbeat created at 2024-10-31 09:55:45,747 and sent to mynifi:8082 at 2024-10-31 09:55:45,750; send took 2 millis
2024-10-31 09:55:50,447 INFO [Heartbeat Monitor Thread-1] o.a.n.c.c.h.AbstractHeartbeatMonitor Finished processing 1 heartbeats in 14010 nanos
2024-10-31 09:55:50,756 INFO [Process Cluster Protocol Request-2] o.a.n.c.p.impl.SocketProtocolListener Finished processing request 8cbe6537-1c57-416d-bc6d-073804ccb153 (type=HEARTBEAT, length=2243 bytes) from mynifi:8080 in 2 millis
2024-10-31 09:55:50,759 INFO [Clustering Tasks Thread-2] o.a.n.c.c.ClusterProtocolHeartbeater Heartbeat created at 2024-10-31 09:55:50,750 and sent to mynifi:8082 at 2024-10-31 09:55:50,759; send took 8 millis
2024-10-31 09:55:55,447 INFO [Heartbeat Monitor Thread-1] o.a.n.c.c.h.AbstractHeartbeatMonitor Finished processing 1 heartbeats in 5206 nanos
2024-10-31 09:55:55,761 INFO [Process Cluster Protocol Request-3] o.a.n.c.p.impl.SocketProtocolListener Finished processing request f590e32f-f2e6-4aef-80d1-b1e406f80764 (type=HEARTBEAT, length=2243 bytes) from mynifi:8080 in 716774 nanos
2024-10-31 09:55:55,761 INFO [Clustering Tasks Thread-2] o.a.n.c.c.ClusterProtocolHeartbeater Heartbeat created at 2024-10-31 09:55:55,759 and sent to mynifi:8082 at 2024-10-31 09:55:55,761; send took 2 millis
2024-10-31 09:56:00,447 INFO [Heartbeat Monitor Thread-1] o.a.n.c.c.h.AbstractHeartbeatMonitor Finished processing 1 heartbeats in 7385 nanos
2024-10-31 09:56:00,767 INFO [Process Cluster Protocol Request-4] o.a.n.c.p.impl.SocketProtocolListener Finished processing request 65c2665a-0f06-4ce1-b092-ec13b8512d35 (type=HEARTBEAT, length=2243 bytes) from mynifi:8080 in 2 millis
2024-10-31 09:56:00,770 INFO [Clustering Tasks Thread-2] o.a.n.c.c.ClusterProtocolHeartbeater Heartbeat created at 2024-10-31 09:56:00,762 and sent to mynifi:8082 at 2024-10-31 09:56:00,770; send took 7 millis
2024-10-31 09:56:03,833 INFO [pool-13-thread-1] o.a.n.c.r.WriteAheadFlowFileRepository Initiating checkpoint of FlowFile Repository
2024-10-31 09:56:03,833 INFO [pool-13-thread-1] o.a.n.c.r.WriteAheadFlowFileRepository Successfully checkpointed FlowFile Repository with 1 records in 0 milliseconds
2024-10-31 09:56:05,448 INFO [Heartbeat Monitor Thread-1] o.a.n.c.c.h.AbstractHeartbeatMonitor Finished processing 1 heartbeats in 14340 nanos
2024-10-31 09:56:05,776 INFO [Process Cluster Protocol Request-5] o.a.n.c.p.impl.SocketProtocolListener Finished processing request 04b03e0b-6523-41e9-9585-3165df1954f5 (type=HEARTBEAT, length=2243 bytes) from mynifi:8080 in 2 millis
2024-10-31 09:56:05,778 INFO [Clustering Tasks Thread-2] o.a.n.c.c.ClusterProtocolHeartbeater Heartbeat created at 2024-10-31 09:56:05,770 and sent to mynifi:8082 at 2024-10-31 09:56:05,778; send took 7 millis
2024-10-31 09:56:08,538 INFO [Write-Ahead Local State Provider Maintenance] org.wali.MinimalLockingWriteAheadLog org.wali.MinimalLockingWriteAheadLog@7555782c checkpointed with 25 Records and 0 Swap Files in 11 milliseconds (Stop-the-world time = 4 milliseconds, Clear Edit Logs time = 4 millis), max Transaction ID 111
2024-10-31 09:56:10,448 INFO [Heartbeat Monitor Thread-1] o.a.n.c.c.h.AbstractHeartbeatMonitor Finished processing 1 heartbeats in 13619 nanos
2024-10-31 09:56:10,782 INFO [Process Cluster Protocol Request-6] o.a.n.c.p.impl.SocketProtocolListener Finished processing request b37e17d8-af71-4de5-9d83-574e5b1c7124 (type=HEARTBEAT, length=2243 bytes) from mynifi:8080 in 1 millis
2024-10-31 09:56:10,784 INFO [Clustering Tasks Thread-2] o.a.n.c.c.ClusterProtocolHeartbeater Heartbeat created at 2024-10-31 09:56:10,778 and sent to mynifi:8082 at 2024-10-31 09:56:10,784; send took 5 millis
2024-10-31 09:56:12,846 INFO [Cleanup Archive for default] o.a.n.c.repository.FileSystemRepository Successfully deleted 0 files (0 bytes) from archive
2024-10-31 09:56:15,448 INFO [Heartbeat Monitor Thread-1] o.a.n.c.c.h.AbstractHeartbeatMonitor Finished processing 1 heartbeats in 14060 nanos
2024-10-31 09:56:15,790 INFO [Process Cluster Protocol Request-7] o.a.n.c.p.impl.SocketProtocolListener Finished processing request 343d9130-3d6d-45d1-8b97-6bf491116304 (type=HEARTBEAT, length=2243 bytes) from mynifi:8080 in 2 millis
2024-10-31 09:56:15,792 INFO [Clustering Tasks Thread-2] o.a.n.c.c.ClusterProtocolHeartbeater Heartbeat created at 2024-10-31 09:56:15,784 and sent to mynifi:8082 at 2024-10-31 09:56:15,792; send took 7 millis
2024-10-31 09:56:20,449 INFO [Heartbeat Monitor Thread-1] o.a.n.c.c.h.AbstractHeartbeatMonitor Finished processing 1 heartbeats in 23227 nanos
2024-10-31 09:56:20,798 INFO [Process Cluster Protocol Request-8] o.a.n.c.p.impl.SocketProtocolListener Finished processing request 2e1bcc45-40b4-490e-a1f0-de3741b50bc1 (type=HEARTBEAT, length=2243 bytes) from mynifi:8080 in 2 millis
2024-10-31 09:56:20,801 INFO [Clustering Tasks Thread-2] o.a.n.c.c.ClusterProtocolHeartbeater Heartbeat created at 2024-10-31 09:56:20,793 and sent to mynifi:8082 at 2024-10-31 09:56:20,801; send took 8 millis
2024-10-31 09:56:23,833 INFO [pool-13-thread-1] o.a.n.c.r.WriteAheadFlowFileRepository Initiating checkpoint of FlowFile Repository
2024-10-31 09:56:23,834 INFO [pool-13-thread-1] o.a.n.c.r.WriteAheadFlowFileRepository Successfully checkpointed FlowFile Repository with 1 records in 0 milliseconds
2024-10-31 09:56:25,449 INFO [Heartbeat Monitor Thread-1] o.a.n.c.c.h.AbstractHeartbeatMonitor Finished processing 1 heartbeats in 14072 nanos
2024-10-31 09:56:25,807 INFO [Process Cluster Protocol Request-9] o.a.n.c.p.impl.SocketProtocolListener Finished processing request 61877c67-3d4e-4eaf-af1d-229aeff8a512 (type=HEARTBEAT, length=2243 bytes) from mynifi:8080 in 2 millis
2024-10-31 09:56:25,809 INFO [Clustering Tasks Thread-2] o.a.n.c.c.ClusterProtocolHeartbeater Heartbeat created at 2024-10-31 09:56:25,801 and sent to mynifi:8082 at 2024-10-31 09:56:25,809; send took 7 millis
2024-10-31 09:56:30,450 INFO [Heartbeat Monitor Thread-1] o.a.n.c.c.h.AbstractHeartbeatMonitor Finished processing 1 heartbeats in 8830 nanos
2024-10-31 09:56:30,814 INFO [Process Cluster Protocol Request-10] o.a.n.c.p.impl.SocketProtocolListener Finished processing request 3b45bb84-9eb6-4af0-8812-46e93afa7be5 (type=HEARTBEAT, length=2243 bytes) from mynifi:8080 in 2 millis
2024-10-31 09:56:30,817 INFO [Clustering Tasks Thread-2] o.a.n.c.c.ClusterProtocolHeartbeater Heartbeat created at 2024-10-31 09:56:30,809 and sent to mynifi:8082 at 2024-10-31 09:56:30,817; send took 7 millis
2024-10-31 09:56:35,450 INFO [Heartbeat Monitor Thread-1] o.a.n.c.c.h.AbstractHeartbeatMonitor Finished processing 1 heartbeats in 13783 nanos
2024-10-31 09:56:35,823 INFO [Process Cluster Protocol Request-1] o.a.n.c.p.impl.SocketProtocolListener Finished processing request 18fb70a4-adb6-45a3-aa3b-a3d6ceddc94b (type=HEARTBEAT, length=2243 bytes) from mynifi:8080 in 2 millis
2024-10-31 09:56:35,825 INFO [Clustering Tasks Thread-2] o.a.n.c.c.ClusterProtocolHeartbeater Heartbeat created at 2024-10-31 09:56:35,817 and sent to mynifi:8082 at 2024-10-31 09:56:35,825; send took 8 millis
2024-10-31 09:56:40,450 INFO [Heartbeat Monitor Thread-1] o.a.n.c.c.h.AbstractHeartbeatMonitor Finished processing 1 heartbeats in 6913 nanos
2024-10-31 09:56:40,831 INFO [Process Cluster Protocol Request-2] o.a.n.c.p.impl.SocketProtocolListener Finished processing request 166aa38c-14cf-4f8f-90ad-8a7d05330373 (type=HEARTBEAT, length=2243 bytes) from mynifi:8080 in 2 millis
2024-10-31 09:56:40,834 INFO [Clustering Tasks Thread-2] o.a.n.c.c.ClusterProtocolHeartbeater Heartbeat created at 2024-10-31 09:56:40,826 and sent to mynifi:8082 at 2024-10-31 09:56:40,834; send took 7 millis
2024-10-31 09:56:43,834 INFO [pool-13-thread-1] o.a.n.c.r.WriteAheadFlowFileRepository Initiating checkpoint of FlowFile Repository
2024-10-31 09:56:43,834 INFO [pool-13-thread-1] o.a.n.c.r.WriteAheadFlowFileRepository Successfully checkpointed FlowFile Repository with 1 records in 0 milliseconds
2024-10-31 09:56:45,450 INFO [Heartbeat Monitor Thread-1] o.a.n.c.c.h.AbstractHeartbeatMonitor Finished processing 1 heartbeats in 14127 nanos
2024-10-31 09:56:45,837 INFO [Process Cluster Protocol Request-3] o.a.n.c.p.impl.SocketProtocolListener Finished processing request 17ab7066-d83b-474d-97b4-1eb3381638ea (type=HEARTBEAT, length=2243 bytes) from mynifi:8080 in 1 millis
2024-10-31 09:56:45,838 INFO [Clustering Tasks Thread-2] o.a.n.c.c.ClusterProtocolHeartbeater Heartbeat created at 2024-10-31 09:56:45,834 and sent to mynifi:8082 at 2024-10-31 09:56:45,838; send took 3 millis
2024-10-31 09:56:50,451 INFO [Heartbeat Monitor Thread-1] o.a.n.c.c.h.AbstractHeartbeatMonitor Finished processing 1 heartbeats in 14172 nanos
2024-10-31 09:56:50,844 INFO [Process Cluster Protocol Request-4] o.a.n.c.p.impl.SocketProtocolListener Finished processing request e606d077-39bf-4909-b7f0-135fe177720f (type=HEARTBEAT, length=2243 bytes) from mynifi:8080 in 2 millis
2024-10-31 09:56:50,846 INFO [Clustering Tasks Thread-2] o.a.n.c.c.ClusterProtocolHeartbeater Heartbeat created at 2024-10-31 09:56:50,838 and sent to mynifi:8082 at 2024-10-31 09:56:50,846; send took 7 millis
2024-10-31 09:56:55,451 INFO [Heartbeat Monitor Thread-1] o.a.n.c.c.h.AbstractHeartbeatMonitor Finished processing 1 heartbeats in 14290 nanos
2024-10-31 09:56:55,852 INFO [Process Cluster Protocol Request-5] o.a.n.c.p.impl.SocketProtocolListener Finished processing request 182914dc-b9f2-4255-8e40-130b109cf066 (type=HEARTBEAT, length=2243 bytes) from mynifi:8080 in 2 millis
2024-10-31 09:56:55,855 INFO [Clustering Tasks Thread-2] o.a.n.c.c.ClusterProtocolHeartbeater Heartbeat created at 2024-10-31 09:56:55,847 and sent to mynifi:8082 at 2024-10-31 09:56:55,855; send took 8 millis
2024-10-31 09:57:00,451 INFO [Heartbeat Monitor Thread-1] o.a.n.c.c.h.AbstractHeartbeatMonitor Finished processing 1 heartbeats in 13850 nanos
2024-10-31 09:57:00,861 INFO [Process Cluster Protocol Request-6] o.a.n.c.p.impl.SocketProtocolListener Finished processing request 0e301c57-0113-4ef6-91bd-f44cad66488a (type=HEARTBEAT, length=2243 bytes) from mynifi:8080 in 2 millis
2024-10-31 09:57:00,862 INFO [Clustering Tasks Thread-2] o.a.n.c.c.ClusterProtocolHeartbeater Heartbeat created at 2024-10-31 09:57:00,856 and sent to mynifi:8082 at 2024-10-31 09:57:00,862; send took 6 millis
2024-10-31 09:57:03,834 INFO [pool-13-thread-1] o.a.n.c.r.WriteAheadFlowFileRepository Initiating checkpoint of FlowFile Repository
2024-10-31 09:57:03,834 INFO [pool-13-thread-1] o.a.n.c.r.WriteAheadFlowFileRepository Successfully checkpointed FlowFile Repository with 1 records in 0 milliseconds
2024-10-31 09:57:05,452 INFO [Heartbeat Monitor Thread-1] o.a.n.c.c.h.AbstractHeartbeatMonitor Finished processing 1 heartbeats in 14178 nanos
2024-10-31 09:57:05,868 INFO [Process Cluster Protocol Request-7] o.a.n.c.p.impl.SocketProtocolListener Finished processing request 4f4c7dfe-3bc2-4e0f-85dd-2f125f219f2d (type=HEARTBEAT, length=2243 bytes) from mynifi:8080 in 2 millis
2024-10-31 09:57:05,871 INFO [Clustering Tasks Thread-2] o.a.n.c.c.ClusterProtocolHeartbeater Heartbeat created at 2024-10-31 09:57:05,863 and sent to mynifi:8082 at 2024-10-31 09:57:05,871; send took 8 millis
2024-10-31 09:57:10,452 INFO [Heartbeat Monitor Thread-1] o.a.n.c.c.h.AbstractHeartbeatMonitor Finished processing 1 heartbeats in 19980 nanos
2024-10-31 09:57:10,877 INFO [Process Cluster Protocol Request-8] o.a.n.c.p.impl.SocketProtocolListener Finished processing request f8eb2985-38b1-4e67-aa27-13ad8947af17 (type=HEARTBEAT, length=2243 bytes) from mynifi:8080 in 2 millis
2024-10-31 09:57:10,879 INFO [Clustering Tasks Thread-2] o.a.n.c.c.ClusterProtocolHeartbeater Heartbeat created at 2024-10-31 09:57:10,871 and sent to mynifi:8082 at 2024-10-31 09:57:10,879; send took 7 millis
2024-10-31 09:57:12,874 INFO [Cleanup Archive for default] o.a.n.c.repository.FileSystemRepository Successfully deleted 0 files (0 bytes) from archive
2024-10-31 09:57:15,452 INFO [Heartbeat Monitor Thread-1] o.a.n.c.c.h.AbstractHeartbeatMonitor Finished processing 1 heartbeats in 13899 nanos
2024-10-31 09:57:15,885 INFO [Process Cluster Protocol Request-9] o.a.n.c.p.impl.SocketProtocolListener Finished processing request 6b6946e0-40b0-4c4b-b3e5-455d807fb8e7 (type=HEARTBEAT, length=2243 bytes) from mynifi:8080 in 2 millis
2024-10-31 09:57:15,888 INFO [Clustering Tasks Thread-2] o.a.n.c.c.ClusterProtocolHeartbeater Heartbeat created at 2024-10-31 09:57:15,880 and sent to mynifi:8082 at 2024-10-31 09:57:15,888; send took 7 millis
2024-10-31 09:57:20,453 INFO [Heartbeat Monitor Thread-1] o.a.n.c.c.h.AbstractHeartbeatMonitor Finished processing 1 heartbeats in 14499 nanos
2024-10-31 09:57:20,894 INFO [Process Cluster Protocol Request-10] o.a.n.c.p.impl.SocketProtocolListener Finished processing request 820bad08-f32f-4b54-aa26-bb3ea4688097 (type=HEARTBEAT, length=2243 bytes) from mynifi:8080 in 2 millis
2024-10-31 09:57:20,895 INFO [Clustering Tasks Thread-2] o.a.n.c.c.ClusterProtocolHeartbeater Heartbeat created at 2024-10-31 09:57:20,888 and sent to mynifi:8082 at 2024-10-31 09:57:20,895; send took 7 millis
2024-10-31 09:57:23,835 INFO [pool-13-thread-1] o.a.n.c.r.WriteAheadFlowFileRepository Initiating checkpoint of FlowFile Repository
2024-10-31 09:57:23,835 INFO [pool-13-thread-1] o.a.n.c.r.WriteAheadFlowFileRepository Successfully checkpointed FlowFile Repository with 1 records in 0 milliseconds
2024-10-31 09:57:25,453 INFO [Heartbeat Monitor Thread-1] o.a.n.c.c.h.AbstractHeartbeatMonitor Finished processing 1 heartbeats in 14732 nanos
2024-10-31 09:57:25,901 INFO [Process Cluster Protocol Request-1] o.a.n.c.p.impl.SocketProtocolListener Finished processing request 59110b55-6c8c-4641-83fe-c416376ded9e (type=HEARTBEAT, length=2243 bytes) from mynifi:8080 in 2 millis
2024-10-31 09:57:25,904 INFO [Clustering Tasks Thread-2] o.a.n.c.c.ClusterProtocolHeartbeater Heartbeat created at 2024-10-31 09:57:25,896 and sent to mynifi:8082 at 2024-10-31 09:57:25,904; send took 7 millis
2024-10-31 09:57:30,453 INFO [Heartbeat Monitor Thread-1] o.a.n.c.c.h.AbstractHeartbeatMonitor Finished processing 1 heartbeats in 15025 nanos
2024-10-31 09:57:30,909 INFO [Process Cluster Protocol Request-2] o.a.n.c.p.impl.SocketProtocolListener Finished processing request d0e949a4-5451-490a-ae0e-f51171bdab46 (type=HEARTBEAT, length=2243 bytes) from mynifi:8080 in 2 millis
2024-10-31 09:57:30,912 INFO [Clustering Tasks Thread-2] o.a.n.c.c.ClusterProtocolHeartbeater Heartbeat created at 2024-10-31 09:57:30,904 and sent to mynifi:8082 at 2024-10-31 09:57:30,912; send took 7 millis
2024-10-31 09:57:35,454 INFO [Heartbeat Monitor Thread-1] o.a.n.c.c.h.AbstractHeartbeatMonitor Finished processing 1 heartbeats in 13843 nanos
2024-10-31 09:57:35,918 INFO [Process Cluster Protocol Request-3] o.a.n.c.p.impl.SocketProtocolListener Finished processing request 4ba7c2bf-fba5-4d34-9970-9372c2041751 (type=HEARTBEAT, length=2243 bytes) from mynifi:8080 in 2 millis
2024-10-31 09:57:35,920 INFO [Clustering Tasks Thread-2] o.a.n.c.c.ClusterProtocolHeartbeater Heartbeat created at 2024-10-31 09:57:35,912 and sent to mynifi:8082 at 2024-10-31 09:57:35,920; send took 7 millis
2024-10-31 09:57:40,454 INFO [Heartbeat Monitor Thread-1] o.a.n.c.c.h.AbstractHeartbeatMonitor Finished processing 1 heartbeats in 14725 nanos
2024-10-31 09:57:40,926 INFO [Process Cluster Protocol Request-4] o.a.n.c.p.impl.SocketProtocolListener Finished processing request 664beda2-cd4e-4db5-befc-a8faa692b34e (type=HEARTBEAT, length=2243 bytes) from mynifi:8080 in 2 millis
2024-10-31 09:57:40,929 INFO [Clustering Tasks Thread-2] o.a.n.c.c.ClusterProtocolHeartbeater Heartbeat created at 2024-10-31 09:57:40,921 and sent to mynifi:8082 at 2024-10-31 09:57:40,929; send took 7 millis
2024-10-31 09:57:43,835 INFO [pool-13-thread-1] o.a.n.c.r.WriteAheadFlowFileRepository Initiating checkpoint of FlowFile Repository
2024-10-31 09:57:43,835 INFO [pool-13-thread-1] o.a.n.c.r.WriteAheadFlowFileRepository Successfully checkpointed FlowFile Repository with 1 records in 0 milliseconds
2024-10-31 09:57:45,454 INFO [Heartbeat Monitor Thread-1] o.a.n.c.c.h.AbstractHeartbeatMonitor Finished processing 1 heartbeats in 9469 nanos
2024-10-31 09:57:45,935 INFO [Process Cluster Protocol Request-5] o.a.n.c.p.impl.SocketProtocolListener Finished processing request 357a271d-922b-4d76-bd53-54a7510e2e62 (type=HEARTBEAT, length=2243 bytes) from mynifi:8080 in 2 millis
2024-10-31 09:57:45,937 INFO [Clustering Tasks Thread-2] o.a.n.c.c.ClusterProtocolHeartbeater Heartbeat created at 2024-10-31 09:57:45,929 and sent to mynifi:8082 at 2024-10-31 09:57:45,937; send took 7 millis
2024-10-31 09:57:50,455 INFO [Heartbeat Monitor Thread-1] o.a.n.c.c.h.AbstractHeartbeatMonitor Finished processing 1 heartbeats in 14702 nanos
2024-10-31 09:57:50,943 INFO [Process Cluster Protocol Request-6] o.a.n.c.p.impl.SocketProtocolListener Finished processing request 76843c1d-9a34-4def-850d-a244bda00851 (type=HEARTBEAT, length=2243 bytes) from mynifi:8080 in 2 millis
2024-10-31 09:57:50,946 INFO [Clustering Tasks Thread-2] o.a.n.c.c.ClusterProtocolHeartbeater Heartbeat created at 2024-10-31 09:57:50,938 and sent to mynifi:8082 at 2024-10-31 09:57:50,946; send took 8 millis
2024-10-31 09:57:55,455 INFO [Heartbeat Monitor Thread-1] o.a.n.c.c.h.AbstractHeartbeatMonitor Finished processing 1 heartbeats in 14387 nanos
2024-10-31 09:57:55,952 INFO [Process Cluster Protocol Request-7] o.a.n.c.p.impl.SocketProtocolListener Finished processing request bbaa99da-7a6f-4a70-ad80-1b2ff8f9614e (type=HEARTBEAT, length=2243 bytes) from mynifi:8080 in 2 millis
2024-10-31 09:57:55,954 INFO [Clustering Tasks Thread-2] o.a.n.c.c.ClusterProtocolHeartbeater Heartbeat created at 2024-10-31 09:57:55,946 and sent to mynifi:8082 at 2024-10-31 09:57:55,954; send took 8 millis
2024-10-31 09:58:00,455 INFO [Heartbeat Monitor Thread-1] o.a.n.c.c.h.AbstractHeartbeatMonitor Finished processing 1 heartbeats in 24053 nanos
2024-10-31 09:58:00,957 INFO [Process Cluster Protocol Request-8] o.a.n.c.p.impl.SocketProtocolListener Finished processing request 571af45e-ae1b-4aee-8aef-0f063cf42233 (type=HEARTBEAT, length=2243 bytes) from mynifi:8080 in 909722 nanos
2024-10-31 09:58:00,958 INFO [Clustering Tasks Thread-2] o.a.n.c.c.ClusterProtocolHeartbeater Heartbeat created at 2024-10-31 09:58:00,955 and sent to mynifi:8082 at 2024-10-31 09:58:00,958; send took 2 millis
2024-10-31 09:58:03,835 INFO [pool-13-thread-1] o.a.n.c.r.WriteAheadFlowFileRepository Initiating checkpoint of FlowFile Repository
2024-10-31 09:58:03,836 INFO [pool-13-thread-1] o.a.n.c.r.WriteAheadFlowFileRepository Successfully checkpointed FlowFile Repository with 1 records in 0 milliseconds
2024-10-31 09:58:05,456 INFO [Heartbeat Monitor Thread-1] o.a.n.c.c.h.AbstractHeartbeatMonitor Finished processing 1 heartbeats in 14229 nanos
2024-10-31 09:58:05,964 INFO [Process Cluster Protocol Request-9] o.a.n.c.p.impl.SocketProtocolListener Finished processing request 58330ed5-606d-44ca-b05c-d888e2c30a07 (type=HEARTBEAT, length=2243 bytes) from mynifi:8080 in 2 millis
2024-10-31 09:58:05,966 INFO [Clustering Tasks Thread-2] o.a.n.c.c.ClusterProtocolHeartbeater Heartbeat created at 2024-10-31 09:58:05,958 and sent to mynifi:8082 at 2024-10-31 09:58:05,966; send took 8 millis
2024-10-31 09:58:08,549 INFO [Write-Ahead Local State Provider Maintenance] org.wali.MinimalLockingWriteAheadLog org.wali.MinimalLockingWriteAheadLog@7555782c checkpointed with 25 Records and 0 Swap Files in 11 milliseconds (Stop-the-world time = 4 milliseconds, Clear Edit Logs time = 4 millis), max Transaction ID 111
2024-10-31 09:58:10,456 INFO [Heartbeat Monitor Thread-1] o.a.n.c.c.h.AbstractHeartbeatMonitor Finished processing 1 heartbeats in 13993 nanos
2024-10-31 09:58:10,969 INFO [Process Cluster Protocol Request-10] o.a.n.c.p.impl.SocketProtocolListener Finished processing request 23cc411d-b270-4b2f-897f-14895dd5a487 (type=HEARTBEAT, length=2243 bytes) from mynifi:8080 in 839098 nanos
2024-10-31 09:58:10,970 INFO [Clustering Tasks Thread-2] o.a.n.c.c.ClusterProtocolHeartbeater Heartbeat created at 2024-10-31 09:58:10,967 and sent to mynifi:8082 at 2024-10-31 09:58:10,970; send took 3 millis
2024-10-31 09:58:12,897 INFO [Cleanup Archive for default] o.a.n.c.repository.FileSystemRepository Successfully deleted 0 files (0 bytes) from archive
2024-10-31 09:58:15,457 INFO [Heartbeat Monitor Thread-1] o.a.n.c.c.h.AbstractHeartbeatMonitor Finished processing 1 heartbeats in 14116 nanos
2024-10-31 09:58:15,976 INFO [Process Cluster Protocol Request-1] o.a.n.c.p.impl.SocketProtocolListener Finished processing request 40554773-4166-45eb-8f04-d3418c59e4d9 (type=HEARTBEAT, length=2243 bytes) from mynifi:8080 in 2 millis
2024-10-31 09:58:15,979 INFO [Clustering Tasks Thread-2] o.a.n.c.c.ClusterProtocolHeartbeater Heartbeat created at 2024-10-31 09:58:15,971 and sent to mynifi:8082 at 2024-10-31 09:58:15,979; send took 7 millis
2024-10-31 09:58:20,457 INFO [Heartbeat Monitor Thread-1] o.a.n.c.c.h.AbstractHeartbeatMonitor Finished processing 1 heartbeats in 13941 nanos
2024-10-31 09:58:20,981 INFO [Process Cluster Protocol Request-2] o.a.n.c.p.impl.SocketProtocolListener Finished processing request c7561d09-beda-47bc-9277-bab702b86728 (type=HEARTBEAT, length=2243 bytes) from mynifi:8080 in 833326 nanos
2024-10-31 09:58:20,981 INFO [Clustering Tasks Thread-2] o.a.n.c.c.ClusterProtocolHeartbeater Heartbeat created at 2024-10-31 09:58:20,979 and sent to mynifi:8082 at 2024-10-31 09:58:20,981; send took 2 millis
2024-10-31 09:58:23,836 INFO [pool-13-thread-1] o.a.n.c.r.WriteAheadFlowFileRepository Initiating checkpoint of FlowFile Repository
2024-10-31 09:58:23,836 INFO [pool-13-thread-1] o.a.n.c.r.WriteAheadFlowFileRepository Successfully checkpointed FlowFile Repository with 1 records in 0 milliseconds
2024-10-31 09:58:25,457 INFO [Heartbeat Monitor Thread-1] o.a.n.c.c.h.AbstractHeartbeatMonitor Finished processing 1 heartbeats in 13823 nanos
2024-10-31 09:58:25,987 INFO [Process Cluster Protocol Request-3] o.a.n.c.p.impl.SocketProtocolListener Finished processing request 46a1b47a-f496-4aef-883f-3b7fe3a20ba6 (type=HEARTBEAT, length=2243 bytes) from mynifi:8080 in 2 millis
2024-10-31 09:58:25,990 INFO [Clustering Tasks Thread-2] o.a.n.c.c.ClusterProtocolHeartbeater Heartbeat created at 2024-10-31 09:58:25,982 and sent to mynifi:8082 at 2024-10-31 09:58:25,990; send took 7 millis
2024-10-31 09:58:30,458 INFO [Heartbeat Monitor Thread-1] o.a.n.c.c.h.AbstractHeartbeatMonitor Finished processing 1 heartbeats in 13764 nanos
2024-10-31 09:58:30,996 INFO [Process Cluster Protocol Request-4] o.a.n.c.p.impl.SocketProtocolListener Finished processing request 50248be7-16c0-450d-91b8-ecec0d483848 (type=HEARTBEAT, length=2243 bytes) from mynifi:8080 in 2 millis
2024-10-31 09:58:30,999 INFO [Clustering Tasks Thread-2] o.a.n.c.c.ClusterProtocolHeartbeater Heartbeat created at 2024-10-31 09:58:30,990 and sent to mynifi:8082 at 2024-10-31 09:58:30,999; send took 8 millis
2024-10-31 09:58:35,458 INFO [Heartbeat Monitor Thread-1] o.a.n.c.c.h.AbstractHeartbeatMonitor Finished processing 1 heartbeats in 13690 nanos
2024-10-31 09:58:36,005 INFO [Process Cluster Protocol Request-5] o.a.n.c.p.impl.SocketProtocolListener Finished processing request 602a5cb0-90f3-4950-8348-1438180a5b20 (type=HEARTBEAT, length=2243 bytes) from mynifi:8080 in 2 millis
2024-10-31 09:58:36,008 INFO [Clustering Tasks Thread-2] o.a.n.c.c.ClusterProtocolHeartbeater Heartbeat created at 2024-10-31 09:58:36,000 and sent to mynifi:8082 at 2024-10-31 09:58:36,008; send took 8 millis
2024-10-31 09:58:40,458 INFO [Heartbeat Monitor Thread-1] o.a.n.c.c.h.AbstractHeartbeatMonitor Finished processing 1 heartbeats in 14371 nanos
2024-10-31 09:58:41,015 INFO [Process Cluster Protocol Request-6] o.a.n.c.p.impl.SocketProtocolListener Finished processing request 66812233-1ebc-4596-85b4-837656ccd5dd (type=HEARTBEAT, length=2243 bytes) from mynifi:8080 in 2 millis
2024-10-31 09:58:41,019 INFO [Clustering Tasks Thread-2] o.a.n.c.c.ClusterProtocolHeartbeater Heartbeat created at 2024-10-31 09:58:41,009 and sent to mynifi:8082 at 2024-10-31 09:58:41,019; send took 9 millis
2024-10-31 09:58:43,836 INFO [pool-13-thread-1] o.a.n.c.r.WriteAheadFlowFileRepository Initiating checkpoint of FlowFile Repository
2024-10-31 09:58:43,836 INFO [pool-13-thread-1] o.a.n.c.r.WriteAheadFlowFileRepository Successfully checkpointed FlowFile Repository with 1 records in 0 milliseconds
2024-10-31 09:58:45,459 INFO [Heartbeat Monitor Thread-1] o.a.n.c.c.h.AbstractHeartbeatMonitor Finished processing 1 heartbeats in 14053 nanos
2024-10-31 09:58:46,025 INFO [Process Cluster Protocol Request-7] o.a.n.c.p.impl.SocketProtocolListener Finished processing request 7ded00a4-c232-4c10-b432-499ff68f14c1 (type=HEARTBEAT, length=2243 bytes) from mynifi:8080 in 2 millis
2024-10-31 09:58:46,027 INFO [Clustering Tasks Thread-2] o.a.n.c.c.ClusterProtocolHeartbeater Heartbeat created at 2024-10-31 09:58:46,019 and sent to mynifi:8082 at 2024-10-31 09:58:46,027; send took 7 millis
2024-10-31 09:58:50,459 INFO [Heartbeat Monitor Thread-1] o.a.n.c.c.h.AbstractHeartbeatMonitor Finished processing 1 heartbeats in 14426 nanos
2024-10-31 09:58:51,033 INFO [Process Cluster Protocol Request-8] o.a.n.c.p.impl.SocketProtocolListener Finished processing request 474342a4-9397-4029-892e-e91b00fc2684 (type=HEARTBEAT, length=2243 bytes) from mynifi:8080 in 2 millis
2024-10-31 09:58:51,036 INFO [Clustering Tasks Thread-2] o.a.n.c.c.ClusterProtocolHeartbeater Heartbeat created at 2024-10-31 09:58:51,028 and sent to mynifi:8082 at 2024-10-31 09:58:51,036; send took 8 millis
2024-10-31 09:58:55,459 INFO [Heartbeat Monitor Thread-1] o.a.n.c.c.h.AbstractHeartbeatMonitor Finished processing 1 heartbeats in 13946 nanos
2024-10-31 09:58:56,042 INFO [Process Cluster Protocol Request-9] o.a.n.c.p.impl.SocketProtocolListener Finished processing request ea63d9e4-d488-4395-825e-323048a8de60 (type=HEARTBEAT, length=2243 bytes) from mynifi:8080 in 2 millis
2024-10-31 09:58:56,044 INFO [Clustering Tasks Thread-2] o.a.n.c.c.ClusterProtocolHeartbeater Heartbeat created at 2024-10-31 09:58:56,036 and sent to mynifi:8082 at 2024-10-31 09:58:56,044; send took 8 millis
2024-10-31 09:59:00,460 INFO [Heartbeat Monitor Thread-1] o.a.n.c.c.h.AbstractHeartbeatMonitor Finished processing 1 heartbeats in 14075 nanos
2024-10-31 09:59:01,047 INFO [Process Cluster Protocol Request-10] o.a.n.c.p.impl.SocketProtocolListener Finished processing request 9dcfade8-9bd6-4a61-a1f5-ff24c1bb5e94 (type=HEARTBEAT, length=2243 bytes) from mynifi:8080 in 1 millis
2024-10-31 09:59:01,048 INFO [Clustering Tasks Thread-2] o.a.n.c.c.ClusterProtocolHeartbeater Heartbeat created at 2024-10-31 09:59:01,045 and sent to mynifi:8082 at 2024-10-31 09:59:01,048; send took 3 millis
2024-10-31 09:59:03,837 INFO [pool-13-thread-1] o.a.n.c.r.WriteAheadFlowFileRepository Initiating checkpoint of FlowFile Repository
2024-10-31 09:59:03,837 INFO [pool-13-thread-1] o.a.n.c.r.WriteAheadFlowFileRepository Successfully checkpointed FlowFile Repository with 1 records in 0 milliseconds
2024-10-31 09:59:05,460 INFO [Heartbeat Monitor Thread-1] o.a.n.c.c.h.AbstractHeartbeatMonitor Finished processing 1 heartbeats in 14058 nanos
2024-10-31 09:59:06,054 INFO [Process Cluster Protocol Request-1] o.a.n.c.p.impl.SocketProtocolListener Finished processing request 31b858fc-9bcb-4dde-a3d7-d4ac75779582 (type=HEARTBEAT, length=2243 bytes) from mynifi:8080 in 2 millis
2024-10-31 09:59:06,057 INFO [Clustering Tasks Thread-2] o.a.n.c.c.ClusterProtocolHeartbeater Heartbeat created at 2024-10-31 09:59:06,049 and sent to mynifi:8082 at 2024-10-31 09:59:06,057; send took 7 millis
2024-10-31 09:59:10,460 INFO [Heartbeat Monitor Thread-1] o.a.n.c.c.h.AbstractHeartbeatMonitor Finished processing 1 heartbeats in 13240 nanos
2024-10-31 09:59:11,063 INFO [Process Cluster Protocol Request-2] o.a.n.c.p.impl.SocketProtocolListener Finished processing request 45f876dc-7752-41bd-80ca-c26ef653af05 (type=HEARTBEAT, length=2243 bytes) from mynifi:8080 in 2 millis
2024-10-31 09:59:11,065 INFO [Clustering Tasks Thread-2] o.a.n.c.c.ClusterProtocolHeartbeater Heartbeat created at 2024-10-31 09:59:11,057 and sent to mynifi:8082 at 2024-10-31 09:59:11,065; send took 7 millis
2024-10-31 09:59:12,925 INFO [Cleanup Archive for default] o.a.n.c.repository.FileSystemRepository Successfully deleted 0 files (0 bytes) from archive
2024-10-31 09:59:15,461 INFO [Heartbeat Monitor Thread-1] o.a.n.c.c.h.AbstractHeartbeatMonitor Finished processing 1 heartbeats in 14416 nanos
2024-10-31 09:59:16,071 INFO [Process Cluster Protocol Request-3] o.a.n.c.p.impl.SocketProtocolListener Finished processing request 9266f786-09da-44aa-af61-722b313cadf7 (type=HEARTBEAT, length=2243 bytes) from mynifi:8080 in 2 millis
2024-10-31 09:59:16,073 INFO [Clustering Tasks Thread-2] o.a.n.c.c.ClusterProtocolHeartbeater Heartbeat created at 2024-10-31 09:59:16,065 and sent to mynifi:8082 at 2024-10-31 09:59:16,073; send took 7 millis
2024-10-31 09:59:20,461 INFO [Heartbeat Monitor Thread-1] o.a.n.c.c.h.AbstractHeartbeatMonitor Finished processing 1 heartbeats in 13784 nanos
2024-10-31 09:59:21,080 INFO [Process Cluster Protocol Request-4] o.a.n.c.p.impl.SocketProtocolListener Finished processing request 31fe0424-1931-4f02-9234-c9e118056a79 (type=HEARTBEAT, length=2243 bytes) from mynifi:8080 in 2 millis
2024-10-31 09:59:21,082 INFO [Clustering Tasks Thread-2] o.a.n.c.c.ClusterProtocolHeartbeater Heartbeat created at 2024-10-31 09:59:21,074 and sent to mynifi:8082 at 2024-10-31 09:59:21,082; send took 8 millis
2024-10-31 09:59:23,837 INFO [pool-13-thread-1] o.a.n.c.r.WriteAheadFlowFileRepository Initiating checkpoint of FlowFile Repository
2024-10-31 09:59:23,837 INFO [pool-13-thread-1] o.a.n.c.r.WriteAheadFlowFileRepository Successfully checkpointed FlowFile Repository with 1 records in 0 milliseconds
2024-10-31 09:59:25,461 INFO [Heartbeat Monitor Thread-1] o.a.n.c.c.h.AbstractHeartbeatMonitor Finished processing 1 heartbeats in 14234 nanos
2024-10-31 09:59:26,088 INFO [Process Cluster Protocol Request-5] o.a.n.c.p.impl.SocketProtocolListener Finished processing request 43652844-8871-42fc-912d-0321ddd6f87f (type=HEARTBEAT, length=2243 bytes) from mynifi:8080 in 2 millis
2024-10-31 09:59:26,091 INFO [Clustering Tasks Thread-2] o.a.n.c.c.ClusterProtocolHeartbeater Heartbeat created at 2024-10-31 09:59:26,083 and sent to mynifi:8082 at 2024-10-31 09:59:26,091; send took 8 millis
2024-10-31 09:59:30,462 INFO [Heartbeat Monitor Thread-1] o.a.n.c.c.h.AbstractHeartbeatMonitor Finished processing 1 heartbeats in 14141 nanos
2024-10-31 09:59:31,098 INFO [Process Cluster Protocol Request-6] o.a.n.c.p.impl.SocketProtocolListener Finished processing request 9680adc9-5b7a-46d8-8772-4426a22c2cac (type=HEARTBEAT, length=2243 bytes) from mynifi:8080 in 2 millis
2024-10-31 09:59:31,100 INFO [Clustering Tasks Thread-2] o.a.n.c.c.ClusterProtocolHeartbeater Heartbeat created at 2024-10-31 09:59:31,092 and sent to mynifi:8082 at 2024-10-31 09:59:31,100; send took 8 millis
2024-10-31 09:59:35,462 INFO [Heartbeat Monitor Thread-1] o.a.n.c.c.h.AbstractHeartbeatMonitor Finished processing 1 heartbeats in 6603 nanos
2024-10-31 09:59:36,106 INFO [Process Cluster Protocol Request-7] o.a.n.c.p.impl.SocketProtocolListener Finished processing request da84587c-8231-4940-bc1f-c22ef176b29b (type=HEARTBEAT, length=2243 bytes) from mynifi:8080 in 2 millis
2024-10-31 09:59:36,108 INFO [Clustering Tasks Thread-2] o.a.n.c.c.ClusterProtocolHeartbeater Heartbeat created at 2024-10-31 09:59:36,101 and sent to mynifi:8082 at 2024-10-31 09:59:36,108; send took 7 millis
2024-10-31 09:59:40,462 INFO [Heartbeat Monitor Thread-1] o.a.n.c.c.h.AbstractHeartbeatMonitor Finished processing 1 heartbeats in 6795 nanos
2024-10-31 09:59:41,115 INFO [Process Cluster Protocol Request-8] o.a.n.c.p.impl.SocketProtocolListener Finished processing request 054f2b8d-8b1a-4bd6-b1c9-6af38b88b000 (type=HEARTBEAT, length=2243 bytes) from mynifi:8080 in 2 millis
2024-10-31 09:59:41,117 INFO [Clustering Tasks Thread-2] o.a.n.c.c.ClusterProtocolHeartbeater Heartbeat created at 2024-10-31 09:59:41,109 and sent to mynifi:8082 at 2024-10-31 09:59:41,117; send took 8 millis
2024-10-31 09:59:43,837 INFO [pool-13-thread-1] o.a.n.c.r.WriteAheadFlowFileRepository Initiating checkpoint of FlowFile Repository
2024-10-31 09:59:43,838 INFO [pool-13-thread-1] o.a.n.c.r.WriteAheadFlowFileRepository Successfully checkpointed FlowFile Repository with 1 records in 0 milliseconds
2024-10-31 09:59:45,463 INFO [Heartbeat Monitor Thread-1] o.a.n.c.c.h.AbstractHeartbeatMonitor Finished processing 1 heartbeats in 6819 nanos
2024-10-31 09:59:46,123 INFO [Process Cluster Protocol Request-9] o.a.n.c.p.impl.SocketProtocolListener Finished processing request 9a23f900-9357-4c04-8f65-65edda5912b2 (type=HEARTBEAT, length=2243 bytes) from mynifi:8080 in 2 millis
2024-10-31 09:59:46,126 INFO [Clustering Tasks Thread-2] o.a.n.c.c.ClusterProtocolHeartbeater Heartbeat created at 2024-10-31 09:59:46,118 and sent to mynifi:8082 at 2024-10-31 09:59:46,126; send took 8 millis
2024-10-31 09:59:50,463 INFO [Heartbeat Monitor Thread-1] o.a.n.c.c.h.AbstractHeartbeatMonitor Finished processing 1 heartbeats in 5476 nanos
2024-10-31 09:59:51,132 INFO [Process Cluster Protocol Request-10] o.a.n.c.p.impl.SocketProtocolListener Finished processing request 9e696216-ac12-4d1c-8628-2699ac4becc6 (type=HEARTBEAT, length=2243 bytes) from mynifi:8080 in 2 millis
2024-10-31 09:59:51,134 INFO [Clustering Tasks Thread-2] o.a.n.c.c.ClusterProtocolHeartbeater Heartbeat created at 2024-10-31 09:59:51,126 and sent to mynifi:8082 at 2024-10-31 09:59:51,134; send took 8 millis
2024-10-31 09:59:55,463 INFO [Heartbeat Monitor Thread-1] o.a.n.c.c.h.AbstractHeartbeatMonitor Finished processing 1 heartbeats in 6193 nanos
2024-10-31 09:59:56,140 INFO [Process Cluster Protocol Request-1] o.a.n.c.p.impl.SocketProtocolListener Finished processing request 01557973-d6e8-46fd-b69f-8f6d0dd1dcfd (type=HEARTBEAT, length=2243 bytes) from mynifi:8080 in 2 millis
2024-10-31 09:59:56,143 INFO [Clustering Tasks Thread-2] o.a.n.c.c.ClusterProtocolHeartbeater Heartbeat created at 2024-10-31 09:59:56,135 and sent to mynifi:8082 at 2024-10-31 09:59:56,143; send took 7 millis
