2024-10-21 07:40:18,386 INFO [main] org.apache.nifi.NiFi Launching NiFi...
2024-10-21 07:40:18,625 INFO [main] o.a.n.p.AbstractBootstrapPropertiesLoader Determined default application properties path to be '/opt/nifi/nifi-current/./conf/nifi.properties'
2024-10-21 07:40:18,627 INFO [main] o.a.nifi.properties.NiFiPropertiesLoader Loaded 202 properties from /opt/nifi/nifi-current/./conf/nifi.properties
2024-10-21 07:40:18,633 INFO [main] org.apache.nifi.NiFi Loaded 202 properties
2024-10-21 07:40:18,639 INFO [main] org.apache.nifi.BootstrapListener Started Bootstrap Listener, Listening for incoming requests on port 32809
2024-10-21 07:40:18,647 INFO [main] org.apache.nifi.BootstrapListener Successfully initiated communication with Bootstrap
2024-10-21 07:40:18,667 INFO [main] org.apache.nifi.nar.NarUnpacker Expanding 104 NAR files with all processors...
2024-10-21 07:40:31,666 INFO [main] org.apache.nifi.nar.NarUnpacker NAR loading process took 12999860772 nanoseconds (12 seconds).
2024-10-21 07:40:31,909 INFO [main] org.apache.nifi.nar.NarClassLoaders Loaded NAR file: /opt/nifi/nifi-current/./work/nar/extensions/nifi-jetty-bundle-1.14.0.nar-unpacked as class loader org.apache.nifi.nar.NarClassLoader[./work/nar/extensions/nifi-jetty-bundle-1.14.0.nar-unpacked]
2024-10-21 07:40:31,916 INFO [main] org.apache.nifi.nar.NarClassLoaders Loaded NAR file: /opt/nifi/nifi-current/./work/nar/framework/nifi-framework-nar-1.14.0.nar-unpacked as class loader org.apache.nifi.nar.NarClassLoader[./work/nar/framework/nifi-framework-nar-1.14.0.nar-unpacked]
2024-10-21 07:40:31,959 INFO [main] org.apache.nifi.nar.NarClassLoaders Loaded NAR file: /opt/nifi/nifi-current/./work/nar/extensions/nifi-language-translation-nar-1.14.0.nar-unpacked as class loader org.apache.nifi.nar.NarClassLoader[./work/nar/extensions/nifi-language-translation-nar-1.14.0.nar-unpacked]
2024-10-21 07:40:31,962 INFO [main] org.apache.nifi.nar.NarClassLoaders Loaded NAR file: /opt/nifi/nifi-current/./work/nar/extensions/nifi-cybersecurity-nar-1.14.0.nar-unpacked as class loader org.apache.nifi.nar.NarClassLoader[./work/nar/extensions/nifi-cybersecurity-nar-1.14.0.nar-unpacked]
2024-10-21 07:40:31,963 INFO [main] org.apache.nifi.nar.NarClassLoaders Loaded NAR file: /opt/nifi/nifi-current/./work/nar/extensions/nifi-avro-nar-1.14.0.nar-unpacked as class loader org.apache.nifi.nar.NarClassLoader[./work/nar/extensions/nifi-avro-nar-1.14.0.nar-unpacked]
2024-10-21 07:40:31,966 INFO [main] org.apache.nifi.nar.NarClassLoaders Loaded NAR file: /opt/nifi/nifi-current/./work/nar/extensions/nifi-poi-nar-1.14.0.nar-unpacked as class loader org.apache.nifi.nar.NarClassLoader[./work/nar/extensions/nifi-poi-nar-1.14.0.nar-unpacked]
2024-10-21 07:40:31,971 INFO [main] org.apache.nifi.nar.NarClassLoaders Loaded NAR file: /opt/nifi/nifi-current/./work/nar/extensions/nifi-hl7-nar-1.14.0.nar-unpacked as class loader org.apache.nifi.nar.NarClassLoader[./work/nar/extensions/nifi-hl7-nar-1.14.0.nar-unpacked]
2024-10-21 07:40:31,973 INFO [main] org.apache.nifi.nar.NarClassLoaders Loaded NAR file: /opt/nifi/nifi-current/./work/nar/extensions/nifi-smb-nar-1.14.0.nar-unpacked as class loader org.apache.nifi.nar.NarClassLoader[./work/nar/extensions/nifi-smb-nar-1.14.0.nar-unpacked]
2024-10-21 07:40:31,976 INFO [main] org.apache.nifi.nar.NarClassLoaders Loaded NAR file: /opt/nifi/nifi-current/./work/nar/extensions/nifi-network-processors-nar-1.14.0.nar-unpacked as class loader org.apache.nifi.nar.NarClassLoader[./work/nar/extensions/nifi-network-processors-nar-1.14.0.nar-unpacked]
2024-10-21 07:40:31,978 INFO [main] org.apache.nifi.nar.NarClassLoaders Loaded NAR file: /opt/nifi/nifi-current/./work/nar/extensions/nifi-tcp-nar-1.14.0.nar-unpacked as class loader org.apache.nifi.nar.NarClassLoader[./work/nar/extensions/nifi-tcp-nar-1.14.0.nar-unpacked]
2024-10-21 07:40:31,980 INFO [main] org.apache.nifi.nar.NarClassLoaders Loaded NAR file: /opt/nifi/nifi-current/./work/nar/extensions/nifi-standard-services-api-nar-1.14.0.nar-unpacked as class loader org.apache.nifi.nar.NarClassLoader[./work/nar/extensions/nifi-standard-services-api-nar-1.14.0.nar-unpacked]
2024-10-21 07:40:31,982 INFO [main] org.apache.nifi.nar.NarClassLoaders Loaded NAR file: /opt/nifi/nifi-current/./work/nar/extensions/nifi-grpc-nar-1.14.0.nar-unpacked as class loader org.apache.nifi.nar.NarClassLoader[./work/nar/extensions/nifi-grpc-nar-1.14.0.nar-unpacked]
2024-10-21 07:40:31,990 INFO [main] org.apache.nifi.nar.NarClassLoaders Loaded NAR file: /opt/nifi/nifi-current/./work/nar/extensions/nifi-distributed-cache-services-nar-1.14.0.nar-unpacked as class loader org.apache.nifi.nar.NarClassLoader[./work/nar/extensions/nifi-distributed-cache-services-nar-1.14.0.nar-unpacked]
2024-10-21 07:40:31,993 INFO [main] org.apache.nifi.nar.NarClassLoaders Loaded NAR file: /opt/nifi/nifi-current/./work/nar/extensions/nifi-kafka-2-6-nar-1.14.0.nar-unpacked as class loader org.apache.nifi.nar.NarClassLoader[./work/nar/extensions/nifi-kafka-2-6-nar-1.14.0.nar-unpacked]
2024-10-21 07:40:31,996 INFO [main] org.apache.nifi.nar.NarClassLoaders Loaded NAR file: /opt/nifi/nifi-current/./work/nar/extensions/nifi-riemann-nar-1.14.0.nar-unpacked as class loader org.apache.nifi.nar.NarClassLoader[./work/nar/extensions/nifi-riemann-nar-1.14.0.nar-unpacked]
2024-10-21 07:40:31,997 INFO [main] org.apache.nifi.nar.NarClassLoaders Loaded NAR file: /opt/nifi/nifi-current/./work/nar/extensions/nifi-amqp-nar-1.14.0.nar-unpacked as class loader org.apache.nifi.nar.NarClassLoader[./work/nar/extensions/nifi-amqp-nar-1.14.0.nar-unpacked]
2024-10-21 07:40:32,010 INFO [main] org.apache.nifi.nar.NarClassLoaders Loaded NAR file: /opt/nifi/nifi-current/./work/nar/extensions/nifi-kafka-1-0-nar-1.14.0.nar-unpacked as class loader org.apache.nifi.nar.NarClassLoader[./work/nar/extensions/nifi-kafka-1-0-nar-1.14.0.nar-unpacked]
2024-10-21 07:40:32,013 INFO [main] org.apache.nifi.nar.NarClassLoaders Loaded NAR file: /opt/nifi/nifi-current/./work/nar/extensions/nifi-update-attribute-nar-1.14.0.nar-unpacked as class loader org.apache.nifi.nar.NarClassLoader[./work/nar/extensions/nifi-update-attribute-nar-1.14.0.nar-unpacked]
2024-10-21 07:40:32,021 INFO [main] org.apache.nifi.nar.NarClassLoaders Loaded NAR file: /opt/nifi/nifi-current/./work/nar/extensions/nifi-snmp-nar-1.14.0.nar-unpacked as class loader org.apache.nifi.nar.NarClassLoader[./work/nar/extensions/nifi-snmp-nar-1.14.0.nar-unpacked]
2024-10-21 07:40:32,022 INFO [main] org.apache.nifi.nar.NarClassLoaders Loaded NAR file: /opt/nifi/nifi-current/./work/nar/extensions/nifi-datadog-nar-1.14.0.nar-unpacked as class loader org.apache.nifi.nar.NarClassLoader[./work/nar/extensions/nifi-datadog-nar-1.14.0.nar-unpacked]
2024-10-21 07:40:32,027 INFO [main] org.apache.nifi.nar.NarClassLoaders Loaded NAR file: /opt/nifi/nifi-current/./work/nar/extensions/nifi-kerberos-iaa-providers-nar-1.14.0.nar-unpacked as class loader org.apache.nifi.nar.NarClassLoader[./work/nar/extensions/nifi-kerberos-iaa-providers-nar-1.14.0.nar-unpacked]
2024-10-21 07:40:32,028 INFO [main] org.apache.nifi.nar.NarClassLoaders Loaded NAR file: /opt/nifi/nifi-current/./work/nar/extensions/nifi-hive-services-api-nar-1.14.0.nar-unpacked as class loader org.apache.nifi.nar.NarClassLoader[./work/nar/extensions/nifi-hive-services-api-nar-1.14.0.nar-unpacked]
2024-10-21 07:40:32,031 INFO [main] org.apache.nifi.nar.NarClassLoaders Loaded NAR file: /opt/nifi/nifi-current/./work/nar/extensions/nifi-standard-nar-1.14.0.nar-unpacked as class loader org.apache.nifi.nar.NarClassLoader[./work/nar/extensions/nifi-standard-nar-1.14.0.nar-unpacked]
2024-10-21 07:40:32,046 INFO [main] org.apache.nifi.nar.NarClassLoaders Loaded NAR file: /opt/nifi/nifi-current/./work/nar/extensions/nifi-prometheus-nar-1.14.0.nar-unpacked as class loader org.apache.nifi.nar.NarClassLoader[./work/nar/extensions/nifi-prometheus-nar-1.14.0.nar-unpacked]
2024-10-21 07:40:32,052 INFO [main] org.apache.nifi.nar.NarClassLoaders Loaded NAR file: /opt/nifi/nifi-current/./work/nar/extensions/nifi-windows-event-log-nar-1.14.0.nar-unpacked as class loader org.apache.nifi.nar.NarClassLoader[./work/nar/extensions/nifi-windows-event-log-nar-1.14.0.nar-unpacked]
2024-10-21 07:40:32,053 INFO [main] org.apache.nifi.nar.NarClassLoaders Loaded NAR file: /opt/nifi/nifi-current/./work/nar/extensions/nifi-ambari-nar-1.14.0.nar-unpacked as class loader org.apache.nifi.nar.NarClassLoader[./work/nar/extensions/nifi-ambari-nar-1.14.0.nar-unpacked]
2024-10-21 07:40:32,055 INFO [main] org.apache.nifi.nar.NarClassLoaders Loaded NAR file: /opt/nifi/nifi-current/./work/nar/extensions/nifi-hadoop-dbcp-service-nar-1.14.0.nar-unpacked as class loader org.apache.nifi.nar.NarClassLoader[./work/nar/extensions/nifi-hadoop-dbcp-service-nar-1.14.0.nar-unpacked]
2024-10-21 07:40:32,056 INFO [main] org.apache.nifi.nar.NarClassLoaders Loaded NAR file: /opt/nifi/nifi-current/./work/nar/extensions/nifi-slack-nar-1.14.0.nar-unpacked as class loader org.apache.nifi.nar.NarClassLoader[./work/nar/extensions/nifi-slack-nar-1.14.0.nar-unpacked]
2024-10-21 07:40:32,058 INFO [main] org.apache.nifi.nar.NarClassLoaders Loaded NAR file: /opt/nifi/nifi-current/./work/nar/extensions/nifi-evtx-nar-1.14.0.nar-unpacked as class loader org.apache.nifi.nar.NarClassLoader[./work/nar/extensions/nifi-evtx-nar-1.14.0.nar-unpacked]
2024-10-21 07:40:32,059 INFO [main] org.apache.nifi.nar.NarClassLoaders Loaded NAR file: /opt/nifi/nifi-current/./work/nar/extensions/nifi-server-nar-1.14.0.nar-unpacked as class loader org.apache.nifi.nar.NarClassLoader[./work/nar/extensions/nifi-server-nar-1.14.0.nar-unpacked]
2024-10-21 07:40:32,083 INFO [main] org.apache.nifi.nar.NarClassLoaders Loaded NAR file: /opt/nifi/nifi-current/./work/nar/extensions/nifi-mqtt-nar-1.14.0.nar-unpacked as class loader org.apache.nifi.nar.NarClassLoader[./work/nar/extensions/nifi-mqtt-nar-1.14.0.nar-unpacked]
2024-10-21 07:40:32,086 INFO [main] org.apache.nifi.nar.NarClassLoaders Loaded NAR file: /opt/nifi/nifi-current/./work/nar/extensions/nifi-influxdb-nar-1.14.0.nar-unpacked as class loader org.apache.nifi.nar.NarClassLoader[./work/nar/extensions/nifi-influxdb-nar-1.14.0.nar-unpacked]
2024-10-21 07:40:32,087 INFO [main] org.apache.nifi.nar.NarClassLoaders Loaded NAR file: /opt/nifi/nifi-current/./work/nar/extensions/nifi-enrich-nar-1.14.0.nar-unpacked as class loader org.apache.nifi.nar.NarClassLoader[./work/nar/extensions/nifi-enrich-nar-1.14.0.nar-unpacked]
2024-10-21 07:40:32,091 INFO [main] org.apache.nifi.nar.NarClassLoaders Loaded NAR file: /opt/nifi/nifi-current/./work/nar/extensions/nifi-kafka-2-0-nar-1.14.0.nar-unpacked as class loader org.apache.nifi.nar.NarClassLoader[./work/nar/extensions/nifi-kafka-2-0-nar-1.14.0.nar-unpacked]
2024-10-21 07:40:32,095 INFO [main] org.apache.nifi.nar.NarClassLoaders Loaded NAR file: /opt/nifi/nifi-current/./work/nar/extensions/nifi-hwx-schema-registry-nar-1.14.0.nar-unpacked as class loader org.apache.nifi.nar.NarClassLoader[./work/nar/extensions/nifi-hwx-schema-registry-nar-1.14.0.nar-unpacked]
2024-10-21 07:40:32,114 INFO [main] org.apache.nifi.nar.NarClassLoaders Loaded NAR file: /opt/nifi/nifi-current/./work/nar/extensions/nifi-email-nar-1.14.0.nar-unpacked as class loader org.apache.nifi.nar.NarClassLoader[./work/nar/extensions/nifi-email-nar-1.14.0.nar-unpacked]
2024-10-21 07:40:32,120 INFO [main] org.apache.nifi.nar.NarClassLoaders Loaded NAR file: /opt/nifi/nifi-current/./work/nar/extensions/nifi-redis-service-api-nar-1.14.0.nar-unpacked as class loader org.apache.nifi.nar.NarClassLoader[./work/nar/extensions/nifi-redis-service-api-nar-1.14.0.nar-unpacked]
2024-10-21 07:40:32,123 INFO [main] org.apache.nifi.nar.NarClassLoaders Loaded NAR file: /opt/nifi/nifi-current/./work/nar/extensions/nifi-stateless-nar-1.14.0.nar-unpacked as class loader org.apache.nifi.nar.NarClassLoader[./work/nar/extensions/nifi-stateless-nar-1.14.0.nar-unpacked]
2024-10-21 07:40:32,136 INFO [main] org.apache.nifi.nar.NarClassLoaders Loaded NAR file: /opt/nifi/nifi-current/./work/nar/extensions/nifi-ldap-iaa-providers-nar-1.14.0.nar-unpacked as class loader org.apache.nifi.nar.NarClassLoader[./work/nar/extensions/nifi-ldap-iaa-providers-nar-1.14.0.nar-unpacked]
2024-10-21 07:40:32,143 INFO [main] org.apache.nifi.nar.NarClassLoaders Loaded NAR file: /opt/nifi/nifi-current/./work/nar/extensions/nifi-stateful-analysis-nar-1.14.0.nar-unpacked as class loader org.apache.nifi.nar.NarClassLoader[./work/nar/extensions/nifi-stateful-analysis-nar-1.14.0.nar-unpacked]
2024-10-21 07:40:32,145 INFO [main] org.apache.nifi.nar.NarClassLoaders Loaded NAR file: /opt/nifi/nifi-current/./work/nar/extensions/nifi-metrics-reporter-service-api-nar-1.14.0.nar-unpacked as class loader org.apache.nifi.nar.NarClassLoader[./work/nar/extensions/nifi-metrics-reporter-service-api-nar-1.14.0.nar-unpacked]
2024-10-21 07:40:32,146 INFO [main] org.apache.nifi.nar.NarClassLoaders Loaded NAR file: /opt/nifi/nifi-current/./work/nar/extensions/nifi-social-media-nar-1.14.0.nar-unpacked as class loader org.apache.nifi.nar.NarClassLoader[./work/nar/extensions/nifi-social-media-nar-1.14.0.nar-unpacked]
2024-10-21 07:40:32,148 INFO [main] org.apache.nifi.nar.NarClassLoaders Loaded NAR file: /opt/nifi/nifi-current/./work/nar/extensions/nifi-elasticsearch-nar-1.14.0.nar-unpacked as class loader org.apache.nifi.nar.NarClassLoader[./work/nar/extensions/nifi-elasticsearch-nar-1.14.0.nar-unpacked]
2024-10-21 07:40:32,155 INFO [main] org.apache.nifi.nar.NarClassLoaders Loaded NAR file: /opt/nifi/nifi-current/./work/nar/extensions/nifi-gcp-services-api-nar-1.14.0.nar-unpacked as class loader org.apache.nifi.nar.NarClassLoader[./work/nar/extensions/nifi-gcp-services-api-nar-1.14.0.nar-unpacked]
2024-10-21 07:40:32,158 INFO [main] org.apache.nifi.nar.NarClassLoaders Loaded NAR file: /opt/nifi/nifi-current/./work/nar/extensions/nifi-single-user-iaa-providers-nar-1.14.0.nar-unpacked as class loader org.apache.nifi.nar.NarClassLoader[./work/nar/extensions/nifi-single-user-iaa-providers-nar-1.14.0.nar-unpacked]
2024-10-21 07:40:32,159 INFO [main] org.apache.nifi.nar.NarClassLoaders Loaded NAR file: /opt/nifi/nifi-current/./work/nar/extensions/nifi-lookup-services-nar-1.14.0.nar-unpacked as class loader org.apache.nifi.nar.NarClassLoader[./work/nar/extensions/nifi-lookup-services-nar-1.14.0.nar-unpacked]
2024-10-21 07:40:32,170 INFO [main] org.apache.nifi.nar.NarClassLoaders Loaded NAR file: /opt/nifi/nifi-current/./work/nar/extensions/nifi-hbase_1_1_2-client-service-nar-1.14.0.nar-unpacked as class loader org.apache.nifi.nar.NarClassLoader[./work/nar/extensions/nifi-hbase_1_1_2-client-service-nar-1.14.0.nar-unpacked]
2024-10-21 07:40:32,177 INFO [main] org.apache.nifi.nar.NarClassLoaders Loaded NAR file: /opt/nifi/nifi-current/./work/nar/extensions/nifi-oauth2-provider-nar-1.14.0.nar-unpacked as class loader org.apache.nifi.nar.NarClassLoader[./work/nar/extensions/nifi-oauth2-provider-nar-1.14.0.nar-unpacked]
2024-10-21 07:40:32,179 INFO [main] org.apache.nifi.nar.NarClassLoaders Loaded NAR file: /opt/nifi/nifi-current/./work/nar/extensions/nifi-html-nar-1.14.0.nar-unpacked as class loader org.apache.nifi.nar.NarClassLoader[./work/nar/extensions/nifi-html-nar-1.14.0.nar-unpacked]
2024-10-21 07:40:32,180 INFO [main] org.apache.nifi.nar.NarClassLoaders Loaded NAR file: /opt/nifi/nifi-current/./work/nar/extensions/nifi-http-context-map-nar-1.14.0.nar-unpacked as class loader org.apache.nifi.nar.NarClassLoader[./work/nar/extensions/nifi-http-context-map-nar-1.14.0.nar-unpacked]
2024-10-21 07:40:32,181 INFO [main] org.apache.nifi.nar.NarClassLoaders Loaded NAR file: /opt/nifi/nifi-current/./work/nar/extensions/nifi-ccda-nar-1.14.0.nar-unpacked as class loader org.apache.nifi.nar.NarClassLoader[./work/nar/extensions/nifi-ccda-nar-1.14.0.nar-unpacked]
2024-10-21 07:40:32,185 INFO [main] org.apache.nifi.nar.NarClassLoaders Loaded NAR file: /opt/nifi/nifi-current/./work/nar/extensions/nifi-spring-nar-1.14.0.nar-unpacked as class loader org.apache.nifi.nar.NarClassLoader[./work/nar/extensions/nifi-spring-nar-1.14.0.nar-unpacked]
2024-10-21 07:40:32,187 INFO [main] org.apache.nifi.nar.NarClassLoaders Loaded NAR file: /opt/nifi/nifi-current/./work/nar/extensions/nifi-jms-cf-service-nar-1.14.0.nar-unpacked as class loader org.apache.nifi.nar.NarClassLoader[./work/nar/extensions/nifi-jms-cf-service-nar-1.14.0.nar-unpacked]
2024-10-21 07:40:32,188 INFO [main] org.apache.nifi.nar.NarClassLoaders Loaded NAR file: /opt/nifi/nifi-current/./work/nar/extensions/nifi-cdc-mysql-nar-1.14.0.nar-unpacked as class loader org.apache.nifi.nar.NarClassLoader[./work/nar/extensions/nifi-cdc-mysql-nar-1.14.0.nar-unpacked]
2024-10-21 07:40:32,190 INFO [main] org.apache.nifi.nar.NarClassLoaders Loaded NAR file: /opt/nifi/nifi-current/./work/nar/extensions/nifi-solr-nar-1.14.0.nar-unpacked as class loader org.apache.nifi.nar.NarClassLoader[./work/nar/extensions/nifi-solr-nar-1.14.0.nar-unpacked]
2024-10-21 07:40:32,196 INFO [main] org.apache.nifi.nar.NarClassLoaders Loaded NAR file: /opt/nifi/nifi-current/./work/nar/extensions/nifi-scripting-nar-1.14.0.nar-unpacked as class loader org.apache.nifi.nar.NarClassLoader[./work/nar/extensions/nifi-scripting-nar-1.14.0.nar-unpacked]
2024-10-21 07:40:32,207 INFO [main] org.apache.nifi.nar.NarClassLoaders Loaded NAR file: /opt/nifi/nifi-current/./work/nar/extensions/nifi-provenance-repository-nar-1.14.0.nar-unpacked as class loader org.apache.nifi.nar.NarClassLoader[./work/nar/extensions/nifi-provenance-repository-nar-1.14.0.nar-unpacked]
2024-10-21 07:40:32,217 INFO [main] org.apache.nifi.nar.NarClassLoaders Loaded NAR file: /opt/nifi/nifi-current/./work/nar/extensions/nifi-hbase_2-client-service-nar-1.14.0.nar-unpacked as class loader org.apache.nifi.nar.NarClassLoader[./work/nar/extensions/nifi-hbase_2-client-service-nar-1.14.0.nar-unpacked]
2024-10-21 07:40:32,226 INFO [main] org.apache.nifi.nar.NarClassLoaders Loaded NAR file: /opt/nifi/nifi-current/./work/nar/extensions/nifi-hbase-nar-1.14.0.nar-unpacked as class loader org.apache.nifi.nar.NarClassLoader[./work/nar/extensions/nifi-hbase-nar-1.14.0.nar-unpacked]
2024-10-21 07:40:32,230 INFO [main] org.apache.nifi.nar.NarClassLoaders Loaded NAR file: /opt/nifi/nifi-current/./work/nar/extensions/nifi-groovyx-nar-1.14.0.nar-unpacked as class loader org.apache.nifi.nar.NarClassLoader[./work/nar/extensions/nifi-groovyx-nar-1.14.0.nar-unpacked]
2024-10-21 07:40:32,238 INFO [main] org.apache.nifi.nar.NarClassLoaders Loaded NAR file: /opt/nifi/nifi-current/./work/nar/extensions/nifi-jolt-record-nar-1.14.0.nar-unpacked as class loader org.apache.nifi.nar.NarClassLoader[./work/nar/extensions/nifi-jolt-record-nar-1.14.0.nar-unpacked]
2024-10-21 07:40:32,239 INFO [main] org.apache.nifi.nar.NarClassLoaders Loaded NAR file: /opt/nifi/nifi-current/./work/nar/extensions/nifi-aws-service-api-nar-1.14.0.nar-unpacked as class loader org.apache.nifi.nar.NarClassLoader[./work/nar/extensions/nifi-aws-service-api-nar-1.14.0.nar-unpacked]
2024-10-21 07:40:32,242 INFO [main] org.apache.nifi.nar.NarClassLoaders Loaded NAR file: /opt/nifi/nifi-current/./work/nar/extensions/nifi-ssl-context-service-nar-1.14.0.nar-unpacked as class loader org.apache.nifi.nar.NarClassLoader[./work/nar/extensions/nifi-ssl-context-service-nar-1.14.0.nar-unpacked]
2024-10-21 07:40:32,247 INFO [main] org.apache.nifi.nar.NarClassLoaders Loaded NAR file: /opt/nifi/nifi-current/./work/nar/extensions/nifi-dbcp-service-nar-1.14.0.nar-unpacked as class loader org.apache.nifi.nar.NarClassLoader[./work/nar/extensions/nifi-dbcp-service-nar-1.14.0.nar-unpacked]
2024-10-21 07:40:32,259 INFO [main] org.apache.nifi.nar.NarClassLoaders Loaded NAR file: /opt/nifi/nifi-current/./work/nar/extensions/nifi-confluent-platform-nar-1.14.0.nar-unpacked as class loader org.apache.nifi.nar.NarClassLoader[./work/nar/extensions/nifi-confluent-platform-nar-1.14.0.nar-unpacked]
2024-10-21 07:40:32,264 INFO [main] org.apache.nifi.nar.NarClassLoaders Loaded NAR file: /opt/nifi/nifi-current/./work/nar/extensions/nifi-record-serialization-services-nar-1.14.0.nar-unpacked as class loader org.apache.nifi.nar.NarClassLoader[./work/nar/extensions/nifi-record-serialization-services-nar-1.14.0.nar-unpacked]
2024-10-21 07:40:32,270 INFO [main] org.apache.nifi.nar.NarClassLoaders Loaded NAR file: /opt/nifi/nifi-current/./work/nar/extensions/nifi-site-to-site-reporting-nar-1.14.0.nar-unpacked as class loader org.apache.nifi.nar.NarClassLoader[./work/nar/extensions/nifi-site-to-site-reporting-nar-1.14.0.nar-unpacked]
2024-10-21 07:40:32,280 INFO [main] org.apache.nifi.nar.NarClassLoaders Loaded NAR file: /opt/nifi/nifi-current/./work/nar/extensions/nifi-hazelcast-services-api-nar-1.14.0.nar-unpacked as class loader org.apache.nifi.nar.NarClassLoader[./work/nar/extensions/nifi-hazelcast-services-api-nar-1.14.0.nar-unpacked]
2024-10-21 07:40:32,281 INFO [main] org.apache.nifi.nar.NarClassLoaders Loaded NAR file: /opt/nifi/nifi-current/./work/nar/extensions/nifi-azure-services-api-nar-1.14.0.nar-unpacked as class loader org.apache.nifi.nar.NarClassLoader[./work/nar/extensions/nifi-azure-services-api-nar-1.14.0.nar-unpacked]
2024-10-21 07:40:32,302 INFO [main] org.apache.nifi.nar.NarClassLoaders Loaded NAR file: /opt/nifi/nifi-current/./work/nar/extensions/nifi-hive-nar-1.14.0.nar-unpacked as class loader org.apache.nifi.nar.NarClassLoader[./work/nar/extensions/nifi-hive-nar-1.14.0.nar-unpacked]
2024-10-21 07:40:32,328 INFO [main] org.apache.nifi.nar.NarClassLoaders Loaded NAR file: /opt/nifi/nifi-current/./work/nar/extensions/nifi-registry-nar-1.14.0.nar-unpacked as class loader org.apache.nifi.nar.NarClassLoader[./work/nar/extensions/nifi-registry-nar-1.14.0.nar-unpacked]
2024-10-21 07:40:32,331 INFO [main] org.apache.nifi.nar.NarClassLoaders Loaded NAR file: /opt/nifi/nifi-current/./work/nar/extensions/nifi-mongodb-client-service-api-nar-1.14.0.nar-unpacked as class loader org.apache.nifi.nar.NarClassLoader[./work/nar/extensions/nifi-mongodb-client-service-api-nar-1.14.0.nar-unpacked]
2024-10-21 07:40:32,332 INFO [main] org.apache.nifi.nar.NarClassLoaders Loaded NAR file: /opt/nifi/nifi-current/./work/nar/extensions/nifi-elasticsearch-client-service-api-nar-1.14.0.nar-unpacked as class loader org.apache.nifi.nar.NarClassLoader[./work/nar/extensions/nifi-elasticsearch-client-service-api-nar-1.14.0.nar-unpacked]
2024-10-21 07:40:32,333 INFO [main] org.apache.nifi.nar.NarClassLoaders Loaded NAR file: /opt/nifi/nifi-current/./work/nar/extensions/nifi-metrics-reporting-nar-1.14.0.nar-unpacked as class loader org.apache.nifi.nar.NarClassLoader[./work/nar/extensions/nifi-metrics-reporting-nar-1.14.0.nar-unpacked]
2024-10-21 07:40:32,335 INFO [main] org.apache.nifi.nar.NarClassLoaders Loaded NAR file: /opt/nifi/nifi-current/./work/nar/extensions/nifi-aws-nar-1.14.0.nar-unpacked as class loader org.apache.nifi.nar.NarClassLoader[./work/nar/extensions/nifi-aws-nar-1.14.0.nar-unpacked]
2024-10-21 07:40:32,342 INFO [main] org.apache.nifi.nar.NarClassLoaders Loaded NAR file: /opt/nifi/nifi-current/./work/nar/extensions/nifi-kerberos-credentials-service-nar-1.14.0.nar-unpacked as class loader org.apache.nifi.nar.NarClassLoader[./work/nar/extensions/nifi-kerberos-credentials-service-nar-1.14.0.nar-unpacked]
2024-10-21 07:40:32,343 INFO [main] org.apache.nifi.nar.NarClassLoaders Loaded NAR file: /opt/nifi/nifi-current/./work/nar/extensions/nifi-jms-processors-nar-1.14.0.nar-unpacked as class loader org.apache.nifi.nar.NarClassLoader[./work/nar/extensions/nifi-jms-processors-nar-1.14.0.nar-unpacked]
2024-10-21 07:40:32,346 INFO [main] org.apache.nifi.nar.NarClassLoaders Loaded NAR file: /opt/nifi/nifi-current/./work/nar/extensions/nifi-record-sink-service-nar-1.14.0.nar-unpacked as class loader org.apache.nifi.nar.NarClassLoader[./work/nar/extensions/nifi-record-sink-service-nar-1.14.0.nar-unpacked]
2024-10-21 07:40:32,348 INFO [main] org.apache.nifi.nar.NarClassLoaders Loaded NAR file: /opt/nifi/nifi-current/./work/nar/extensions/nifi-hadoop-libraries-nar-1.14.0.nar-unpacked as class loader org.apache.nifi.nar.NarClassLoader[./work/nar/extensions/nifi-hadoop-libraries-nar-1.14.0.nar-unpacked]
2024-10-21 07:40:32,363 INFO [main] org.apache.nifi.nar.NarClassLoaders Loaded NAR file: /opt/nifi/nifi-current/./work/nar/extensions/nifi-splunk-nar-1.14.0.nar-unpacked as class loader org.apache.nifi.nar.NarClassLoader[./work/nar/extensions/nifi-splunk-nar-1.14.0.nar-unpacked]
2024-10-21 07:40:32,366 INFO [main] org.apache.nifi.nar.NarClassLoaders Loaded NAR file: /opt/nifi/nifi-current/./work/nar/extensions/nifi-hazelcast-services-nar-1.14.0.nar-unpacked as class loader org.apache.nifi.nar.NarClassLoader[./work/nar/extensions/nifi-hazelcast-services-nar-1.14.0.nar-unpacked]
2024-10-21 07:40:32,368 INFO [main] org.apache.nifi.nar.NarClassLoaders Loaded NAR file: /opt/nifi/nifi-current/./work/nar/extensions/nifi-websocket-services-api-nar-1.14.0.nar-unpacked as class loader org.apache.nifi.nar.NarClassLoader[./work/nar/extensions/nifi-websocket-services-api-nar-1.14.0.nar-unpacked]
2024-10-21 07:40:32,371 INFO [main] org.apache.nifi.nar.NarClassLoaders Loaded NAR file: /opt/nifi/nifi-current/./work/nar/extensions/nifi-proxy-configuration-nar-1.14.0.nar-unpacked as class loader org.apache.nifi.nar.NarClassLoader[./work/nar/extensions/nifi-proxy-configuration-nar-1.14.0.nar-unpacked]
2024-10-21 07:40:32,373 INFO [main] org.apache.nifi.nar.NarClassLoaders Loaded NAR file: /opt/nifi/nifi-current/./work/nar/extensions/nifi-gcp-nar-1.14.0.nar-unpacked as class loader org.apache.nifi.nar.NarClassLoader[./work/nar/extensions/nifi-gcp-nar-1.14.0.nar-unpacked]
2024-10-21 07:40:32,386 INFO [main] org.apache.nifi.nar.NarClassLoaders Loaded NAR file: /opt/nifi/nifi-current/./work/nar/extensions/nifi-pgp-service-api-nar-1.14.0.nar-unpacked as class loader org.apache.nifi.nar.NarClassLoader[./work/nar/extensions/nifi-pgp-service-api-nar-1.14.0.nar-unpacked]
2024-10-21 07:40:32,390 INFO [main] org.apache.nifi.nar.NarClassLoaders Loaded NAR file: /opt/nifi/nifi-current/./work/nar/extensions/nifi-cassandra-services-api-nar-1.14.0.nar-unpacked as class loader org.apache.nifi.nar.NarClassLoader[./work/nar/extensions/nifi-cassandra-services-api-nar-1.14.0.nar-unpacked]
2024-10-21 07:40:32,394 INFO [main] org.apache.nifi.nar.NarClassLoaders Loaded NAR file: /opt/nifi/nifi-current/./work/nar/extensions/nifi-couchbase-services-api-nar-1.14.0.nar-unpacked as class loader org.apache.nifi.nar.NarClassLoader[./work/nar/extensions/nifi-couchbase-services-api-nar-1.14.0.nar-unpacked]
2024-10-21 07:40:32,395 INFO [main] org.apache.nifi.nar.NarClassLoaders Loaded NAR file: /opt/nifi/nifi-current/./work/nar/extensions/nifi-pgp-service-nar-1.14.0.nar-unpacked as class loader org.apache.nifi.nar.NarClassLoader[./work/nar/extensions/nifi-pgp-service-nar-1.14.0.nar-unpacked]
2024-10-21 07:40:32,397 INFO [main] org.apache.nifi.nar.NarClassLoaders Loaded NAR file: /opt/nifi/nifi-current/./work/nar/extensions/nifi-mongodb-services-nar-1.14.0.nar-unpacked as class loader org.apache.nifi.nar.NarClassLoader[./work/nar/extensions/nifi-mongodb-services-nar-1.14.0.nar-unpacked]
2024-10-21 07:40:32,402 INFO [main] org.apache.nifi.nar.NarClassLoaders Loaded NAR file: /opt/nifi/nifi-current/./work/nar/extensions/nifi-rethinkdb-nar-1.14.0.nar-unpacked as class loader org.apache.nifi.nar.NarClassLoader[./work/nar/extensions/nifi-rethinkdb-nar-1.14.0.nar-unpacked]
2024-10-21 07:40:32,404 INFO [main] org.apache.nifi.nar.NarClassLoaders Loaded NAR file: /opt/nifi/nifi-current/./work/nar/extensions/nifi-hadoop-nar-1.14.0.nar-unpacked as class loader org.apache.nifi.nar.NarClassLoader[./work/nar/extensions/nifi-hadoop-nar-1.14.0.nar-unpacked]
2024-10-21 07:40:32,407 INFO [main] org.apache.nifi.nar.NarClassLoaders Loaded NAR file: /opt/nifi/nifi-current/./work/nar/extensions/nifi-elasticsearch-restapi-nar-1.14.0.nar-unpacked as class loader org.apache.nifi.nar.NarClassLoader[./work/nar/extensions/nifi-elasticsearch-restapi-nar-1.14.0.nar-unpacked]
2024-10-21 07:40:32,411 INFO [main] org.apache.nifi.nar.NarClassLoaders Loaded NAR file: /opt/nifi/nifi-current/./work/nar/extensions/nifi-websocket-services-jetty-nar-1.14.0.nar-unpacked as class loader org.apache.nifi.nar.NarClassLoader[./work/nar/extensions/nifi-websocket-services-jetty-nar-1.14.0.nar-unpacked]
2024-10-21 07:40:32,417 INFO [main] org.apache.nifi.nar.NarClassLoaders Loaded NAR file: /opt/nifi/nifi-current/./work/nar/extensions/nifi-websocket-processors-nar-1.14.0.nar-unpacked as class loader org.apache.nifi.nar.NarClassLoader[./work/nar/extensions/nifi-websocket-processors-nar-1.14.0.nar-unpacked]
2024-10-21 07:40:32,421 INFO [main] org.apache.nifi.nar.NarClassLoaders Loaded NAR file: /opt/nifi/nifi-current/./work/nar/extensions/nifi-redis-nar-1.14.0.nar-unpacked as class loader org.apache.nifi.nar.NarClassLoader[./work/nar/extensions/nifi-redis-nar-1.14.0.nar-unpacked]
2024-10-21 07:40:32,423 INFO [main] org.apache.nifi.nar.NarClassLoaders Loaded NAR file: /opt/nifi/nifi-current/./work/nar/extensions/nifi-couchbase-nar-1.14.0.nar-unpacked as class loader org.apache.nifi.nar.NarClassLoader[./work/nar/extensions/nifi-couchbase-nar-1.14.0.nar-unpacked]
2024-10-21 07:40:32,424 INFO [main] org.apache.nifi.nar.NarClassLoaders Loaded NAR file: /opt/nifi/nifi-current/./work/nar/extensions/nifi-cassandra-nar-1.14.0.nar-unpacked as class loader org.apache.nifi.nar.NarClassLoader[./work/nar/extensions/nifi-cassandra-nar-1.14.0.nar-unpacked]
2024-10-21 07:40:32,432 INFO [main] org.apache.nifi.nar.NarClassLoaders Loaded NAR file: /opt/nifi/nifi-current/./work/nar/extensions/nifi-elasticsearch-client-service-nar-1.14.0.nar-unpacked as class loader org.apache.nifi.nar.NarClassLoader[./work/nar/extensions/nifi-elasticsearch-client-service-nar-1.14.0.nar-unpacked]
2024-10-21 07:40:32,444 INFO [main] org.apache.nifi.nar.NarClassLoaders Loaded NAR file: /opt/nifi/nifi-current/./work/nar/extensions/nifi-kudu-nar-1.14.0.nar-unpacked as class loader org.apache.nifi.nar.NarClassLoader[./work/nar/extensions/nifi-kudu-nar-1.14.0.nar-unpacked]
2024-10-21 07:40:32,450 INFO [main] org.apache.nifi.nar.NarClassLoaders Loaded NAR file: /opt/nifi/nifi-current/./work/nar/extensions/nifi-pgp-nar-1.14.0.nar-unpacked as class loader org.apache.nifi.nar.NarClassLoader[./work/nar/extensions/nifi-pgp-nar-1.14.0.nar-unpacked]
2024-10-21 07:40:32,452 INFO [main] org.apache.nifi.nar.NarClassLoaders Loaded NAR file: /opt/nifi/nifi-current/./work/nar/extensions/nifi-azure-nar-1.14.0.nar-unpacked as class loader org.apache.nifi.nar.NarClassLoader[./work/nar/extensions/nifi-azure-nar-1.14.0.nar-unpacked]
2024-10-21 07:40:32,474 INFO [main] org.apache.nifi.nar.NarClassLoaders Loaded NAR file: /opt/nifi/nifi-current/./work/nar/extensions/nifi-cassandra-services-nar-1.14.0.nar-unpacked as class loader org.apache.nifi.nar.NarClassLoader[./work/nar/extensions/nifi-cassandra-services-nar-1.14.0.nar-unpacked]
2024-10-21 07:40:32,483 INFO [main] org.apache.nifi.nar.NarClassLoaders Loaded NAR file: /opt/nifi/nifi-current/./work/nar/extensions/nifi-mongodb-nar-1.14.0.nar-unpacked as class loader org.apache.nifi.nar.NarClassLoader[./work/nar/extensions/nifi-mongodb-nar-1.14.0.nar-unpacked]
2024-10-21 07:40:32,487 INFO [main] org.apache.nifi.nar.NarClassLoaders Loaded NAR file: /opt/nifi/nifi-current/./work/nar/extensions/nifi-parquet-nar-1.14.0.nar-unpacked as class loader org.apache.nifi.nar.NarClassLoader[./work/nar/extensions/nifi-parquet-nar-1.14.0.nar-unpacked]
2024-10-21 07:40:32,493 INFO [main] org.apache.nifi.nar.NarClassLoaders Found NiFiServer implementation org.apache.nifi.web.server.JettyServer in org.apache.nifi:nifi-server-nar:1.14.0
2024-10-21 07:40:32,502 INFO [main] org.eclipse.jetty.util.log Logging initialized @14336ms to org.eclipse.jetty.util.log.Slf4jLog
2024-10-21 07:40:32,538 INFO [main] org.apache.nifi.web.server.JettyServer Configuring Jetty for HTTP on port: 8080
2024-10-21 07:40:32,597 INFO [main] org.apache.nifi.web.server.JettyServer Loading WAR: /opt/nifi/nifi-current/./work/nar/extensions/nifi-update-attribute-nar-1.14.0.nar-unpacked/NAR-INF/bundled-dependencies/nifi-update-attribute-ui-1.14.0.war with context path set to /nifi-update-attribute-ui-1.14.0
2024-10-21 07:40:32,597 INFO [main] org.apache.nifi.web.server.JettyServer Loading UI extension [ProcessorConfiguration, /nifi-update-attribute-ui-1.14.0] for org.apache.nifi.processors.attributes.UpdateAttribute:org.apache.nifi:nifi-update-attribute-nar:1.14.0
2024-10-21 07:40:32,598 INFO [main] org.apache.nifi.web.server.JettyServer Loading WAR: /opt/nifi/nifi-current/./work/nar/extensions/nifi-standard-nar-1.14.0.nar-unpacked/NAR-INF/bundled-dependencies/nifi-standard-content-viewer-1.14.0.war with context path set to /nifi-standard-content-viewer-1.14.0
2024-10-21 07:40:32,599 INFO [main] org.apache.nifi.web.server.JettyServer Loading WAR: /opt/nifi/nifi-current/./work/nar/extensions/nifi-standard-nar-1.14.0.nar-unpacked/NAR-INF/bundled-dependencies/nifi-jolt-transform-json-ui-1.14.0.war with context path set to /nifi-jolt-transform-json-ui-1.14.0
2024-10-21 07:40:32,599 INFO [main] org.apache.nifi.web.server.JettyServer Loading UI extension [ProcessorConfiguration, /nifi-jolt-transform-json-ui-1.14.0] for org.apache.nifi.processors.standard.JoltTransformJSON:org.apache.nifi:nifi-standard-nar:1.14.0
2024-10-21 07:40:32,602 INFO [main] org.apache.nifi.web.server.JettyServer Loading WAR: /opt/nifi/nifi-current/./work/nar/extensions/nifi-server-nar-1.14.0.nar-unpacked/NAR-INF/bundled-dependencies/nifi-web-ui-1.14.0.war with context path set to /nifi
2024-10-21 07:40:32,603 INFO [main] org.apache.nifi.web.server.JettyServer Loading WAR: /opt/nifi/nifi-current/./work/nar/extensions/nifi-server-nar-1.14.0.nar-unpacked/NAR-INF/bundled-dependencies/nifi-web-api-1.14.0.war with context path set to /nifi-api
2024-10-21 07:40:32,604 INFO [main] org.apache.nifi.web.server.JettyServer Loading WAR: /opt/nifi/nifi-current/./work/nar/extensions/nifi-server-nar-1.14.0.nar-unpacked/NAR-INF/bundled-dependencies/nifi-web-content-viewer-1.14.0.war with context path set to /nifi-content-viewer
2024-10-21 07:40:32,604 INFO [main] org.apache.nifi.web.server.JettyServer Loading WAR: /opt/nifi/nifi-current/./work/nar/extensions/nifi-server-nar-1.14.0.nar-unpacked/NAR-INF/bundled-dependencies/nifi-web-docs-1.14.0.war with context path set to /nifi-docs
2024-10-21 07:40:32,607 INFO [main] org.apache.nifi.web.server.JettyServer Loading documents web app with context path set to /nifi-docs
2024-10-21 07:40:32,607 INFO [main] org.apache.nifi.web.server.JettyServer Loading WAR: /opt/nifi/nifi-current/./work/nar/extensions/nifi-server-nar-1.14.0.nar-unpacked/NAR-INF/bundled-dependencies/nifi-web-error-1.14.0.war with context path set to /
2024-10-21 07:40:32,613 INFO [main] org.apache.nifi.web.server.JettyServer Running in HTTP mode; host headers not restricted
2024-10-21 07:40:32,623 INFO [main] o.a.n.n.StandardExtensionDiscoveringManager Loaded extensions for org.apache.nifi:nifi-jetty-bundle:1.14.0 in 1 millis
2024-10-21 07:40:32,629 INFO [main] o.a.n.n.StandardExtensionDiscoveringManager Loaded extensions for org.apache.nifi:nifi-framework-nar:1.14.0 in 6 millis
2024-10-21 07:40:32,631 INFO [main] o.a.n.n.StandardExtensionDiscoveringManager Loaded extensions for org.apache.nifi:nifi-language-translation-nar:1.14.0 in 2 millis
2024-10-21 07:40:32,633 INFO [main] o.a.n.n.StandardExtensionDiscoveringManager Loaded extensions for org.apache.nifi:nifi-cybersecurity-nar:1.14.0 in 2 millis
2024-10-21 07:40:32,635 INFO [main] o.a.n.n.StandardExtensionDiscoveringManager Loaded extensions for org.apache.nifi:nifi-avro-nar:1.14.0 in 2 millis
2024-10-21 07:40:32,637 INFO [main] o.a.n.n.StandardExtensionDiscoveringManager Loaded extensions for org.apache.nifi:nifi-poi-nar:1.14.0 in 2 millis
2024-10-21 07:40:32,639 INFO [main] o.a.n.n.StandardExtensionDiscoveringManager Loaded extensions for org.apache.nifi:nifi-hl7-nar:1.14.0 in 2 millis
2024-10-21 07:40:32,641 INFO [main] o.a.n.n.StandardExtensionDiscoveringManager Loaded extensions for org.apache.nifi:nifi-smb-nar:1.14.0 in 2 millis
2024-10-21 07:40:32,643 INFO [main] o.a.n.n.StandardExtensionDiscoveringManager Loaded extensions for org.apache.nifi:nifi-network-processors-nar:1.14.0 in 2 millis
2024-10-21 07:40:32,645 INFO [main] o.a.n.n.StandardExtensionDiscoveringManager Loaded extensions for org.apache.nifi:nifi-tcp-nar:1.14.0 in 2 millis
2024-10-21 07:40:32,646 INFO [main] o.a.n.n.StandardExtensionDiscoveringManager Loaded extensions for org.apache.nifi:nifi-standard-services-api-nar:1.14.0 in 1 millis
2024-10-21 07:40:32,648 INFO [main] o.a.n.n.StandardExtensionDiscoveringManager Loaded extensions for org.apache.nifi:nifi-grpc-nar:1.14.0 in 2 millis
2024-10-21 07:40:32,650 INFO [main] o.a.n.n.StandardExtensionDiscoveringManager Loaded extensions for org.apache.nifi:nifi-distributed-cache-services-nar:1.14.0 in 2 millis
2024-10-21 07:40:32,653 INFO [main] o.a.n.n.StandardExtensionDiscoveringManager Loaded extensions for org.apache.nifi:nifi-kafka-2-6-nar:1.14.0 in 2 millis
2024-10-21 07:40:32,654 INFO [main] o.a.n.n.StandardExtensionDiscoveringManager Loaded extensions for org.apache.nifi:nifi-riemann-nar:1.14.0 in 1 millis
2024-10-21 07:40:32,656 INFO [main] o.a.n.n.StandardExtensionDiscoveringManager Loaded extensions for org.apache.nifi:nifi-amqp-nar:1.14.0 in 2 millis
2024-10-21 07:40:32,659 INFO [main] o.a.n.n.StandardExtensionDiscoveringManager Loaded extensions for org.apache.nifi:nifi-kafka-1-0-nar:1.14.0 in 2 millis
2024-10-21 07:40:32,661 INFO [main] o.a.n.n.StandardExtensionDiscoveringManager Loaded extensions for org.apache.nifi:nifi-update-attribute-nar:1.14.0 in 2 millis
2024-10-21 07:40:32,662 INFO [main] o.a.n.n.StandardExtensionDiscoveringManager Loaded extensions for org.apache.nifi:nifi-snmp-nar:1.14.0 in 1 millis
2024-10-21 07:40:32,664 INFO [main] o.a.n.n.StandardExtensionDiscoveringManager Loaded extensions for org.apache.nifi:nifi-datadog-nar:1.14.0 in 2 millis
2024-10-21 07:40:32,665 INFO [main] o.a.n.n.StandardExtensionDiscoveringManager Loaded extensions for org.apache.nifi:nifi-kerberos-iaa-providers-nar:1.14.0 in 1 millis
2024-10-21 07:40:32,667 INFO [main] o.a.n.n.StandardExtensionDiscoveringManager Loaded extensions for org.apache.nifi:nifi-hive-services-api-nar:1.14.0 in 2 millis
2024-10-21 07:40:32,670 INFO [main] o.a.n.n.StandardExtensionDiscoveringManager Loaded extensions for org.apache.nifi:nifi-standard-nar:1.14.0 in 3 millis
2024-10-21 07:40:32,672 INFO [main] o.a.n.n.StandardExtensionDiscoveringManager Loaded extensions for org.apache.nifi:nifi-prometheus-nar:1.14.0 in 2 millis
2024-10-21 07:40:32,674 INFO [main] o.a.n.n.StandardExtensionDiscoveringManager Loaded extensions for org.apache.nifi:nifi-windows-event-log-nar:1.14.0 in 2 millis
2024-10-21 07:40:32,676 INFO [main] o.a.n.n.StandardExtensionDiscoveringManager Loaded extensions for org.apache.nifi:nifi-ambari-nar:1.14.0 in 2 millis
2024-10-21 07:40:32,677 INFO [main] o.a.n.n.StandardExtensionDiscoveringManager Loaded extensions for org.apache.nifi:nifi-hadoop-dbcp-service-nar:1.14.0 in 1 millis
2024-10-21 07:40:32,679 INFO [main] o.a.n.n.StandardExtensionDiscoveringManager Loaded extensions for org.apache.nifi:nifi-slack-nar:1.14.0 in 1 millis
2024-10-21 07:40:32,681 INFO [main] o.a.n.n.StandardExtensionDiscoveringManager Loaded extensions for org.apache.nifi:nifi-evtx-nar:1.14.0 in 2 millis
2024-10-21 07:40:32,684 INFO [main] o.a.n.n.StandardExtensionDiscoveringManager Loaded extensions for org.apache.nifi:nifi-server-nar:1.14.0 in 3 millis
2024-10-21 07:40:32,686 INFO [main] o.a.n.n.StandardExtensionDiscoveringManager Loaded extensions for org.apache.nifi:nifi-mqtt-nar:1.14.0 in 2 millis
2024-10-21 07:40:32,688 INFO [main] o.a.n.n.StandardExtensionDiscoveringManager Loaded extensions for org.apache.nifi:nifi-influxdb-nar:1.14.0 in 2 millis
2024-10-21 07:40:32,690 INFO [main] o.a.n.n.StandardExtensionDiscoveringManager Loaded extensions for org.apache.nifi:nifi-enrich-nar:1.14.0 in 2 millis
2024-10-21 07:40:32,692 INFO [main] o.a.n.n.StandardExtensionDiscoveringManager Loaded extensions for org.apache.nifi:nifi-kafka-2-0-nar:1.14.0 in 2 millis
2024-10-21 07:40:32,694 INFO [main] o.a.n.n.StandardExtensionDiscoveringManager Loaded extensions for org.apache.nifi:nifi-hwx-schema-registry-nar:1.14.0 in 2 millis
2024-10-21 07:40:32,706 INFO [main] o.a.n.n.StandardExtensionDiscoveringManager Loaded extensions for org.apache.nifi:nifi-email-nar:1.14.0 in 12 millis
2024-10-21 07:40:32,708 INFO [main] o.a.n.n.StandardExtensionDiscoveringManager Loaded extensions for org.apache.nifi:nifi-redis-service-api-nar:1.14.0 in 2 millis
2024-10-21 07:40:32,709 INFO [main] o.a.n.n.StandardExtensionDiscoveringManager Loaded extensions for org.apache.nifi:nifi-stateless-nar:1.14.0 in 1 millis
2024-10-21 07:40:32,711 INFO [main] o.a.n.n.StandardExtensionDiscoveringManager Loaded extensions for org.apache.nifi:nifi-ldap-iaa-providers-nar:1.14.0 in 1 millis
2024-10-21 07:40:32,713 INFO [main] o.a.n.n.StandardExtensionDiscoveringManager Loaded extensions for org.apache.nifi:nifi-stateful-analysis-nar:1.14.0 in 2 millis
2024-10-21 07:40:32,715 INFO [main] o.a.n.n.StandardExtensionDiscoveringManager Loaded extensions for org.apache.nifi:nifi-metrics-reporter-service-api-nar:1.14.0 in 2 millis
2024-10-21 07:40:32,716 INFO [main] o.a.n.n.StandardExtensionDiscoveringManager Loaded extensions for org.apache.nifi:nifi-social-media-nar:1.14.0 in 1 millis
2024-10-21 07:40:32,718 INFO [main] o.a.n.n.StandardExtensionDiscoveringManager Loaded extensions for org.apache.nifi:nifi-elasticsearch-nar:1.14.0 in 2 millis
2024-10-21 07:40:32,720 INFO [main] o.a.n.n.StandardExtensionDiscoveringManager Loaded extensions for org.apache.nifi:nifi-gcp-services-api-nar:1.14.0 in 2 millis
2024-10-21 07:40:32,721 INFO [main] o.a.n.n.StandardExtensionDiscoveringManager Loaded extensions for org.apache.nifi:nifi-single-user-iaa-providers-nar:1.14.0 in 1 millis
2024-10-21 07:40:32,723 INFO [main] o.a.n.n.StandardExtensionDiscoveringManager Loaded extensions for org.apache.nifi:nifi-lookup-services-nar:1.14.0 in 2 millis
2024-10-21 07:40:32,725 INFO [main] o.a.n.n.StandardExtensionDiscoveringManager Loaded extensions for org.apache.nifi:nifi-hbase_1_1_2-client-service-nar:1.14.0 in 2 millis
2024-10-21 07:40:32,727 INFO [main] o.a.n.n.StandardExtensionDiscoveringManager Loaded extensions for org.apache.nifi:nifi-oauth2-provider-nar:1.14.0 in 2 millis
2024-10-21 07:40:32,729 INFO [main] o.a.n.n.StandardExtensionDiscoveringManager Loaded extensions for org.apache.nifi:nifi-html-nar:1.14.0 in 2 millis
2024-10-21 07:40:32,731 INFO [main] o.a.n.n.StandardExtensionDiscoveringManager Loaded extensions for org.apache.nifi:nifi-http-context-map-nar:1.14.0 in 2 millis
2024-10-21 07:40:32,732 INFO [main] o.a.n.n.StandardExtensionDiscoveringManager Loaded extensions for org.apache.nifi:nifi-ccda-nar:1.14.0 in 1 millis
2024-10-21 07:40:32,733 INFO [main] o.a.n.n.StandardExtensionDiscoveringManager Loaded extensions for org.apache.nifi:nifi-spring-nar:1.14.0 in 1 millis
2024-10-21 07:40:32,735 INFO [main] o.a.n.n.StandardExtensionDiscoveringManager Loaded extensions for org.apache.nifi:nifi-jms-cf-service-nar:1.14.0 in 2 millis
2024-10-21 07:40:32,736 INFO [main] o.a.n.n.StandardExtensionDiscoveringManager Loaded extensions for org.apache.nifi:nifi-cdc-mysql-nar:1.14.0 in 1 millis
2024-10-21 07:40:32,738 INFO [main] o.a.n.n.StandardExtensionDiscoveringManager Loaded extensions for org.apache.nifi:nifi-solr-nar:1.14.0 in 2 millis
2024-10-21 07:40:32,741 INFO [main] o.a.n.n.StandardExtensionDiscoveringManager Loaded extensions for org.apache.nifi:nifi-scripting-nar:1.14.0 in 3 millis
2024-10-21 07:40:32,743 INFO [main] o.a.n.n.StandardExtensionDiscoveringManager Loaded extensions for org.apache.nifi:nifi-provenance-repository-nar:1.14.0 in 2 millis
2024-10-21 07:40:32,744 INFO [main] o.a.n.n.StandardExtensionDiscoveringManager Loaded extensions for org.apache.nifi:nifi-hbase_2-client-service-nar:1.14.0 in 1 millis
2024-10-21 07:40:32,746 INFO [main] o.a.n.n.StandardExtensionDiscoveringManager Loaded extensions for org.apache.nifi:nifi-hbase-nar:1.14.0 in 1 millis
2024-10-21 07:40:32,748 INFO [main] o.a.n.n.StandardExtensionDiscoveringManager Loaded extensions for org.apache.nifi:nifi-groovyx-nar:1.14.0 in 2 millis
2024-10-21 07:40:32,750 INFO [main] o.a.n.n.StandardExtensionDiscoveringManager Loaded extensions for org.apache.nifi:nifi-jolt-record-nar:1.14.0 in 2 millis
2024-10-21 07:40:32,751 INFO [main] o.a.n.n.StandardExtensionDiscoveringManager Loaded extensions for org.apache.nifi:nifi-aws-service-api-nar:1.14.0 in 1 millis
2024-10-21 07:40:32,753 INFO [main] o.a.n.n.StandardExtensionDiscoveringManager Loaded extensions for org.apache.nifi:nifi-ssl-context-service-nar:1.14.0 in 2 millis
2024-10-21 07:40:32,754 INFO [main] o.a.n.n.StandardExtensionDiscoveringManager Loaded extensions for org.apache.nifi:nifi-dbcp-service-nar:1.14.0 in 1 millis
2024-10-21 07:40:32,756 INFO [main] o.a.n.n.StandardExtensionDiscoveringManager Loaded extensions for org.apache.nifi:nifi-confluent-platform-nar:1.14.0 in 1 millis
2024-10-21 07:40:32,758 INFO [main] o.a.n.n.StandardExtensionDiscoveringManager Loaded extensions for org.apache.nifi:nifi-record-serialization-services-nar:1.14.0 in 2 millis
2024-10-21 07:40:32,760 INFO [main] o.a.n.n.StandardExtensionDiscoveringManager Loaded extensions for org.apache.nifi:nifi-site-to-site-reporting-nar:1.14.0 in 2 millis
2024-10-21 07:40:32,761 INFO [main] o.a.n.n.StandardExtensionDiscoveringManager Loaded extensions for org.apache.nifi:nifi-hazelcast-services-api-nar:1.14.0 in 1 millis
2024-10-21 07:40:32,763 INFO [main] o.a.n.n.StandardExtensionDiscoveringManager Loaded extensions for org.apache.nifi:nifi-azure-services-api-nar:1.14.0 in 2 millis
2024-10-21 07:40:32,766 INFO [main] o.a.n.n.StandardExtensionDiscoveringManager Loaded extensions for org.apache.nifi:nifi-hive-nar:1.14.0 in 3 millis
2024-10-21 07:40:32,767 INFO [main] o.a.n.n.StandardExtensionDiscoveringManager Loaded extensions for org.apache.nifi:nifi-registry-nar:1.14.0 in 1 millis
2024-10-21 07:40:32,769 INFO [main] o.a.n.n.StandardExtensionDiscoveringManager Loaded extensions for org.apache.nifi:nifi-mongodb-client-service-api-nar:1.14.0 in 2 millis
2024-10-21 07:40:32,770 INFO [main] o.a.n.n.StandardExtensionDiscoveringManager Loaded extensions for org.apache.nifi:nifi-elasticsearch-client-service-api-nar:1.14.0 in 1 millis
2024-10-21 07:40:32,772 INFO [main] o.a.n.n.StandardExtensionDiscoveringManager Loaded extensions for org.apache.nifi:nifi-metrics-reporting-nar:1.14.0 in 2 millis
2024-10-21 07:40:32,774 INFO [main] o.a.n.n.StandardExtensionDiscoveringManager Loaded extensions for org.apache.nifi:nifi-aws-nar:1.14.0 in 2 millis
2024-10-21 07:40:32,776 INFO [main] o.a.n.n.StandardExtensionDiscoveringManager Loaded extensions for org.apache.nifi:nifi-kerberos-credentials-service-nar:1.14.0 in 2 millis
2024-10-21 07:40:32,778 INFO [main] o.a.n.n.StandardExtensionDiscoveringManager Loaded extensions for org.apache.nifi:nifi-jms-processors-nar:1.14.0 in 2 millis
2024-10-21 07:40:32,780 INFO [main] o.a.n.n.StandardExtensionDiscoveringManager Loaded extensions for org.apache.nifi:nifi-record-sink-service-nar:1.14.0 in 2 millis
2024-10-21 07:40:32,781 INFO [main] o.a.n.n.StandardExtensionDiscoveringManager Loaded extensions for org.apache.nifi:nifi-hadoop-libraries-nar:1.14.0 in 1 millis
2024-10-21 07:40:32,783 INFO [main] o.a.n.n.StandardExtensionDiscoveringManager Loaded extensions for org.apache.nifi:nifi-splunk-nar:1.14.0 in 1 millis
2024-10-21 07:40:32,785 INFO [main] o.a.n.n.StandardExtensionDiscoveringManager Loaded extensions for org.apache.nifi:nifi-hazelcast-services-nar:1.14.0 in 2 millis
2024-10-21 07:40:32,786 INFO [main] o.a.n.n.StandardExtensionDiscoveringManager Loaded extensions for org.apache.nifi:nifi-websocket-services-api-nar:1.14.0 in 1 millis
2024-10-21 07:40:32,788 INFO [main] o.a.n.n.StandardExtensionDiscoveringManager Loaded extensions for org.apache.nifi:nifi-proxy-configuration-nar:1.14.0 in 2 millis
2024-10-21 07:40:32,791 INFO [main] o.a.n.n.StandardExtensionDiscoveringManager Loaded extensions for org.apache.nifi:nifi-gcp-nar:1.14.0 in 3 millis
2024-10-21 07:40:32,792 INFO [main] o.a.n.n.StandardExtensionDiscoveringManager Loaded extensions for org.apache.nifi:nifi-pgp-service-api-nar:1.14.0 in 1 millis
2024-10-21 07:40:32,793 INFO [main] o.a.n.n.StandardExtensionDiscoveringManager Loaded extensions for org.apache.nifi:nifi-cassandra-services-api-nar:1.14.0 in 1 millis
2024-10-21 07:40:32,795 INFO [main] o.a.n.n.StandardExtensionDiscoveringManager Loaded extensions for org.apache.nifi:nifi-couchbase-services-api-nar:1.14.0 in 1 millis
2024-10-21 07:40:32,797 INFO [main] o.a.n.n.StandardExtensionDiscoveringManager Loaded extensions for org.apache.nifi:nifi-pgp-service-nar:1.14.0 in 2 millis
2024-10-21 07:40:32,799 INFO [main] o.a.n.n.StandardExtensionDiscoveringManager Loaded extensions for org.apache.nifi:nifi-mongodb-services-nar:1.14.0 in 2 millis
2024-10-21 07:40:32,800 INFO [main] o.a.n.n.StandardExtensionDiscoveringManager Loaded extensions for org.apache.nifi:nifi-rethinkdb-nar:1.14.0 in 1 millis
2024-10-21 07:40:32,803 INFO [main] o.a.n.n.StandardExtensionDiscoveringManager Loaded extensions for org.apache.nifi:nifi-hadoop-nar:1.14.0 in 3 millis
2024-10-21 07:40:32,815 INFO [main] o.a.n.n.StandardExtensionDiscoveringManager Loaded extensions for org.apache.nifi:nifi-elasticsearch-restapi-nar:1.14.0 in 12 millis
2024-10-21 07:40:32,818 INFO [main] o.a.n.n.StandardExtensionDiscoveringManager Loaded extensions for org.apache.nifi:nifi-websocket-services-jetty-nar:1.14.0 in 3 millis
2024-10-21 07:40:32,820 INFO [main] o.a.n.n.StandardExtensionDiscoveringManager Loaded extensions for org.apache.nifi:nifi-websocket-processors-nar:1.14.0 in 2 millis
2024-10-21 07:40:32,822 INFO [main] o.a.n.n.StandardExtensionDiscoveringManager Loaded extensions for org.apache.nifi:nifi-redis-nar:1.14.0 in 2 millis
2024-10-21 07:40:32,824 INFO [main] o.a.n.n.StandardExtensionDiscoveringManager Loaded extensions for org.apache.nifi:nifi-couchbase-nar:1.14.0 in 2 millis
2024-10-21 07:40:32,826 INFO [main] o.a.n.n.StandardExtensionDiscoveringManager Loaded extensions for org.apache.nifi:nifi-cassandra-nar:1.14.0 in 2 millis
2024-10-21 07:40:32,828 INFO [main] o.a.n.n.StandardExtensionDiscoveringManager Loaded extensions for org.apache.nifi:nifi-elasticsearch-client-service-nar:1.14.0 in 2 millis
2024-10-21 07:40:32,831 INFO [main] o.a.n.n.StandardExtensionDiscoveringManager Loaded extensions for org.apache.nifi:nifi-kudu-nar:1.14.0 in 3 millis
2024-10-21 07:40:32,833 INFO [main] o.a.n.n.StandardExtensionDiscoveringManager Loaded extensions for org.apache.nifi:nifi-pgp-nar:1.14.0 in 2 millis
2024-10-21 07:40:32,836 INFO [main] o.a.n.n.StandardExtensionDiscoveringManager Loaded extensions for org.apache.nifi:nifi-azure-nar:1.14.0 in 3 millis
2024-10-21 07:40:32,838 INFO [main] o.a.n.n.StandardExtensionDiscoveringManager Loaded extensions for org.apache.nifi:nifi-cassandra-services-nar:1.14.0 in 2 millis
2024-10-21 07:40:32,840 INFO [main] o.a.n.n.StandardExtensionDiscoveringManager Loaded extensions for org.apache.nifi:nifi-mongodb-nar:1.14.0 in 1 millis
2024-10-21 07:40:32,843 INFO [main] o.a.n.n.StandardExtensionDiscoveringManager Loaded extensions for org.apache.nifi:nifi-parquet-nar:1.14.0 in 3 millis
2024-10-21 07:40:32,844 INFO [main] o.a.n.n.StandardExtensionDiscoveringManager Extension Type Mapping to Bundle:
	=== FlowFileSwapManager Type ===
	org.apache.nifi.controller.FileSystemSwapManager
		org.apache.nifi:nifi-framework-nar:1.14.0 || ./work/nar/framework/nifi-framework-nar-1.14.0.nar-unpacked
	org.apache.nifi.controller.EncryptedFileSystemSwapManager
		org.apache.nifi:nifi-framework-nar:1.14.0 || ./work/nar/framework/nifi-framework-nar-1.14.0.nar-unpacked
	=== End FlowFileSwapManager types ===
	=== ControllerService Type ===
	org.apache.nifi.avro.AvroReader
		org.apache.nifi:nifi-record-serialization-services-nar:1.14.0 || ./work/nar/extensions/nifi-record-serialization-services-nar-1.14.0.nar-unpacked
	org.apache.nifi.controller.cassandra.CassandraDistributedMapCache
		org.apache.nifi:nifi-cassandra-services-nar:1.14.0 || ./work/nar/extensions/nifi-cassandra-services-nar-1.14.0.nar-unpacked
	org.apache.nifi.record.sink.db.DatabaseRecordSink
		org.apache.nifi:nifi-dbcp-service-nar:1.14.0 || ./work/nar/extensions/nifi-dbcp-service-nar-1.14.0.nar-unpacked
	org.apache.nifi.elasticsearch.ElasticSearchLookupService
		org.apache.nifi:nifi-elasticsearch-client-service-nar:1.14.0 || ./work/nar/extensions/nifi-elasticsearch-client-service-nar-1.14.0.nar-unpacked
	org.apache.nifi.text.FreeFormTextRecordSetWriter
		org.apache.nifi:nifi-record-serialization-services-nar:1.14.0 || ./work/nar/extensions/nifi-record-serialization-services-nar-1.14.0.nar-unpacked
	org.apache.nifi.xml.XMLReader
		org.apache.nifi:nifi-record-serialization-services-nar:1.14.0 || ./work/nar/extensions/nifi-record-serialization-services-nar-1.14.0.nar-unpacked
	org.apache.nifi.elasticsearch.ElasticSearchClientServiceImpl
		org.apache.nifi:nifi-elasticsearch-client-service-nar:1.14.0 || ./work/nar/extensions/nifi-elasticsearch-client-service-nar-1.14.0.nar-unpacked
	org.apache.nifi.lookup.script.ScriptedLookupService
		org.apache.nifi:nifi-scripting-nar:1.14.0 || ./work/nar/extensions/nifi-scripting-nar-1.14.0.nar-unpacked
	org.apache.nifi.hbase.HBase_1_1_2_RecordLookupService
		org.apache.nifi:nifi-hbase_1_1_2-client-service-nar:1.14.0 || ./work/nar/extensions/nifi-hbase_1_1_2-client-service-nar-1.14.0.nar-unpacked
	org.apache.nifi.http.StandardHttpContextMap
		org.apache.nifi:nifi-http-context-map-nar:1.14.0 || ./work/nar/extensions/nifi-http-context-map-nar-1.14.0.nar-unpacked
	org.apache.nifi.pgp.service.standard.StandardPGPPublicKeyService
		org.apache.nifi:nifi-pgp-service-nar:1.14.0 || ./work/nar/extensions/nifi-pgp-service-nar-1.14.0.nar-unpacked
	org.apache.nifi.record.sink.script.ScriptedRecordSink
		org.apache.nifi:nifi-scripting-nar:1.14.0 || ./work/nar/extensions/nifi-scripting-nar-1.14.0.nar-unpacked
	org.apache.nifi.processors.aws.credentials.provider.service.AWSCredentialsProviderControllerService
		org.apache.nifi:nifi-aws-nar:1.14.0 || ./work/nar/extensions/nifi-aws-nar-1.14.0.nar-unpacked
	org.apache.nifi.distributed.cache.client.DistributedSetCacheClientService
		org.apache.nifi:nifi-distributed-cache-services-nar:1.14.0 || ./work/nar/extensions/nifi-distributed-cache-services-nar-1.14.0.nar-unpacked
	org.apache.nifi.jms.cf.JMSConnectionFactoryProvider
		org.apache.nifi:nifi-jms-processors-nar:1.14.0 || ./work/nar/extensions/nifi-jms-processors-nar-1.14.0.nar-unpacked
	org.apache.nifi.hazelcast.services.cacheclient.HazelcastMapCacheClient
		org.apache.nifi:nifi-hazelcast-services-nar:1.14.0 || ./work/nar/extensions/nifi-hazelcast-services-nar-1.14.0.nar-unpacked
	org.apache.nifi.lookup.script.SimpleScriptedLookupService
		org.apache.nifi:nifi-scripting-nar:1.14.0 || ./work/nar/extensions/nifi-scripting-nar-1.14.0.nar-unpacked
	org.apache.nifi.lookup.maxmind.IPLookupService
		org.apache.nifi:nifi-lookup-services-nar:1.14.0 || ./work/nar/extensions/nifi-lookup-services-nar-1.14.0.nar-unpacked
	org.apache.nifi.oauth2.OAuth2TokenProviderImpl
		org.apache.nifi:nifi-oauth2-provider-nar:1.14.0 || ./work/nar/extensions/nifi-oauth2-provider-nar-1.14.0.nar-unpacked
	org.apache.nifi.hbase.HBase_2_ClientMapCacheService
		org.apache.nifi:nifi-hbase_2-client-service-nar:1.14.0 || ./work/nar/extensions/nifi-hbase_2-client-service-nar-1.14.0.nar-unpacked
	org.apache.nifi.dbcp.DBCPConnectionPoolLookup
		org.apache.nifi:nifi-dbcp-service-nar:1.14.0 || ./work/nar/extensions/nifi-dbcp-service-nar-1.14.0.nar-unpacked
	org.apache.nifi.avro.AvroRecordSetWriter
		org.apache.nifi:nifi-record-serialization-services-nar:1.14.0 || ./work/nar/extensions/nifi-record-serialization-services-nar-1.14.0.nar-unpacked
	org.apache.nifi.lookup.XMLFileLookupService
		org.apache.nifi:nifi-lookup-services-nar:1.14.0 || ./work/nar/extensions/nifi-lookup-services-nar-1.14.0.nar-unpacked
	org.apache.nifi.grok.GrokReader
		org.apache.nifi:nifi-record-serialization-services-nar:1.14.0 || ./work/nar/extensions/nifi-record-serialization-services-nar-1.14.0.nar-unpacked
	org.apache.nifi.json.JsonPathReader
		org.apache.nifi:nifi-record-serialization-services-nar:1.14.0 || ./work/nar/extensions/nifi-record-serialization-services-nar-1.14.0.nar-unpacked
	org.apache.nifi.lookup.PropertiesFileLookupService
		org.apache.nifi:nifi-lookup-services-nar:1.14.0 || ./work/nar/extensions/nifi-lookup-services-nar-1.14.0.nar-unpacked
	org.apache.nifi.processors.aws.s3.encryption.StandardS3EncryptionService
		org.apache.nifi:nifi-aws-nar:1.14.0 || ./work/nar/extensions/nifi-aws-nar-1.14.0.nar-unpacked
	org.apache.nifi.couchbase.CouchbaseMapCacheClient
		org.apache.nifi:nifi-couchbase-nar:1.14.0 || ./work/nar/extensions/nifi-couchbase-nar-1.14.0.nar-unpacked
	org.apache.nifi.websocket.jetty.JettyWebSocketServer
		org.apache.nifi:nifi-websocket-services-jetty-nar:1.14.0 || ./work/nar/extensions/nifi-websocket-services-jetty-nar-1.14.0.nar-unpacked
	org.apache.nifi.json.JsonTreeReader
		org.apache.nifi:nifi-record-serialization-services-nar:1.14.0 || ./work/nar/extensions/nifi-record-serialization-services-nar-1.14.0.nar-unpacked
	org.apache.nifi.schemaregistry.services.AvroSchemaRegistry
		org.apache.nifi:nifi-registry-nar:1.14.0 || ./work/nar/extensions/nifi-registry-nar-1.14.0.nar-unpacked
	org.apache.nifi.distributed.cache.server.map.DistributedMapCacheServer
		org.apache.nifi:nifi-distributed-cache-services-nar:1.14.0 || ./work/nar/extensions/nifi-distributed-cache-services-nar-1.14.0.nar-unpacked
	org.apache.nifi.proxy.StandardProxyConfigurationService
		org.apache.nifi:nifi-proxy-configuration-nar:1.14.0 || ./work/nar/extensions/nifi-proxy-configuration-nar-1.14.0.nar-unpacked
	org.apache.nifi.redis.service.RedisDistributedMapCacheClientService
		org.apache.nifi:nifi-redis-nar:1.14.0 || ./work/nar/extensions/nifi-redis-nar-1.14.0.nar-unpacked
	org.apache.nifi.lookup.CSVRecordLookupService
		org.apache.nifi:nifi-lookup-services-nar:1.14.0 || ./work/nar/extensions/nifi-lookup-services-nar-1.14.0.nar-unpacked
	org.apache.nifi.lookup.db.DatabaseRecordLookupService
		org.apache.nifi:nifi-lookup-services-nar:1.14.0 || ./work/nar/extensions/nifi-lookup-services-nar-1.14.0.nar-unpacked
	org.apache.nifi.record.sink.kafka.KafkaRecordSink_2_0
		org.apache.nifi:nifi-kafka-2-0-nar:1.14.0 || ./work/nar/extensions/nifi-kafka-2-0-nar-1.14.0.nar-unpacked
	org.apache.nifi.hbase.HBase_2_ClientService
		org.apache.nifi:nifi-hbase_2-client-service-nar:1.14.0 || ./work/nar/extensions/nifi-hbase_2-client-service-nar-1.14.0.nar-unpacked
	org.apache.nifi.lookup.SimpleKeyValueLookupService
		org.apache.nifi:nifi-lookup-services-nar:1.14.0 || ./work/nar/extensions/nifi-lookup-services-nar-1.14.0.nar-unpacked
	org.apache.nifi.csv.CSVRecordSetWriter
		org.apache.nifi:nifi-record-serialization-services-nar:1.14.0 || ./work/nar/extensions/nifi-record-serialization-services-nar-1.14.0.nar-unpacked
	org.apache.nifi.distributed.cache.server.DistributedSetCacheServer
		org.apache.nifi:nifi-distributed-cache-services-nar:1.14.0 || ./work/nar/extensions/nifi-distributed-cache-services-nar-1.14.0.nar-unpacked
	org.apache.nifi.pgp.service.standard.StandardPGPPrivateKeyService
		org.apache.nifi:nifi-pgp-service-nar:1.14.0 || ./work/nar/extensions/nifi-pgp-service-nar-1.14.0.nar-unpacked
	org.apache.nifi.dbcp.hive.HiveConnectionPool
		org.apache.nifi:nifi-hive-nar:1.14.0 || ./work/nar/extensions/nifi-hive-nar-1.14.0.nar-unpacked
	org.apache.nifi.processors.gcp.credentials.service.GCPCredentialsControllerService
		org.apache.nifi:nifi-gcp-nar:1.14.0 || ./work/nar/extensions/nifi-gcp-nar-1.14.0.nar-unpacked
	org.apache.nifi.services.azure.storage.AzureStorageCredentialsControllerServiceLookup
		org.apache.nifi:nifi-azure-nar:1.14.0 || ./work/nar/extensions/nifi-azure-nar-1.14.0.nar-unpacked
	org.apache.nifi.xml.XMLRecordSetWriter
		org.apache.nifi:nifi-record-serialization-services-nar:1.14.0 || ./work/nar/extensions/nifi-record-serialization-services-nar-1.14.0.nar-unpacked
	org.apache.nifi.lookup.db.SimpleDatabaseLookupService
		org.apache.nifi:nifi-lookup-services-nar:1.14.0 || ./work/nar/extensions/nifi-lookup-services-nar-1.14.0.nar-unpacked
	org.apache.nifi.mongodb.MongoDBControllerService
		org.apache.nifi:nifi-mongodb-services-nar:1.14.0 || ./work/nar/extensions/nifi-mongodb-services-nar-1.14.0.nar-unpacked
	org.apache.nifi.confluent.schemaregistry.ConfluentSchemaRegistry
		org.apache.nifi:nifi-confluent-platform-nar:1.14.0 || ./work/nar/extensions/nifi-confluent-platform-nar-1.14.0.nar-unpacked
	org.apache.nifi.kerberos.KeytabCredentialsService
		org.apache.nifi:nifi-kerberos-credentials-service-nar:1.14.0 || ./work/nar/extensions/nifi-kerberos-credentials-service-nar-1.14.0.nar-unpacked
	org.apache.nifi.syslog.SyslogReader
		org.apache.nifi:nifi-record-serialization-services-nar:1.14.0 || ./work/nar/extensions/nifi-record-serialization-services-nar-1.14.0.nar-unpacked
	org.apache.nifi.record.sink.kafka.KafkaRecordSink_2_6
		org.apache.nifi:nifi-kafka-2-6-nar:1.14.0 || ./work/nar/extensions/nifi-kafka-2-6-nar-1.14.0.nar-unpacked
	org.apache.nifi.lookup.SimpleCsvFileLookupService
		org.apache.nifi:nifi-lookup-services-nar:1.14.0 || ./work/nar/extensions/nifi-lookup-services-nar-1.14.0.nar-unpacked
	org.apache.nifi.hbase.HBase_1_1_2_ClientMapCacheService
		org.apache.nifi:nifi-hbase_1_1_2-client-service-nar:1.14.0 || ./work/nar/extensions/nifi-hbase_1_1_2-client-service-nar-1.14.0.nar-unpacked
	org.apache.nifi.mongodb.MongoDBLookupService
		org.apache.nifi:nifi-mongodb-services-nar:1.14.0 || ./work/nar/extensions/nifi-mongodb-services-nar-1.14.0.nar-unpacked
	org.apache.nifi.hazelcast.services.cachemanager.EmbeddedHazelcastCacheManager
		org.apache.nifi:nifi-hazelcast-services-nar:1.14.0 || ./work/nar/extensions/nifi-hazelcast-services-nar-1.14.0.nar-unpacked
	org.apache.nifi.lookup.RestLookupService
		org.apache.nifi:nifi-lookup-services-nar:1.14.0 || ./work/nar/extensions/nifi-lookup-services-nar-1.14.0.nar-unpacked
	org.apache.nifi.parquet.ParquetRecordSetWriter
		org.apache.nifi:nifi-parquet-nar:1.14.0 || ./work/nar/extensions/nifi-parquet-nar-1.14.0.nar-unpacked
	org.apache.nifi.lookup.RecordSetWriterLookup
		org.apache.nifi:nifi-record-serialization-services-nar:1.14.0 || ./work/nar/extensions/nifi-record-serialization-services-nar-1.14.0.nar-unpacked
	org.apache.nifi.websocket.jetty.JettyWebSocketClient
		org.apache.nifi:nifi-websocket-services-jetty-nar:1.14.0 || ./work/nar/extensions/nifi-websocket-services-jetty-nar-1.14.0.nar-unpacked
	org.apache.nifi.rules.engine.script.ScriptedRulesEngine
		org.apache.nifi:nifi-scripting-nar:1.14.0 || ./work/nar/extensions/nifi-scripting-nar-1.14.0.nar-unpacked
	org.apache.nifi.schema.inference.VolatileSchemaCache
		org.apache.nifi:nifi-record-serialization-services-nar:1.14.0 || ./work/nar/extensions/nifi-record-serialization-services-nar-1.14.0.nar-unpacked
	org.apache.nifi.metrics.reporting.reporter.service.GraphiteMetricReporterService
		org.apache.nifi:nifi-metrics-reporting-nar:1.14.0 || ./work/nar/extensions/nifi-metrics-reporting-nar-1.14.0.nar-unpacked
	org.apache.nifi.hbase.HBase_1_1_2_ListLookupService
		org.apache.nifi:nifi-hbase_1_1_2-client-service-nar:1.14.0 || ./work/nar/extensions/nifi-hbase_1_1_2-client-service-nar-1.14.0.nar-unpacked
	org.apache.nifi.reporting.sink.SiteToSiteReportingRecordSink
		org.apache.nifi:nifi-site-to-site-reporting-nar:1.14.0 || ./work/nar/extensions/nifi-site-to-site-reporting-nar-1.14.0.nar-unpacked
	org.apache.nifi.controller.kudu.KuduLookupService
		org.apache.nifi:nifi-kudu-nar:1.14.0 || ./work/nar/extensions/nifi-kudu-nar-1.14.0.nar-unpacked
	org.apache.nifi.record.script.ScriptedReader
		org.apache.nifi:nifi-scripting-nar:1.14.0 || ./work/nar/extensions/nifi-scripting-nar-1.14.0.nar-unpacked
	org.apache.nifi.hbase.HBase_1_1_2_ClientService
		org.apache.nifi:nifi-hbase_1_1_2-client-service-nar:1.14.0 || ./work/nar/extensions/nifi-hbase_1_1_2-client-service-nar-1.14.0.nar-unpacked
	org.apache.nifi.couchbase.CouchbaseClusterService
		org.apache.nifi:nifi-couchbase-nar:1.14.0 || ./work/nar/extensions/nifi-couchbase-nar-1.14.0.nar-unpacked
	org.apache.nifi.services.azure.storage.AzureStorageEmulatorCredentialsControllerService
		org.apache.nifi:nifi-azure-nar:1.14.0 || ./work/nar/extensions/nifi-azure-nar-1.14.0.nar-unpacked
	org.apache.nifi.hbase.HBase_2_RecordLookupService
		org.apache.nifi:nifi-hbase_2-client-service-nar:1.14.0 || ./work/nar/extensions/nifi-hbase_2-client-service-nar-1.14.0.nar-unpacked
	org.apache.nifi.dbcp.DBCPConnectionPool
		org.apache.nifi:nifi-dbcp-service-nar:1.14.0 || ./work/nar/extensions/nifi-dbcp-service-nar-1.14.0.nar-unpacked
	org.apache.nifi.lookup.DistributedMapCacheLookupService
		org.apache.nifi:nifi-lookup-services-nar:1.14.0 || ./work/nar/extensions/nifi-lookup-services-nar-1.14.0.nar-unpacked
	org.apache.nifi.rules.handlers.script.ScriptedActionHandler
		org.apache.nifi:nifi-scripting-nar:1.14.0 || ./work/nar/extensions/nifi-scripting-nar-1.14.0.nar-unpacked
	org.apache.nifi.services.azure.storage.AzureStorageCredentialsControllerService
		org.apache.nifi:nifi-azure-nar:1.14.0 || ./work/nar/extensions/nifi-azure-nar-1.14.0.nar-unpacked
	org.apache.nifi.json.JsonRecordSetWriter
		org.apache.nifi:nifi-record-serialization-services-nar:1.14.0 || ./work/nar/extensions/nifi-record-serialization-services-nar-1.14.0.nar-unpacked
	org.apache.nifi.csv.CSVReader
		org.apache.nifi:nifi-record-serialization-services-nar:1.14.0 || ./work/nar/extensions/nifi-record-serialization-services-nar-1.14.0.nar-unpacked
	org.apache.nifi.couchbase.CouchbaseRecordLookupService
		org.apache.nifi:nifi-couchbase-nar:1.14.0 || ./work/nar/extensions/nifi-couchbase-nar-1.14.0.nar-unpacked
	org.apache.nifi.syslog.Syslog5424Reader
		org.apache.nifi:nifi-record-serialization-services-nar:1.14.0 || ./work/nar/extensions/nifi-record-serialization-services-nar-1.14.0.nar-unpacked
	org.apache.nifi.jms.cf.JndiJmsConnectionFactoryProvider
		org.apache.nifi:nifi-jms-processors-nar:1.14.0 || ./work/nar/extensions/nifi-jms-processors-nar-1.14.0.nar-unpacked
	org.apache.nifi.distributed.cache.client.DistributedMapCacheClientService
		org.apache.nifi:nifi-distributed-cache-services-nar:1.14.0 || ./work/nar/extensions/nifi-distributed-cache-services-nar-1.14.0.nar-unpacked
	org.apache.nifi.redis.service.RedisConnectionPoolService
		org.apache.nifi:nifi-redis-nar:1.14.0 || ./work/nar/extensions/nifi-redis-nar-1.14.0.nar-unpacked
	org.apache.nifi.couchbase.CouchbaseKeyValueLookupService
		org.apache.nifi:nifi-couchbase-nar:1.14.0 || ./work/nar/extensions/nifi-couchbase-nar-1.14.0.nar-unpacked
	org.apache.nifi.dbcp.HadoopDBCPConnectionPool
		org.apache.nifi:nifi-hadoop-dbcp-service-nar:1.14.0 || ./work/nar/extensions/nifi-hadoop-dbcp-service-nar-1.14.0.nar-unpacked
	org.apache.nifi.record.sink.kafka.KafkaRecordSink_1_0
		org.apache.nifi:nifi-kafka-1-0-nar:1.14.0 || ./work/nar/extensions/nifi-kafka-1-0-nar-1.14.0.nar-unpacked
	org.apache.nifi.ssl.StandardSSLContextService
		org.apache.nifi:nifi-ssl-context-service-nar:1.14.0 || ./work/nar/extensions/nifi-ssl-context-service-nar-1.14.0.nar-unpacked
	org.apache.nifi.windowsevent.WindowsEventLogReader
		org.apache.nifi:nifi-record-serialization-services-nar:1.14.0 || ./work/nar/extensions/nifi-record-serialization-services-nar-1.14.0.nar-unpacked
	org.apache.nifi.services.azure.cosmos.document.AzureCosmosDBClientService
		org.apache.nifi:nifi-azure-nar:1.14.0 || ./work/nar/extensions/nifi-azure-nar-1.14.0.nar-unpacked
	org.apache.nifi.lookup.ReaderLookup
		org.apache.nifi:nifi-record-serialization-services-nar:1.14.0 || ./work/nar/extensions/nifi-record-serialization-services-nar-1.14.0.nar-unpacked
	org.apache.nifi.parquet.ParquetReader
		org.apache.nifi:nifi-parquet-nar:1.14.0 || ./work/nar/extensions/nifi-parquet-nar-1.14.0.nar-unpacked
	org.apache.nifi.record.sink.lookup.RecordSinkServiceLookup
		org.apache.nifi:nifi-record-sink-service-nar:1.14.0 || ./work/nar/extensions/nifi-record-sink-service-nar-1.14.0.nar-unpacked
	org.apache.nifi.elasticsearch.ElasticSearchStringLookupService
		org.apache.nifi:nifi-elasticsearch-client-service-nar:1.14.0 || ./work/nar/extensions/nifi-elasticsearch-client-service-nar-1.14.0.nar-unpacked
	org.apache.nifi.service.CassandraSessionProvider
		org.apache.nifi:nifi-cassandra-services-nar:1.14.0 || ./work/nar/extensions/nifi-cassandra-services-nar-1.14.0.nar-unpacked
	org.apache.nifi.record.script.ScriptedRecordSetWriter
		org.apache.nifi:nifi-scripting-nar:1.14.0 || ./work/nar/extensions/nifi-scripting-nar-1.14.0.nar-unpacked
	org.apache.nifi.ssl.StandardRestrictedSSLContextService
		org.apache.nifi:nifi-ssl-context-service-nar:1.14.0 || ./work/nar/extensions/nifi-ssl-context-service-nar-1.14.0.nar-unpacked
	org.apache.nifi.schemaregistry.hortonworks.HortonworksSchemaRegistry
		org.apache.nifi:nifi-hwx-schema-registry-nar:1.14.0 || ./work/nar/extensions/nifi-hwx-schema-registry-nar-1.14.0.nar-unpacked
	org.apache.nifi.services.azure.storage.ADLSCredentialsControllerService
		org.apache.nifi:nifi-azure-nar:1.14.0 || ./work/nar/extensions/nifi-azure-nar-1.14.0.nar-unpacked
	org.apache.nifi.reporting.prometheus.PrometheusRecordSink
		org.apache.nifi:nifi-prometheus-nar:1.14.0 || ./work/nar/extensions/nifi-prometheus-nar-1.14.0.nar-unpacked
	org.apache.nifi.record.sink.LoggingRecordSink
		org.apache.nifi:nifi-record-sink-service-nar:1.14.0 || ./work/nar/extensions/nifi-record-sink-service-nar-1.14.0.nar-unpacked
	org.apache.nifi.hazelcast.services.cachemanager.ExternalHazelcastCacheManager
		org.apache.nifi:nifi-hazelcast-services-nar:1.14.0 || ./work/nar/extensions/nifi-hazelcast-services-nar-1.14.0.nar-unpacked
	=== End ControllerService types ===
	=== ReportingTask Type ===
	org.apache.nifi.reporting.SiteToSiteBulletinReportingTask
		org.apache.nifi:nifi-site-to-site-reporting-nar:1.14.0 || ./work/nar/extensions/nifi-site-to-site-reporting-nar-1.14.0.nar-unpacked
	org.apache.nifi.reporting.prometheus.PrometheusReportingTask
		org.apache.nifi:nifi-prometheus-nar:1.14.0 || ./work/nar/extensions/nifi-prometheus-nar-1.14.0.nar-unpacked
	org.apache.nifi.reporting.ambari.AmbariReportingTask
		org.apache.nifi:nifi-ambari-nar:1.14.0 || ./work/nar/extensions/nifi-ambari-nar-1.14.0.nar-unpacked
	org.apache.nifi.reporting.datadog.DataDogReportingTask
		org.apache.nifi:nifi-datadog-nar:1.14.0 || ./work/nar/extensions/nifi-datadog-nar-1.14.0.nar-unpacked
	org.apache.nifi.reporting.SiteToSiteProvenanceReportingTask
		org.apache.nifi:nifi-site-to-site-reporting-nar:1.14.0 || ./work/nar/extensions/nifi-site-to-site-reporting-nar-1.14.0.nar-unpacked
	org.apache.nifi.reporting.script.ScriptedReportingTask
		org.apache.nifi:nifi-scripting-nar:1.14.0 || ./work/nar/extensions/nifi-scripting-nar-1.14.0.nar-unpacked
	org.apache.nifi.reporting.azure.loganalytics.AzureLogAnalyticsReportingTask
		org.apache.nifi:nifi-azure-nar:1.14.0 || ./work/nar/extensions/nifi-azure-nar-1.14.0.nar-unpacked
	org.apache.nifi.metrics.reporting.task.MetricsReportingTask
		org.apache.nifi:nifi-metrics-reporting-nar:1.14.0 || ./work/nar/extensions/nifi-metrics-reporting-nar-1.14.0.nar-unpacked
	org.apache.nifi.reporting.azure.loganalytics.AzureLogAnalyticsProvenanceReportingTask
		org.apache.nifi:nifi-azure-nar:1.14.0 || ./work/nar/extensions/nifi-azure-nar-1.14.0.nar-unpacked
	org.apache.nifi.controller.MonitorMemory
		org.apache.nifi:nifi-standard-nar:1.14.0 || ./work/nar/extensions/nifi-standard-nar-1.14.0.nar-unpacked
	org.apache.nifi.controller.ControllerStatusReportingTask
		org.apache.nifi:nifi-standard-nar:1.14.0 || ./work/nar/extensions/nifi-standard-nar-1.14.0.nar-unpacked
	org.apache.nifi.reporting.SiteToSiteMetricsReportingTask
		org.apache.nifi:nifi-site-to-site-reporting-nar:1.14.0 || ./work/nar/extensions/nifi-site-to-site-reporting-nar-1.14.0.nar-unpacked
	org.apache.nifi.reporting.SiteToSiteStatusReportingTask
		org.apache.nifi:nifi-site-to-site-reporting-nar:1.14.0 || ./work/nar/extensions/nifi-site-to-site-reporting-nar-1.14.0.nar-unpacked
	org.apache.nifi.controller.MonitorDiskUsage
		org.apache.nifi:nifi-standard-nar:1.14.0 || ./work/nar/extensions/nifi-standard-nar-1.14.0.nar-unpacked
	org.apache.nifi.reporting.ganglia.StandardGangliaReporter
		org.apache.nifi:nifi-standard-nar:1.14.0 || ./work/nar/extensions/nifi-standard-nar-1.14.0.nar-unpacked
	=== End ReportingTask types ===
	=== UserGroupProvider Type ===
	org.apache.nifi.authorization.azure.AzureGraphUserGroupProvider
		org.apache.nifi:nifi-azure-nar:1.14.0 || ./work/nar/extensions/nifi-azure-nar-1.14.0.nar-unpacked
	org.apache.nifi.authorization.FileUserGroupProvider
		org.apache.nifi:nifi-framework-nar:1.14.0 || ./work/nar/framework/nifi-framework-nar-1.14.0.nar-unpacked
	org.apache.nifi.ldap.tenants.LdapUserGroupProvider
		org.apache.nifi:nifi-ldap-iaa-providers-nar:1.14.0 || ./work/nar/extensions/nifi-ldap-iaa-providers-nar-1.14.0.nar-unpacked
	org.apache.nifi.authorization.ShellUserGroupProvider
		org.apache.nifi:nifi-framework-nar:1.14.0 || ./work/nar/framework/nifi-framework-nar-1.14.0.nar-unpacked
	org.apache.nifi.authorization.CompositeConfigurableUserGroupProvider
		org.apache.nifi:nifi-framework-nar:1.14.0 || ./work/nar/framework/nifi-framework-nar-1.14.0.nar-unpacked
	org.apache.nifi.authorization.CompositeUserGroupProvider
		org.apache.nifi:nifi-framework-nar:1.14.0 || ./work/nar/framework/nifi-framework-nar-1.14.0.nar-unpacked
	=== End UserGroupProvider types ===
	=== StatusHistoryRepository Type ===
	org.apache.nifi.controller.status.history.EmbeddedQuestDbStatusHistoryRepository
		org.apache.nifi:nifi-framework-nar:1.14.0 || ./work/nar/framework/nifi-framework-nar-1.14.0.nar-unpacked
	org.apache.nifi.controller.status.history.VolatileComponentStatusRepository
		org.apache.nifi:nifi-framework-nar:1.14.0 || ./work/nar/framework/nifi-framework-nar-1.14.0.nar-unpacked
	=== End StatusHistoryRepository types ===
	=== FlowFilePrioritizer Type ===
	org.apache.nifi.prioritizer.PriorityAttributePrioritizer
		org.apache.nifi:nifi-framework-nar:1.14.0 || ./work/nar/framework/nifi-framework-nar-1.14.0.nar-unpacked
	org.apache.nifi.prioritizer.NewestFlowFileFirstPrioritizer
		org.apache.nifi:nifi-framework-nar:1.14.0 || ./work/nar/framework/nifi-framework-nar-1.14.0.nar-unpacked
	org.apache.nifi.prioritizer.OldestFlowFileFirstPrioritizer
		org.apache.nifi:nifi-framework-nar:1.14.0 || ./work/nar/framework/nifi-framework-nar-1.14.0.nar-unpacked
	org.apache.nifi.prioritizer.FirstInFirstOutPrioritizer
		org.apache.nifi:nifi-framework-nar:1.14.0 || ./work/nar/framework/nifi-framework-nar-1.14.0.nar-unpacked
	=== End FlowFilePrioritizer types ===
	=== Processor Type ===
	org.apache.nifi.snmp.processors.SetSNMP
		org.apache.nifi:nifi-snmp-nar:1.14.0 || ./work/nar/extensions/nifi-snmp-nar-1.14.0.nar-unpacked
	org.apache.nifi.processors.email.ConsumeEWS
		org.apache.nifi:nifi-email-nar:1.14.0 || ./work/nar/extensions/nifi-email-nar-1.14.0.nar-unpacked
	org.apache.nifi.processors.standard.RetryFlowFile
		org.apache.nifi:nifi-standard-nar:1.14.0 || ./work/nar/extensions/nifi-standard-nar-1.14.0.nar-unpacked
	org.apache.nifi.processors.standard.PutFTP
		org.apache.nifi:nifi-standard-nar:1.14.0 || ./work/nar/extensions/nifi-standard-nar-1.14.0.nar-unpacked
	org.apache.nifi.processors.mongodb.PutMongoRecord
		org.apache.nifi:nifi-mongodb-nar:1.14.0 || ./work/nar/extensions/nifi-mongodb-nar-1.14.0.nar-unpacked
	org.apache.nifi.processors.kafka.pubsub.ConsumeKafka_1_0
		org.apache.nifi:nifi-kafka-1-0-nar:1.14.0 || ./work/nar/extensions/nifi-kafka-1-0-nar-1.14.0.nar-unpacked
	org.apache.nifi.processors.mqtt.ConsumeMQTT
		org.apache.nifi:nifi-mqtt-nar:1.14.0 || ./work/nar/extensions/nifi-mqtt-nar-1.14.0.nar-unpacked
	org.apache.nifi.processors.standard.AttributesToCSV
		org.apache.nifi:nifi-standard-nar:1.14.0 || ./work/nar/extensions/nifi-standard-nar-1.14.0.nar-unpacked
	org.apache.nifi.processors.kafka.pubsub.ConsumeKafkaRecord_2_6
		org.apache.nifi:nifi-kafka-2-6-nar:1.14.0 || ./work/nar/extensions/nifi-kafka-2-6-nar-1.14.0.nar-unpacked
	org.apache.nifi.processors.standard.ParseCEF
		org.apache.nifi:nifi-standard-nar:1.14.0 || ./work/nar/extensions/nifi-standard-nar-1.14.0.nar-unpacked
	org.apache.nifi.processors.email.ListenSMTP
		org.apache.nifi:nifi-email-nar:1.14.0 || ./work/nar/extensions/nifi-email-nar-1.14.0.nar-unpacked
	org.apache.nifi.processors.standard.MonitorActivity
		org.apache.nifi:nifi-standard-nar:1.14.0 || ./work/nar/extensions/nifi-standard-nar-1.14.0.nar-unpacked
	org.apache.nifi.processors.aws.kinesis.stream.ConsumeKinesisStream
		org.apache.nifi:nifi-aws-nar:1.14.0 || ./work/nar/extensions/nifi-aws-nar-1.14.0.nar-unpacked
	org.apache.nifi.processors.aws.kinesis.firehose.PutKinesisFirehose
		org.apache.nifi:nifi-aws-nar:1.14.0 || ./work/nar/extensions/nifi-aws-nar-1.14.0.nar-unpacked
	org.apache.nifi.processors.standard.PutTCP
		org.apache.nifi:nifi-standard-nar:1.14.0 || ./work/nar/extensions/nifi-standard-nar-1.14.0.nar-unpacked
	org.apache.nifi.processors.standard.HandleHttpResponse
		org.apache.nifi:nifi-standard-nar:1.14.0 || ./work/nar/extensions/nifi-standard-nar-1.14.0.nar-unpacked
	org.apache.nifi.processors.standard.UpdateRecord
		org.apache.nifi:nifi-standard-nar:1.14.0 || ./work/nar/extensions/nifi-standard-nar-1.14.0.nar-unpacked
	org.apache.nifi.processors.standard.ExecuteProcess
		org.apache.nifi:nifi-standard-nar:1.14.0 || ./work/nar/extensions/nifi-standard-nar-1.14.0.nar-unpacked
	org.apache.nifi.processors.standard.CountText
		org.apache.nifi:nifi-standard-nar:1.14.0 || ./work/nar/extensions/nifi-standard-nar-1.14.0.nar-unpacked
	org.apache.nifi.processors.elasticsearch.JsonQueryElasticsearch
		org.apache.nifi:nifi-elasticsearch-restapi-nar:1.14.0 || ./work/nar/extensions/nifi-elasticsearch-restapi-nar-1.14.0.nar-unpacked
	org.apache.nifi.processors.standard.GetFile
		org.apache.nifi:nifi-standard-nar:1.14.0 || ./work/nar/extensions/nifi-standard-nar-1.14.0.nar-unpacked
	org.apache.nifi.processors.gcp.pubsub.ConsumeGCPubSub
		org.apache.nifi:nifi-gcp-nar:1.14.0 || ./work/nar/extensions/nifi-gcp-nar-1.14.0.nar-unpacked
	org.apache.nifi.processors.elasticsearch.PutElasticsearchHttp
		org.apache.nifi:nifi-elasticsearch-nar:1.14.0 || ./work/nar/extensions/nifi-elasticsearch-nar-1.14.0.nar-unpacked
	org.apache.nifi.processors.standard.PutSFTP
		org.apache.nifi:nifi-standard-nar:1.14.0 || ./work/nar/extensions/nifi-standard-nar-1.14.0.nar-unpacked
	org.apache.nifi.processors.cassandra.PutCassandraQL
		org.apache.nifi:nifi-cassandra-nar:1.14.0 || ./work/nar/extensions/nifi-cassandra-nar-1.14.0.nar-unpacked
	org.apache.nifi.hbase.DeleteHBaseCells
		org.apache.nifi:nifi-hbase-nar:1.14.0 || ./work/nar/extensions/nifi-hbase-nar-1.14.0.nar-unpacked
	org.apache.nifi.processors.standard.ExecuteSQLRecord
		org.apache.nifi:nifi-standard-nar:1.14.0 || ./work/nar/extensions/nifi-standard-nar-1.14.0.nar-unpacked
	org.apache.nifi.processors.standard.CryptographicHashAttribute
		org.apache.nifi:nifi-standard-nar:1.14.0 || ./work/nar/extensions/nifi-standard-nar-1.14.0.nar-unpacked
	org.apache.nifi.cdc.mysql.processors.CaptureChangeMySQL
		org.apache.nifi:nifi-cdc-mysql-nar:1.14.0 || ./work/nar/extensions/nifi-cdc-mysql-nar-1.14.0.nar-unpacked
	org.apache.nifi.processors.email.ExtractEmailHeaders
		org.apache.nifi:nifi-email-nar:1.14.0 || ./work/nar/extensions/nifi-email-nar-1.14.0.nar-unpacked
	org.apache.nifi.processors.pgp.EncryptContentPGP
		org.apache.nifi:nifi-pgp-nar:1.14.0 || ./work/nar/extensions/nifi-pgp-nar-1.14.0.nar-unpacked
	org.apache.nifi.processors.windows.event.log.ConsumeWindowsEventLog
		org.apache.nifi:nifi-windows-event-log-nar:1.14.0 || ./work/nar/extensions/nifi-windows-event-log-nar-1.14.0.nar-unpacked
	org.apache.nifi.processors.kafka.pubsub.ConsumeKafka_2_0
		org.apache.nifi:nifi-kafka-2-0-nar:1.14.0 || ./work/nar/extensions/nifi-kafka-2-0-nar-1.14.0.nar-unpacked
	org.apache.nifi.PutHTMLElement
		org.apache.nifi:nifi-html-nar:1.14.0 || ./work/nar/extensions/nifi-html-nar-1.14.0.nar-unpacked
	org.apache.nifi.hbase.FetchHBaseRow
		org.apache.nifi:nifi-hbase-nar:1.14.0 || ./work/nar/extensions/nifi-hbase-nar-1.14.0.nar-unpacked
	org.apache.nifi.processors.standard.QueryRecord
		org.apache.nifi:nifi-standard-nar:1.14.0 || ./work/nar/extensions/nifi-standard-nar-1.14.0.nar-unpacked
	org.apache.nifi.processors.standard.HandleHttpRequest
		org.apache.nifi:nifi-standard-nar:1.14.0 || ./work/nar/extensions/nifi-standard-nar-1.14.0.nar-unpacked
	org.apache.nifi.processors.standard.LogAttribute
		org.apache.nifi:nifi-standard-nar:1.14.0 || ./work/nar/extensions/nifi-standard-nar-1.14.0.nar-unpacked
	org.apache.nifi.processors.standard.ConvertRecord
		org.apache.nifi:nifi-standard-nar:1.14.0 || ./work/nar/extensions/nifi-standard-nar-1.14.0.nar-unpacked
	org.apache.nifi.processors.standard.LookupRecord
		org.apache.nifi:nifi-standard-nar:1.14.0 || ./work/nar/extensions/nifi-standard-nar-1.14.0.nar-unpacked
	org.apache.nifi.processors.standard.SplitXml
		org.apache.nifi:nifi-standard-nar:1.14.0 || ./work/nar/extensions/nifi-standard-nar-1.14.0.nar-unpacked
	org.apache.nifi.processors.aws.sns.PutSNS
		org.apache.nifi:nifi-aws-nar:1.14.0 || ./work/nar/extensions/nifi-aws-nar-1.14.0.nar-unpacked
	org.apache.nifi.processors.email.ConsumeIMAP
		org.apache.nifi:nifi-email-nar:1.14.0 || ./work/nar/extensions/nifi-email-nar-1.14.0.nar-unpacked
	org.apache.nifi.processors.standard.GetJMSQueue
		org.apache.nifi:nifi-standard-nar:1.14.0 || ./work/nar/extensions/nifi-standard-nar-1.14.0.nar-unpacked
	org.apache.nifi.processors.hadoop.CreateHadoopSequenceFile
		org.apache.nifi:nifi-hadoop-nar:1.14.0 || ./work/nar/extensions/nifi-hadoop-nar-1.14.0.nar-unpacked
	org.apache.nifi.processors.standard.ListenUDPRecord
		org.apache.nifi:nifi-standard-nar:1.14.0 || ./work/nar/extensions/nifi-standard-nar-1.14.0.nar-unpacked
	org.apache.nifi.processors.gcp.pubsub.PublishGCPubSub
		org.apache.nifi:nifi-gcp-nar:1.14.0 || ./work/nar/extensions/nifi-gcp-nar-1.14.0.nar-unpacked
	org.apache.nifi.processors.kafka.pubsub.PublishKafka_2_0
		org.apache.nifi:nifi-kafka-2-0-nar:1.14.0 || ./work/nar/extensions/nifi-kafka-2-0-nar-1.14.0.nar-unpacked
	org.apache.nifi.processors.azure.storage.ListAzureDataLakeStorage
		org.apache.nifi:nifi-azure-nar:1.14.0 || ./work/nar/extensions/nifi-azure-nar-1.14.0.nar-unpacked
	org.apache.nifi.processors.elasticsearch.PutElasticsearch
		org.apache.nifi:nifi-elasticsearch-nar:1.14.0 || ./work/nar/extensions/nifi-elasticsearch-nar-1.14.0.nar-unpacked
	org.apache.nifi.processors.standard.LookupAttribute
		org.apache.nifi:nifi-standard-nar:1.14.0 || ./work/nar/extensions/nifi-standard-nar-1.14.0.nar-unpacked
	org.apache.nifi.processors.standard.AttributesToJSON
		org.apache.nifi:nifi-standard-nar:1.14.0 || ./work/nar/extensions/nifi-standard-nar-1.14.0.nar-unpacked
	org.apache.nifi.processors.hadoop.GetHDFS
		org.apache.nifi:nifi-hadoop-nar:1.14.0 || ./work/nar/extensions/nifi-hadoop-nar-1.14.0.nar-unpacked
	org.apache.nifi.processors.kafka.pubsub.ConsumeKafka_2_6
		org.apache.nifi:nifi-kafka-2-6-nar:1.14.0 || ./work/nar/extensions/nifi-kafka-2-6-nar-1.14.0.nar-unpacked
	org.apache.nifi.processors.standard.ScanAttribute
		org.apache.nifi:nifi-standard-nar:1.14.0 || ./work/nar/extensions/nifi-standard-nar-1.14.0.nar-unpacked
	org.apache.nifi.hbase.PutHBaseRecord
		org.apache.nifi:nifi-hbase-nar:1.14.0 || ./work/nar/extensions/nifi-hbase-nar-1.14.0.nar-unpacked
	org.apache.nifi.processors.aws.lambda.PutLambda
		org.apache.nifi:nifi-aws-nar:1.14.0 || ./work/nar/extensions/nifi-aws-nar-1.14.0.nar-unpacked
	org.apache.nifi.processors.standard.LogMessage
		org.apache.nifi:nifi-standard-nar:1.14.0 || ./work/nar/extensions/nifi-standard-nar-1.14.0.nar-unpacked
	org.apache.nifi.processors.standard.ParseSyslog5424
		org.apache.nifi:nifi-standard-nar:1.14.0 || ./work/nar/extensions/nifi-standard-nar-1.14.0.nar-unpacked
	org.apache.nifi.processors.aws.dynamodb.DeleteDynamoDB
		org.apache.nifi:nifi-aws-nar:1.14.0 || ./work/nar/extensions/nifi-aws-nar-1.14.0.nar-unpacked
	org.apache.nifi.processors.azure.storage.queue.PutAzureQueueStorage
		org.apache.nifi:nifi-azure-nar:1.14.0 || ./work/nar/extensions/nifi-azure-nar-1.14.0.nar-unpacked
	org.apache.nifi.processors.avro.SplitAvro
		org.apache.nifi:nifi-avro-nar:1.14.0 || ./work/nar/extensions/nifi-avro-nar-1.14.0.nar-unpacked
	org.apache.nifi.processors.aws.sqs.GetSQS
		org.apache.nifi:nifi-aws-nar:1.14.0 || ./work/nar/extensions/nifi-aws-nar-1.14.0.nar-unpacked
	org.apache.nifi.processors.mqtt.PublishMQTT
		org.apache.nifi:nifi-mqtt-nar:1.14.0 || ./work/nar/extensions/nifi-mqtt-nar-1.14.0.nar-unpacked
	org.apache.nifi.processors.standard.PutJMS
		org.apache.nifi:nifi-standard-nar:1.14.0 || ./work/nar/extensions/nifi-standard-nar-1.14.0.nar-unpacked
	org.apache.nifi.processors.cassandra.QueryCassandra
		org.apache.nifi:nifi-cassandra-nar:1.14.0 || ./work/nar/extensions/nifi-cassandra-nar-1.14.0.nar-unpacked
	org.apache.nifi.processors.script.InvokeScriptedProcessor
		org.apache.nifi:nifi-scripting-nar:1.14.0 || ./work/nar/extensions/nifi-scripting-nar-1.14.0.nar-unpacked
	org.apache.nifi.processors.aws.s3.DeleteS3Object
		org.apache.nifi:nifi-aws-nar:1.14.0 || ./work/nar/extensions/nifi-aws-nar-1.14.0.nar-unpacked
	org.apache.nifi.processors.standard.GenerateFlowFile
		org.apache.nifi:nifi-standard-nar:1.14.0 || ./work/nar/extensions/nifi-standard-nar-1.14.0.nar-unpacked
	org.apache.nifi.processors.solr.PutSolrContentStream
		org.apache.nifi:nifi-solr-nar:1.14.0 || ./work/nar/extensions/nifi-solr-nar-1.14.0.nar-unpacked
	org.apache.nifi.processors.smb.PutSmbFile
		org.apache.nifi:nifi-smb-nar:1.14.0 || ./work/nar/extensions/nifi-smb-nar-1.14.0.nar-unpacked
	org.apache.nifi.processors.standard.ExecuteSQL
		org.apache.nifi:nifi-standard-nar:1.14.0 || ./work/nar/extensions/nifi-standard-nar-1.14.0.nar-unpacked
	org.apache.nifi.processors.gcp.storage.DeleteGCSObject
		org.apache.nifi:nifi-gcp-nar:1.14.0 || ./work/nar/extensions/nifi-gcp-nar-1.14.0.nar-unpacked
	org.apache.nifi.processors.standard.TailFile
		org.apache.nifi:nifi-standard-nar:1.14.0 || ./work/nar/extensions/nifi-standard-nar-1.14.0.nar-unpacked
	org.apache.nifi.processors.azure.cosmos.document.PutAzureCosmosDBRecord
		org.apache.nifi:nifi-azure-nar:1.14.0 || ./work/nar/extensions/nifi-azure-nar-1.14.0.nar-unpacked
	org.apache.nifi.processors.standard.QueryDatabaseTableRecord
		org.apache.nifi:nifi-standard-nar:1.14.0 || ./work/nar/extensions/nifi-standard-nar-1.14.0.nar-unpacked
	org.apache.nifi.processors.enrich.QueryWhois
		org.apache.nifi:nifi-enrich-nar:1.14.0 || ./work/nar/extensions/nifi-enrich-nar-1.14.0.nar-unpacked
	org.apache.nifi.processors.kudu.PutKudu
		org.apache.nifi:nifi-kudu-nar:1.14.0 || ./work/nar/extensions/nifi-kudu-nar-1.14.0.nar-unpacked
	org.apache.nifi.amqp.processors.PublishAMQP
		org.apache.nifi:nifi-amqp-nar:1.14.0 || ./work/nar/extensions/nifi-amqp-nar-1.14.0.nar-unpacked
	org.apache.nifi.processors.aws.sqs.PutSQS
		org.apache.nifi:nifi-aws-nar:1.14.0 || ./work/nar/extensions/nifi-aws-nar-1.14.0.nar-unpacked
	org.apache.nifi.processors.standard.ValidateCsv
		org.apache.nifi:nifi-standard-nar:1.14.0 || ./work/nar/extensions/nifi-standard-nar-1.14.0.nar-unpacked
	org.apache.nifi.processors.standard.PutFile
		org.apache.nifi:nifi-standard-nar:1.14.0 || ./work/nar/extensions/nifi-standard-nar-1.14.0.nar-unpacked
	org.apache.nifi.processors.hadoop.PutHDFS
		org.apache.nifi:nifi-hadoop-nar:1.14.0 || ./work/nar/extensions/nifi-hadoop-nar-1.14.0.nar-unpacked
	org.apache.nifi.processors.mongodb.gridfs.PutGridFS
		org.apache.nifi:nifi-mongodb-nar:1.14.0 || ./work/nar/extensions/nifi-mongodb-nar-1.14.0.nar-unpacked
	org.apache.nifi.processors.kafka.pubsub.ConsumeKafkaRecord_1_0
		org.apache.nifi:nifi-kafka-1-0-nar:1.14.0 || ./work/nar/extensions/nifi-kafka-1-0-nar-1.14.0.nar-unpacked
	org.apache.nifi.processors.avro.ConvertAvroToJSON
		org.apache.nifi:nifi-avro-nar:1.14.0 || ./work/nar/extensions/nifi-avro-nar-1.14.0.nar-unpacked
	org.apache.nifi.processors.email.ExtractEmailAttachments
		org.apache.nifi:nifi-email-nar:1.14.0 || ./work/nar/extensions/nifi-email-nar-1.14.0.nar-unpacked
	org.apache.nifi.processors.poi.ConvertExcelToCSVProcessor
		org.apache.nifi:nifi-poi-nar:1.14.0 || ./work/nar/extensions/nifi-poi-nar-1.14.0.nar-unpacked
	org.apache.nifi.ModifyHTMLElement
		org.apache.nifi:nifi-html-nar:1.14.0 || ./work/nar/extensions/nifi-html-nar-1.14.0.nar-unpacked
	org.apache.nifi.processors.websocket.ListenWebSocket
		org.apache.nifi:nifi-websocket-processors-nar:1.14.0 || ./work/nar/extensions/nifi-websocket-processors-nar-1.14.0.nar-unpacked
	org.apache.nifi.processors.standard.RouteText
		org.apache.nifi:nifi-standard-nar:1.14.0 || ./work/nar/extensions/nifi-standard-nar-1.14.0.nar-unpacked
	org.apache.nifi.processors.kafka.pubsub.PublishKafkaRecord_2_6
		org.apache.nifi:nifi-kafka-2-6-nar:1.14.0 || ./work/nar/extensions/nifi-kafka-2-6-nar-1.14.0.nar-unpacked
	org.apache.nifi.processors.standard.GenerateTableFetch
		org.apache.nifi:nifi-standard-nar:1.14.0 || ./work/nar/extensions/nifi-standard-nar-1.14.0.nar-unpacked
	org.apache.nifi.jms.processors.PublishJMS
		org.apache.nifi:nifi-jms-processors-nar:1.14.0 || ./work/nar/extensions/nifi-jms-processors-nar-1.14.0.nar-unpacked
	org.apache.nifi.processors.hive.UpdateHiveTable
		org.apache.nifi:nifi-hive-nar:1.14.0 || ./work/nar/extensions/nifi-hive-nar-1.14.0.nar-unpacked
	org.apache.nifi.processors.hadoop.ListHDFS
		org.apache.nifi:nifi-hadoop-nar:1.14.0 || ./work/nar/extensions/nifi-hadoop-nar-1.14.0.nar-unpacked
	org.apache.nifi.processors.standard.ModifyBytes
		org.apache.nifi:nifi-standard-nar:1.14.0 || ./work/nar/extensions/nifi-standard-nar-1.14.0.nar-unpacked
	org.apache.nifi.processors.evtx.ParseEvtx
		org.apache.nifi:nifi-evtx-nar:1.14.0 || ./work/nar/extensions/nifi-evtx-nar-1.14.0.nar-unpacked
	org.apache.nifi.processors.standard.EvaluateXPath
		org.apache.nifi:nifi-standard-nar:1.14.0 || ./work/nar/extensions/nifi-standard-nar-1.14.0.nar-unpacked
	org.apache.nifi.processors.azure.storage.DeleteAzureDataLakeStorage
		org.apache.nifi:nifi-azure-nar:1.14.0 || ./work/nar/extensions/nifi-azure-nar-1.14.0.nar-unpacked
	org.apache.nifi.processors.parquet.ConvertAvroToParquet
		org.apache.nifi:nifi-parquet-nar:1.14.0 || ./work/nar/extensions/nifi-parquet-nar-1.14.0.nar-unpacked
	org.apache.nifi.processors.pgp.DecryptContentPGP
		org.apache.nifi:nifi-pgp-nar:1.14.0 || ./work/nar/extensions/nifi-pgp-nar-1.14.0.nar-unpacked
	org.apache.nifi.processors.kafka.pubsub.PublishKafkaRecord_1_0
		org.apache.nifi:nifi-kafka-1-0-nar:1.14.0 || ./work/nar/extensions/nifi-kafka-1-0-nar-1.14.0.nar-unpacked
	org.apache.nifi.processors.standard.RouteOnContent
		org.apache.nifi:nifi-standard-nar:1.14.0 || ./work/nar/extensions/nifi-standard-nar-1.14.0.nar-unpacked
	org.apache.nifi.processors.standard.HashAttribute
		org.apache.nifi:nifi-standard-nar:1.14.0 || ./work/nar/extensions/nifi-standard-nar-1.14.0.nar-unpacked
	org.apache.nifi.processors.standard.ListenTCP
		org.apache.nifi:nifi-standard-nar:1.14.0 || ./work/nar/extensions/nifi-standard-nar-1.14.0.nar-unpacked
	org.apache.nifi.processors.azure.storage.FetchAzureDataLakeStorage
		org.apache.nifi:nifi-azure-nar:1.14.0 || ./work/nar/extensions/nifi-azure-nar-1.14.0.nar-unpacked
	org.apache.nifi.processors.parquet.PutParquet
		org.apache.nifi:nifi-parquet-nar:1.14.0 || ./work/nar/extensions/nifi-parquet-nar-1.14.0.nar-unpacked
	org.apache.nifi.processors.standard.SegmentContent
		org.apache.nifi:nifi-standard-nar:1.14.0 || ./work/nar/extensions/nifi-standard-nar-1.14.0.nar-unpacked
	org.apache.nifi.processors.kafka.pubsub.PublishKafka_1_0
		org.apache.nifi:nifi-kafka-1-0-nar:1.14.0 || ./work/nar/extensions/nifi-kafka-1-0-nar-1.14.0.nar-unpacked
	org.apache.nifi.processors.yandex.YandexTranslate
		org.apache.nifi:nifi-language-translation-nar:1.14.0 || ./work/nar/extensions/nifi-language-translation-nar-1.14.0.nar-unpacked
	org.apache.nifi.processors.script.ScriptedTransformRecord
		org.apache.nifi:nifi-scripting-nar:1.14.0 || ./work/nar/extensions/nifi-scripting-nar-1.14.0.nar-unpacked
	org.apache.nifi.processors.couchbase.PutCouchbaseKey
		org.apache.nifi:nifi-couchbase-nar:1.14.0 || ./work/nar/extensions/nifi-couchbase-nar-1.14.0.nar-unpacked
	org.apache.nifi.processors.gcp.storage.PutGCSObject
		org.apache.nifi:nifi-gcp-nar:1.14.0 || ./work/nar/extensions/nifi-gcp-nar-1.14.0.nar-unpacked
	org.apache.nifi.processors.gettcp.GetTCP
		org.apache.nifi:nifi-tcp-nar:1.14.0 || ./work/nar/extensions/nifi-tcp-nar-1.14.0.nar-unpacked
	org.apache.nifi.processors.parquet.FetchParquet
		org.apache.nifi:nifi-parquet-nar:1.14.0 || ./work/nar/extensions/nifi-parquet-nar-1.14.0.nar-unpacked
	org.apache.nifi.processors.hadoop.inotify.GetHDFSEvents
		org.apache.nifi:nifi-hadoop-nar:1.14.0 || ./work/nar/extensions/nifi-hadoop-nar-1.14.0.nar-unpacked
	org.apache.nifi.processors.aws.s3.TagS3Object
		org.apache.nifi:nifi-aws-nar:1.14.0 || ./work/nar/extensions/nifi-aws-nar-1.14.0.nar-unpacked
	org.apache.nifi.processors.standard.HashContent
		org.apache.nifi:nifi-standard-nar:1.14.0 || ./work/nar/extensions/nifi-standard-nar-1.14.0.nar-unpacked
	org.apache.nifi.processors.standard.SplitJson
		org.apache.nifi:nifi-standard-nar:1.14.0 || ./work/nar/extensions/nifi-standard-nar-1.14.0.nar-unpacked
	org.apache.nifi.processors.standard.ConvertJSONToSQL
		org.apache.nifi:nifi-standard-nar:1.14.0 || ./work/nar/extensions/nifi-standard-nar-1.14.0.nar-unpacked
	org.apache.nifi.processors.standard.ListenRELP
		org.apache.nifi:nifi-standard-nar:1.14.0 || ./work/nar/extensions/nifi-standard-nar-1.14.0.nar-unpacked
	org.apache.nifi.processors.kafka.pubsub.PublishKafka_2_6
		org.apache.nifi:nifi-kafka-2-6-nar:1.14.0 || ./work/nar/extensions/nifi-kafka-2-6-nar-1.14.0.nar-unpacked
	org.apache.nifi.processors.standard.GetJMSTopic
		org.apache.nifi:nifi-standard-nar:1.14.0 || ./work/nar/extensions/nifi-standard-nar-1.14.0.nar-unpacked
	org.apache.nifi.amqp.processors.ConsumeAMQP
		org.apache.nifi:nifi-amqp-nar:1.14.0 || ./work/nar/extensions/nifi-amqp-nar-1.14.0.nar-unpacked
	org.apache.nifi.processors.standard.PutUDP
		org.apache.nifi:nifi-standard-nar:1.14.0 || ./work/nar/extensions/nifi-standard-nar-1.14.0.nar-unpacked
	org.apache.nifi.hbase.PutHBaseJSON
		org.apache.nifi:nifi-hbase-nar:1.14.0 || ./work/nar/extensions/nifi-hbase-nar-1.14.0.nar-unpacked
	org.apache.nifi.processors.email.ExtractTNEFAttachments
		org.apache.nifi:nifi-email-nar:1.14.0 || ./work/nar/extensions/nifi-email-nar-1.14.0.nar-unpacked
	org.apache.nifi.processors.enrich.QueryDNS
		org.apache.nifi:nifi-enrich-nar:1.14.0 || ./work/nar/extensions/nifi-enrich-nar-1.14.0.nar-unpacked
	org.apache.nifi.processors.standard.ScanContent
		org.apache.nifi:nifi-standard-nar:1.14.0 || ./work/nar/extensions/nifi-standard-nar-1.14.0.nar-unpacked
	org.apache.nifi.processors.elasticsearch.PutElasticsearchRecord
		org.apache.nifi:nifi-elasticsearch-restapi-nar:1.14.0 || ./work/nar/extensions/nifi-elasticsearch-restapi-nar-1.14.0.nar-unpacked
	org.apache.nifi.processors.standard.ListenUDP
		org.apache.nifi:nifi-standard-nar:1.14.0 || ./work/nar/extensions/nifi-standard-nar-1.14.0.nar-unpacked
	org.apache.nifi.processors.mongodb.GetMongo
		org.apache.nifi:nifi-mongodb-nar:1.14.0 || ./work/nar/extensions/nifi-mongodb-nar-1.14.0.nar-unpacked
	org.apache.nifi.processors.standard.CompressContent
		org.apache.nifi:nifi-standard-nar:1.14.0 || ./work/nar/extensions/nifi-standard-nar-1.14.0.nar-unpacked
	org.apache.nifi.processors.standard.ReplaceText
		org.apache.nifi:nifi-standard-nar:1.14.0 || ./work/nar/extensions/nifi-standard-nar-1.14.0.nar-unpacked
	org.apache.nifi.processors.solr.PutSolrRecord
		org.apache.nifi:nifi-solr-nar:1.14.0 || ./work/nar/extensions/nifi-solr-nar-1.14.0.nar-unpacked
	org.apache.nifi.processors.elasticsearch.ScrollElasticsearchHttp
		org.apache.nifi:nifi-elasticsearch-nar:1.14.0 || ./work/nar/extensions/nifi-elasticsearch-nar-1.14.0.nar-unpacked
	org.apache.nifi.processors.standard.ParseSyslog
		org.apache.nifi:nifi-standard-nar:1.14.0 || ./work/nar/extensions/nifi-standard-nar-1.14.0.nar-unpacked
	org.apache.nifi.hbase.GetHBase
		org.apache.nifi:nifi-hbase-nar:1.14.0 || ./work/nar/extensions/nifi-hbase-nar-1.14.0.nar-unpacked
	org.apache.nifi.processors.grpc.InvokeGRPC
		org.apache.nifi:nifi-grpc-nar:1.14.0 || ./work/nar/extensions/nifi-grpc-nar-1.14.0.nar-unpacked
	org.apache.nifi.processors.standard.FetchSFTP
		org.apache.nifi:nifi-standard-nar:1.14.0 || ./work/nar/extensions/nifi-standard-nar-1.14.0.nar-unpacked
	org.apache.nifi.processors.standard.SampleRecord
		org.apache.nifi:nifi-standard-nar:1.14.0 || ./work/nar/extensions/nifi-standard-nar-1.14.0.nar-unpacked
	org.apache.nifi.processors.aws.s3.PutS3Object
		org.apache.nifi:nifi-aws-nar:1.14.0 || ./work/nar/extensions/nifi-aws-nar-1.14.0.nar-unpacked
	org.apache.nifi.processors.standard.DebugFlow
		org.apache.nifi:nifi-standard-nar:1.14.0 || ./work/nar/extensions/nifi-standard-nar-1.14.0.nar-unpacked
	org.apache.nifi.processors.standard.EvaluateXQuery
		org.apache.nifi:nifi-standard-nar:1.14.0 || ./work/nar/extensions/nifi-standard-nar-1.14.0.nar-unpacked
	org.apache.nifi.processors.riemann.PutRiemann
		org.apache.nifi:nifi-riemann-nar:1.14.0 || ./work/nar/extensions/nifi-riemann-nar-1.14.0.nar-unpacked
	org.apache.nifi.processors.splunk.PutSplunk
		org.apache.nifi:nifi-splunk-nar:1.14.0 || ./work/nar/extensions/nifi-splunk-nar-1.14.0.nar-unpacked
	org.apache.nifi.processors.mongodb.GetMongoRecord
		org.apache.nifi:nifi-mongodb-nar:1.14.0 || ./work/nar/extensions/nifi-mongodb-nar-1.14.0.nar-unpacked
	org.apache.nifi.processors.splunk.QuerySplunkIndexingStatus
		org.apache.nifi:nifi-splunk-nar:1.14.0 || ./work/nar/extensions/nifi-splunk-nar-1.14.0.nar-unpacked
	org.apache.nifi.processors.rethinkdb.DeleteRethinkDB
		org.apache.nifi:nifi-rethinkdb-nar:1.14.0 || ./work/nar/extensions/nifi-rethinkdb-nar-1.14.0.nar-unpacked
	org.apache.nifi.processors.azure.storage.queue.GetAzureQueueStorage
		org.apache.nifi:nifi-azure-nar:1.14.0 || ./work/nar/extensions/nifi-azure-nar-1.14.0.nar-unpacked
	org.apache.nifi.processors.standard.ValidateRecord
		org.apache.nifi:nifi-standard-nar:1.14.0 || ./work/nar/extensions/nifi-standard-nar-1.14.0.nar-unpacked
	org.apache.nifi.hbase.ScanHBase
		org.apache.nifi:nifi-hbase-nar:1.14.0 || ./work/nar/extensions/nifi-hbase-nar-1.14.0.nar-unpacked
	org.apache.nifi.processors.standard.ControlRate
		org.apache.nifi:nifi-standard-nar:1.14.0 || ./work/nar/extensions/nifi-standard-nar-1.14.0.nar-unpacked
	org.apache.nifi.processors.azure.eventhub.GetAzureEventHub
		org.apache.nifi:nifi-azure-nar:1.14.0 || ./work/nar/extensions/nifi-azure-nar-1.14.0.nar-unpacked
	org.apache.nifi.processors.elasticsearch.PutElasticsearchHttpRecord
		org.apache.nifi:nifi-elasticsearch-nar:1.14.0 || ./work/nar/extensions/nifi-elasticsearch-nar-1.14.0.nar-unpacked
	org.apache.nifi.processors.mongodb.DeleteMongo
		org.apache.nifi:nifi-mongodb-nar:1.14.0 || ./work/nar/extensions/nifi-mongodb-nar-1.14.0.nar-unpacked
	org.apache.nifi.processors.hl7.RouteHL7
		org.apache.nifi:nifi-hl7-nar:1.14.0 || ./work/nar/extensions/nifi-hl7-nar-1.14.0.nar-unpacked
	org.apache.nifi.processors.standard.ExtractGrok
		org.apache.nifi:nifi-standard-nar:1.14.0 || ./work/nar/extensions/nifi-standard-nar-1.14.0.nar-unpacked
	org.apache.nifi.processors.elasticsearch.DeleteByQueryElasticsearch
		org.apache.nifi:nifi-elasticsearch-restapi-nar:1.14.0 || ./work/nar/extensions/nifi-elasticsearch-restapi-nar-1.14.0.nar-unpacked
	org.apache.nifi.processors.hive.PutHiveQL
		org.apache.nifi:nifi-hive-nar:1.14.0 || ./work/nar/extensions/nifi-hive-nar-1.14.0.nar-unpacked
	org.apache.nifi.processors.splunk.GetSplunk
		org.apache.nifi:nifi-splunk-nar:1.14.0 || ./work/nar/extensions/nifi-splunk-nar-1.14.0.nar-unpacked
	org.apache.nifi.processors.grpc.ListenGRPC
		org.apache.nifi:nifi-grpc-nar:1.14.0 || ./work/nar/extensions/nifi-grpc-nar-1.14.0.nar-unpacked
	org.apache.nifi.GetHTMLElement
		org.apache.nifi:nifi-html-nar:1.14.0 || ./work/nar/extensions/nifi-html-nar-1.14.0.nar-unpacked
	org.apache.nifi.processors.standard.ValidateXml
		org.apache.nifi:nifi-standard-nar:1.14.0 || ./work/nar/extensions/nifi-standard-nar-1.14.0.nar-unpacked
	org.apache.nifi.processors.gcp.bigquery.PutBigQueryBatch
		org.apache.nifi:nifi-gcp-nar:1.14.0 || ./work/nar/extensions/nifi-gcp-nar-1.14.0.nar-unpacked
	org.apache.nifi.processors.elasticsearch.FetchElasticsearch
		org.apache.nifi:nifi-elasticsearch-nar:1.14.0 || ./work/nar/extensions/nifi-elasticsearch-nar-1.14.0.nar-unpacked
	org.apache.nifi.processors.standard.ListFTP
		org.apache.nifi:nifi-standard-nar:1.14.0 || ./work/nar/extensions/nifi-standard-nar-1.14.0.nar-unpacked
	org.apache.nifi.processors.solr.GetSolr
		org.apache.nifi:nifi-solr-nar:1.14.0 || ./work/nar/extensions/nifi-solr-nar-1.14.0.nar-unpacked
	org.apache.nifi.processors.standard.EnforceOrder
		org.apache.nifi:nifi-standard-nar:1.14.0 || ./work/nar/extensions/nifi-standard-nar-1.14.0.nar-unpacked
	org.apache.nifi.processors.standard.TransformXml
		org.apache.nifi:nifi-standard-nar:1.14.0 || ./work/nar/extensions/nifi-standard-nar-1.14.0.nar-unpacked
	org.apache.nifi.processors.standard.ListenFTP
		org.apache.nifi:nifi-standard-nar:1.14.0 || ./work/nar/extensions/nifi-standard-nar-1.14.0.nar-unpacked
	org.apache.nifi.processors.standard.ConvertCharacterSet
		org.apache.nifi:nifi-standard-nar:1.14.0 || ./work/nar/extensions/nifi-standard-nar-1.14.0.nar-unpacked
	org.apache.nifi.processors.avro.ExtractAvroMetadata
		org.apache.nifi:nifi-avro-nar:1.14.0 || ./work/nar/extensions/nifi-avro-nar-1.14.0.nar-unpacked
	org.apache.nifi.processors.standard.MergeRecord
		org.apache.nifi:nifi-standard-nar:1.14.0 || ./work/nar/extensions/nifi-standard-nar-1.14.0.nar-unpacked
	org.apache.nifi.processors.standard.ExtractText
		org.apache.nifi:nifi-standard-nar:1.14.0 || ./work/nar/extensions/nifi-standard-nar-1.14.0.nar-unpacked
	org.apache.nifi.processors.aws.kinesis.stream.PutKinesisStream
		org.apache.nifi:nifi-aws-nar:1.14.0 || ./work/nar/extensions/nifi-aws-nar-1.14.0.nar-unpacked
	org.apache.nifi.processors.smb.GetSmbFile
		org.apache.nifi:nifi-smb-nar:1.14.0 || ./work/nar/extensions/nifi-smb-nar-1.14.0.nar-unpacked
	org.apache.nifi.processors.standard.EncryptContent
		org.apache.nifi:nifi-standard-nar:1.14.0 || ./work/nar/extensions/nifi-standard-nar-1.14.0.nar-unpacked
	org.apache.nifi.processors.standard.PutRecord
		org.apache.nifi:nifi-standard-nar:1.14.0 || ./work/nar/extensions/nifi-standard-nar-1.14.0.nar-unpacked
	org.apache.nifi.processors.hl7.ExtractHL7Attributes
		org.apache.nifi:nifi-hl7-nar:1.14.0 || ./work/nar/extensions/nifi-hl7-nar-1.14.0.nar-unpacked
	org.apache.nifi.processors.azure.storage.PutAzureBlobStorage
		org.apache.nifi:nifi-azure-nar:1.14.0 || ./work/nar/extensions/nifi-azure-nar-1.14.0.nar-unpacked
	org.apache.nifi.processors.hadoop.DeleteHDFS
		org.apache.nifi:nifi-hadoop-nar:1.14.0 || ./work/nar/extensions/nifi-hadoop-nar-1.14.0.nar-unpacked
	org.apache.nifi.processors.hive.SelectHiveQL
		org.apache.nifi:nifi-hive-nar:1.14.0 || ./work/nar/extensions/nifi-hive-nar-1.14.0.nar-unpacked
	org.apache.nifi.processors.aws.sqs.DeleteSQS
		org.apache.nifi:nifi-aws-nar:1.14.0 || ./work/nar/extensions/nifi-aws-nar-1.14.0.nar-unpacked
	org.apache.nifi.processors.mongodb.gridfs.DeleteGridFS
		org.apache.nifi:nifi-mongodb-nar:1.14.0 || ./work/nar/extensions/nifi-mongodb-nar-1.14.0.nar-unpacked
	org.apache.nifi.processors.hive.PutHiveStreaming
		org.apache.nifi:nifi-hive-nar:1.14.0 || ./work/nar/extensions/nifi-hive-nar-1.14.0.nar-unpacked
	org.apache.nifi.processors.cybersecurity.FuzzyHashContent
		org.apache.nifi:nifi-cybersecurity-nar:1.14.0 || ./work/nar/extensions/nifi-cybersecurity-nar-1.14.0.nar-unpacked
	org.apache.nifi.processors.mongodb.RunMongoAggregation
		org.apache.nifi:nifi-mongodb-nar:1.14.0 || ./work/nar/extensions/nifi-mongodb-nar-1.14.0.nar-unpacked
	org.apache.nifi.processors.standard.SplitText
		org.apache.nifi:nifi-standard-nar:1.14.0 || ./work/nar/extensions/nifi-standard-nar-1.14.0.nar-unpacked
	org.apache.nifi.processors.standard.GetFTP
		org.apache.nifi:nifi-standard-nar:1.14.0 || ./work/nar/extensions/nifi-standard-nar-1.14.0.nar-unpacked
	org.apache.nifi.processors.standard.Notify
		org.apache.nifi:nifi-standard-nar:1.14.0 || ./work/nar/extensions/nifi-standard-nar-1.14.0.nar-unpacked
	org.apache.nifi.processors.standard.ListenTCPRecord
		org.apache.nifi:nifi-standard-nar:1.14.0 || ./work/nar/extensions/nifi-standard-nar-1.14.0.nar-unpacked
	org.apache.nifi.processors.standard.JoltTransformJSON
		org.apache.nifi:nifi-standard-nar:1.14.0 || ./work/nar/extensions/nifi-standard-nar-1.14.0.nar-unpacked
	org.apache.nifi.processors.standard.PutEmail
		org.apache.nifi:nifi-standard-nar:1.14.0 || ./work/nar/extensions/nifi-standard-nar-1.14.0.nar-unpacked
	org.apache.nifi.processors.standard.MergeContent
		org.apache.nifi:nifi-standard-nar:1.14.0 || ./work/nar/extensions/nifi-standard-nar-1.14.0.nar-unpacked
	org.apache.nifi.processors.standard.ListFile
		org.apache.nifi:nifi-standard-nar:1.14.0 || ./work/nar/extensions/nifi-standard-nar-1.14.0.nar-unpacked
	org.apache.nifi.processors.standard.ListSFTP
		org.apache.nifi:nifi-standard-nar:1.14.0 || ./work/nar/extensions/nifi-standard-nar-1.14.0.nar-unpacked
	org.apache.nifi.processors.kafka.pubsub.PublishKafkaRecord_2_0
		org.apache.nifi:nifi-kafka-2-0-nar:1.14.0 || ./work/nar/extensions/nifi-kafka-2-0-nar-1.14.0.nar-unpacked
	org.apache.nifi.processors.elasticsearch.FetchElasticsearchHttp
		org.apache.nifi:nifi-elasticsearch-nar:1.14.0 || ./work/nar/extensions/nifi-elasticsearch-nar-1.14.0.nar-unpacked
	org.apache.nifi.processors.aws.cloudwatch.PutCloudWatchMetric
		org.apache.nifi:nifi-aws-nar:1.14.0 || ./work/nar/extensions/nifi-aws-nar-1.14.0.nar-unpacked
	org.apache.nifi.processors.standard.ExecuteStreamCommand
		org.apache.nifi:nifi-standard-nar:1.14.0 || ./work/nar/extensions/nifi-standard-nar-1.14.0.nar-unpacked
	org.apache.nifi.processors.azure.storage.PutAzureDataLakeStorage
		org.apache.nifi:nifi-azure-nar:1.14.0 || ./work/nar/extensions/nifi-azure-nar-1.14.0.nar-unpacked
	org.apache.nifi.processors.standard.FlattenJson
		org.apache.nifi:nifi-standard-nar:1.14.0 || ./work/nar/extensions/nifi-standard-nar-1.14.0.nar-unpacked
	org.apache.nifi.processors.standard.SplitRecord
		org.apache.nifi:nifi-standard-nar:1.14.0 || ./work/nar/extensions/nifi-standard-nar-1.14.0.nar-unpacked
	org.apache.nifi.processors.aws.dynamodb.PutDynamoDB
		org.apache.nifi:nifi-aws-nar:1.14.0 || ./work/nar/extensions/nifi-aws-nar-1.14.0.nar-unpacked
	org.apache.nifi.spring.SpringContextProcessor
		org.apache.nifi:nifi-spring-nar:1.14.0 || ./work/nar/extensions/nifi-spring-nar-1.14.0.nar-unpacked
	org.apache.nifi.processors.standard.ListenSyslog
		org.apache.nifi:nifi-standard-nar:1.14.0 || ./work/nar/extensions/nifi-standard-nar-1.14.0.nar-unpacked
	org.apache.nifi.processors.standard.InvokeHTTP
		org.apache.nifi:nifi-standard-nar:1.14.0 || ./work/nar/extensions/nifi-standard-nar-1.14.0.nar-unpacked
	org.apache.nifi.processors.websocket.PutWebSocket
		org.apache.nifi:nifi-websocket-processors-nar:1.14.0 || ./work/nar/extensions/nifi-websocket-processors-nar-1.14.0.nar-unpacked
	org.apache.nifi.processors.standard.CalculateRecordStats
		org.apache.nifi:nifi-standard-nar:1.14.0 || ./work/nar/extensions/nifi-standard-nar-1.14.0.nar-unpacked
	org.apache.nifi.processors.standard.PutDistributedMapCache
		org.apache.nifi:nifi-standard-nar:1.14.0 || ./work/nar/extensions/nifi-standard-nar-1.14.0.nar-unpacked
	org.apache.nifi.processors.websocket.ConnectWebSocket
		org.apache.nifi:nifi-websocket-processors-nar:1.14.0 || ./work/nar/extensions/nifi-websocket-processors-nar-1.14.0.nar-unpacked
	org.apache.nifi.jms.processors.ConsumeJMS
		org.apache.nifi:nifi-jms-processors-nar:1.14.0 || ./work/nar/extensions/nifi-jms-processors-nar-1.14.0.nar-unpacked
	org.apache.nifi.processors.ccda.ExtractCCDAAttributes
		org.apache.nifi:nifi-ccda-nar:1.14.0 || ./work/nar/extensions/nifi-ccda-nar-1.14.0.nar-unpacked
	org.apache.nifi.processors.aws.dynamodb.GetDynamoDB
		org.apache.nifi:nifi-aws-nar:1.14.0 || ./work/nar/extensions/nifi-aws-nar-1.14.0.nar-unpacked
	org.apache.nifi.processors.standard.RouteOnAttribute
		org.apache.nifi:nifi-standard-nar:1.14.0 || ./work/nar/extensions/nifi-standard-nar-1.14.0.nar-unpacked
	org.apache.nifi.processors.aws.s3.ListS3
		org.apache.nifi:nifi-aws-nar:1.14.0 || ./work/nar/extensions/nifi-aws-nar-1.14.0.nar-unpacked
	org.apache.nifi.processors.hadoop.GetHDFSSequenceFile
		org.apache.nifi:nifi-hadoop-nar:1.14.0 || ./work/nar/extensions/nifi-hadoop-nar-1.14.0.nar-unpacked
	org.apache.nifi.processors.standard.SplitContent
		org.apache.nifi:nifi-standard-nar:1.14.0 || ./work/nar/extensions/nifi-standard-nar-1.14.0.nar-unpacked
	org.apache.nifi.processors.gcp.storage.ListGCSBucket
		org.apache.nifi:nifi-gcp-nar:1.14.0 || ./work/nar/extensions/nifi-gcp-nar-1.14.0.nar-unpacked
	org.apache.nifi.processors.azure.eventhub.ConsumeAzureEventHub
		org.apache.nifi:nifi-azure-nar:1.14.0 || ./work/nar/extensions/nifi-azure-nar-1.14.0.nar-unpacked
	org.apache.nifi.processors.rethinkdb.PutRethinkDB
		org.apache.nifi:nifi-rethinkdb-nar:1.14.0 || ./work/nar/extensions/nifi-rethinkdb-nar-1.14.0.nar-unpacked
	org.apache.nifi.processors.azure.storage.FetchAzureBlobStorage
		org.apache.nifi:nifi-azure-nar:1.14.0 || ./work/nar/extensions/nifi-azure-nar-1.14.0.nar-unpacked
	org.apache.nifi.processors.gcp.storage.FetchGCSObject
		org.apache.nifi:nifi-gcp-nar:1.14.0 || ./work/nar/extensions/nifi-gcp-nar-1.14.0.nar-unpacked
	org.apache.nifi.processors.standard.DistributeLoad
		org.apache.nifi:nifi-standard-nar:1.14.0 || ./work/nar/extensions/nifi-standard-nar-1.14.0.nar-unpacked
	org.apache.nifi.processors.aws.s3.FetchS3Object
		org.apache.nifi:nifi-aws-nar:1.14.0 || ./work/nar/extensions/nifi-aws-nar-1.14.0.nar-unpacked
	org.apache.nifi.processors.GeoEnrichIP
		org.apache.nifi:nifi-enrich-nar:1.14.0 || ./work/nar/extensions/nifi-enrich-nar-1.14.0.nar-unpacked
	org.apache.nifi.processors.hadoop.MoveHDFS
		org.apache.nifi:nifi-hadoop-nar:1.14.0 || ./work/nar/extensions/nifi-hadoop-nar-1.14.0.nar-unpacked
	org.apache.nifi.processors.aws.wag.InvokeAWSGatewayApi
		org.apache.nifi:nifi-aws-nar:1.14.0 || ./work/nar/extensions/nifi-aws-nar-1.14.0.nar-unpacked
	org.apache.nifi.processors.jolt.record.JoltTransformRecord
		org.apache.nifi:nifi-jolt-record-nar:1.14.0 || ./work/nar/extensions/nifi-jolt-record-nar-1.14.0.nar-unpacked
	org.apache.nifi.processors.standard.PutDatabaseRecord
		org.apache.nifi:nifi-standard-nar:1.14.0 || ./work/nar/extensions/nifi-standard-nar-1.14.0.nar-unpacked
	org.apache.nifi.processors.slack.PostSlack
		org.apache.nifi:nifi-slack-nar:1.14.0 || ./work/nar/extensions/nifi-slack-nar-1.14.0.nar-unpacked
	org.apache.nifi.processors.network.ParseNetflowv5
		org.apache.nifi:nifi-network-processors-nar:1.14.0 || ./work/nar/extensions/nifi-network-processors-nar-1.14.0.nar-unpacked
	org.apache.nifi.processors.kafka.pubsub.ConsumeKafkaRecord_2_0
		org.apache.nifi:nifi-kafka-2-0-nar:1.14.0 || ./work/nar/extensions/nifi-kafka-2-0-nar-1.14.0.nar-unpacked
	org.apache.nifi.processors.script.ExecuteScript
		org.apache.nifi:nifi-scripting-nar:1.14.0 || ./work/nar/extensions/nifi-scripting-nar-1.14.0.nar-unpacked
	org.apache.nifi.processors.elasticsearch.QueryElasticsearchHttp
		org.apache.nifi:nifi-elasticsearch-nar:1.14.0 || ./work/nar/extensions/nifi-elasticsearch-nar-1.14.0.nar-unpacked
	org.apache.nifi.processors.gcp.bigquery.PutBigQueryStreaming
		org.apache.nifi:nifi-gcp-nar:1.14.0 || ./work/nar/extensions/nifi-gcp-nar-1.14.0.nar-unpacked
	org.apache.nifi.processors.standard.PartitionRecord
		org.apache.nifi:nifi-standard-nar:1.14.0 || ./work/nar/extensions/nifi-standard-nar-1.14.0.nar-unpacked
	org.apache.nifi.processors.influxdb.PutInfluxDB
		org.apache.nifi:nifi-influxdb-nar:1.14.0 || ./work/nar/extensions/nifi-influxdb-nar-1.14.0.nar-unpacked
	org.apache.nifi.processors.hadoop.FetchHDFS
		org.apache.nifi:nifi-hadoop-nar:1.14.0 || ./work/nar/extensions/nifi-hadoop-nar-1.14.0.nar-unpacked
	org.apache.nifi.processors.influxdb.ExecuteInfluxDBQuery
		org.apache.nifi:nifi-influxdb-nar:1.14.0 || ./work/nar/extensions/nifi-influxdb-nar-1.14.0.nar-unpacked
	org.apache.nifi.processors.groovyx.ExecuteGroovyScript
		org.apache.nifi:nifi-groovyx-nar:1.14.0 || ./work/nar/extensions/nifi-groovyx-nar-1.14.0.nar-unpacked
	org.apache.nifi.processors.twitter.GetTwitter
		org.apache.nifi:nifi-social-media-nar:1.14.0 || ./work/nar/extensions/nifi-social-media-nar-1.14.0.nar-unpacked
	org.apache.nifi.processors.standard.FetchFile
		org.apache.nifi:nifi-standard-nar:1.14.0 || ./work/nar/extensions/nifi-standard-nar-1.14.0.nar-unpacked
	org.apache.nifi.processors.splunk.PutSplunkHTTP
		org.apache.nifi:nifi-splunk-nar:1.14.0 || ./work/nar/extensions/nifi-splunk-nar-1.14.0.nar-unpacked
	org.apache.nifi.processors.standard.GetSFTP
		org.apache.nifi:nifi-standard-nar:1.14.0 || ./work/nar/extensions/nifi-standard-nar-1.14.0.nar-unpacked
	org.apache.nifi.processors.couchbase.GetCouchbaseKey
		org.apache.nifi:nifi-couchbase-nar:1.14.0 || ./work/nar/extensions/nifi-couchbase-nar-1.14.0.nar-unpacked
	org.apache.nifi.processors.standard.DuplicateFlowFile
		org.apache.nifi:nifi-standard-nar:1.14.0 || ./work/nar/extensions/nifi-standard-nar-1.14.0.nar-unpacked
	org.apache.nifi.processors.rethinkdb.GetRethinkDB
		org.apache.nifi:nifi-rethinkdb-nar:1.14.0 || ./work/nar/extensions/nifi-rethinkdb-nar-1.14.0.nar-unpacked
	org.apache.nifi.processors.cybersecurity.CompareFuzzyHash
		org.apache.nifi:nifi-cybersecurity-nar:1.14.0 || ./work/nar/extensions/nifi-cybersecurity-nar-1.14.0.nar-unpacked
	org.apache.nifi.processors.standard.QueryDatabaseTable
		org.apache.nifi:nifi-standard-nar:1.14.0 || ./work/nar/extensions/nifi-standard-nar-1.14.0.nar-unpacked
	org.apache.nifi.processors.standard.PutSQL
		org.apache.nifi:nifi-standard-nar:1.14.0 || ./work/nar/extensions/nifi-standard-nar-1.14.0.nar-unpacked
	org.apache.nifi.processors.standard.ForkRecord
		org.apache.nifi:nifi-standard-nar:1.14.0 || ./work/nar/extensions/nifi-standard-nar-1.14.0.nar-unpacked
	org.apache.nifi.processors.email.ConsumePOP3
		org.apache.nifi:nifi-email-nar:1.14.0 || ./work/nar/extensions/nifi-email-nar-1.14.0.nar-unpacked
	org.apache.nifi.processors.attributes.UpdateAttribute
		org.apache.nifi:nifi-update-attribute-nar:1.14.0 || ./work/nar/extensions/nifi-update-attribute-nar-1.14.0.nar-unpacked
	org.apache.nifi.processors.stateful.analysis.AttributeRollingWindow
		org.apache.nifi:nifi-stateful-analysis-nar:1.14.0 || ./work/nar/extensions/nifi-stateful-analysis-nar-1.14.0.nar-unpacked
	org.apache.nifi.processors.hive.ConvertAvroToORC
		org.apache.nifi:nifi-hive-nar:1.14.0 || ./work/nar/extensions/nifi-hive-nar-1.14.0.nar-unpacked
	org.apache.nifi.hbase.PutHBaseCell
		org.apache.nifi:nifi-hbase-nar:1.14.0 || ./work/nar/extensions/nifi-hbase-nar-1.14.0.nar-unpacked
	org.apache.nifi.processors.standard.Wait
		org.apache.nifi:nifi-standard-nar:1.14.0 || ./work/nar/extensions/nifi-standard-nar-1.14.0.nar-unpacked
	org.apache.nifi.snmp.processors.GetSNMP
		org.apache.nifi:nifi-snmp-nar:1.14.0 || ./work/nar/extensions/nifi-snmp-nar-1.14.0.nar-unpacked
	org.apache.nifi.processors.standard.PutSyslog
		org.apache.nifi:nifi-standard-nar:1.14.0 || ./work/nar/extensions/nifi-standard-nar-1.14.0.nar-unpacked
	org.apache.nifi.processors.standard.Base64EncodeContent
		org.apache.nifi:nifi-standard-nar:1.14.0 || ./work/nar/extensions/nifi-standard-nar-1.14.0.nar-unpacked
	org.apache.nifi.processors.standard.DetectDuplicate
		org.apache.nifi:nifi-standard-nar:1.14.0 || ./work/nar/extensions/nifi-standard-nar-1.14.0.nar-unpacked
	org.apache.nifi.processors.slack.PutSlack
		org.apache.nifi:nifi-slack-nar:1.14.0 || ./work/nar/extensions/nifi-slack-nar-1.14.0.nar-unpacked
	org.apache.nifi.processors.solr.QuerySolr
		org.apache.nifi:nifi-solr-nar:1.14.0 || ./work/nar/extensions/nifi-solr-nar-1.14.0.nar-unpacked
	org.apache.nifi.processors.mongodb.gridfs.FetchGridFS
		org.apache.nifi:nifi-mongodb-nar:1.14.0 || ./work/nar/extensions/nifi-mongodb-nar-1.14.0.nar-unpacked
	org.apache.nifi.processors.GeoEnrichIPRecord
		org.apache.nifi:nifi-enrich-nar:1.14.0 || ./work/nar/extensions/nifi-enrich-nar-1.14.0.nar-unpacked
	org.apache.nifi.processors.standard.CryptographicHashContent
		org.apache.nifi:nifi-standard-nar:1.14.0 || ./work/nar/extensions/nifi-standard-nar-1.14.0.nar-unpacked
	org.apache.nifi.processors.standard.FetchDistributedMapCache
		org.apache.nifi:nifi-standard-nar:1.14.0 || ./work/nar/extensions/nifi-standard-nar-1.14.0.nar-unpacked
	org.apache.nifi.processors.ISPEnrichIP
		org.apache.nifi:nifi-enrich-nar:1.14.0 || ./work/nar/extensions/nifi-enrich-nar-1.14.0.nar-unpacked
	org.apache.nifi.processors.standard.FetchFTP
		org.apache.nifi:nifi-standard-nar:1.14.0 || ./work/nar/extensions/nifi-standard-nar-1.14.0.nar-unpacked
	org.apache.nifi.processors.standard.ListDatabaseTables
		org.apache.nifi:nifi-standard-nar:1.14.0 || ./work/nar/extensions/nifi-standard-nar-1.14.0.nar-unpacked
	org.apache.nifi.processors.cassandra.PutCassandraRecord
		org.apache.nifi:nifi-cassandra-nar:1.14.0 || ./work/nar/extensions/nifi-cassandra-nar-1.14.0.nar-unpacked
	org.apache.nifi.hbase.DeleteHBaseRow
		org.apache.nifi:nifi-hbase-nar:1.14.0 || ./work/nar/extensions/nifi-hbase-nar-1.14.0.nar-unpacked
	org.apache.nifi.processors.standard.PostHTTP
		org.apache.nifi:nifi-standard-nar:1.14.0 || ./work/nar/extensions/nifi-standard-nar-1.14.0.nar-unpacked
	org.apache.nifi.processors.azure.storage.ListAzureBlobStorage
		org.apache.nifi:nifi-azure-nar:1.14.0 || ./work/nar/extensions/nifi-azure-nar-1.14.0.nar-unpacked
	org.apache.nifi.processors.azure.eventhub.PutAzureEventHub
		org.apache.nifi:nifi-azure-nar:1.14.0 || ./work/nar/extensions/nifi-azure-nar-1.14.0.nar-unpacked
	org.apache.nifi.processors.standard.GetHTTP
		org.apache.nifi:nifi-standard-nar:1.14.0 || ./work/nar/extensions/nifi-standard-nar-1.14.0.nar-unpacked
	org.apache.nifi.processors.standard.UpdateCounter
		org.apache.nifi:nifi-standard-nar:1.14.0 || ./work/nar/extensions/nifi-standard-nar-1.14.0.nar-unpacked
	org.apache.nifi.processors.azure.storage.DeleteAzureBlobStorage
		org.apache.nifi:nifi-azure-nar:1.14.0 || ./work/nar/extensions/nifi-azure-nar-1.14.0.nar-unpacked
	org.apache.nifi.processors.standard.EvaluateJsonPath
		org.apache.nifi:nifi-standard-nar:1.14.0 || ./work/nar/extensions/nifi-standard-nar-1.14.0.nar-unpacked
	org.apache.nifi.processors.standard.UnpackContent
		org.apache.nifi:nifi-standard-nar:1.14.0 || ./work/nar/extensions/nifi-standard-nar-1.14.0.nar-unpacked
	org.apache.nifi.processors.mongodb.PutMongo
		org.apache.nifi:nifi-mongodb-nar:1.14.0 || ./work/nar/extensions/nifi-mongodb-nar-1.14.0.nar-unpacked
	org.apache.nifi.processors.standard.IdentifyMimeType
		org.apache.nifi:nifi-standard-nar:1.14.0 || ./work/nar/extensions/nifi-standard-nar-1.14.0.nar-unpacked
	org.apache.nifi.processors.standard.ListenHTTP
		org.apache.nifi:nifi-standard-nar:1.14.0 || ./work/nar/extensions/nifi-standard-nar-1.14.0.nar-unpacked
	org.apache.nifi.processors.standard.ReplaceTextWithMapping
		org.apache.nifi:nifi-standard-nar:1.14.0 || ./work/nar/extensions/nifi-standard-nar-1.14.0.nar-unpacked
	org.apache.nifi.processors.hadoop.GetHDFSFileInfo
		org.apache.nifi:nifi-hadoop-nar:1.14.0 || ./work/nar/extensions/nifi-hadoop-nar-1.14.0.nar-unpacked
	=== End Processor types ===
	=== Authorizer Type ===
	org.apache.nifi.authorization.FileAuthorizer
		org.apache.nifi:nifi-framework-nar:1.14.0 || ./work/nar/framework/nifi-framework-nar-1.14.0.nar-unpacked
	org.apache.nifi.authorization.single.user.SingleUserAuthorizer
		org.apache.nifi:nifi-single-user-iaa-providers-nar:1.14.0 || ./work/nar/extensions/nifi-single-user-iaa-providers-nar-1.14.0.nar-unpacked
	org.apache.nifi.authorization.StandardManagedAuthorizer
		org.apache.nifi:nifi-framework-nar:1.14.0 || ./work/nar/framework/nifi-framework-nar-1.14.0.nar-unpacked
	=== End Authorizer types ===
	=== ContentRepository Type ===
	org.apache.nifi.controller.repository.crypto.EncryptedFileSystemRepository
		org.apache.nifi:nifi-framework-nar:1.14.0 || ./work/nar/framework/nifi-framework-nar-1.14.0.nar-unpacked
	org.apache.nifi.controller.repository.FileSystemRepository
		org.apache.nifi:nifi-framework-nar:1.14.0 || ./work/nar/framework/nifi-framework-nar-1.14.0.nar-unpacked
	org.apache.nifi.controller.repository.VolatileContentRepository
		org.apache.nifi:nifi-framework-nar:1.14.0 || ./work/nar/framework/nifi-framework-nar-1.14.0.nar-unpacked
	=== End ContentRepository types ===
	=== FlowFileRepository Type ===
	org.apache.nifi.controller.repository.RocksDBFlowFileRepository
		org.apache.nifi:nifi-framework-nar:1.14.0 || ./work/nar/framework/nifi-framework-nar-1.14.0.nar-unpacked
	org.apache.nifi.controller.repository.WriteAheadFlowFileRepository
		org.apache.nifi:nifi-framework-nar:1.14.0 || ./work/nar/framework/nifi-framework-nar-1.14.0.nar-unpacked
	org.apache.nifi.controller.repository.VolatileFlowFileRepository
		org.apache.nifi:nifi-framework-nar:1.14.0 || ./work/nar/framework/nifi-framework-nar-1.14.0.nar-unpacked
	=== End FlowFileRepository types ===
	=== StateProvider Type ===
	org.apache.nifi.redis.state.RedisStateProvider
		org.apache.nifi:nifi-redis-nar:1.14.0 || ./work/nar/extensions/nifi-redis-nar-1.14.0.nar-unpacked
	org.apache.nifi.controller.state.providers.local.WriteAheadLocalStateProvider
		org.apache.nifi:nifi-framework-nar:1.14.0 || ./work/nar/framework/nifi-framework-nar-1.14.0.nar-unpacked
	org.apache.nifi.controller.state.providers.zookeeper.ZooKeeperStateProvider
		org.apache.nifi:nifi-framework-nar:1.14.0 || ./work/nar/framework/nifi-framework-nar-1.14.0.nar-unpacked
	=== End StateProvider types ===
	=== AccessPolicyProvider Type ===
	org.apache.nifi.authorization.FileAccessPolicyProvider
		org.apache.nifi:nifi-framework-nar:1.14.0 || ./work/nar/framework/nifi-framework-nar-1.14.0.nar-unpacked
	=== End AccessPolicyProvider types ===
	=== ProvenanceRepository Type ===
	org.apache.nifi.provenance.WriteAheadProvenanceRepository
		org.apache.nifi:nifi-provenance-repository-nar:1.14.0 || ./work/nar/extensions/nifi-provenance-repository-nar-1.14.0.nar-unpacked
	org.apache.nifi.provenance.PersistentProvenanceRepository
		org.apache.nifi:nifi-provenance-repository-nar:1.14.0 || ./work/nar/extensions/nifi-provenance-repository-nar-1.14.0.nar-unpacked
	org.apache.nifi.provenance.VolatileProvenanceRepository
		org.apache.nifi:nifi-provenance-repository-nar:1.14.0 || ./work/nar/extensions/nifi-provenance-repository-nar-1.14.0.nar-unpacked
	org.apache.nifi.provenance.EncryptedWriteAheadProvenanceRepository
		org.apache.nifi:nifi-provenance-repository-nar:1.14.0 || ./work/nar/extensions/nifi-provenance-repository-nar-1.14.0.nar-unpacked
	=== End ProvenanceRepository types ===
	=== LoginIdentityProvider Type ===
	org.apache.nifi.kerberos.KerberosProvider
		org.apache.nifi:nifi-kerberos-iaa-providers-nar:1.14.0 || ./work/nar/extensions/nifi-kerberos-iaa-providers-nar-1.14.0.nar-unpacked
	org.apache.nifi.authentication.single.user.SingleUserLoginIdentityProvider
		org.apache.nifi:nifi-single-user-iaa-providers-nar:1.14.0 || ./work/nar/extensions/nifi-single-user-iaa-providers-nar-1.14.0.nar-unpacked
	org.apache.nifi.ldap.LdapProvider
		org.apache.nifi:nifi-ldap-iaa-providers-nar:1.14.0 || ./work/nar/extensions/nifi-ldap-iaa-providers-nar-1.14.0.nar-unpacked
	=== End LoginIdentityProvider types ===
	=== StatusAnalyticsModel Type ===
	org.apache.nifi.controller.status.analytics.models.OrdinaryLeastSquares
		org.apache.nifi:nifi-framework-nar:1.14.0 || ./work/nar/framework/nifi-framework-nar-1.14.0.nar-unpacked
	org.apache.nifi.controller.status.analytics.models.SimpleRegression
		org.apache.nifi:nifi-framework-nar:1.14.0 || ./work/nar/framework/nifi-framework-nar-1.14.0.nar-unpacked
	=== End StatusAnalyticsModel types ===
	=== NarProvider Type ===
	org.apache.nifi.nar.hadoop.HDFSNarProvider
		org.apache.nifi:nifi-hadoop-nar:1.14.0 || ./work/nar/extensions/nifi-hadoop-nar-1.14.0.nar-unpacked
	=== End NarProvider types ===
2024-10-21 07:40:33,659 WARN [main] o.a.n.d.html.HtmlDocumentationWriter Could not link to org.apache.nifi.ssl.SSLContextService because no bundles were found for HandleHttpResponse
2024-10-21 07:40:35,362 WARN [main] o.a.n.d.html.HtmlDocumentationWriter Could not link to org.apache.nifi.ssl.RestrictedSSLContextService because no bundles were found for ListenFTP
2024-10-21 07:40:35,362 WARN [main] o.a.n.d.html.HtmlDocumentationWriter Could not link to org.apache.nifi.ssl.SSLContextService because no bundles were found for ListenFTP
2024-10-21 07:40:36,293 INFO [main] org.eclipse.jetty.server.Server jetty-9.4.42.v20210604; built: 2021-06-04T17:33:38.939Z; git: 5cd5e6d2375eeab146813b0de9f19eda6ab6e6cb; jvm 1.8.0_292-b10
2024-10-21 07:40:36,680 INFO [main] o.e.j.a.AnnotationConfiguration Scanning elapsed time=176ms
2024-10-21 07:40:36,750 INFO [main] org.eclipse.jetty.server.session DefaultSessionIdManager workerName=node0
2024-10-21 07:40:36,750 INFO [main] org.eclipse.jetty.server.session No SessionScavenger set, using defaults
2024-10-21 07:40:36,752 INFO [main] org.eclipse.jetty.server.session node0 Scavenging every 600000ms
2024-10-21 07:40:36,791 INFO [main] o.e.jetty.server.handler.ContextHandler Started o.e.j.w.WebAppContext@1b7554d4{/nifi-update-attribute-ui-1.14.0,/nifi-update-attribute-ui-1.14.0,file:///opt/nifi/nifi-current/work/jetty/nifi-update-attribute-ui-1.14.0.war/webapp/,AVAILABLE}{./work/nar/extensions/nifi-update-attribute-nar-1.14.0.nar-unpacked/NAR-INF/bundled-dependencies/nifi-update-attribute-ui-1.14.0.war}
2024-10-21 07:40:36,936 INFO [main] o.e.j.a.AnnotationConfiguration Scanning elapsed time=73ms
2024-10-21 07:40:36,964 INFO [main] o.e.jetty.server.handler.ContextHandler Started o.e.j.w.WebAppContext@57ce2898{nifi-standard-content-viewer,/nifi-standard-content-viewer-1.14.0,file:///opt/nifi/nifi-current/work/jetty/nifi-standard-content-viewer-1.14.0.war/webapp/,AVAILABLE}{./work/nar/extensions/nifi-standard-nar-1.14.0.nar-unpacked/NAR-INF/bundled-dependencies/nifi-standard-content-viewer-1.14.0.war}
2024-10-21 07:40:37,250 INFO [main] o.e.j.a.AnnotationConfiguration Scanning elapsed time=151ms
2024-10-21 07:40:37,278 INFO [main] o.e.jetty.server.handler.ContextHandler Started o.e.j.w.WebAppContext@1ea930eb{/nifi-jolt-transform-json-ui-1.14.0,/nifi-jolt-transform-json-ui-1.14.0,file:///opt/nifi/nifi-current/work/jetty/nifi-jolt-transform-json-ui-1.14.0.war/webapp/,AVAILABLE}{./work/nar/extensions/nifi-standard-nar-1.14.0.nar-unpacked/NAR-INF/bundled-dependencies/nifi-jolt-transform-json-ui-1.14.0.war}
2024-10-21 07:40:37,443 INFO [main] o.e.j.a.AnnotationConfiguration Scanning elapsed time=57ms
2024-10-21 07:40:37,449 INFO [main] o.e.j.s.handler.ContextHandler._nifi No Spring WebApplicationInitializer types detected on classpath
2024-10-21 07:40:37,472 INFO [main] o.e.jetty.server.handler.ContextHandler Started o.e.j.w.WebAppContext@2e0ad709{nifi,/nifi,file:///opt/nifi/nifi-current/work/jetty/nifi-web-ui-1.14.0.war/webapp/,AVAILABLE}{./work/nar/extensions/nifi-server-nar-1.14.0.nar-unpacked/NAR-INF/bundled-dependencies/nifi-web-ui-1.14.0.war}
2024-10-21 07:40:37,635 INFO [main] o.e.j.a.AnnotationConfiguration Scanning elapsed time=82ms
2024-10-21 07:40:37,636 INFO [main] o.e.j.s.handler.ContextHandler._nifi_api No Spring WebApplicationInitializer types detected on classpath
2024-10-21 07:40:37,673 INFO [main] o.e.j.s.handler.ContextHandler._nifi_api Initializing Spring root WebApplicationContext
2024-10-21 07:40:38,925 INFO [main] o.a.n.p.AbstractBootstrapPropertiesLoader Determined default application properties path to be '/opt/nifi/nifi-current/./conf/nifi.properties'
2024-10-21 07:40:38,926 INFO [main] o.a.nifi.properties.NiFiPropertiesLoader Loaded 202 properties from /opt/nifi/nifi-current/./conf/nifi.properties
2024-10-21 07:40:40,685 INFO [main] org.wali.MinimalLockingWriteAheadLog org.wali.MinimalLockingWriteAheadLog@5de25642 finished recovering records. Performing Checkpoint to ensure proper state of Partitions before updates
2024-10-21 07:40:40,686 INFO [main] org.wali.MinimalLockingWriteAheadLog Successfully recovered 3 records in 3 milliseconds
2024-10-21 07:40:40,690 INFO [main] org.wali.MinimalLockingWriteAheadLog org.wali.MinimalLockingWriteAheadLog@5de25642 checkpointed with 3 Records and 0 Swap Files in 4 milliseconds (Stop-the-world time = 1 milliseconds, Clear Edit Logs time = 1 millis), max Transaction ID 13
2024-10-21 07:40:40,877 INFO [main] o.a.n.c.c.node.NodeClusterCoordinator Resetting cluster node statuses from {} to {mynifi:8080=NodeConnectionStatus[nodeId=mynifi:8080, state=DISCONNECTED, Disconnect Code=Has Not Yet Connected to Cluster, Disconnect Reason=Has Not Yet Connected to Cluster, updateId=0]}
2024-10-21 07:40:40,897 INFO [main] o.a.n.r.v.FileBasedVariableRegistry Loaded 92 properties from system properties and environment variables
2024-10-21 07:40:40,897 INFO [main] o.a.n.r.v.FileBasedVariableRegistry Loaded a total of 92 properties.  Including precedence overrides effective accessible registry key size is 92
2024-10-21 07:40:41,120 INFO [main] o.a.n.c.r.WriteAheadFlowFileRepository Initialized FlowFile Repository
2024-10-21 07:40:41,150 INFO [main] o.a.n.p.store.WriteAheadStorePartition After recovering ./provenance_repository, next Event ID to be generated will be 0
2024-10-21 07:40:41,152 INFO [main] o.a.n.p.index.lucene.LuceneEventIndex Will avoid re-indexing Provenance Events because the newest index is defunct, so it will be re-indexed in the background
2024-10-21 07:40:41,157 INFO [main] o.a.n.c.repository.FileSystemRepository Maximum Threshold for Container default set to 510764813844 bytes; if volume exceeds this size, archived data will be deleted until it no longer exceeds this size
2024-10-21 07:40:41,158 INFO [main] o.a.n.c.repository.FileSystemRepository Initializing FileSystemRepository with 'Always Sync' set to false
2024-10-21 07:40:41,254 INFO [main] o.apache.nifi.controller.FlowController Checking if there is already a Cluster Coordinator Elected...
2024-10-21 07:40:41,295 INFO [main] org.apache.curator.utils.Compatibility Using emulated InjectSessionExpiration
2024-10-21 07:40:41,319 INFO [main] o.a.c.f.imps.CuratorFrameworkImpl Starting
2024-10-21 07:40:41,325 INFO [main] org.apache.zookeeper.common.X509Util Setting -D jdk.tls.rejectClientInitiatedRenegotiation=true to disable client-initiated TLS renegotiation
2024-10-21 07:40:41,329 INFO [main] org.apache.zookeeper.ClientCnxnSocket jute.maxbuffer value is 4194304 Bytes
2024-10-21 07:40:41,345 INFO [main] o.a.c.f.imps.CuratorFrameworkImpl Default schema
2024-10-21 07:40:41,371 INFO [main-EventThread] o.a.c.f.state.ConnectionStateManager State change: CONNECTED
2024-10-21 07:40:41,382 INFO [main-EventThread] o.a.c.framework.imps.EnsembleTracker New config event received: {}
2024-10-21 07:40:41,382 INFO [main-EventThread] o.a.c.framework.imps.EnsembleTracker New config event received: {}
2024-10-21 07:40:42,382 INFO [Curator-Framework-0] o.a.c.f.imps.CuratorFrameworkImpl backgroundOperationsLoop exiting
2024-10-21 07:40:42,494 INFO [main] o.apache.nifi.controller.FlowController It appears that no Cluster Coordinator has been Elected yet. Registering for Cluster Coordinator Role.
2024-10-21 07:40:42,494 INFO [main] o.a.n.c.l.e.CuratorLeaderElectionManager CuratorLeaderElectionManager[stopped=true] Registered new Leader Selector for role Cluster Coordinator; this node is an active participant in the election.
2024-10-21 07:40:42,495 INFO [main] o.a.c.f.imps.CuratorFrameworkImpl Starting
2024-10-21 07:40:42,495 INFO [main] org.apache.zookeeper.ClientCnxnSocket jute.maxbuffer value is 4194304 Bytes
2024-10-21 07:40:42,495 INFO [main] o.a.c.f.imps.CuratorFrameworkImpl Default schema
2024-10-21 07:40:42,497 INFO [main] o.a.n.c.l.e.CuratorLeaderElectionManager CuratorLeaderElectionManager[stopped=false] Registered new Leader Selector for role Cluster Coordinator; this node is an active participant in the election.
2024-10-21 07:40:42,497 INFO [main] o.a.n.c.l.e.CuratorLeaderElectionManager CuratorLeaderElectionManager[stopped=false] started
2024-10-21 07:40:42,497 INFO [main] o.a.n.c.c.h.AbstractHeartbeatMonitor Heartbeat Monitor started
2024-10-21 07:40:42,497 INFO [main-EventThread] o.a.c.f.state.ConnectionStateManager State change: CONNECTED
2024-10-21 07:40:42,499 INFO [Curator-ConnectionStateManager-0] o.a.n.c.l.e.CuratorLeaderElectionManager org.apache.nifi.controller.leader.election.CuratorLeaderElectionManager$ElectionListener@375717a8 Connection State changed to CONNECTED
2024-10-21 07:40:42,499 INFO [main-EventThread] o.a.c.framework.imps.EnsembleTracker New config event received: {}
2024-10-21 07:40:42,499 INFO [main-EventThread] o.a.c.framework.imps.EnsembleTracker New config event received: {}
2024-10-21 07:40:42,537 INFO [Leader Election Notification Thread-1] o.a.n.c.l.e.CuratorLeaderElectionManager org.apache.nifi.controller.leader.election.CuratorLeaderElectionManager$ElectionListener@375717a8 This node has been elected Leader for Role 'Cluster Coordinator'
2024-10-21 07:40:42,537 INFO [Leader Election Notification Thread-1] o.apache.nifi.controller.FlowController This node elected Active Cluster Coordinator
2024-10-21 07:40:43,987 INFO [main] o.e.jetty.server.handler.ContextHandler Started o.e.j.w.WebAppContext@1fe8f5e8{nifi-api,/nifi-api,file:///opt/nifi/nifi-current/work/jetty/nifi-web-api-1.14.0.war/webapp/,AVAILABLE}{./work/nar/extensions/nifi-server-nar-1.14.0.nar-unpacked/NAR-INF/bundled-dependencies/nifi-web-api-1.14.0.war}
2024-10-21 07:40:44,140 INFO [main] o.e.j.a.AnnotationConfiguration Scanning elapsed time=67ms
2024-10-21 07:40:44,141 INFO [main] o.e.j.s.h.C._nifi_content_viewer No Spring WebApplicationInitializer types detected on classpath
2024-10-21 07:40:44,157 INFO [main] o.e.jetty.server.handler.ContextHandler Started o.e.j.w.WebAppContext@39449465{nifi-content-viewer,/nifi-content-viewer,file:///opt/nifi/nifi-current/work/jetty/nifi-web-content-viewer-1.14.0.war/webapp/,AVAILABLE}{./work/nar/extensions/nifi-server-nar-1.14.0.nar-unpacked/NAR-INF/bundled-dependencies/nifi-web-content-viewer-1.14.0.war}
2024-10-21 07:40:44,168 INFO [main] o.e.j.a.AnnotationConfiguration Scanning elapsed time=3ms
2024-10-21 07:40:44,169 WARN [main] o.e.j.webapp.StandardDescriptorProcessor Duplicate mapping from / to default
2024-10-21 07:40:44,170 INFO [main] o.e.j.s.h.ContextHandler._nifi_docs No Spring WebApplicationInitializer types detected on classpath
2024-10-21 07:40:44,184 INFO [main] o.e.jetty.server.handler.ContextHandler Started o.e.j.w.WebAppContext@6e3dd5ce{nifi-docs,/nifi-docs,file:///opt/nifi/nifi-current/work/jetty/nifi-web-docs-1.14.0.war/webapp/,AVAILABLE}{./work/nar/extensions/nifi-server-nar-1.14.0.nar-unpacked/NAR-INF/bundled-dependencies/nifi-web-docs-1.14.0.war}
2024-10-21 07:40:44,195 INFO [main] o.e.j.a.AnnotationConfiguration Scanning elapsed time=3ms
2024-10-21 07:40:44,196 INFO [main] o.e.j.server.handler.ContextHandler._ No Spring WebApplicationInitializer types detected on classpath
2024-10-21 07:40:44,209 INFO [main] o.e.jetty.server.handler.ContextHandler Started o.e.j.w.WebAppContext@16f7f59f{nifi-error,/,file:///opt/nifi/nifi-current/work/jetty/nifi-web-error-1.14.0.war/webapp/,AVAILABLE}{./work/nar/extensions/nifi-server-nar-1.14.0.nar-unpacked/NAR-INF/bundled-dependencies/nifi-web-error-1.14.0.war}
2024-10-21 07:40:44,217 INFO [main] o.eclipse.jetty.server.AbstractConnector Started ServerConnector@76563ae7{HTTP/1.1, (http/1.1)}{mynifi:8080}
2024-10-21 07:40:44,217 INFO [main] org.eclipse.jetty.server.Server Started @26051ms
2024-10-21 07:40:44,229 INFO [main] org.apache.nifi.web.server.JettyServer Loading Flow...
2024-10-21 07:40:44,232 INFO [main] org.apache.nifi.io.socket.SocketListener Now listening for connections from nodes on port 8082
2024-10-21 07:40:44,257 INFO [main] o.apache.nifi.controller.FlowController Successfully synchronized controller with proposed flow. Flow contains the following number of components: {Processors=0, Controller Services=0, Reporting Tasks=0, Process Groups=0, Remote Process Groups=0, Local Input Ports=0, Local Output Ports=0, Public Input Ports=0, Public Output Ports=0}
2024-10-21 07:40:44,290 INFO [main] o.a.nifi.controller.StandardFlowService Connecting Node: mynifi:8080
2024-10-21 07:40:44,294 INFO [main] o.a.n.c.c.n.LeaderElectionNodeProtocolSender Determined that Cluster Coordinator is located at mynifi:8082; will use this address for sending heartbeat messages
2024-10-21 07:40:44,294 INFO [main] o.a.n.c.p.AbstractNodeProtocolSender Cluster Coordinator is located at mynifi:8082. Will send Cluster Connection Request to this address
2024-10-21 07:40:44,316 INFO [Process Cluster Protocol Request-1] o.a.n.c.c.flow.PopularVoteFlowElection Vote cast by mynifi:8080; this flow now has 1 votes
2024-10-21 07:40:44,316 INFO [Process Cluster Protocol Request-1] o.a.n.c.c.node.NodeClusterCoordinator Received Connection Request from mynifi:8080; responding with Flow Election In Progress message
2024-10-21 07:40:44,317 INFO [Process Cluster Protocol Request-1] o.a.n.c.p.impl.SocketProtocolListener Finished processing request a95f7ba4-09aa-449f-810e-daa2169cfa1a (type=CONNECTION_REQUEST, length=1779 bytes) from mynifi:8080 in 19 millis
2024-10-21 07:40:44,318 INFO [main] o.a.nifi.controller.StandardFlowService Requested by cluster coordinator to retry connection in 5 seconds with explanation: Cluster is still voting on which Flow is the correct flow for the cluster. Election will complete in 29 seconds
2024-10-21 07:40:49,320 INFO [main] o.a.n.c.c.n.LeaderElectionNodeProtocolSender Determined that Cluster Coordinator is located at mynifi:8082; will use this address for sending heartbeat messages
2024-10-21 07:40:49,320 INFO [main] o.a.n.c.p.AbstractNodeProtocolSender Cluster Coordinator is located at mynifi:8082. Will send Cluster Connection Request to this address
2024-10-21 07:40:49,323 INFO [Process Cluster Protocol Request-2] o.a.n.c.c.node.NodeClusterCoordinator Received Connection Request from mynifi:8080; responding with Flow Election In Progress message
2024-10-21 07:40:49,328 INFO [Process Cluster Protocol Request-2] o.a.n.c.p.impl.SocketProtocolListener Finished processing request 5256e531-fb7c-44ac-bdd6-f023ba092559 (type=CONNECTION_REQUEST, length=1779 bytes) from mynifi:8080 in 6 millis
2024-10-21 07:40:49,329 INFO [main] o.a.nifi.controller.StandardFlowService Requested by cluster coordinator to retry connection in 5 seconds with explanation: Cluster is still voting on which Flow is the correct flow for the cluster. Election will complete in 24 seconds
2024-10-21 07:40:54,331 INFO [main] o.a.n.c.c.n.LeaderElectionNodeProtocolSender Determined that Cluster Coordinator is located at mynifi:8082; will use this address for sending heartbeat messages
2024-10-21 07:40:54,331 INFO [main] o.a.n.c.p.AbstractNodeProtocolSender Cluster Coordinator is located at mynifi:8082. Will send Cluster Connection Request to this address
2024-10-21 07:40:54,333 INFO [Process Cluster Protocol Request-3] o.a.n.c.c.node.NodeClusterCoordinator Received Connection Request from mynifi:8080; responding with Flow Election In Progress message
2024-10-21 07:40:54,333 INFO [Process Cluster Protocol Request-3] o.a.n.c.p.impl.SocketProtocolListener Finished processing request 1ba6d1ab-34e9-411b-817f-64fe5841795f (type=CONNECTION_REQUEST, length=1779 bytes) from mynifi:8080 in 1 millis
2024-10-21 07:40:54,334 INFO [main] o.a.nifi.controller.StandardFlowService Requested by cluster coordinator to retry connection in 5 seconds with explanation: Cluster is still voting on which Flow is the correct flow for the cluster. Election will complete in 19 seconds
2024-10-21 07:40:59,336 INFO [main] o.a.n.c.c.n.LeaderElectionNodeProtocolSender Determined that Cluster Coordinator is located at mynifi:8082; will use this address for sending heartbeat messages
2024-10-21 07:40:59,336 INFO [main] o.a.n.c.p.AbstractNodeProtocolSender Cluster Coordinator is located at mynifi:8082. Will send Cluster Connection Request to this address
2024-10-21 07:40:59,339 INFO [Process Cluster Protocol Request-4] o.a.n.c.c.node.NodeClusterCoordinator Received Connection Request from mynifi:8080; responding with Flow Election In Progress message
2024-10-21 07:40:59,339 INFO [Process Cluster Protocol Request-4] o.a.n.c.p.impl.SocketProtocolListener Finished processing request db31d4d1-9f39-4a3c-b9fb-01b21a466458 (type=CONNECTION_REQUEST, length=1779 bytes) from mynifi:8080 in 2 millis
2024-10-21 07:40:59,341 INFO [main] o.a.nifi.controller.StandardFlowService Requested by cluster coordinator to retry connection in 5 seconds with explanation: Cluster is still voting on which Flow is the correct flow for the cluster. Election will complete in 14 seconds
2024-10-21 07:41:04,348 INFO [main] o.a.n.c.c.n.LeaderElectionNodeProtocolSender Determined that Cluster Coordinator is located at mynifi:8082; will use this address for sending heartbeat messages
2024-10-21 07:41:04,348 INFO [main] o.a.n.c.p.AbstractNodeProtocolSender Cluster Coordinator is located at mynifi:8082. Will send Cluster Connection Request to this address
2024-10-21 07:41:04,355 INFO [Process Cluster Protocol Request-5] o.a.n.c.c.node.NodeClusterCoordinator Received Connection Request from mynifi:8080; responding with Flow Election In Progress message
2024-10-21 07:41:04,356 INFO [Process Cluster Protocol Request-5] o.a.n.c.p.impl.SocketProtocolListener Finished processing request 4e5ae89c-7b09-4b64-8176-0d6725a262b0 (type=CONNECTION_REQUEST, length=1779 bytes) from mynifi:8080 in 6 millis
2024-10-21 07:41:04,358 INFO [main] o.a.nifi.controller.StandardFlowService Requested by cluster coordinator to retry connection in 5 seconds with explanation: Cluster is still voting on which Flow is the correct flow for the cluster. Election will complete in 9 seconds
2024-10-21 07:41:09,362 INFO [main] o.a.n.c.c.n.LeaderElectionNodeProtocolSender Determined that Cluster Coordinator is located at mynifi:8082; will use this address for sending heartbeat messages
2024-10-21 07:41:09,362 INFO [main] o.a.n.c.p.AbstractNodeProtocolSender Cluster Coordinator is located at mynifi:8082. Will send Cluster Connection Request to this address
2024-10-21 07:41:09,365 INFO [Process Cluster Protocol Request-6] o.a.n.c.c.node.NodeClusterCoordinator Received Connection Request from mynifi:8080; responding with Flow Election In Progress message
2024-10-21 07:41:09,365 INFO [Process Cluster Protocol Request-6] o.a.n.c.p.impl.SocketProtocolListener Finished processing request dd367561-1319-455a-a473-0e9840039b48 (type=CONNECTION_REQUEST, length=1779 bytes) from mynifi:8080 in 2 millis
2024-10-21 07:41:09,366 INFO [main] o.a.nifi.controller.StandardFlowService Requested by cluster coordinator to retry connection in 5 seconds with explanation: Cluster is still voting on which Flow is the correct flow for the cluster. Election will complete in 4 seconds
2024-10-21 07:41:14,373 INFO [main] o.a.n.c.c.n.LeaderElectionNodeProtocolSender Determined that Cluster Coordinator is located at mynifi:8082; will use this address for sending heartbeat messages
2024-10-21 07:41:14,373 INFO [main] o.a.n.c.p.AbstractNodeProtocolSender Cluster Coordinator is located at mynifi:8082. Will send Cluster Connection Request to this address
2024-10-21 07:41:14,382 INFO [Process Cluster Protocol Request-7] o.a.n.c.c.flow.PopularVoteFlowElection Election is complete because the maximum allowed time has elapsed. The elected dataflow is held by the following nodes: [mynifi:8080]
2024-10-21 07:41:14,382 INFO [Process Cluster Protocol Request-7] o.a.n.c.c.node.NodeClusterCoordinator Received Connection Request from mynifi:8080; responding with DataFlow that was elected
2024-10-21 07:41:14,383 INFO [Process Cluster Protocol Request-7] o.a.n.c.c.node.NodeClusterCoordinator Status of mynifi:8080 changed from NodeConnectionStatus[nodeId=mynifi:8080, state=DISCONNECTED, Disconnect Code=Has Not Yet Connected to Cluster, Disconnect Reason=Has Not Yet Connected to Cluster, updateId=0] to NodeConnectionStatus[nodeId=mynifi:8080, state=CONNECTING, updateId=9]
2024-10-21 07:41:14,385 INFO [Process Cluster Protocol Request-7] o.a.n.c.p.impl.SocketProtocolListener Finished processing request 81af44a0-b5f6-4098-9f78-f432432ae94e (type=CONNECTION_REQUEST, length=1779 bytes) from mynifi:8080 in 10 millis
2024-10-21 07:41:14,386 INFO [main] o.a.nifi.controller.StandardFlowService Received successful response from Cluster Coordinator to Connection Request
2024-10-21 07:41:14,387 INFO [main] o.a.n.c.c.node.NodeClusterCoordinator Resetting cluster node statuses from {2370eba1-2890-41f3-88cd-209a1afefa8d=NodeConnectionStatus[nodeId=mynifi:8080, state=CONNECTING, updateId=9]} to {mynifi:8080=NodeConnectionStatus[nodeId=mynifi:8080, state=CONNECTING, updateId=9]}
2024-10-21 07:41:14,388 INFO [main] o.a.nifi.controller.StandardFlowService Setting Flow Controller's Node ID: mynifi:8080
2024-10-21 07:41:14,394 INFO [main] o.apache.nifi.controller.FlowController Successfully synchronized controller with proposed flow. Flow contains the following number of components: {Processors=0, Controller Services=0, Reporting Tasks=0, Process Groups=0, Remote Process Groups=0, Local Input Ports=0, Local Output Ports=0, Public Input Ports=0, Public Output Ports=0}
2024-10-21 07:41:14,406 INFO [main] o.a.n.c.c.node.NodeClusterCoordinator This node is now connected to the cluster. Will no longer require election of DataFlow.
2024-10-21 07:41:14,406 INFO [main] o.a.n.web.revision.NaiveRevisionManager Resetting Revisions for all components. 0 revisions will be removed, 0 will be added
2024-10-21 07:41:14,406 INFO [main] o.apache.nifi.controller.FlowController Cluster State changed from Not Clustered to Clustered
2024-10-21 07:41:14,407 INFO [main] o.a.n.c.l.e.CuratorLeaderElectionManager CuratorLeaderElectionManager[stopped=false] Registered new Leader Selector for role Primary Node; this node is an active participant in the election.
2024-10-21 07:41:14,407 INFO [main] o.a.n.c.l.e.CuratorLeaderElectionManager CuratorLeaderElectionManager[stopped=false] Attempted to register Leader Election for role 'Cluster Coordinator' but this role is already registered
2024-10-21 07:41:14,409 INFO [main] o.a.n.wali.SequentialAccessWriteAheadLog Recovering records from Write-Ahead Log at ./flowfile_repository
2024-10-21 07:41:14,416 INFO [Leader Election Notification Thread-2] o.a.n.c.l.e.CuratorLeaderElectionManager org.apache.nifi.controller.leader.election.CuratorLeaderElectionManager$ElectionListener@304dc3a7 This node has been elected Leader for Role 'Primary Node'
2024-10-21 07:41:14,416 INFO [Leader Election Notification Thread-2] o.apache.nifi.controller.FlowController This node has been elected Primary Node
2024-10-21 07:41:14,418 INFO [main] org.apache.nifi.wali.HashMapSnapshot org.apache.nifi.wali.HashMapSnapshot@6561629 restored 0 Records and 0 Swap Files from Snapshot, ending with Transaction ID -1
2024-10-21 07:41:14,419 INFO [main] o.a.n.wali.SequentialAccessWriteAheadLog Successfully recovered 0 records and 0 swap files from Snapshot at ./flowfile_repository/checkpoint with Max Transaction ID of -1 in 8 milliseconds. Now recovering records from 1 journal files
2024-10-21 07:41:14,422 INFO [main] o.a.nifi.wali.LengthDelimitedJournal Recovering records from journal ./flowfile_repository/journals/0.journal
2024-10-21 07:41:14,424 INFO [main] o.a.nifi.wali.LengthDelimitedJournal Successfully recovered 0 updates from journal ./flowfile_repository/journals/0.journal
2024-10-21 07:41:14,424 INFO [main] o.a.n.wali.SequentialAccessWriteAheadLog Successfully recovered 0 records in 14 milliseconds. Now checkpointing to ensure that Write-Ahead Log is in a consistent state
2024-10-21 07:41:14,431 INFO [main] o.a.n.wali.SequentialAccessWriteAheadLog Checkpointed Write-Ahead Log with 0 Records and 0 Swap Files in 6 milliseconds (Stop-the-world time = 1 milliseconds), max Transaction ID -1
2024-10-21 07:41:14,433 INFO [main] o.a.n.c.r.WriteAheadFlowFileRepository Successfully restored 0 FlowFiles and 0 Swap Files
2024-10-21 07:41:14,449 INFO [main] o.apache.nifi.controller.FlowController Performed initial validation of all components in 0 milliseconds
2024-10-21 07:41:14,450 INFO [main] o.apache.nifi.controller.FlowController Starting 0 processors/ports/funnels
2024-10-21 07:41:14,450 INFO [main] o.apache.nifi.controller.FlowController Started 0 Remote Group Ports transmitting
2024-10-21 07:41:14,450 INFO [main] o.apache.nifi.controller.FlowController Will no longer send heartbeats
2024-10-21 07:41:14,457 INFO [main] org.apache.nifi.web.server.JettyServer Flow loaded successfully.
2024-10-21 07:41:14,463 INFO [main] org.apache.nifi.nar.NarAutoLoader Starting NAR Auto-Loader for directory ./extensions ...
2024-10-21 07:41:14,464 INFO [main] org.apache.nifi.web.server.JettyServer NiFi has started. The UI is available at the following URLs:
2024-10-21 07:41:14,464 INFO [main] org.apache.nifi.web.server.JettyServer http://mynifi:8080/nifi
2024-10-21 07:41:14,466 INFO [Process Cluster Protocol Request-8] o.a.n.c.p.impl.SocketProtocolListener Finished processing request 501ba8c7-c4f7-4190-935e-0aa5f9aad28f (type=HEARTBEAT, length=2315 bytes) from mynifi:8080 in 2 millis
2024-10-21 07:41:14,466 INFO [main] org.apache.nifi.BootstrapListener Successfully initiated communication with Bootstrap
2024-10-21 07:41:14,466 INFO [main] org.apache.nifi.NiFi Controller initialization took 41971554740 nanoseconds (41 seconds).
2024-10-21 07:41:14,468 INFO [Clustering Tasks Thread-1] o.a.n.c.c.ClusterProtocolHeartbeater Heartbeat created at 2024-10-21 07:41:14,458 and sent to mynifi:8082 at 2024-10-21 07:41:14,467; send took 9 millis
2024-10-21 07:41:17,501 INFO [Heartbeat Monitor Thread-1] o.a.n.c.c.node.NodeClusterCoordinator mynifi:8080 is now connected
2024-10-21 07:41:17,502 INFO [Heartbeat Monitor Thread-1] o.a.n.c.c.node.NodeClusterCoordinator Status of mynifi:8080 changed from NodeConnectionStatus[nodeId=mynifi:8080, state=CONNECTING, updateId=9] to NodeConnectionStatus[nodeId=mynifi:8080, state=CONNECTED, updateId=11]
2024-10-21 07:41:17,502 INFO [Heartbeat Monitor Thread-1] o.a.n.c.c.node.NodeClusterCoordinator Event Reported for mynifi:8080 -- Received first heartbeat from connecting node. Node connected.
2024-10-21 07:41:17,502 INFO [Heartbeat Monitor Thread-1] o.a.n.c.c.h.AbstractHeartbeatMonitor Finished processing 1 heartbeats in 681840 nanos
2024-10-21 07:41:19,472 INFO [Process Cluster Protocol Request-9] o.a.n.c.p.impl.SocketProtocolListener Finished processing request 1fc0b7a6-b55d-43da-bc7e-8ee66cd129e4 (type=HEARTBEAT, length=2235 bytes) from mynifi:8080 in 1 millis
2024-10-21 07:41:19,473 INFO [Clustering Tasks Thread-1] o.a.n.c.c.ClusterProtocolHeartbeater Heartbeat created at 2024-10-21 07:41:19,468 and sent to mynifi:8082 at 2024-10-21 07:41:19,473; send took 5 millis
2024-10-21 07:41:22,502 INFO [Heartbeat Monitor Thread-1] o.a.n.c.c.h.AbstractHeartbeatMonitor Finished processing 1 heartbeats in 35699 nanos
2024-10-21 07:41:24,480 INFO [Process Cluster Protocol Request-10] o.a.n.c.p.impl.SocketProtocolListener Finished processing request 34acfbf1-bb0f-49cb-ba34-a7b5f1b26127 (type=HEARTBEAT, length=2235 bytes) from mynifi:8080 in 3 millis
2024-10-21 07:41:24,482 INFO [Clustering Tasks Thread-2] o.a.n.c.c.ClusterProtocolHeartbeater Heartbeat created at 2024-10-21 07:41:24,474 and sent to mynifi:8082 at 2024-10-21 07:41:24,482; send took 7 millis
2024-10-21 07:41:27,503 INFO [Heartbeat Monitor Thread-1] o.a.n.c.c.h.AbstractHeartbeatMonitor Finished processing 1 heartbeats in 12742 nanos
2024-10-21 07:41:29,490 INFO [Process Cluster Protocol Request-1] o.a.n.c.p.impl.SocketProtocolListener Finished processing request bbecd6e0-c66c-4ba6-9e0c-3b5645f894f8 (type=HEARTBEAT, length=2235 bytes) from mynifi:8080 in 3 millis
2024-10-21 07:41:29,492 INFO [Clustering Tasks Thread-2] o.a.n.c.c.ClusterProtocolHeartbeater Heartbeat created at 2024-10-21 07:41:29,483 and sent to mynifi:8082 at 2024-10-21 07:41:29,492; send took 9 millis
2024-10-21 07:41:32,503 INFO [Heartbeat Monitor Thread-1] o.a.n.c.c.h.AbstractHeartbeatMonitor Finished processing 1 heartbeats in 13563 nanos
2024-10-21 07:41:34,434 INFO [pool-13-thread-1] o.a.n.c.r.WriteAheadFlowFileRepository Initiating checkpoint of FlowFile Repository
2024-10-21 07:41:34,435 INFO [pool-13-thread-1] o.a.n.c.r.WriteAheadFlowFileRepository Successfully checkpointed FlowFile Repository with 0 records in 0 milliseconds
2024-10-21 07:41:34,507 INFO [Process Cluster Protocol Request-2] o.a.n.c.p.impl.SocketProtocolListener Finished processing request 9161ea17-c8db-4715-8dfe-4cbe0b2fa0c9 (type=HEARTBEAT, length=2235 bytes) from mynifi:8080 in 7 millis
2024-10-21 07:41:34,513 INFO [Clustering Tasks Thread-2] o.a.n.c.c.ClusterProtocolHeartbeater Heartbeat created at 2024-10-21 07:41:34,494 and sent to mynifi:8082 at 2024-10-21 07:41:34,513; send took 19 millis
2024-10-21 07:41:37,504 INFO [Heartbeat Monitor Thread-1] o.a.n.c.c.h.AbstractHeartbeatMonitor Finished processing 1 heartbeats in 39132 nanos
2024-10-21 07:41:39,527 INFO [Process Cluster Protocol Request-3] o.a.n.c.p.impl.SocketProtocolListener Finished processing request 90da399a-b3c8-4606-83a6-80d95d8707ac (type=HEARTBEAT, length=2235 bytes) from mynifi:8080 in 6 millis
2024-10-21 07:41:39,532 INFO [Clustering Tasks Thread-2] o.a.n.c.c.ClusterProtocolHeartbeater Heartbeat created at 2024-10-21 07:41:39,514 and sent to mynifi:8082 at 2024-10-21 07:41:39,532; send took 16 millis
2024-10-21 07:41:41,211 INFO [Cleanup Archive for default] o.a.n.c.repository.FileSystemRepository Successfully deleted 0 files (0 bytes) from archive
2024-10-21 07:41:42,504 INFO [Heartbeat Monitor Thread-1] o.a.n.c.c.h.AbstractHeartbeatMonitor Finished processing 1 heartbeats in 40703 nanos
2024-10-21 07:41:44,536 INFO [Process Cluster Protocol Request-4] o.a.n.c.p.impl.SocketProtocolListener Finished processing request 66d06453-07b5-435d-95b8-a62ef6fa5915 (type=HEARTBEAT, length=2235 bytes) from mynifi:8080 in 1 millis
2024-10-21 07:41:44,538 INFO [Clustering Tasks Thread-2] o.a.n.c.c.ClusterProtocolHeartbeater Heartbeat created at 2024-10-21 07:41:44,532 and sent to mynifi:8082 at 2024-10-21 07:41:44,537; send took 5 millis
2024-10-21 07:41:47,505 INFO [Heartbeat Monitor Thread-1] o.a.n.c.c.h.AbstractHeartbeatMonitor Finished processing 1 heartbeats in 38972 nanos
2024-10-21 07:41:49,553 INFO [Process Cluster Protocol Request-5] o.a.n.c.p.impl.SocketProtocolListener Finished processing request 77fbabfe-f951-4d94-a028-c03b5e13d794 (type=HEARTBEAT, length=2235 bytes) from mynifi:8080 in 8 millis
2024-10-21 07:41:49,557 INFO [Clustering Tasks Thread-2] o.a.n.c.c.ClusterProtocolHeartbeater Heartbeat created at 2024-10-21 07:41:49,538 and sent to mynifi:8082 at 2024-10-21 07:41:49,557; send took 18 millis
2024-10-21 07:41:52,506 INFO [Heartbeat Monitor Thread-1] o.a.n.c.c.h.AbstractHeartbeatMonitor Finished processing 1 heartbeats in 39751 nanos
2024-10-21 07:41:54,436 INFO [pool-13-thread-1] o.a.n.c.r.WriteAheadFlowFileRepository Initiating checkpoint of FlowFile Repository
2024-10-21 07:41:54,436 INFO [pool-13-thread-1] o.a.n.c.r.WriteAheadFlowFileRepository Successfully checkpointed FlowFile Repository with 0 records in 0 milliseconds
2024-10-21 07:41:54,565 INFO [Process Cluster Protocol Request-6] o.a.n.c.p.impl.SocketProtocolListener Finished processing request cf044915-e656-4018-acd3-e2f94b09c35a (type=HEARTBEAT, length=2235 bytes) from mynifi:8080 in 3 millis
2024-10-21 07:41:54,567 INFO [Clustering Tasks Thread-2] o.a.n.c.c.ClusterProtocolHeartbeater Heartbeat created at 2024-10-21 07:41:54,558 and sent to mynifi:8082 at 2024-10-21 07:41:54,567; send took 8 millis
2024-10-21 07:41:57,506 INFO [Heartbeat Monitor Thread-1] o.a.n.c.c.h.AbstractHeartbeatMonitor Finished processing 1 heartbeats in 37687 nanos
2024-10-21 07:41:59,579 INFO [Process Cluster Protocol Request-7] o.a.n.c.p.impl.SocketProtocolListener Finished processing request b1ed3f54-ccda-4fd5-99b3-a5b20c2f151b (type=HEARTBEAT, length=2235 bytes) from mynifi:8080 in 5 millis
2024-10-21 07:41:59,583 INFO [Clustering Tasks Thread-2] o.a.n.c.c.ClusterProtocolHeartbeater Heartbeat created at 2024-10-21 07:41:59,568 and sent to mynifi:8082 at 2024-10-21 07:41:59,583; send took 15 millis
2024-10-21 07:42:02,507 INFO [Heartbeat Monitor Thread-1] o.a.n.c.c.h.AbstractHeartbeatMonitor Finished processing 1 heartbeats in 35323 nanos
2024-10-21 07:42:04,595 INFO [Process Cluster Protocol Request-8] o.a.n.c.p.impl.SocketProtocolListener Finished processing request ac668e0a-7cc7-4781-ac4d-8c9fc8ca8f31 (type=HEARTBEAT, length=2235 bytes) from mynifi:8080 in 6 millis
2024-10-21 07:42:04,601 INFO [Clustering Tasks Thread-2] o.a.n.c.c.ClusterProtocolHeartbeater Heartbeat created at 2024-10-21 07:42:04,584 and sent to mynifi:8082 at 2024-10-21 07:42:04,601; send took 16 millis
2024-10-21 07:42:07,508 INFO [Heartbeat Monitor Thread-1] o.a.n.c.c.h.AbstractHeartbeatMonitor Finished processing 1 heartbeats in 42209 nanos
2024-10-21 07:42:09,614 INFO [Process Cluster Protocol Request-9] o.a.n.c.p.impl.SocketProtocolListener Finished processing request cf8a6810-a546-4bf1-9534-e9afe63e4c3d (type=HEARTBEAT, length=2235 bytes) from mynifi:8080 in 6 millis
2024-10-21 07:42:09,618 INFO [Clustering Tasks Thread-2] o.a.n.c.c.ClusterProtocolHeartbeater Heartbeat created at 2024-10-21 07:42:09,602 and sent to mynifi:8082 at 2024-10-21 07:42:09,618; send took 15 millis
2024-10-21 07:42:12,508 INFO [Heartbeat Monitor Thread-1] o.a.n.c.c.h.AbstractHeartbeatMonitor Finished processing 1 heartbeats in 38082 nanos
2024-10-21 07:42:14,436 INFO [pool-13-thread-1] o.a.n.c.r.WriteAheadFlowFileRepository Initiating checkpoint of FlowFile Repository
2024-10-21 07:42:14,436 INFO [pool-13-thread-1] o.a.n.c.r.WriteAheadFlowFileRepository Successfully checkpointed FlowFile Repository with 0 records in 0 milliseconds
2024-10-21 07:42:14,627 INFO [Process Cluster Protocol Request-10] o.a.n.c.p.impl.SocketProtocolListener Finished processing request 57ca31bf-1584-49af-be4b-bf02bd5b5ba3 (type=HEARTBEAT, length=2235 bytes) from mynifi:8080 in 3 millis
2024-10-21 07:42:14,628 INFO [Clustering Tasks Thread-2] o.a.n.c.c.ClusterProtocolHeartbeater Heartbeat created at 2024-10-21 07:42:14,619 and sent to mynifi:8082 at 2024-10-21 07:42:14,628; send took 9 millis
2024-10-21 07:42:17,509 INFO [Heartbeat Monitor Thread-1] o.a.n.c.c.h.AbstractHeartbeatMonitor Finished processing 1 heartbeats in 21559 nanos
2024-10-21 07:42:19,641 INFO [Process Cluster Protocol Request-1] o.a.n.c.p.impl.SocketProtocolListener Finished processing request 66215c7e-6fb9-4a32-9617-e2ab895f37d3 (type=HEARTBEAT, length=2235 bytes) from mynifi:8080 in 5 millis
2024-10-21 07:42:19,645 INFO [Clustering Tasks Thread-2] o.a.n.c.c.ClusterProtocolHeartbeater Heartbeat created at 2024-10-21 07:42:19,629 and sent to mynifi:8082 at 2024-10-21 07:42:19,645; send took 15 millis
2024-10-21 07:42:22,509 INFO [Heartbeat Monitor Thread-1] o.a.n.c.c.h.AbstractHeartbeatMonitor Finished processing 1 heartbeats in 37446 nanos
2024-10-21 07:42:24,652 INFO [Process Cluster Protocol Request-2] o.a.n.c.p.impl.SocketProtocolListener Finished processing request 65a94840-0c57-450f-b1b8-0d2367027b57 (type=HEARTBEAT, length=2235 bytes) from mynifi:8080 in 1 millis
2024-10-21 07:42:24,653 INFO [Clustering Tasks Thread-2] o.a.n.c.c.ClusterProtocolHeartbeater Heartbeat created at 2024-10-21 07:42:24,646 and sent to mynifi:8082 at 2024-10-21 07:42:24,653; send took 7 millis
2024-10-21 07:42:27,510 INFO [Heartbeat Monitor Thread-1] o.a.n.c.c.h.AbstractHeartbeatMonitor Finished processing 1 heartbeats in 42972 nanos
2024-10-21 07:42:29,672 INFO [Process Cluster Protocol Request-3] o.a.n.c.p.impl.SocketProtocolListener Finished processing request cf4ff742-0f6f-4ef1-958b-d5a24d9dbfde (type=HEARTBEAT, length=2235 bytes) from mynifi:8080 in 11 millis
2024-10-21 07:42:29,677 INFO [Clustering Tasks Thread-2] o.a.n.c.c.ClusterProtocolHeartbeater Heartbeat created at 2024-10-21 07:42:29,655 and sent to mynifi:8082 at 2024-10-21 07:42:29,677; send took 21 millis
2024-10-21 07:42:32,511 INFO [Heartbeat Monitor Thread-1] o.a.n.c.c.h.AbstractHeartbeatMonitor Finished processing 1 heartbeats in 15367 nanos
2024-10-21 07:42:34,437 INFO [pool-13-thread-1] o.a.n.c.r.WriteAheadFlowFileRepository Initiating checkpoint of FlowFile Repository
2024-10-21 07:42:34,437 INFO [pool-13-thread-1] o.a.n.c.r.WriteAheadFlowFileRepository Successfully checkpointed FlowFile Repository with 0 records in 0 milliseconds
2024-10-21 07:42:34,689 INFO [Process Cluster Protocol Request-4] o.a.n.c.p.impl.SocketProtocolListener Finished processing request ed7a778e-4ae3-470a-a486-758e9b638163 (type=HEARTBEAT, length=2235 bytes) from mynifi:8080 in 5 millis
2024-10-21 07:42:34,693 INFO [Clustering Tasks Thread-2] o.a.n.c.c.ClusterProtocolHeartbeater Heartbeat created at 2024-10-21 07:42:34,678 and sent to mynifi:8082 at 2024-10-21 07:42:34,693; send took 14 millis
2024-10-21 07:42:37,511 INFO [Heartbeat Monitor Thread-1] o.a.n.c.c.h.AbstractHeartbeatMonitor Finished processing 1 heartbeats in 37814 nanos
2024-10-21 07:42:39,705 INFO [Process Cluster Protocol Request-5] o.a.n.c.p.impl.SocketProtocolListener Finished processing request 296217f8-f45f-45cb-a8c5-98f8bc934112 (type=HEARTBEAT, length=2235 bytes) from mynifi:8080 in 5 millis
2024-10-21 07:42:39,708 INFO [Clustering Tasks Thread-2] o.a.n.c.c.ClusterProtocolHeartbeater Heartbeat created at 2024-10-21 07:42:39,694 and sent to mynifi:8082 at 2024-10-21 07:42:39,708; send took 14 millis
2024-10-21 07:42:40,698 INFO [Write-Ahead Local State Provider Maintenance] org.wali.MinimalLockingWriteAheadLog org.wali.MinimalLockingWriteAheadLog@5de25642 checkpointed with 3 Records and 0 Swap Files in 6 milliseconds (Stop-the-world time = 1 milliseconds, Clear Edit Logs time = 1 millis), max Transaction ID 17
2024-10-21 07:42:41,251 INFO [Cleanup Archive for default] o.a.n.c.repository.FileSystemRepository Successfully deleted 0 files (0 bytes) from archive
2024-10-21 07:42:42,512 INFO [Heartbeat Monitor Thread-1] o.a.n.c.c.h.AbstractHeartbeatMonitor Finished processing 1 heartbeats in 38008 nanos
2024-10-21 07:42:44,721 INFO [Process Cluster Protocol Request-6] o.a.n.c.p.impl.SocketProtocolListener Finished processing request 2257a7c2-0c4f-4e7b-b680-f3afcee28da2 (type=HEARTBEAT, length=2235 bytes) from mynifi:8080 in 5 millis
2024-10-21 07:42:44,725 INFO [Clustering Tasks Thread-2] o.a.n.c.c.ClusterProtocolHeartbeater Heartbeat created at 2024-10-21 07:42:44,709 and sent to mynifi:8082 at 2024-10-21 07:42:44,725; send took 15 millis
2024-10-21 07:42:47,512 INFO [Heartbeat Monitor Thread-1] o.a.n.c.c.h.AbstractHeartbeatMonitor Finished processing 1 heartbeats in 20683 nanos
2024-10-21 07:42:49,730 INFO [Process Cluster Protocol Request-7] o.a.n.c.p.impl.SocketProtocolListener Finished processing request 79290075-d6b4-49a3-8267-9811ce6755c1 (type=HEARTBEAT, length=2235 bytes) from mynifi:8080 in 2 millis
2024-10-21 07:42:49,732 INFO [Clustering Tasks Thread-2] o.a.n.c.c.ClusterProtocolHeartbeater Heartbeat created at 2024-10-21 07:42:49,726 and sent to mynifi:8082 at 2024-10-21 07:42:49,732; send took 5 millis
2024-10-21 07:42:52,513 INFO [Heartbeat Monitor Thread-1] o.a.n.c.c.h.AbstractHeartbeatMonitor Finished processing 1 heartbeats in 13676 nanos
2024-10-21 07:42:54,437 INFO [pool-13-thread-1] o.a.n.c.r.WriteAheadFlowFileRepository Initiating checkpoint of FlowFile Repository
2024-10-21 07:42:54,437 INFO [pool-13-thread-1] o.a.n.c.r.WriteAheadFlowFileRepository Successfully checkpointed FlowFile Repository with 0 records in 0 milliseconds
2024-10-21 07:42:54,743 INFO [Process Cluster Protocol Request-8] o.a.n.c.p.impl.SocketProtocolListener Finished processing request d9eae711-46f7-44b1-bb72-0148ba12ab15 (type=HEARTBEAT, length=2235 bytes) from mynifi:8080 in 5 millis
2024-10-21 07:42:54,747 INFO [Clustering Tasks Thread-2] o.a.n.c.c.ClusterProtocolHeartbeater Heartbeat created at 2024-10-21 07:42:54,732 and sent to mynifi:8082 at 2024-10-21 07:42:54,747; send took 14 millis
2024-10-21 07:42:57,513 INFO [Heartbeat Monitor Thread-1] o.a.n.c.c.h.AbstractHeartbeatMonitor Finished processing 1 heartbeats in 20150 nanos
2024-10-21 07:42:59,759 INFO [Process Cluster Protocol Request-9] o.a.n.c.p.impl.SocketProtocolListener Finished processing request 45bebd57-421e-4f9f-a077-bd8c4d2ed707 (type=HEARTBEAT, length=2235 bytes) from mynifi:8080 in 5 millis
2024-10-21 07:42:59,763 INFO [Clustering Tasks Thread-2] o.a.n.c.c.ClusterProtocolHeartbeater Heartbeat created at 2024-10-21 07:42:59,748 and sent to mynifi:8082 at 2024-10-21 07:42:59,763; send took 15 millis
2024-10-21 07:43:02,513 INFO [Heartbeat Monitor Thread-1] o.a.n.c.c.h.AbstractHeartbeatMonitor Finished processing 1 heartbeats in 15362 nanos
2024-10-21 07:43:04,774 INFO [Process Cluster Protocol Request-10] o.a.n.c.p.impl.SocketProtocolListener Finished processing request 17b92c1e-611a-4d09-be0d-1432e5276966 (type=HEARTBEAT, length=2235 bytes) from mynifi:8080 in 5 millis
2024-10-21 07:43:04,778 INFO [Clustering Tasks Thread-2] o.a.n.c.c.ClusterProtocolHeartbeater Heartbeat created at 2024-10-21 07:43:04,764 and sent to mynifi:8082 at 2024-10-21 07:43:04,778; send took 13 millis
2024-10-21 07:43:07,514 INFO [Heartbeat Monitor Thread-1] o.a.n.c.c.h.AbstractHeartbeatMonitor Finished processing 1 heartbeats in 38331 nanos
2024-10-21 07:43:09,790 INFO [Process Cluster Protocol Request-1] o.a.n.c.p.impl.SocketProtocolListener Finished processing request 3204c664-eb3b-4778-a8ed-0d81dd6f0ff0 (type=HEARTBEAT, length=2235 bytes) from mynifi:8080 in 6 millis
2024-10-21 07:43:09,794 INFO [Clustering Tasks Thread-2] o.a.n.c.c.ClusterProtocolHeartbeater Heartbeat created at 2024-10-21 07:43:09,779 and sent to mynifi:8082 at 2024-10-21 07:43:09,794; send took 14 millis
2024-10-21 07:43:12,514 INFO [Heartbeat Monitor Thread-1] o.a.n.c.c.h.AbstractHeartbeatMonitor Finished processing 1 heartbeats in 18788 nanos
2024-10-21 07:43:14,437 INFO [pool-13-thread-1] o.a.n.c.r.WriteAheadFlowFileRepository Initiating checkpoint of FlowFile Repository
2024-10-21 07:43:14,438 INFO [pool-13-thread-1] o.a.n.c.r.WriteAheadFlowFileRepository Successfully checkpointed FlowFile Repository with 0 records in 0 milliseconds
2024-10-21 07:43:14,805 INFO [Process Cluster Protocol Request-2] o.a.n.c.p.impl.SocketProtocolListener Finished processing request 2c5ea22d-f73a-4406-a128-5acd00d2a0e1 (type=HEARTBEAT, length=2235 bytes) from mynifi:8080 in 4 millis
2024-10-21 07:43:14,809 INFO [Clustering Tasks Thread-2] o.a.n.c.c.ClusterProtocolHeartbeater Heartbeat created at 2024-10-21 07:43:14,795 and sent to mynifi:8082 at 2024-10-21 07:43:14,809; send took 13 millis
2024-10-21 07:43:17,514 INFO [Heartbeat Monitor Thread-1] o.a.n.c.c.h.AbstractHeartbeatMonitor Finished processing 1 heartbeats in 21796 nanos
2024-10-21 07:43:19,821 INFO [Process Cluster Protocol Request-3] o.a.n.c.p.impl.SocketProtocolListener Finished processing request a2b52273-ed48-44d7-b5b4-83c8234175c0 (type=HEARTBEAT, length=2235 bytes) from mynifi:8080 in 5 millis
2024-10-21 07:43:19,824 INFO [Clustering Tasks Thread-2] o.a.n.c.c.ClusterProtocolHeartbeater Heartbeat created at 2024-10-21 07:43:19,810 and sent to mynifi:8082 at 2024-10-21 07:43:19,824; send took 13 millis
2024-10-21 07:43:22,515 INFO [Heartbeat Monitor Thread-1] o.a.n.c.c.h.AbstractHeartbeatMonitor Finished processing 1 heartbeats in 37932 nanos
2024-10-21 07:43:24,835 INFO [Process Cluster Protocol Request-4] o.a.n.c.p.impl.SocketProtocolListener Finished processing request 3fb509c0-5f3f-47d9-b7ca-56fbbf0b4c99 (type=HEARTBEAT, length=2235 bytes) from mynifi:8080 in 4 millis
2024-10-21 07:43:24,839 INFO [Clustering Tasks Thread-2] o.a.n.c.c.ClusterProtocolHeartbeater Heartbeat created at 2024-10-21 07:43:24,825 and sent to mynifi:8082 at 2024-10-21 07:43:24,839; send took 13 millis
2024-10-21 07:43:27,515 INFO [Heartbeat Monitor Thread-1] o.a.n.c.c.h.AbstractHeartbeatMonitor Finished processing 1 heartbeats in 14820 nanos
2024-10-21 07:43:29,850 INFO [Process Cluster Protocol Request-5] o.a.n.c.p.impl.SocketProtocolListener Finished processing request 1e033c48-9182-457e-9ed0-cf4dae82eaf2 (type=HEARTBEAT, length=2235 bytes) from mynifi:8080 in 5 millis
2024-10-21 07:43:29,852 INFO [Clustering Tasks Thread-2] o.a.n.c.c.ClusterProtocolHeartbeater Heartbeat created at 2024-10-21 07:43:29,840 and sent to mynifi:8082 at 2024-10-21 07:43:29,852; send took 11 millis
2024-10-21 07:43:32,516 INFO [Heartbeat Monitor Thread-1] o.a.n.c.c.h.AbstractHeartbeatMonitor Finished processing 1 heartbeats in 14631 nanos
2024-10-21 07:43:34,438 INFO [pool-13-thread-1] o.a.n.c.r.WriteAheadFlowFileRepository Initiating checkpoint of FlowFile Repository
2024-10-21 07:43:34,438 INFO [pool-13-thread-1] o.a.n.c.r.WriteAheadFlowFileRepository Successfully checkpointed FlowFile Repository with 0 records in 0 milliseconds
2024-10-21 07:43:34,863 INFO [Process Cluster Protocol Request-6] o.a.n.c.p.impl.SocketProtocolListener Finished processing request 055e3c34-3776-4086-8d97-121da141a2ff (type=HEARTBEAT, length=2235 bytes) from mynifi:8080 in 4 millis
2024-10-21 07:43:34,864 INFO [Clustering Tasks Thread-2] o.a.n.c.c.ClusterProtocolHeartbeater Heartbeat created at 2024-10-21 07:43:34,853 and sent to mynifi:8082 at 2024-10-21 07:43:34,864; send took 10 millis
2024-10-21 07:43:37,516 INFO [Heartbeat Monitor Thread-1] o.a.n.c.c.h.AbstractHeartbeatMonitor Finished processing 1 heartbeats in 36285 nanos
2024-10-21 07:43:39,874 INFO [Process Cluster Protocol Request-7] o.a.n.c.p.impl.SocketProtocolListener Finished processing request a517a03f-343f-4dc4-88b8-a2c6e8fe90db (type=HEARTBEAT, length=2235 bytes) from mynifi:8080 in 4 millis
2024-10-21 07:43:39,878 INFO [Clustering Tasks Thread-2] o.a.n.c.c.ClusterProtocolHeartbeater Heartbeat created at 2024-10-21 07:43:39,865 and sent to mynifi:8082 at 2024-10-21 07:43:39,878; send took 12 millis
2024-10-21 07:43:41,290 INFO [Cleanup Archive for default] o.a.n.c.repository.FileSystemRepository Successfully deleted 0 files (0 bytes) from archive
2024-10-21 07:43:42,516 INFO [Heartbeat Monitor Thread-1] o.a.n.c.c.h.AbstractHeartbeatMonitor Finished processing 1 heartbeats in 28168 nanos
2024-10-21 07:43:44,888 INFO [Process Cluster Protocol Request-8] o.a.n.c.p.impl.SocketProtocolListener Finished processing request e63f66cd-bc6f-41b8-aca2-134289cccf1c (type=HEARTBEAT, length=2235 bytes) from mynifi:8080 in 4 millis
2024-10-21 07:43:44,891 INFO [Clustering Tasks Thread-2] o.a.n.c.c.ClusterProtocolHeartbeater Heartbeat created at 2024-10-21 07:43:44,878 and sent to mynifi:8082 at 2024-10-21 07:43:44,891; send took 12 millis
2024-10-21 07:43:47,517 INFO [Heartbeat Monitor Thread-1] o.a.n.c.c.h.AbstractHeartbeatMonitor Finished processing 1 heartbeats in 20932 nanos
2024-10-21 07:43:49,896 INFO [Process Cluster Protocol Request-9] o.a.n.c.p.impl.SocketProtocolListener Finished processing request 86125f5a-7106-4030-a6ea-fbfaa2a1c84a (type=HEARTBEAT, length=2235 bytes) from mynifi:8080 in 1 millis
2024-10-21 07:43:49,897 INFO [Clustering Tasks Thread-2] o.a.n.c.c.ClusterProtocolHeartbeater Heartbeat created at 2024-10-21 07:43:49,892 and sent to mynifi:8082 at 2024-10-21 07:43:49,897; send took 5 millis
2024-10-21 07:43:52,517 INFO [Heartbeat Monitor Thread-1] o.a.n.c.c.h.AbstractHeartbeatMonitor Finished processing 1 heartbeats in 36704 nanos
2024-10-21 07:43:54,439 INFO [pool-13-thread-1] o.a.n.c.r.WriteAheadFlowFileRepository Initiating checkpoint of FlowFile Repository
2024-10-21 07:43:54,439 INFO [pool-13-thread-1] o.a.n.c.r.WriteAheadFlowFileRepository Successfully checkpointed FlowFile Repository with 0 records in 0 milliseconds
2024-10-21 07:43:54,908 INFO [Process Cluster Protocol Request-10] o.a.n.c.p.impl.SocketProtocolListener Finished processing request 55b9c036-a75f-465b-b24f-1f8addc585a7 (type=HEARTBEAT, length=2235 bytes) from mynifi:8080 in 5 millis
2024-10-21 07:43:54,912 INFO [Clustering Tasks Thread-2] o.a.n.c.c.ClusterProtocolHeartbeater Heartbeat created at 2024-10-21 07:43:54,898 and sent to mynifi:8082 at 2024-10-21 07:43:54,912; send took 13 millis
2024-10-21 07:43:57,518 INFO [Heartbeat Monitor Thread-1] o.a.n.c.c.h.AbstractHeartbeatMonitor Finished processing 1 heartbeats in 37864 nanos
2024-10-21 07:43:59,922 INFO [Process Cluster Protocol Request-1] o.a.n.c.p.impl.SocketProtocolListener Finished processing request c61106df-d9aa-4d67-acc5-e17a1b9c7b49 (type=HEARTBEAT, length=2235 bytes) from mynifi:8080 in 5 millis
2024-10-21 07:43:59,926 INFO [Clustering Tasks Thread-2] o.a.n.c.c.ClusterProtocolHeartbeater Heartbeat created at 2024-10-21 07:43:59,912 and sent to mynifi:8082 at 2024-10-21 07:43:59,926; send took 13 millis
2024-10-21 07:44:02,518 INFO [Heartbeat Monitor Thread-1] o.a.n.c.c.h.AbstractHeartbeatMonitor Finished processing 1 heartbeats in 14034 nanos
2024-10-21 07:44:04,934 INFO [Process Cluster Protocol Request-2] o.a.n.c.p.impl.SocketProtocolListener Finished processing request 159cc0f9-90ea-4a98-881f-2c9698650a88 (type=HEARTBEAT, length=2235 bytes) from mynifi:8080 in 3 millis
2024-10-21 07:44:04,939 INFO [Clustering Tasks Thread-2] o.a.n.c.c.ClusterProtocolHeartbeater Heartbeat created at 2024-10-21 07:44:04,927 and sent to mynifi:8082 at 2024-10-21 07:44:04,939; send took 12 millis
2024-10-21 07:44:07,519 INFO [Heartbeat Monitor Thread-1] o.a.n.c.c.h.AbstractHeartbeatMonitor Finished processing 1 heartbeats in 90766 nanos
2024-10-21 07:44:09,950 INFO [Process Cluster Protocol Request-3] o.a.n.c.p.impl.SocketProtocolListener Finished processing request 105225bd-7c0d-4403-ba78-3941216cae7c (type=HEARTBEAT, length=2235 bytes) from mynifi:8080 in 5 millis
2024-10-21 07:44:09,954 INFO [Clustering Tasks Thread-2] o.a.n.c.c.ClusterProtocolHeartbeater Heartbeat created at 2024-10-21 07:44:09,940 and sent to mynifi:8082 at 2024-10-21 07:44:09,954; send took 14 millis
2024-10-21 07:44:12,519 INFO [Heartbeat Monitor Thread-1] o.a.n.c.c.h.AbstractHeartbeatMonitor Finished processing 1 heartbeats in 72644 nanos
2024-10-21 07:44:14,439 INFO [pool-13-thread-1] o.a.n.c.r.WriteAheadFlowFileRepository Initiating checkpoint of FlowFile Repository
2024-10-21 07:44:14,439 INFO [pool-13-thread-1] o.a.n.c.r.WriteAheadFlowFileRepository Successfully checkpointed FlowFile Repository with 0 records in 0 milliseconds
2024-10-21 07:44:14,962 INFO [Process Cluster Protocol Request-4] o.a.n.c.p.impl.SocketProtocolListener Finished processing request 18073af2-4cc9-4dcf-81b7-c6212b7ecfb7 (type=HEARTBEAT, length=2235 bytes) from mynifi:8080 in 3 millis
2024-10-21 07:44:14,964 INFO [Clustering Tasks Thread-2] o.a.n.c.c.ClusterProtocolHeartbeater Heartbeat created at 2024-10-21 07:44:14,955 and sent to mynifi:8082 at 2024-10-21 07:44:14,964; send took 9 millis
2024-10-21 07:44:17,520 INFO [Heartbeat Monitor Thread-1] o.a.n.c.c.h.AbstractHeartbeatMonitor Finished processing 1 heartbeats in 31944 nanos
2024-10-21 07:44:19,974 INFO [Process Cluster Protocol Request-5] o.a.n.c.p.impl.SocketProtocolListener Finished processing request c7d198b7-dd04-4ff0-99dd-e5b7be283701 (type=HEARTBEAT, length=2235 bytes) from mynifi:8080 in 4 millis
2024-10-21 07:44:19,978 INFO [Clustering Tasks Thread-2] o.a.n.c.c.ClusterProtocolHeartbeater Heartbeat created at 2024-10-21 07:44:19,965 and sent to mynifi:8082 at 2024-10-21 07:44:19,978; send took 12 millis
2024-10-21 07:44:22,521 INFO [Heartbeat Monitor Thread-1] o.a.n.c.c.h.AbstractHeartbeatMonitor Finished processing 1 heartbeats in 35027 nanos
2024-10-21 07:44:24,983 INFO [Process Cluster Protocol Request-6] o.a.n.c.p.impl.SocketProtocolListener Finished processing request a06027a5-3466-4c34-96a5-f1e865d19bc6 (type=HEARTBEAT, length=2235 bytes) from mynifi:8080 in 2 millis
2024-10-21 07:44:24,984 INFO [Clustering Tasks Thread-2] o.a.n.c.c.ClusterProtocolHeartbeater Heartbeat created at 2024-10-21 07:44:24,978 and sent to mynifi:8082 at 2024-10-21 07:44:24,984; send took 6 millis
2024-10-21 07:44:27,521 INFO [Heartbeat Monitor Thread-1] o.a.n.c.c.h.AbstractHeartbeatMonitor Finished processing 1 heartbeats in 15595 nanos
2024-10-21 07:44:29,994 INFO [Process Cluster Protocol Request-7] o.a.n.c.p.impl.SocketProtocolListener Finished processing request 1e0c5ef1-bf90-4128-ace9-5b827cb059ed (type=HEARTBEAT, length=2235 bytes) from mynifi:8080 in 4 millis
2024-10-21 07:44:29,997 INFO [Clustering Tasks Thread-2] o.a.n.c.c.ClusterProtocolHeartbeater Heartbeat created at 2024-10-21 07:44:29,985 and sent to mynifi:8082 at 2024-10-21 07:44:29,997; send took 12 millis
2024-10-21 07:44:32,522 INFO [Heartbeat Monitor Thread-1] o.a.n.c.c.h.AbstractHeartbeatMonitor Finished processing 1 heartbeats in 35343 nanos
2024-10-21 07:44:34,439 INFO [pool-13-thread-1] o.a.n.c.r.WriteAheadFlowFileRepository Initiating checkpoint of FlowFile Repository
2024-10-21 07:44:34,440 INFO [pool-13-thread-1] o.a.n.c.r.WriteAheadFlowFileRepository Successfully checkpointed FlowFile Repository with 0 records in 0 milliseconds
2024-10-21 07:44:35,001 INFO [Process Cluster Protocol Request-8] o.a.n.c.p.impl.SocketProtocolListener Finished processing request de7fc8dd-81c5-4f65-a223-c3124f9e4f00 (type=HEARTBEAT, length=2235 bytes) from mynifi:8080 in 1 millis
2024-10-21 07:44:35,002 INFO [Clustering Tasks Thread-2] o.a.n.c.c.ClusterProtocolHeartbeater Heartbeat created at 2024-10-21 07:44:34,998 and sent to mynifi:8082 at 2024-10-21 07:44:35,002; send took 3 millis
2024-10-21 07:44:37,522 INFO [Heartbeat Monitor Thread-1] o.a.n.c.c.h.AbstractHeartbeatMonitor Finished processing 1 heartbeats in 35686 nanos
2024-10-21 07:44:40,012 INFO [Process Cluster Protocol Request-9] o.a.n.c.p.impl.SocketProtocolListener Finished processing request d71a25da-299b-46a9-ad75-5d01f41999f6 (type=HEARTBEAT, length=2235 bytes) from mynifi:8080 in 4 millis
2024-10-21 07:44:40,015 INFO [Clustering Tasks Thread-2] o.a.n.c.c.ClusterProtocolHeartbeater Heartbeat created at 2024-10-21 07:44:40,003 and sent to mynifi:8082 at 2024-10-21 07:44:40,015; send took 12 millis
2024-10-21 07:44:40,710 INFO [Write-Ahead Local State Provider Maintenance] org.wali.MinimalLockingWriteAheadLog org.wali.MinimalLockingWriteAheadLog@5de25642 checkpointed with 3 Records and 0 Swap Files in 12 milliseconds (Stop-the-world time = 4 milliseconds, Clear Edit Logs time = 5 millis), max Transaction ID 17
2024-10-21 07:44:41,299 INFO [Cleanup Archive for default] o.a.n.c.repository.FileSystemRepository Successfully deleted 0 files (0 bytes) from archive
2024-10-21 07:44:42,523 INFO [Heartbeat Monitor Thread-1] o.a.n.c.c.h.AbstractHeartbeatMonitor Finished processing 1 heartbeats in 36074 nanos
2024-10-21 07:44:45,018 INFO [Process Cluster Protocol Request-10] o.a.n.c.p.impl.SocketProtocolListener Finished processing request f0068a63-8436-41e0-afa8-9e7b253f48b6 (type=HEARTBEAT, length=2235 bytes) from mynifi:8080 in 1 millis
2024-10-21 07:44:45,019 INFO [Clustering Tasks Thread-2] o.a.n.c.c.ClusterProtocolHeartbeater Heartbeat created at 2024-10-21 07:44:45,016 and sent to mynifi:8082 at 2024-10-21 07:44:45,019; send took 3 millis
2024-10-21 07:44:47,523 INFO [Heartbeat Monitor Thread-1] o.a.n.c.c.h.AbstractHeartbeatMonitor Finished processing 1 heartbeats in 14464 nanos
2024-10-21 07:44:50,029 INFO [Process Cluster Protocol Request-1] o.a.n.c.p.impl.SocketProtocolListener Finished processing request 4cd5bba8-84fe-40fa-a999-37382c3da41f (type=HEARTBEAT, length=2235 bytes) from mynifi:8080 in 4 millis
2024-10-21 07:44:50,032 INFO [Clustering Tasks Thread-2] o.a.n.c.c.ClusterProtocolHeartbeater Heartbeat created at 2024-10-21 07:44:50,020 and sent to mynifi:8082 at 2024-10-21 07:44:50,032; send took 12 millis
2024-10-21 07:44:52,524 INFO [Heartbeat Monitor Thread-1] o.a.n.c.c.h.AbstractHeartbeatMonitor Finished processing 1 heartbeats in 51670 nanos
2024-10-21 07:44:54,440 INFO [pool-13-thread-1] o.a.n.c.r.WriteAheadFlowFileRepository Initiating checkpoint of FlowFile Repository
2024-10-21 07:44:54,440 INFO [pool-13-thread-1] o.a.n.c.r.WriteAheadFlowFileRepository Successfully checkpointed FlowFile Repository with 0 records in 0 milliseconds
2024-10-21 07:44:55,042 INFO [Process Cluster Protocol Request-2] o.a.n.c.p.impl.SocketProtocolListener Finished processing request 50e0d260-51b6-488d-9801-7aebd5f5a61b (type=HEARTBEAT, length=2235 bytes) from mynifi:8080 in 4 millis
2024-10-21 07:44:55,045 INFO [Clustering Tasks Thread-2] o.a.n.c.c.ClusterProtocolHeartbeater Heartbeat created at 2024-10-21 07:44:55,033 and sent to mynifi:8082 at 2024-10-21 07:44:55,045; send took 12 millis
2024-10-21 07:44:57,524 INFO [Heartbeat Monitor Thread-1] o.a.n.c.c.h.AbstractHeartbeatMonitor Finished processing 1 heartbeats in 35817 nanos
2024-10-21 07:45:00,056 INFO [Process Cluster Protocol Request-3] o.a.n.c.p.impl.SocketProtocolListener Finished processing request 400bf71c-30ef-4506-ad19-bc16faaf4972 (type=HEARTBEAT, length=2235 bytes) from mynifi:8080 in 5 millis
2024-10-21 07:45:00,060 INFO [Clustering Tasks Thread-2] o.a.n.c.c.ClusterProtocolHeartbeater Heartbeat created at 2024-10-21 07:45:00,046 and sent to mynifi:8082 at 2024-10-21 07:45:00,060; send took 13 millis
2024-10-21 07:45:02,525 INFO [Heartbeat Monitor Thread-1] o.a.n.c.c.h.AbstractHeartbeatMonitor Finished processing 1 heartbeats in 37067 nanos
2024-10-21 07:45:05,069 INFO [Process Cluster Protocol Request-4] o.a.n.c.p.impl.SocketProtocolListener Finished processing request 38faf19b-ecaa-46ce-9de6-8baa72ad8c67 (type=HEARTBEAT, length=2235 bytes) from mynifi:8080 in 4 millis
2024-10-21 07:45:05,072 INFO [Clustering Tasks Thread-2] o.a.n.c.c.ClusterProtocolHeartbeater Heartbeat created at 2024-10-21 07:45:05,061 and sent to mynifi:8082 at 2024-10-21 07:45:05,072; send took 11 millis
2024-10-21 07:45:07,525 INFO [Heartbeat Monitor Thread-1] o.a.n.c.c.h.AbstractHeartbeatMonitor Finished processing 1 heartbeats in 18044 nanos
2024-10-21 07:45:10,083 INFO [Process Cluster Protocol Request-5] o.a.n.c.p.impl.SocketProtocolListener Finished processing request e7779df0-adcf-46af-a899-a52f8e8b354f (type=HEARTBEAT, length=2235 bytes) from mynifi:8080 in 4 millis
2024-10-21 07:45:10,086 INFO [Clustering Tasks Thread-2] o.a.n.c.c.ClusterProtocolHeartbeater Heartbeat created at 2024-10-21 07:45:10,073 and sent to mynifi:8082 at 2024-10-21 07:45:10,086; send took 12 millis
2024-10-21 07:45:12,526 INFO [Heartbeat Monitor Thread-1] o.a.n.c.c.h.AbstractHeartbeatMonitor Finished processing 1 heartbeats in 35453 nanos
2024-10-21 07:45:14,440 INFO [pool-13-thread-1] o.a.n.c.r.WriteAheadFlowFileRepository Initiating checkpoint of FlowFile Repository
2024-10-21 07:45:14,441 INFO [pool-13-thread-1] o.a.n.c.r.WriteAheadFlowFileRepository Successfully checkpointed FlowFile Repository with 0 records in 0 milliseconds
2024-10-21 07:45:15,096 INFO [Process Cluster Protocol Request-6] o.a.n.c.p.impl.SocketProtocolListener Finished processing request 3ab6985a-d8b5-461b-af06-53f4273c51ec (type=HEARTBEAT, length=2235 bytes) from mynifi:8080 in 4 millis
2024-10-21 07:45:15,099 INFO [Clustering Tasks Thread-2] o.a.n.c.c.ClusterProtocolHeartbeater Heartbeat created at 2024-10-21 07:45:15,087 and sent to mynifi:8082 at 2024-10-21 07:45:15,099; send took 12 millis
2024-10-21 07:45:17,526 INFO [Heartbeat Monitor Thread-1] o.a.n.c.c.h.AbstractHeartbeatMonitor Finished processing 1 heartbeats in 13957 nanos
2024-10-21 07:45:20,109 INFO [Process Cluster Protocol Request-7] o.a.n.c.p.impl.SocketProtocolListener Finished processing request d4b1de3d-0da5-40f0-a4af-238fd2ce1d26 (type=HEARTBEAT, length=2235 bytes) from mynifi:8080 in 4 millis
2024-10-21 07:45:20,112 INFO [Clustering Tasks Thread-2] o.a.n.c.c.ClusterProtocolHeartbeater Heartbeat created at 2024-10-21 07:45:20,100 and sent to mynifi:8082 at 2024-10-21 07:45:20,112; send took 12 millis
2024-10-21 07:45:22,527 INFO [Heartbeat Monitor Thread-1] o.a.n.c.c.h.AbstractHeartbeatMonitor Finished processing 1 heartbeats in 57659 nanos
2024-10-21 07:45:25,122 INFO [Process Cluster Protocol Request-8] o.a.n.c.p.impl.SocketProtocolListener Finished processing request 2dcb89cb-886d-4cbf-b9a1-e92ccb79a682 (type=HEARTBEAT, length=2235 bytes) from mynifi:8080 in 4 millis
2024-10-21 07:45:25,126 INFO [Clustering Tasks Thread-2] o.a.n.c.c.ClusterProtocolHeartbeater Heartbeat created at 2024-10-21 07:45:25,113 and sent to mynifi:8082 at 2024-10-21 07:45:25,126; send took 12 millis
2024-10-21 07:45:27,527 INFO [Heartbeat Monitor Thread-1] o.a.n.c.c.h.AbstractHeartbeatMonitor Finished processing 1 heartbeats in 32526 nanos
2024-10-21 07:45:30,135 INFO [Process Cluster Protocol Request-9] o.a.n.c.p.impl.SocketProtocolListener Finished processing request c041fa3e-bc8e-4dc6-81aa-8626f01df8ce (type=HEARTBEAT, length=2235 bytes) from mynifi:8080 in 4 millis
2024-10-21 07:45:30,138 INFO [Clustering Tasks Thread-2] o.a.n.c.c.ClusterProtocolHeartbeater Heartbeat created at 2024-10-21 07:45:30,126 and sent to mynifi:8082 at 2024-10-21 07:45:30,138; send took 11 millis
2024-10-21 07:45:32,527 INFO [Heartbeat Monitor Thread-1] o.a.n.c.c.h.AbstractHeartbeatMonitor Finished processing 1 heartbeats in 33830 nanos
2024-10-21 07:45:34,441 INFO [pool-13-thread-1] o.a.n.c.r.WriteAheadFlowFileRepository Initiating checkpoint of FlowFile Repository
2024-10-21 07:45:34,441 INFO [pool-13-thread-1] o.a.n.c.r.WriteAheadFlowFileRepository Successfully checkpointed FlowFile Repository with 0 records in 0 milliseconds
2024-10-21 07:45:35,149 INFO [Process Cluster Protocol Request-10] o.a.n.c.p.impl.SocketProtocolListener Finished processing request 7275d84a-908a-4a01-9efc-f9a5bf5cfc4c (type=HEARTBEAT, length=2235 bytes) from mynifi:8080 in 4 millis
2024-10-21 07:45:35,153 INFO [Clustering Tasks Thread-2] o.a.n.c.c.ClusterProtocolHeartbeater Heartbeat created at 2024-10-21 07:45:35,139 and sent to mynifi:8082 at 2024-10-21 07:45:35,153; send took 13 millis
2024-10-21 07:45:37,528 INFO [Heartbeat Monitor Thread-1] o.a.n.c.c.h.AbstractHeartbeatMonitor Finished processing 1 heartbeats in 35622 nanos
2024-10-21 07:45:40,162 INFO [Process Cluster Protocol Request-1] o.a.n.c.p.impl.SocketProtocolListener Finished processing request 9370b5e6-4906-46e7-a98d-32d6627b08d5 (type=HEARTBEAT, length=2235 bytes) from mynifi:8080 in 4 millis
2024-10-21 07:45:40,166 INFO [Clustering Tasks Thread-2] o.a.n.c.c.ClusterProtocolHeartbeater Heartbeat created at 2024-10-21 07:45:40,154 and sent to mynifi:8082 at 2024-10-21 07:45:40,166; send took 11 millis
2024-10-21 07:45:41,307 INFO [Cleanup Archive for default] o.a.n.c.repository.FileSystemRepository Successfully deleted 0 files (0 bytes) from archive
2024-10-21 07:45:42,529 INFO [Heartbeat Monitor Thread-1] o.a.n.c.c.h.AbstractHeartbeatMonitor Finished processing 1 heartbeats in 34422 nanos
2024-10-21 07:45:45,175 INFO [Process Cluster Protocol Request-2] o.a.n.c.p.impl.SocketProtocolListener Finished processing request c328827f-09b8-4873-b697-9c4ddee8c8ba (type=HEARTBEAT, length=2235 bytes) from mynifi:8080 in 3 millis
2024-10-21 07:45:45,178 INFO [Clustering Tasks Thread-2] o.a.n.c.c.ClusterProtocolHeartbeater Heartbeat created at 2024-10-21 07:45:45,166 and sent to mynifi:8082 at 2024-10-21 07:45:45,178; send took 11 millis
2024-10-21 07:45:47,529 INFO [Heartbeat Monitor Thread-1] o.a.n.c.c.h.AbstractHeartbeatMonitor Finished processing 1 heartbeats in 52301 nanos
2024-10-21 07:45:50,187 INFO [Process Cluster Protocol Request-3] o.a.n.c.p.impl.SocketProtocolListener Finished processing request f244172a-10d6-4f57-ba30-f581e69dbcd5 (type=HEARTBEAT, length=2235 bytes) from mynifi:8080 in 4 millis
2024-10-21 07:45:50,191 INFO [Clustering Tasks Thread-2] o.a.n.c.c.ClusterProtocolHeartbeater Heartbeat created at 2024-10-21 07:45:50,179 and sent to mynifi:8082 at 2024-10-21 07:45:50,191; send took 11 millis
2024-10-21 07:45:52,529 INFO [Heartbeat Monitor Thread-1] o.a.n.c.c.h.AbstractHeartbeatMonitor Finished processing 1 heartbeats in 35865 nanos
2024-10-21 07:45:54,442 INFO [pool-13-thread-1] o.a.n.c.r.WriteAheadFlowFileRepository Initiating checkpoint of FlowFile Repository
2024-10-21 07:45:54,442 INFO [pool-13-thread-1] o.a.n.c.r.WriteAheadFlowFileRepository Successfully checkpointed FlowFile Repository with 0 records in 0 milliseconds
2024-10-21 07:45:55,195 INFO [Process Cluster Protocol Request-4] o.a.n.c.p.impl.SocketProtocolListener Finished processing request cc5f90e3-fe4c-4461-a5ec-d6bd2e5533fb (type=HEARTBEAT, length=2235 bytes) from mynifi:8080 in 1 millis
2024-10-21 07:45:55,196 INFO [Clustering Tasks Thread-2] o.a.n.c.c.ClusterProtocolHeartbeater Heartbeat created at 2024-10-21 07:45:55,191 and sent to mynifi:8082 at 2024-10-21 07:45:55,196; send took 5 millis
2024-10-21 07:45:57,530 INFO [Heartbeat Monitor Thread-1] o.a.n.c.c.h.AbstractHeartbeatMonitor Finished processing 1 heartbeats in 25852 nanos
2024-10-21 07:46:00,200 INFO [Process Cluster Protocol Request-5] o.a.n.c.p.impl.SocketProtocolListener Finished processing request e0c1b0e1-53e0-4408-8cd1-fca4d4954b9d (type=HEARTBEAT, length=2235 bytes) from mynifi:8080 in 1 millis
2024-10-21 07:46:00,201 INFO [Clustering Tasks Thread-2] o.a.n.c.c.ClusterProtocolHeartbeater Heartbeat created at 2024-10-21 07:46:00,197 and sent to mynifi:8082 at 2024-10-21 07:46:00,201; send took 3 millis
2024-10-21 07:46:02,530 INFO [Heartbeat Monitor Thread-1] o.a.n.c.c.h.AbstractHeartbeatMonitor Finished processing 1 heartbeats in 36534 nanos
2024-10-21 07:46:05,204 INFO [Process Cluster Protocol Request-6] o.a.n.c.p.impl.SocketProtocolListener Finished processing request ae8940fb-d1c2-40da-80aa-a03fc6ddabd1 (type=HEARTBEAT, length=2235 bytes) from mynifi:8080 in 1 millis
2024-10-21 07:46:05,206 INFO [Clustering Tasks Thread-2] o.a.n.c.c.ClusterProtocolHeartbeater Heartbeat created at 2024-10-21 07:46:05,201 and sent to mynifi:8082 at 2024-10-21 07:46:05,206; send took 4 millis
2024-10-21 07:46:07,531 INFO [Heartbeat Monitor Thread-1] o.a.n.c.c.h.AbstractHeartbeatMonitor Finished processing 1 heartbeats in 34782 nanos
2024-10-21 07:46:10,215 INFO [Process Cluster Protocol Request-7] o.a.n.c.p.impl.SocketProtocolListener Finished processing request 7d7aa24c-6392-4422-b614-1e00f1550980 (type=HEARTBEAT, length=2235 bytes) from mynifi:8080 in 4 millis
2024-10-21 07:46:10,218 INFO [Clustering Tasks Thread-2] o.a.n.c.c.ClusterProtocolHeartbeater Heartbeat created at 2024-10-21 07:46:10,206 and sent to mynifi:8082 at 2024-10-21 07:46:10,218; send took 11 millis
2024-10-21 07:46:12,532 INFO [Heartbeat Monitor Thread-1] o.a.n.c.c.h.AbstractHeartbeatMonitor Finished processing 1 heartbeats in 64326 nanos
2024-10-21 07:46:14,442 INFO [pool-13-thread-1] o.a.n.c.r.WriteAheadFlowFileRepository Initiating checkpoint of FlowFile Repository
2024-10-21 07:46:14,442 INFO [pool-13-thread-1] o.a.n.c.r.WriteAheadFlowFileRepository Successfully checkpointed FlowFile Repository with 0 records in 0 milliseconds
2024-10-21 07:46:15,228 INFO [Process Cluster Protocol Request-8] o.a.n.c.p.impl.SocketProtocolListener Finished processing request efe7592b-948a-4c65-a39e-938ab22a9f1b (type=HEARTBEAT, length=2235 bytes) from mynifi:8080 in 4 millis
2024-10-21 07:46:15,232 INFO [Clustering Tasks Thread-2] o.a.n.c.c.ClusterProtocolHeartbeater Heartbeat created at 2024-10-21 07:46:15,219 and sent to mynifi:8082 at 2024-10-21 07:46:15,232; send took 13 millis
2024-10-21 07:46:17,532 INFO [Heartbeat Monitor Thread-1] o.a.n.c.c.h.AbstractHeartbeatMonitor Finished processing 1 heartbeats in 48910 nanos
2024-10-21 07:46:20,236 INFO [Process Cluster Protocol Request-9] o.a.n.c.p.impl.SocketProtocolListener Finished processing request 253c89ee-cd91-40bf-bf8d-8d9eadb3d299 (type=HEARTBEAT, length=2235 bytes) from mynifi:8080 in 1 millis
2024-10-21 07:46:20,237 INFO [Clustering Tasks Thread-2] o.a.n.c.c.ClusterProtocolHeartbeater Heartbeat created at 2024-10-21 07:46:20,233 and sent to mynifi:8082 at 2024-10-21 07:46:20,237; send took 4 millis
2024-10-21 07:46:22,533 INFO [Heartbeat Monitor Thread-1] o.a.n.c.c.h.AbstractHeartbeatMonitor Finished processing 1 heartbeats in 34271 nanos
2024-10-21 07:46:25,242 INFO [Process Cluster Protocol Request-10] o.a.n.c.p.impl.SocketProtocolListener Finished processing request 286c557d-0cf0-4315-befe-64e2e13a743c (type=HEARTBEAT, length=2235 bytes) from mynifi:8080 in 1 millis
2024-10-21 07:46:25,244 INFO [Clustering Tasks Thread-2] o.a.n.c.c.ClusterProtocolHeartbeater Heartbeat created at 2024-10-21 07:46:25,238 and sent to mynifi:8082 at 2024-10-21 07:46:25,244; send took 6 millis
2024-10-21 07:46:27,533 INFO [Heartbeat Monitor Thread-1] o.a.n.c.c.h.AbstractHeartbeatMonitor Finished processing 1 heartbeats in 32333 nanos
2024-10-21 07:46:30,247 INFO [Process Cluster Protocol Request-1] o.a.n.c.p.impl.SocketProtocolListener Finished processing request e9c00b0c-444e-42cc-b667-e3b87fc2a6b9 (type=HEARTBEAT, length=2235 bytes) from mynifi:8080 in 1 millis
2024-10-21 07:46:30,249 INFO [Clustering Tasks Thread-2] o.a.n.c.c.ClusterProtocolHeartbeater Heartbeat created at 2024-10-21 07:46:30,244 and sent to mynifi:8082 at 2024-10-21 07:46:30,249; send took 4 millis
2024-10-21 07:46:32,534 INFO [Heartbeat Monitor Thread-1] o.a.n.c.c.h.AbstractHeartbeatMonitor Finished processing 1 heartbeats in 48927 nanos
2024-10-21 07:46:34,443 INFO [pool-13-thread-1] o.a.n.c.r.WriteAheadFlowFileRepository Initiating checkpoint of FlowFile Repository
2024-10-21 07:46:34,443 INFO [pool-13-thread-1] o.a.n.c.r.WriteAheadFlowFileRepository Successfully checkpointed FlowFile Repository with 0 records in 0 milliseconds
2024-10-21 07:46:35,258 INFO [Process Cluster Protocol Request-2] o.a.n.c.p.impl.SocketProtocolListener Finished processing request e1c6b7f5-71a2-44d1-b10b-04da985de062 (type=HEARTBEAT, length=2235 bytes) from mynifi:8080 in 3 millis
2024-10-21 07:46:35,261 INFO [Clustering Tasks Thread-2] o.a.n.c.c.ClusterProtocolHeartbeater Heartbeat created at 2024-10-21 07:46:35,249 and sent to mynifi:8082 at 2024-10-21 07:46:35,261; send took 11 millis
2024-10-21 07:46:37,534 INFO [Heartbeat Monitor Thread-1] o.a.n.c.c.h.AbstractHeartbeatMonitor Finished processing 1 heartbeats in 103450 nanos
2024-10-21 07:46:40,271 INFO [Process Cluster Protocol Request-3] o.a.n.c.p.impl.SocketProtocolListener Finished processing request c17c1d6c-0a44-46ab-ba63-8c8651df28e6 (type=HEARTBEAT, length=2235 bytes) from mynifi:8080 in 3 millis
2024-10-21 07:46:40,274 INFO [Clustering Tasks Thread-2] o.a.n.c.c.ClusterProtocolHeartbeater Heartbeat created at 2024-10-21 07:46:40,262 and sent to mynifi:8082 at 2024-10-21 07:46:40,274; send took 12 millis
2024-10-21 07:46:40,715 INFO [Write-Ahead Local State Provider Maintenance] org.wali.MinimalLockingWriteAheadLog org.wali.MinimalLockingWriteAheadLog@5de25642 checkpointed with 3 Records and 0 Swap Files in 4 milliseconds (Stop-the-world time = 1 milliseconds, Clear Edit Logs time = 1 millis), max Transaction ID 17
2024-10-21 07:46:41,315 INFO [Cleanup Archive for default] o.a.n.c.repository.FileSystemRepository Successfully deleted 0 files (0 bytes) from archive
2024-10-21 07:46:42,535 INFO [Heartbeat Monitor Thread-1] o.a.n.c.c.h.AbstractHeartbeatMonitor Finished processing 1 heartbeats in 33699 nanos
2024-10-21 07:46:45,283 INFO [Process Cluster Protocol Request-4] o.a.n.c.p.impl.SocketProtocolListener Finished processing request f2ea8d86-9ac0-48c3-b091-0c220c79f701 (type=HEARTBEAT, length=2235 bytes) from mynifi:8080 in 3 millis
2024-10-21 07:46:45,286 INFO [Clustering Tasks Thread-2] o.a.n.c.c.ClusterProtocolHeartbeater Heartbeat created at 2024-10-21 07:46:45,275 and sent to mynifi:8082 at 2024-10-21 07:46:45,286; send took 11 millis
2024-10-21 07:46:47,535 INFO [Heartbeat Monitor Thread-1] o.a.n.c.c.h.AbstractHeartbeatMonitor Finished processing 1 heartbeats in 33945 nanos
2024-10-21 07:46:50,295 INFO [Process Cluster Protocol Request-5] o.a.n.c.p.impl.SocketProtocolListener Finished processing request 610492e3-436a-4d03-b370-71535d71a2ad (type=HEARTBEAT, length=2235 bytes) from mynifi:8080 in 3 millis
2024-10-21 07:46:50,298 INFO [Clustering Tasks Thread-2] o.a.n.c.c.ClusterProtocolHeartbeater Heartbeat created at 2024-10-21 07:46:50,287 and sent to mynifi:8082 at 2024-10-21 07:46:50,298; send took 10 millis
2024-10-21 07:46:52,536 INFO [Heartbeat Monitor Thread-1] o.a.n.c.c.h.AbstractHeartbeatMonitor Finished processing 1 heartbeats in 32592 nanos
2024-10-21 07:46:54,443 INFO [pool-13-thread-1] o.a.n.c.r.WriteAheadFlowFileRepository Initiating checkpoint of FlowFile Repository
2024-10-21 07:46:54,443 INFO [pool-13-thread-1] o.a.n.c.r.WriteAheadFlowFileRepository Successfully checkpointed FlowFile Repository with 0 records in 0 milliseconds
2024-10-21 07:46:55,307 INFO [Process Cluster Protocol Request-6] o.a.n.c.p.impl.SocketProtocolListener Finished processing request 79c9236a-69c1-4f45-bcbc-7a06c7a0adad (type=HEARTBEAT, length=2235 bytes) from mynifi:8080 in 3 millis
2024-10-21 07:46:55,310 INFO [Clustering Tasks Thread-2] o.a.n.c.c.ClusterProtocolHeartbeater Heartbeat created at 2024-10-21 07:46:55,299 and sent to mynifi:8082 at 2024-10-21 07:46:55,310; send took 10 millis
2024-10-21 07:46:57,536 INFO [Heartbeat Monitor Thread-1] o.a.n.c.c.h.AbstractHeartbeatMonitor Finished processing 1 heartbeats in 33142 nanos
2024-10-21 07:47:00,319 INFO [Process Cluster Protocol Request-7] o.a.n.c.p.impl.SocketProtocolListener Finished processing request fc967095-968c-488b-9786-e26528610c56 (type=HEARTBEAT, length=2235 bytes) from mynifi:8080 in 3 millis
2024-10-21 07:47:00,322 INFO [Clustering Tasks Thread-2] o.a.n.c.c.ClusterProtocolHeartbeater Heartbeat created at 2024-10-21 07:47:00,311 and sent to mynifi:8082 at 2024-10-21 07:47:00,322; send took 11 millis
2024-10-21 07:47:02,537 INFO [Heartbeat Monitor Thread-1] o.a.n.c.c.h.AbstractHeartbeatMonitor Finished processing 1 heartbeats in 12976 nanos
2024-10-21 07:47:05,325 INFO [Process Cluster Protocol Request-8] o.a.n.c.p.impl.SocketProtocolListener Finished processing request 77902e4f-f5db-4cfa-9cbf-9c929c64d359 (type=HEARTBEAT, length=2235 bytes) from mynifi:8080 in 1 millis
2024-10-21 07:47:05,326 INFO [Clustering Tasks Thread-2] o.a.n.c.c.ClusterProtocolHeartbeater Heartbeat created at 2024-10-21 07:47:05,322 and sent to mynifi:8082 at 2024-10-21 07:47:05,326; send took 3 millis
2024-10-21 07:47:07,537 INFO [Heartbeat Monitor Thread-1] o.a.n.c.c.h.AbstractHeartbeatMonitor Finished processing 1 heartbeats in 14957 nanos
2024-10-21 07:47:10,329 INFO [Process Cluster Protocol Request-9] o.a.n.c.p.impl.SocketProtocolListener Finished processing request 9b97dabb-cc3f-46d7-b39c-a6fa2ab00d7b (type=HEARTBEAT, length=2235 bytes) from mynifi:8080 in 1 millis
2024-10-21 07:47:10,330 INFO [Clustering Tasks Thread-2] o.a.n.c.c.ClusterProtocolHeartbeater Heartbeat created at 2024-10-21 07:47:10,326 and sent to mynifi:8082 at 2024-10-21 07:47:10,330; send took 3 millis
2024-10-21 07:47:12,537 INFO [Heartbeat Monitor Thread-1] o.a.n.c.c.h.AbstractHeartbeatMonitor Finished processing 1 heartbeats in 16028 nanos
2024-10-21 07:47:14,444 INFO [pool-13-thread-1] o.a.n.c.r.WriteAheadFlowFileRepository Initiating checkpoint of FlowFile Repository
2024-10-21 07:47:14,444 INFO [pool-13-thread-1] o.a.n.c.r.WriteAheadFlowFileRepository Successfully checkpointed FlowFile Repository with 0 records in 0 milliseconds
2024-10-21 07:47:15,335 INFO [Process Cluster Protocol Request-10] o.a.n.c.p.impl.SocketProtocolListener Finished processing request c01cbb05-8817-43be-90ee-b8582176358f (type=HEARTBEAT, length=2235 bytes) from mynifi:8080 in 2 millis
2024-10-21 07:47:15,337 INFO [Clustering Tasks Thread-2] o.a.n.c.c.ClusterProtocolHeartbeater Heartbeat created at 2024-10-21 07:47:15,331 and sent to mynifi:8082 at 2024-10-21 07:47:15,337; send took 6 millis
2024-10-21 07:47:17,538 INFO [Heartbeat Monitor Thread-1] o.a.n.c.c.h.AbstractHeartbeatMonitor Finished processing 1 heartbeats in 13234 nanos
2024-10-21 07:47:20,340 INFO [Process Cluster Protocol Request-1] o.a.n.c.p.impl.SocketProtocolListener Finished processing request 02136b5f-e507-48b8-8109-c60d721374ca (type=HEARTBEAT, length=2235 bytes) from mynifi:8080 in 1 millis
2024-10-21 07:47:20,341 INFO [Clustering Tasks Thread-2] o.a.n.c.c.ClusterProtocolHeartbeater Heartbeat created at 2024-10-21 07:47:20,337 and sent to mynifi:8082 at 2024-10-21 07:47:20,341; send took 3 millis
2024-10-21 07:47:22,538 INFO [Heartbeat Monitor Thread-1] o.a.n.c.c.h.AbstractHeartbeatMonitor Finished processing 1 heartbeats in 12071 nanos
2024-10-21 07:47:25,344 INFO [Process Cluster Protocol Request-2] o.a.n.c.p.impl.SocketProtocolListener Finished processing request 78609c48-6f89-4c8d-a778-5b02959cc838 (type=HEARTBEAT, length=2235 bytes) from mynifi:8080 in 1 millis
2024-10-21 07:47:25,345 INFO [Clustering Tasks Thread-2] o.a.n.c.c.ClusterProtocolHeartbeater Heartbeat created at 2024-10-21 07:47:25,341 and sent to mynifi:8082 at 2024-10-21 07:47:25,345; send took 3 millis
2024-10-21 07:47:27,538 INFO [Heartbeat Monitor Thread-1] o.a.n.c.c.h.AbstractHeartbeatMonitor Finished processing 1 heartbeats in 16175 nanos
2024-10-21 07:47:30,348 INFO [Process Cluster Protocol Request-3] o.a.n.c.p.impl.SocketProtocolListener Finished processing request dbf72676-78c3-4921-8592-c0072d0a1565 (type=HEARTBEAT, length=2235 bytes) from mynifi:8080 in 1 millis
2024-10-21 07:47:30,349 INFO [Clustering Tasks Thread-2] o.a.n.c.c.ClusterProtocolHeartbeater Heartbeat created at 2024-10-21 07:47:30,345 and sent to mynifi:8082 at 2024-10-21 07:47:30,349; send took 3 millis
2024-10-21 07:47:32,538 INFO [Heartbeat Monitor Thread-1] o.a.n.c.c.h.AbstractHeartbeatMonitor Finished processing 1 heartbeats in 12026 nanos
2024-10-21 07:47:34,444 INFO [pool-13-thread-1] o.a.n.c.r.WriteAheadFlowFileRepository Initiating checkpoint of FlowFile Repository
2024-10-21 07:47:34,444 INFO [pool-13-thread-1] o.a.n.c.r.WriteAheadFlowFileRepository Successfully checkpointed FlowFile Repository with 0 records in 0 milliseconds
2024-10-21 07:47:35,352 INFO [Process Cluster Protocol Request-4] o.a.n.c.p.impl.SocketProtocolListener Finished processing request 15b36311-e76b-4688-9473-a39b904886e6 (type=HEARTBEAT, length=2235 bytes) from mynifi:8080 in 1 millis
2024-10-21 07:47:35,352 INFO [Clustering Tasks Thread-2] o.a.n.c.c.ClusterProtocolHeartbeater Heartbeat created at 2024-10-21 07:47:35,349 and sent to mynifi:8082 at 2024-10-21 07:47:35,352; send took 3 millis
2024-10-21 07:47:37,539 INFO [Heartbeat Monitor Thread-1] o.a.n.c.c.h.AbstractHeartbeatMonitor Finished processing 1 heartbeats in 13844 nanos
2024-10-21 07:47:40,355 INFO [Process Cluster Protocol Request-5] o.a.n.c.p.impl.SocketProtocolListener Finished processing request 07e8ad2e-f3de-4c48-85fa-d6d1949f9385 (type=HEARTBEAT, length=2235 bytes) from mynifi:8080 in 1 millis
2024-10-21 07:47:40,356 INFO [Clustering Tasks Thread-2] o.a.n.c.c.ClusterProtocolHeartbeater Heartbeat created at 2024-10-21 07:47:40,353 and sent to mynifi:8082 at 2024-10-21 07:47:40,356; send took 3 millis
2024-10-21 07:47:41,324 INFO [Cleanup Archive for default] o.a.n.c.repository.FileSystemRepository Successfully deleted 0 files (0 bytes) from archive
2024-10-21 07:47:42,539 INFO [Heartbeat Monitor Thread-1] o.a.n.c.c.h.AbstractHeartbeatMonitor Finished processing 1 heartbeats in 14832 nanos
2024-10-21 07:47:45,359 INFO [Process Cluster Protocol Request-6] o.a.n.c.p.impl.SocketProtocolListener Finished processing request 7eac9c74-30c1-4d03-b5e2-f9c518dd1176 (type=HEARTBEAT, length=2235 bytes) from mynifi:8080 in 1 millis
2024-10-21 07:47:45,360 INFO [Clustering Tasks Thread-2] o.a.n.c.c.ClusterProtocolHeartbeater Heartbeat created at 2024-10-21 07:47:45,357 and sent to mynifi:8082 at 2024-10-21 07:47:45,360; send took 2 millis
2024-10-21 07:47:47,539 INFO [Heartbeat Monitor Thread-1] o.a.n.c.c.h.AbstractHeartbeatMonitor Finished processing 1 heartbeats in 32764 nanos
2024-10-21 07:47:50,368 INFO [Process Cluster Protocol Request-7] o.a.n.c.p.impl.SocketProtocolListener Finished processing request 6f1a220b-ba52-4b00-8451-7157a50b333e (type=HEARTBEAT, length=2235 bytes) from mynifi:8080 in 3 millis
2024-10-21 07:47:50,371 INFO [Clustering Tasks Thread-2] o.a.n.c.c.ClusterProtocolHeartbeater Heartbeat created at 2024-10-21 07:47:50,360 and sent to mynifi:8082 at 2024-10-21 07:47:50,371; send took 10 millis
2024-10-21 07:47:52,540 INFO [Heartbeat Monitor Thread-1] o.a.n.c.c.h.AbstractHeartbeatMonitor Finished processing 1 heartbeats in 52630 nanos
2024-10-21 07:47:54,444 INFO [pool-13-thread-1] o.a.n.c.r.WriteAheadFlowFileRepository Initiating checkpoint of FlowFile Repository
2024-10-21 07:47:54,444 INFO [pool-13-thread-1] o.a.n.c.r.WriteAheadFlowFileRepository Successfully checkpointed FlowFile Repository with 0 records in 0 milliseconds
2024-10-21 07:47:55,380 INFO [Process Cluster Protocol Request-8] o.a.n.c.p.impl.SocketProtocolListener Finished processing request 1b758aed-19bb-42c0-8f99-551d40743f97 (type=HEARTBEAT, length=2235 bytes) from mynifi:8080 in 3 millis
2024-10-21 07:47:55,383 INFO [Clustering Tasks Thread-2] o.a.n.c.c.ClusterProtocolHeartbeater Heartbeat created at 2024-10-21 07:47:55,372 and sent to mynifi:8082 at 2024-10-21 07:47:55,383; send took 10 millis
2024-10-21 07:47:57,540 INFO [Heartbeat Monitor Thread-1] o.a.n.c.c.h.AbstractHeartbeatMonitor Finished processing 1 heartbeats in 21607 nanos
2024-10-21 07:48:00,385 INFO [Process Cluster Protocol Request-9] o.a.n.c.p.impl.SocketProtocolListener Finished processing request 2159678f-957a-4832-83d4-029db436ccbd (type=HEARTBEAT, length=2235 bytes) from mynifi:8080 in 933227 nanos
2024-10-21 07:48:00,386 INFO [Clustering Tasks Thread-2] o.a.n.c.c.ClusterProtocolHeartbeater Heartbeat created at 2024-10-21 07:48:00,383 and sent to mynifi:8082 at 2024-10-21 07:48:00,386; send took 2 millis
2024-10-21 07:48:02,541 INFO [Heartbeat Monitor Thread-1] o.a.n.c.c.h.AbstractHeartbeatMonitor Finished processing 1 heartbeats in 28744 nanos
2024-10-21 07:48:05,389 INFO [Process Cluster Protocol Request-10] o.a.n.c.p.impl.SocketProtocolListener Finished processing request 3e9d0971-93c0-4af1-8dca-28a80c6bc92a (type=HEARTBEAT, length=2235 bytes) from mynifi:8080 in 1 millis
2024-10-21 07:48:05,389 INFO [Clustering Tasks Thread-2] o.a.n.c.c.ClusterProtocolHeartbeater Heartbeat created at 2024-10-21 07:48:05,386 and sent to mynifi:8082 at 2024-10-21 07:48:05,389; send took 2 millis
2024-10-21 07:48:07,541 INFO [Heartbeat Monitor Thread-1] o.a.n.c.c.h.AbstractHeartbeatMonitor Finished processing 1 heartbeats in 19769 nanos
2024-10-21 07:48:10,398 INFO [Process Cluster Protocol Request-1] o.a.n.c.p.impl.SocketProtocolListener Finished processing request 4831b91c-bd46-497f-b37a-d3e53c88b075 (type=HEARTBEAT, length=2235 bytes) from mynifi:8080 in 3 millis
2024-10-21 07:48:10,401 INFO [Clustering Tasks Thread-2] o.a.n.c.c.ClusterProtocolHeartbeater Heartbeat created at 2024-10-21 07:48:10,390 and sent to mynifi:8082 at 2024-10-21 07:48:10,401; send took 10 millis
2024-10-21 07:48:12,541 INFO [Heartbeat Monitor Thread-1] o.a.n.c.c.h.AbstractHeartbeatMonitor Finished processing 1 heartbeats in 34160 nanos
2024-10-21 07:48:14,445 INFO [pool-13-thread-1] o.a.n.c.r.WriteAheadFlowFileRepository Initiating checkpoint of FlowFile Repository
2024-10-21 07:48:14,445 INFO [pool-13-thread-1] o.a.n.c.r.WriteAheadFlowFileRepository Successfully checkpointed FlowFile Repository with 0 records in 0 milliseconds
2024-10-21 07:48:15,404 INFO [Process Cluster Protocol Request-2] o.a.n.c.p.impl.SocketProtocolListener Finished processing request dd662872-3149-42fe-9fd5-c8b60796e7bb (type=HEARTBEAT, length=2235 bytes) from mynifi:8080 in 1 millis
2024-10-21 07:48:15,405 INFO [Clustering Tasks Thread-2] o.a.n.c.c.ClusterProtocolHeartbeater Heartbeat created at 2024-10-21 07:48:15,401 and sent to mynifi:8082 at 2024-10-21 07:48:15,405; send took 3 millis
2024-10-21 07:48:17,542 INFO [Heartbeat Monitor Thread-1] o.a.n.c.c.h.AbstractHeartbeatMonitor Finished processing 1 heartbeats in 13371 nanos
2024-10-21 07:48:20,413 INFO [Process Cluster Protocol Request-3] o.a.n.c.p.impl.SocketProtocolListener Finished processing request 115c4a83-dea6-4e36-a01e-fcf8297a74c0 (type=HEARTBEAT, length=2235 bytes) from mynifi:8080 in 3 millis
2024-10-21 07:48:20,416 INFO [Clustering Tasks Thread-2] o.a.n.c.c.ClusterProtocolHeartbeater Heartbeat created at 2024-10-21 07:48:20,405 and sent to mynifi:8082 at 2024-10-21 07:48:20,416; send took 10 millis
2024-10-21 07:48:22,542 INFO [Heartbeat Monitor Thread-1] o.a.n.c.c.h.AbstractHeartbeatMonitor Finished processing 1 heartbeats in 34200 nanos
2024-10-21 07:48:25,419 INFO [Process Cluster Protocol Request-4] o.a.n.c.p.impl.SocketProtocolListener Finished processing request 4b225bc9-edca-4ab3-bfdd-0202ed8a5c46 (type=HEARTBEAT, length=2235 bytes) from mynifi:8080 in 1 millis
2024-10-21 07:48:25,420 INFO [Clustering Tasks Thread-2] o.a.n.c.c.ClusterProtocolHeartbeater Heartbeat created at 2024-10-21 07:48:25,416 and sent to mynifi:8082 at 2024-10-21 07:48:25,420; send took 3 millis
2024-10-21 07:48:27,543 INFO [Heartbeat Monitor Thread-1] o.a.n.c.c.h.AbstractHeartbeatMonitor Finished processing 1 heartbeats in 38548 nanos
2024-10-21 07:48:30,424 INFO [Process Cluster Protocol Request-5] o.a.n.c.p.impl.SocketProtocolListener Finished processing request fdddae8e-4352-4c09-94fd-1775ed1bb94e (type=HEARTBEAT, length=2235 bytes) from mynifi:8080 in 1 millis
2024-10-21 07:48:30,426 INFO [Clustering Tasks Thread-2] o.a.n.c.c.ClusterProtocolHeartbeater Heartbeat created at 2024-10-21 07:48:30,420 and sent to mynifi:8082 at 2024-10-21 07:48:30,426; send took 5 millis
2024-10-21 07:48:32,543 INFO [Heartbeat Monitor Thread-1] o.a.n.c.c.h.AbstractHeartbeatMonitor Finished processing 1 heartbeats in 14057 nanos
2024-10-21 07:48:34,445 INFO [pool-13-thread-1] o.a.n.c.r.WriteAheadFlowFileRepository Initiating checkpoint of FlowFile Repository
2024-10-21 07:48:34,445 INFO [pool-13-thread-1] o.a.n.c.r.WriteAheadFlowFileRepository Successfully checkpointed FlowFile Repository with 0 records in 0 milliseconds
2024-10-21 07:48:35,428 INFO [Process Cluster Protocol Request-6] o.a.n.c.p.impl.SocketProtocolListener Finished processing request 22f78f4a-297f-48df-9d01-b35a893bef26 (type=HEARTBEAT, length=2235 bytes) from mynifi:8080 in 950078 nanos
2024-10-21 07:48:35,429 INFO [Clustering Tasks Thread-2] o.a.n.c.c.ClusterProtocolHeartbeater Heartbeat created at 2024-10-21 07:48:35,426 and sent to mynifi:8082 at 2024-10-21 07:48:35,429; send took 2 millis
2024-10-21 07:48:37,544 INFO [Heartbeat Monitor Thread-1] o.a.n.c.c.h.AbstractHeartbeatMonitor Finished processing 1 heartbeats in 12252 nanos
2024-10-21 07:48:40,437 INFO [Process Cluster Protocol Request-7] o.a.n.c.p.impl.SocketProtocolListener Finished processing request 67453341-f86d-413e-b0e1-5e40f83236fd (type=HEARTBEAT, length=2235 bytes) from mynifi:8080 in 3 millis
2024-10-21 07:48:40,440 INFO [Clustering Tasks Thread-2] o.a.n.c.c.ClusterProtocolHeartbeater Heartbeat created at 2024-10-21 07:48:40,429 and sent to mynifi:8082 at 2024-10-21 07:48:40,440; send took 10 millis
2024-10-21 07:48:40,726 INFO [Write-Ahead Local State Provider Maintenance] org.wali.MinimalLockingWriteAheadLog org.wali.MinimalLockingWriteAheadLog@5de25642 checkpointed with 3 Records and 0 Swap Files in 11 milliseconds (Stop-the-world time = 4 milliseconds, Clear Edit Logs time = 4 millis), max Transaction ID 17
2024-10-21 07:48:41,360 INFO [Cleanup Archive for default] o.a.n.c.repository.FileSystemRepository Successfully deleted 0 files (0 bytes) from archive
2024-10-21 07:48:42,544 INFO [Heartbeat Monitor Thread-1] o.a.n.c.c.h.AbstractHeartbeatMonitor Finished processing 1 heartbeats in 37737 nanos
2024-10-21 07:48:45,449 INFO [Process Cluster Protocol Request-8] o.a.n.c.p.impl.SocketProtocolListener Finished processing request f697541c-70bf-4b26-a35f-16391d7048ca (type=HEARTBEAT, length=2235 bytes) from mynifi:8080 in 3 millis
2024-10-21 07:48:45,452 INFO [Clustering Tasks Thread-2] o.a.n.c.c.ClusterProtocolHeartbeater Heartbeat created at 2024-10-21 07:48:45,441 and sent to mynifi:8082 at 2024-10-21 07:48:45,452; send took 11 millis
2024-10-21 07:48:47,544 INFO [Heartbeat Monitor Thread-1] o.a.n.c.c.h.AbstractHeartbeatMonitor Finished processing 1 heartbeats in 24433 nanos
2024-10-21 07:48:50,461 INFO [Process Cluster Protocol Request-9] o.a.n.c.p.impl.SocketProtocolListener Finished processing request 6c8338a4-9429-4112-a417-03d4de23d5a1 (type=HEARTBEAT, length=2235 bytes) from mynifi:8080 in 3 millis
2024-10-21 07:48:50,464 INFO [Clustering Tasks Thread-2] o.a.n.c.c.ClusterProtocolHeartbeater Heartbeat created at 2024-10-21 07:48:50,453 and sent to mynifi:8082 at 2024-10-21 07:48:50,464; send took 11 millis
2024-10-21 07:48:52,545 INFO [Heartbeat Monitor Thread-1] o.a.n.c.c.h.AbstractHeartbeatMonitor Finished processing 1 heartbeats in 34153 nanos
2024-10-21 07:48:54,446 INFO [pool-13-thread-1] o.a.n.c.r.WriteAheadFlowFileRepository Initiating checkpoint of FlowFile Repository
2024-10-21 07:48:54,446 INFO [pool-13-thread-1] o.a.n.c.r.WriteAheadFlowFileRepository Successfully checkpointed FlowFile Repository with 0 records in 0 milliseconds
2024-10-21 07:48:55,474 INFO [Process Cluster Protocol Request-10] o.a.n.c.p.impl.SocketProtocolListener Finished processing request fe5ef1fa-c56a-4ff9-9876-d1113610da62 (type=HEARTBEAT, length=2235 bytes) from mynifi:8080 in 4 millis
2024-10-21 07:48:55,477 INFO [Clustering Tasks Thread-2] o.a.n.c.c.ClusterProtocolHeartbeater Heartbeat created at 2024-10-21 07:48:55,465 and sent to mynifi:8082 at 2024-10-21 07:48:55,477; send took 12 millis
2024-10-21 07:48:57,545 INFO [Heartbeat Monitor Thread-1] o.a.n.c.c.h.AbstractHeartbeatMonitor Finished processing 1 heartbeats in 35823 nanos
2024-10-21 07:49:00,486 INFO [Process Cluster Protocol Request-1] o.a.n.c.p.impl.SocketProtocolListener Finished processing request b4e3c14a-ae60-40ab-bc51-b0ef27198d49 (type=HEARTBEAT, length=2235 bytes) from mynifi:8080 in 3 millis
2024-10-21 07:49:00,489 INFO [Clustering Tasks Thread-2] o.a.n.c.c.ClusterProtocolHeartbeater Heartbeat created at 2024-10-21 07:49:00,478 and sent to mynifi:8082 at 2024-10-21 07:49:00,489; send took 10 millis
2024-10-21 07:49:02,546 INFO [Heartbeat Monitor Thread-1] o.a.n.c.c.h.AbstractHeartbeatMonitor Finished processing 1 heartbeats in 34781 nanos
2024-10-21 07:49:05,492 INFO [Process Cluster Protocol Request-2] o.a.n.c.p.impl.SocketProtocolListener Finished processing request 8364a651-fc74-4ca2-9b70-b27699782d05 (type=HEARTBEAT, length=2235 bytes) from mynifi:8080 in 1 millis
2024-10-21 07:49:05,493 INFO [Clustering Tasks Thread-2] o.a.n.c.c.ClusterProtocolHeartbeater Heartbeat created at 2024-10-21 07:49:05,489 and sent to mynifi:8082 at 2024-10-21 07:49:05,493; send took 3 millis
2024-10-21 07:49:07,546 INFO [Heartbeat Monitor Thread-1] o.a.n.c.c.h.AbstractHeartbeatMonitor Finished processing 1 heartbeats in 12547 nanos
2024-10-21 07:49:10,501 INFO [Process Cluster Protocol Request-3] o.a.n.c.p.impl.SocketProtocolListener Finished processing request 11e3a898-c38a-4901-96a3-f218b7bf0f3a (type=HEARTBEAT, length=2235 bytes) from mynifi:8080 in 3 millis
2024-10-21 07:49:10,505 INFO [Clustering Tasks Thread-2] o.a.n.c.c.ClusterProtocolHeartbeater Heartbeat created at 2024-10-21 07:49:10,494 and sent to mynifi:8082 at 2024-10-21 07:49:10,505; send took 10 millis
2024-10-21 07:49:12,547 INFO [Heartbeat Monitor Thread-1] o.a.n.c.c.h.AbstractHeartbeatMonitor Finished processing 1 heartbeats in 35137 nanos
2024-10-21 07:49:14,446 INFO [pool-13-thread-1] o.a.n.c.r.WriteAheadFlowFileRepository Initiating checkpoint of FlowFile Repository
2024-10-21 07:49:14,446 INFO [pool-13-thread-1] o.a.n.c.r.WriteAheadFlowFileRepository Successfully checkpointed FlowFile Repository with 0 records in 0 milliseconds
2024-10-21 07:49:15,514 INFO [Process Cluster Protocol Request-4] o.a.n.c.p.impl.SocketProtocolListener Finished processing request 62cb2941-1bde-4b99-9b75-59322f75fc4f (type=HEARTBEAT, length=2235 bytes) from mynifi:8080 in 3 millis
2024-10-21 07:49:15,517 INFO [Clustering Tasks Thread-2] o.a.n.c.c.ClusterProtocolHeartbeater Heartbeat created at 2024-10-21 07:49:15,506 and sent to mynifi:8082 at 2024-10-21 07:49:15,517; send took 10 millis
2024-10-21 07:49:17,547 INFO [Heartbeat Monitor Thread-1] o.a.n.c.c.h.AbstractHeartbeatMonitor Finished processing 1 heartbeats in 12997 nanos
2024-10-21 07:49:20,525 INFO [Process Cluster Protocol Request-5] o.a.n.c.p.impl.SocketProtocolListener Finished processing request 4d5f6b03-eda8-46d4-8d26-f00351303dad (type=HEARTBEAT, length=2235 bytes) from mynifi:8080 in 3 millis
2024-10-21 07:49:20,528 INFO [Clustering Tasks Thread-2] o.a.n.c.c.ClusterProtocolHeartbeater Heartbeat created at 2024-10-21 07:49:20,517 and sent to mynifi:8082 at 2024-10-21 07:49:20,528; send took 10 millis
2024-10-21 07:49:22,547 INFO [Heartbeat Monitor Thread-1] o.a.n.c.c.h.AbstractHeartbeatMonitor Finished processing 1 heartbeats in 35227 nanos
2024-10-21 07:49:25,536 INFO [Process Cluster Protocol Request-6] o.a.n.c.p.impl.SocketProtocolListener Finished processing request 8cfc01f7-fddb-41be-87b3-1b1b78b48daf (type=HEARTBEAT, length=2235 bytes) from mynifi:8080 in 3 millis
2024-10-21 07:49:25,538 INFO [Clustering Tasks Thread-2] o.a.n.c.c.ClusterProtocolHeartbeater Heartbeat created at 2024-10-21 07:49:25,528 and sent to mynifi:8082 at 2024-10-21 07:49:25,538; send took 9 millis
2024-10-21 07:49:27,548 INFO [Heartbeat Monitor Thread-1] o.a.n.c.c.h.AbstractHeartbeatMonitor Finished processing 1 heartbeats in 86276 nanos
2024-10-21 07:49:30,547 INFO [Process Cluster Protocol Request-7] o.a.n.c.p.impl.SocketProtocolListener Finished processing request ee0b0a97-00ca-48ec-835d-b8f58b732041 (type=HEARTBEAT, length=2235 bytes) from mynifi:8080 in 3 millis
2024-10-21 07:49:30,550 INFO [Clustering Tasks Thread-2] o.a.n.c.c.ClusterProtocolHeartbeater Heartbeat created at 2024-10-21 07:49:30,539 and sent to mynifi:8082 at 2024-10-21 07:49:30,550; send took 11 millis
2024-10-21 07:49:32,549 INFO [Heartbeat Monitor Thread-1] o.a.n.c.c.h.AbstractHeartbeatMonitor Finished processing 1 heartbeats in 76385 nanos
2024-10-21 07:49:34,446 INFO [pool-13-thread-1] o.a.n.c.r.WriteAheadFlowFileRepository Initiating checkpoint of FlowFile Repository
2024-10-21 07:49:34,447 INFO [pool-13-thread-1] o.a.n.c.r.WriteAheadFlowFileRepository Successfully checkpointed FlowFile Repository with 0 records in 0 milliseconds
2024-10-21 07:49:35,559 INFO [Process Cluster Protocol Request-8] o.a.n.c.p.impl.SocketProtocolListener Finished processing request dac3855c-ac84-45c3-b53a-75c1184b04d3 (type=HEARTBEAT, length=2235 bytes) from mynifi:8080 in 3 millis
2024-10-21 07:49:35,562 INFO [Clustering Tasks Thread-2] o.a.n.c.c.ClusterProtocolHeartbeater Heartbeat created at 2024-10-21 07:49:35,551 and sent to mynifi:8082 at 2024-10-21 07:49:35,562; send took 10 millis
2024-10-21 07:49:37,549 INFO [Heartbeat Monitor Thread-1] o.a.n.c.c.h.AbstractHeartbeatMonitor Finished processing 1 heartbeats in 35724 nanos
2024-10-21 07:49:40,570 INFO [Process Cluster Protocol Request-9] o.a.n.c.p.impl.SocketProtocolListener Finished processing request f8147e75-d5c8-42fe-9b64-90e26b4d3cab (type=HEARTBEAT, length=2235 bytes) from mynifi:8080 in 3 millis
2024-10-21 07:49:40,573 INFO [Clustering Tasks Thread-2] o.a.n.c.c.ClusterProtocolHeartbeater Heartbeat created at 2024-10-21 07:49:40,562 and sent to mynifi:8082 at 2024-10-21 07:49:40,573; send took 10 millis
2024-10-21 07:49:41,372 INFO [Cleanup Archive for default] o.a.n.c.repository.FileSystemRepository Successfully deleted 0 files (0 bytes) from archive
2024-10-21 07:49:42,550 INFO [Heartbeat Monitor Thread-1] o.a.n.c.c.h.AbstractHeartbeatMonitor Finished processing 1 heartbeats in 35460 nanos
2024-10-21 07:49:45,582 INFO [Process Cluster Protocol Request-10] o.a.n.c.p.impl.SocketProtocolListener Finished processing request d1f59947-4da5-467e-8173-a7ba84980854 (type=HEARTBEAT, length=2235 bytes) from mynifi:8080 in 3 millis
2024-10-21 07:49:45,585 INFO [Clustering Tasks Thread-2] o.a.n.c.c.ClusterProtocolHeartbeater Heartbeat created at 2024-10-21 07:49:45,574 and sent to mynifi:8082 at 2024-10-21 07:49:45,585; send took 10 millis
2024-10-21 07:49:47,550 INFO [Heartbeat Monitor Thread-1] o.a.n.c.c.h.AbstractHeartbeatMonitor Finished processing 1 heartbeats in 31828 nanos
2024-10-21 07:49:50,588 INFO [Process Cluster Protocol Request-1] o.a.n.c.p.impl.SocketProtocolListener Finished processing request 14645bcb-8905-4e52-88f0-001118d92788 (type=HEARTBEAT, length=2235 bytes) from mynifi:8080 in 1 millis
2024-10-21 07:49:50,588 INFO [Clustering Tasks Thread-2] o.a.n.c.c.ClusterProtocolHeartbeater Heartbeat created at 2024-10-21 07:49:50,585 and sent to mynifi:8082 at 2024-10-21 07:49:50,588; send took 3 millis
2024-10-21 07:49:52,551 INFO [Heartbeat Monitor Thread-1] o.a.n.c.c.h.AbstractHeartbeatMonitor Finished processing 1 heartbeats in 36148 nanos
2024-10-21 07:49:54,447 INFO [pool-13-thread-1] o.a.n.c.r.WriteAheadFlowFileRepository Initiating checkpoint of FlowFile Repository
2024-10-21 07:49:54,447 INFO [pool-13-thread-1] o.a.n.c.r.WriteAheadFlowFileRepository Successfully checkpointed FlowFile Repository with 0 records in 0 milliseconds
2024-10-21 07:49:55,597 INFO [Process Cluster Protocol Request-2] o.a.n.c.p.impl.SocketProtocolListener Finished processing request c7e71a4b-36eb-47e2-b23f-45e4a2d88dd5 (type=HEARTBEAT, length=2235 bytes) from mynifi:8080 in 3 millis
2024-10-21 07:49:55,600 INFO [Clustering Tasks Thread-2] o.a.n.c.c.ClusterProtocolHeartbeater Heartbeat created at 2024-10-21 07:49:55,590 and sent to mynifi:8082 at 2024-10-21 07:49:55,600; send took 10 millis
2024-10-21 07:49:57,551 INFO [Heartbeat Monitor Thread-1] o.a.n.c.c.h.AbstractHeartbeatMonitor Finished processing 1 heartbeats in 35161 nanos
2024-10-21 07:50:00,604 INFO [Process Cluster Protocol Request-3] o.a.n.c.p.impl.SocketProtocolListener Finished processing request 708a229f-95e1-470a-8fa8-cbcf9b8e55b4 (type=HEARTBEAT, length=2235 bytes) from mynifi:8080 in 1 millis
2024-10-21 07:50:00,606 INFO [Clustering Tasks Thread-2] o.a.n.c.c.ClusterProtocolHeartbeater Heartbeat created at 2024-10-21 07:50:00,601 and sent to mynifi:8082 at 2024-10-21 07:50:00,606; send took 4 millis
2024-10-21 07:50:02,552 INFO [Heartbeat Monitor Thread-1] o.a.n.c.c.h.AbstractHeartbeatMonitor Finished processing 1 heartbeats in 13120 nanos
2024-10-21 07:50:05,614 INFO [Process Cluster Protocol Request-4] o.a.n.c.p.impl.SocketProtocolListener Finished processing request 5f329a85-bcc3-482e-801c-d5415276abee (type=HEARTBEAT, length=2235 bytes) from mynifi:8080 in 3 millis
2024-10-21 07:50:05,618 INFO [Clustering Tasks Thread-2] o.a.n.c.c.ClusterProtocolHeartbeater Heartbeat created at 2024-10-21 07:50:05,606 and sent to mynifi:8082 at 2024-10-21 07:50:05,618; send took 11 millis
2024-10-21 07:50:07,552 INFO [Heartbeat Monitor Thread-1] o.a.n.c.c.h.AbstractHeartbeatMonitor Finished processing 1 heartbeats in 34189 nanos
2024-10-21 07:50:10,623 INFO [Process Cluster Protocol Request-5] o.a.n.c.p.impl.SocketProtocolListener Finished processing request 135a4f69-58cb-458f-80dc-42695d1b4f06 (type=HEARTBEAT, length=2235 bytes) from mynifi:8080 in 2 millis
2024-10-21 07:50:10,624 INFO [Clustering Tasks Thread-2] o.a.n.c.c.ClusterProtocolHeartbeater Heartbeat created at 2024-10-21 07:50:10,618 and sent to mynifi:8082 at 2024-10-21 07:50:10,624; send took 6 millis
2024-10-21 07:50:12,553 INFO [Heartbeat Monitor Thread-1] o.a.n.c.c.h.AbstractHeartbeatMonitor Finished processing 1 heartbeats in 37811 nanos
2024-10-21 07:50:14,447 INFO [pool-13-thread-1] o.a.n.c.r.WriteAheadFlowFileRepository Initiating checkpoint of FlowFile Repository
2024-10-21 07:50:14,447 INFO [pool-13-thread-1] o.a.n.c.r.WriteAheadFlowFileRepository Successfully checkpointed FlowFile Repository with 0 records in 0 milliseconds
2024-10-21 07:50:15,633 INFO [Process Cluster Protocol Request-6] o.a.n.c.p.impl.SocketProtocolListener Finished processing request fbed2fe8-432f-4027-9444-127add06f16f (type=HEARTBEAT, length=2235 bytes) from mynifi:8080 in 3 millis
2024-10-21 07:50:15,636 INFO [Clustering Tasks Thread-2] o.a.n.c.c.ClusterProtocolHeartbeater Heartbeat created at 2024-10-21 07:50:15,625 and sent to mynifi:8082 at 2024-10-21 07:50:15,636; send took 11 millis
2024-10-21 07:50:17,553 INFO [Heartbeat Monitor Thread-1] o.a.n.c.c.h.AbstractHeartbeatMonitor Finished processing 1 heartbeats in 34856 nanos
2024-10-21 07:50:20,639 INFO [Process Cluster Protocol Request-7] o.a.n.c.p.impl.SocketProtocolListener Finished processing request e8ada585-f449-4119-8ddf-117709c9b1d5 (type=HEARTBEAT, length=2235 bytes) from mynifi:8080 in 1 millis
2024-10-21 07:50:20,640 INFO [Clustering Tasks Thread-2] o.a.n.c.c.ClusterProtocolHeartbeater Heartbeat created at 2024-10-21 07:50:20,637 and sent to mynifi:8082 at 2024-10-21 07:50:20,640; send took 3 millis
2024-10-21 07:50:22,554 INFO [Heartbeat Monitor Thread-1] o.a.n.c.c.h.AbstractHeartbeatMonitor Finished processing 1 heartbeats in 34241 nanos
2024-10-21 07:50:25,648 INFO [Process Cluster Protocol Request-8] o.a.n.c.p.impl.SocketProtocolListener Finished processing request afeef7ba-bc9e-44e9-8298-73d0a369bbd9 (type=HEARTBEAT, length=2235 bytes) from mynifi:8080 in 3 millis
2024-10-21 07:50:25,651 INFO [Clustering Tasks Thread-2] o.a.n.c.c.ClusterProtocolHeartbeater Heartbeat created at 2024-10-21 07:50:25,641 and sent to mynifi:8082 at 2024-10-21 07:50:25,651; send took 10 millis
2024-10-21 07:50:27,554 INFO [Heartbeat Monitor Thread-1] o.a.n.c.c.h.AbstractHeartbeatMonitor Finished processing 1 heartbeats in 32658 nanos
2024-10-21 07:50:30,659 INFO [Process Cluster Protocol Request-9] o.a.n.c.p.impl.SocketProtocolListener Finished processing request 40046945-69e5-4303-9898-14c33a0a7862 (type=HEARTBEAT, length=2235 bytes) from mynifi:8080 in 3 millis
2024-10-21 07:50:30,662 INFO [Clustering Tasks Thread-2] o.a.n.c.c.ClusterProtocolHeartbeater Heartbeat created at 2024-10-21 07:50:30,652 and sent to mynifi:8082 at 2024-10-21 07:50:30,662; send took 10 millis
2024-10-21 07:50:32,555 INFO [Heartbeat Monitor Thread-1] o.a.n.c.c.h.AbstractHeartbeatMonitor Finished processing 1 heartbeats in 33762 nanos
2024-10-21 07:50:34,447 INFO [pool-13-thread-1] o.a.n.c.r.WriteAheadFlowFileRepository Initiating checkpoint of FlowFile Repository
2024-10-21 07:50:34,448 INFO [pool-13-thread-1] o.a.n.c.r.WriteAheadFlowFileRepository Successfully checkpointed FlowFile Repository with 0 records in 0 milliseconds
2024-10-21 07:50:35,670 INFO [Process Cluster Protocol Request-10] o.a.n.c.p.impl.SocketProtocolListener Finished processing request 370e1af9-23dc-4a87-a511-1a095d74fc98 (type=HEARTBEAT, length=2235 bytes) from mynifi:8080 in 3 millis
2024-10-21 07:50:35,673 INFO [Clustering Tasks Thread-2] o.a.n.c.c.ClusterProtocolHeartbeater Heartbeat created at 2024-10-21 07:50:35,663 and sent to mynifi:8082 at 2024-10-21 07:50:35,673; send took 9 millis
2024-10-21 07:50:37,555 INFO [Heartbeat Monitor Thread-1] o.a.n.c.c.h.AbstractHeartbeatMonitor Finished processing 1 heartbeats in 33724 nanos
2024-10-21 07:50:40,681 INFO [Process Cluster Protocol Request-1] o.a.n.c.p.impl.SocketProtocolListener Finished processing request 90e2dbcb-6fd9-4004-b633-241a928cea94 (type=HEARTBEAT, length=2235 bytes) from mynifi:8080 in 3 millis
2024-10-21 07:50:40,684 INFO [Clustering Tasks Thread-2] o.a.n.c.c.ClusterProtocolHeartbeater Heartbeat created at 2024-10-21 07:50:40,674 and sent to mynifi:8082 at 2024-10-21 07:50:40,684; send took 10 millis
2024-10-21 07:50:40,734 INFO [Write-Ahead Local State Provider Maintenance] org.wali.MinimalLockingWriteAheadLog org.wali.MinimalLockingWriteAheadLog@5de25642 checkpointed with 3 Records and 0 Swap Files in 7 milliseconds (Stop-the-world time = 4 milliseconds, Clear Edit Logs time = 1 millis), max Transaction ID 17
2024-10-21 07:50:41,385 INFO [Cleanup Archive for default] o.a.n.c.repository.FileSystemRepository Successfully deleted 0 files (0 bytes) from archive
2024-10-21 07:50:42,556 INFO [Heartbeat Monitor Thread-1] o.a.n.c.c.h.AbstractHeartbeatMonitor Finished processing 1 heartbeats in 25231 nanos
2024-10-21 07:50:45,692 INFO [Process Cluster Protocol Request-2] o.a.n.c.p.impl.SocketProtocolListener Finished processing request b0e3c597-6382-4046-be24-9daed5f5b0ed (type=HEARTBEAT, length=2235 bytes) from mynifi:8080 in 3 millis
2024-10-21 07:50:45,696 INFO [Clustering Tasks Thread-2] o.a.n.c.c.ClusterProtocolHeartbeater Heartbeat created at 2024-10-21 07:50:45,685 and sent to mynifi:8082 at 2024-10-21 07:50:45,696; send took 10 millis
2024-10-21 07:50:47,556 INFO [Heartbeat Monitor Thread-1] o.a.n.c.c.h.AbstractHeartbeatMonitor Finished processing 1 heartbeats in 46602 nanos
2024-10-21 07:50:50,699 INFO [Process Cluster Protocol Request-3] o.a.n.c.p.impl.SocketProtocolListener Finished processing request fa9b8832-8b31-4329-9109-95775e9876de (type=HEARTBEAT, length=2235 bytes) from mynifi:8080 in 1 millis
2024-10-21 07:50:50,700 INFO [Clustering Tasks Thread-2] o.a.n.c.c.ClusterProtocolHeartbeater Heartbeat created at 2024-10-21 07:50:50,696 and sent to mynifi:8082 at 2024-10-21 07:50:50,700; send took 4 millis
2024-10-21 07:50:52,557 INFO [Heartbeat Monitor Thread-1] o.a.n.c.c.h.AbstractHeartbeatMonitor Finished processing 1 heartbeats in 32605 nanos
2024-10-21 07:50:54,448 INFO [pool-13-thread-1] o.a.n.c.r.WriteAheadFlowFileRepository Initiating checkpoint of FlowFile Repository
2024-10-21 07:50:54,448 INFO [pool-13-thread-1] o.a.n.c.r.WriteAheadFlowFileRepository Successfully checkpointed FlowFile Repository with 0 records in 0 milliseconds
2024-10-21 07:50:55,709 INFO [Process Cluster Protocol Request-4] o.a.n.c.p.impl.SocketProtocolListener Finished processing request b30fb180-ef11-44af-b18f-0f47cab3e5d5 (type=HEARTBEAT, length=2235 bytes) from mynifi:8080 in 3 millis
2024-10-21 07:50:55,711 INFO [Clustering Tasks Thread-2] o.a.n.c.c.ClusterProtocolHeartbeater Heartbeat created at 2024-10-21 07:50:55,701 and sent to mynifi:8082 at 2024-10-21 07:50:55,711; send took 10 millis
2024-10-21 07:50:57,557 INFO [Heartbeat Monitor Thread-1] o.a.n.c.c.h.AbstractHeartbeatMonitor Finished processing 1 heartbeats in 11739 nanos
2024-10-21 07:51:00,714 INFO [Process Cluster Protocol Request-5] o.a.n.c.p.impl.SocketProtocolListener Finished processing request 28cf6cb8-fa45-452b-8b7d-59a75fcadfab (type=HEARTBEAT, length=2235 bytes) from mynifi:8080 in 1 millis
2024-10-21 07:51:00,716 INFO [Clustering Tasks Thread-2] o.a.n.c.c.ClusterProtocolHeartbeater Heartbeat created at 2024-10-21 07:51:00,712 and sent to mynifi:8082 at 2024-10-21 07:51:00,716; send took 3 millis
2024-10-21 07:51:02,557 INFO [Heartbeat Monitor Thread-1] o.a.n.c.c.h.AbstractHeartbeatMonitor Finished processing 1 heartbeats in 14384 nanos
2024-10-21 07:51:05,724 INFO [Process Cluster Protocol Request-6] o.a.n.c.p.impl.SocketProtocolListener Finished processing request aa8c7388-deed-4eab-8670-d76e606cc63e (type=HEARTBEAT, length=2235 bytes) from mynifi:8080 in 3 millis
2024-10-21 07:51:05,727 INFO [Clustering Tasks Thread-2] o.a.n.c.c.ClusterProtocolHeartbeater Heartbeat created at 2024-10-21 07:51:05,716 and sent to mynifi:8082 at 2024-10-21 07:51:05,727; send took 10 millis
2024-10-21 07:51:07,558 INFO [Heartbeat Monitor Thread-1] o.a.n.c.c.h.AbstractHeartbeatMonitor Finished processing 1 heartbeats in 15822 nanos
2024-10-21 07:51:10,729 INFO [Process Cluster Protocol Request-7] o.a.n.c.p.impl.SocketProtocolListener Finished processing request b0797719-4c49-40fc-80b9-4a59dacc8528 (type=HEARTBEAT, length=2235 bytes) from mynifi:8080 in 897119 nanos
2024-10-21 07:51:10,730 INFO [Clustering Tasks Thread-2] o.a.n.c.c.ClusterProtocolHeartbeater Heartbeat created at 2024-10-21 07:51:10,727 and sent to mynifi:8082 at 2024-10-21 07:51:10,730; send took 2 millis
2024-10-21 07:51:12,558 INFO [Heartbeat Monitor Thread-1] o.a.n.c.c.h.AbstractHeartbeatMonitor Finished processing 1 heartbeats in 13411 nanos
2024-10-21 07:51:14,448 INFO [pool-13-thread-1] o.a.n.c.r.WriteAheadFlowFileRepository Initiating checkpoint of FlowFile Repository
2024-10-21 07:51:14,448 INFO [pool-13-thread-1] o.a.n.c.r.WriteAheadFlowFileRepository Successfully checkpointed FlowFile Repository with 0 records in 0 milliseconds
2024-10-21 07:51:15,733 INFO [Process Cluster Protocol Request-8] o.a.n.c.p.impl.SocketProtocolListener Finished processing request 184a25e0-0e0d-453b-978f-1e0f3cc09175 (type=HEARTBEAT, length=2235 bytes) from mynifi:8080 in 867963 nanos
2024-10-21 07:51:15,733 INFO [Clustering Tasks Thread-2] o.a.n.c.c.ClusterProtocolHeartbeater Heartbeat created at 2024-10-21 07:51:15,730 and sent to mynifi:8082 at 2024-10-21 07:51:15,733; send took 2 millis
2024-10-21 07:51:17,558 INFO [Heartbeat Monitor Thread-1] o.a.n.c.c.h.AbstractHeartbeatMonitor Finished processing 1 heartbeats in 17384 nanos
2024-10-21 07:51:20,736 INFO [Process Cluster Protocol Request-9] o.a.n.c.p.impl.SocketProtocolListener Finished processing request b6fc9083-4e47-44c2-85b5-04c95467235f (type=HEARTBEAT, length=2235 bytes) from mynifi:8080 in 931074 nanos
2024-10-21 07:51:20,737 INFO [Clustering Tasks Thread-2] o.a.n.c.c.ClusterProtocolHeartbeater Heartbeat created at 2024-10-21 07:51:20,734 and sent to mynifi:8082 at 2024-10-21 07:51:20,737; send took 2 millis
2024-10-21 07:51:22,558 INFO [Heartbeat Monitor Thread-1] o.a.n.c.c.h.AbstractHeartbeatMonitor Finished processing 1 heartbeats in 12978 nanos
2024-10-21 07:51:25,750 INFO [Process Cluster Protocol Request-10] o.a.n.c.p.impl.SocketProtocolListener Finished processing request 7a9913b6-586e-4133-8046-a9baf6b370bc (type=HEARTBEAT, length=2235 bytes) from mynifi:8080 in 952277 nanos
2024-10-21 07:51:25,751 INFO [Clustering Tasks Thread-2] o.a.n.c.c.ClusterProtocolHeartbeater Heartbeat created at 2024-10-21 07:51:25,737 and sent to mynifi:8082 at 2024-10-21 07:51:25,751; send took 13 millis
2024-10-21 07:51:27,559 INFO [Heartbeat Monitor Thread-1] o.a.n.c.c.h.AbstractHeartbeatMonitor Finished processing 1 heartbeats in 11916 nanos
2024-10-21 07:51:30,760 INFO [Process Cluster Protocol Request-1] o.a.n.c.p.impl.SocketProtocolListener Finished processing request 755ab997-c2e5-4255-b3d4-3b5e0c45e4f8 (type=HEARTBEAT, length=2235 bytes) from mynifi:8080 in 4 millis
2024-10-21 07:51:30,763 INFO [Clustering Tasks Thread-2] o.a.n.c.c.ClusterProtocolHeartbeater Heartbeat created at 2024-10-21 07:51:30,752 and sent to mynifi:8082 at 2024-10-21 07:51:30,763; send took 11 millis
2024-10-21 07:51:32,559 INFO [Heartbeat Monitor Thread-1] o.a.n.c.c.h.AbstractHeartbeatMonitor Finished processing 1 heartbeats in 33018 nanos
2024-10-21 07:51:34,449 INFO [pool-13-thread-1] o.a.n.c.r.WriteAheadFlowFileRepository Initiating checkpoint of FlowFile Repository
2024-10-21 07:51:34,449 INFO [pool-13-thread-1] o.a.n.c.r.WriteAheadFlowFileRepository Successfully checkpointed FlowFile Repository with 0 records in 0 milliseconds
2024-10-21 07:51:35,773 INFO [Process Cluster Protocol Request-2] o.a.n.c.p.impl.SocketProtocolListener Finished processing request 857c6021-ed8b-4975-b84f-4a35d6b25feb (type=HEARTBEAT, length=2235 bytes) from mynifi:8080 in 4 millis
2024-10-21 07:51:35,775 INFO [Clustering Tasks Thread-2] o.a.n.c.c.ClusterProtocolHeartbeater Heartbeat created at 2024-10-21 07:51:35,764 and sent to mynifi:8082 at 2024-10-21 07:51:35,775; send took 11 millis
2024-10-21 07:51:37,560 INFO [Heartbeat Monitor Thread-1] o.a.n.c.c.h.AbstractHeartbeatMonitor Finished processing 1 heartbeats in 33148 nanos
2024-10-21 07:51:40,784 INFO [Process Cluster Protocol Request-3] o.a.n.c.p.impl.SocketProtocolListener Finished processing request 9dcb77bf-f81d-4616-94e5-7509b49c10d4 (type=HEARTBEAT, length=2235 bytes) from mynifi:8080 in 3 millis
2024-10-21 07:51:40,785 INFO [Clustering Tasks Thread-2] o.a.n.c.c.ClusterProtocolHeartbeater Heartbeat created at 2024-10-21 07:51:40,776 and sent to mynifi:8082 at 2024-10-21 07:51:40,785; send took 9 millis
2024-10-21 07:51:41,418 INFO [Cleanup Archive for default] o.a.n.c.repository.FileSystemRepository Successfully deleted 0 files (0 bytes) from archive
2024-10-21 07:51:42,560 INFO [Heartbeat Monitor Thread-1] o.a.n.c.c.h.AbstractHeartbeatMonitor Finished processing 1 heartbeats in 32360 nanos
2024-10-21 07:51:45,793 INFO [Process Cluster Protocol Request-4] o.a.n.c.p.impl.SocketProtocolListener Finished processing request 472abb2e-001c-4b4e-9b93-e125e5cbe8f0 (type=HEARTBEAT, length=2235 bytes) from mynifi:8080 in 3 millis
2024-10-21 07:51:45,796 INFO [Clustering Tasks Thread-2] o.a.n.c.c.ClusterProtocolHeartbeater Heartbeat created at 2024-10-21 07:51:45,786 and sent to mynifi:8082 at 2024-10-21 07:51:45,796; send took 9 millis
2024-10-21 07:51:47,561 INFO [Heartbeat Monitor Thread-1] o.a.n.c.c.h.AbstractHeartbeatMonitor Finished processing 1 heartbeats in 13372 nanos
2024-10-21 07:51:50,804 INFO [Process Cluster Protocol Request-5] o.a.n.c.p.impl.SocketProtocolListener Finished processing request 179d2275-daef-40f8-97cd-dbaf0e94c46b (type=HEARTBEAT, length=2235 bytes) from mynifi:8080 in 3 millis
2024-10-21 07:51:50,808 INFO [Clustering Tasks Thread-2] o.a.n.c.c.ClusterProtocolHeartbeater Heartbeat created at 2024-10-21 07:51:50,797 and sent to mynifi:8082 at 2024-10-21 07:51:50,808; send took 10 millis
2024-10-21 07:51:52,561 INFO [Heartbeat Monitor Thread-1] o.a.n.c.c.h.AbstractHeartbeatMonitor Finished processing 1 heartbeats in 93243 nanos
2024-10-21 07:51:54,449 INFO [pool-13-thread-1] o.a.n.c.r.WriteAheadFlowFileRepository Initiating checkpoint of FlowFile Repository
2024-10-21 07:51:54,449 INFO [pool-13-thread-1] o.a.n.c.r.WriteAheadFlowFileRepository Successfully checkpointed FlowFile Repository with 0 records in 0 milliseconds
2024-10-21 07:51:55,811 INFO [Process Cluster Protocol Request-6] o.a.n.c.p.impl.SocketProtocolListener Finished processing request 027aa2fb-60c5-4b6b-8f6b-5087e8ed1352 (type=HEARTBEAT, length=2235 bytes) from mynifi:8080 in 1 millis
2024-10-21 07:51:55,812 INFO [Clustering Tasks Thread-2] o.a.n.c.c.ClusterProtocolHeartbeater Heartbeat created at 2024-10-21 07:51:55,808 and sent to mynifi:8082 at 2024-10-21 07:51:55,812; send took 3 millis
2024-10-21 07:51:57,561 INFO [Heartbeat Monitor Thread-1] o.a.n.c.c.h.AbstractHeartbeatMonitor Finished processing 1 heartbeats in 32807 nanos
2024-10-21 07:52:00,817 INFO [Process Cluster Protocol Request-7] o.a.n.c.p.impl.SocketProtocolListener Finished processing request 21eee3cb-13e5-47d6-a703-4fe9f44052de (type=HEARTBEAT, length=2235 bytes) from mynifi:8080 in 2 millis
2024-10-21 07:52:00,818 INFO [Clustering Tasks Thread-2] o.a.n.c.c.ClusterProtocolHeartbeater Heartbeat created at 2024-10-21 07:52:00,812 and sent to mynifi:8082 at 2024-10-21 07:52:00,818; send took 6 millis
2024-10-21 07:52:02,562 INFO [Heartbeat Monitor Thread-1] o.a.n.c.c.h.AbstractHeartbeatMonitor Finished processing 1 heartbeats in 30701 nanos
2024-10-21 07:52:05,821 INFO [Process Cluster Protocol Request-8] o.a.n.c.p.impl.SocketProtocolListener Finished processing request 53a4247a-73a2-4e48-bd7d-d28d133362e6 (type=HEARTBEAT, length=2235 bytes) from mynifi:8080 in 819963 nanos
2024-10-21 07:52:05,822 INFO [Clustering Tasks Thread-2] o.a.n.c.c.ClusterProtocolHeartbeater Heartbeat created at 2024-10-21 07:52:05,819 and sent to mynifi:8082 at 2024-10-21 07:52:05,822; send took 2 millis
2024-10-21 07:52:07,562 INFO [Heartbeat Monitor Thread-1] o.a.n.c.c.h.AbstractHeartbeatMonitor Finished processing 1 heartbeats in 16007 nanos
2024-10-21 07:52:10,830 INFO [Process Cluster Protocol Request-9] o.a.n.c.p.impl.SocketProtocolListener Finished processing request c54f25f1-0188-4e3f-a2d9-d708655635d5 (type=HEARTBEAT, length=2235 bytes) from mynifi:8080 in 3 millis
2024-10-21 07:52:10,833 INFO [Clustering Tasks Thread-2] o.a.n.c.c.ClusterProtocolHeartbeater Heartbeat created at 2024-10-21 07:52:10,822 and sent to mynifi:8082 at 2024-10-21 07:52:10,833; send took 10 millis
2024-10-21 07:52:12,563 INFO [Heartbeat Monitor Thread-1] o.a.n.c.c.h.AbstractHeartbeatMonitor Finished processing 1 heartbeats in 31142 nanos
2024-10-21 07:52:14,449 INFO [pool-13-thread-1] o.a.n.c.r.WriteAheadFlowFileRepository Initiating checkpoint of FlowFile Repository
2024-10-21 07:52:14,449 INFO [pool-13-thread-1] o.a.n.c.r.WriteAheadFlowFileRepository Successfully checkpointed FlowFile Repository with 0 records in 0 milliseconds
2024-10-21 07:52:15,840 INFO [Process Cluster Protocol Request-10] o.a.n.c.p.impl.SocketProtocolListener Finished processing request 0a269606-32b1-432e-8715-6028c31d0717 (type=HEARTBEAT, length=2235 bytes) from mynifi:8080 in 3 millis
2024-10-21 07:52:15,843 INFO [Clustering Tasks Thread-2] o.a.n.c.c.ClusterProtocolHeartbeater Heartbeat created at 2024-10-21 07:52:15,834 and sent to mynifi:8082 at 2024-10-21 07:52:15,843; send took 9 millis
2024-10-21 07:52:17,563 INFO [Heartbeat Monitor Thread-1] o.a.n.c.c.h.AbstractHeartbeatMonitor Finished processing 1 heartbeats in 32016 nanos
2024-10-21 07:52:20,851 INFO [Process Cluster Protocol Request-1] o.a.n.c.p.impl.SocketProtocolListener Finished processing request 6ba9082f-d050-429e-8e90-41205182a4b3 (type=HEARTBEAT, length=2235 bytes) from mynifi:8080 in 3 millis
2024-10-21 07:52:20,883 INFO [Clustering Tasks Thread-2] o.a.n.c.c.ClusterProtocolHeartbeater Heartbeat created at 2024-10-21 07:52:20,844 and sent to mynifi:8082 at 2024-10-21 07:52:20,883; send took 39 millis
2024-10-21 07:52:22,564 INFO [Heartbeat Monitor Thread-1] o.a.n.c.c.h.AbstractHeartbeatMonitor Finished processing 1 heartbeats in 31940 nanos
2024-10-21 07:52:25,886 INFO [Process Cluster Protocol Request-2] o.a.n.c.p.impl.SocketProtocolListener Finished processing request 45dca026-b9c1-4974-8f33-281904eebc03 (type=HEARTBEAT, length=2235 bytes) from mynifi:8080 in 1 millis
2024-10-21 07:52:25,887 INFO [Clustering Tasks Thread-2] o.a.n.c.c.ClusterProtocolHeartbeater Heartbeat created at 2024-10-21 07:52:25,884 and sent to mynifi:8082 at 2024-10-21 07:52:25,887; send took 3 millis
2024-10-21 07:52:27,564 INFO [Heartbeat Monitor Thread-1] o.a.n.c.c.h.AbstractHeartbeatMonitor Finished processing 1 heartbeats in 13399 nanos
2024-10-21 07:52:30,891 INFO [Process Cluster Protocol Request-3] o.a.n.c.p.impl.SocketProtocolListener Finished processing request c92e2e7e-1b1a-4240-bb4e-0b14326326c3 (type=HEARTBEAT, length=2235 bytes) from mynifi:8080 in 1 millis
2024-10-21 07:52:30,892 INFO [Clustering Tasks Thread-2] o.a.n.c.c.ClusterProtocolHeartbeater Heartbeat created at 2024-10-21 07:52:30,888 and sent to mynifi:8082 at 2024-10-21 07:52:30,892; send took 4 millis
2024-10-21 07:52:32,565 INFO [Heartbeat Monitor Thread-1] o.a.n.c.c.h.AbstractHeartbeatMonitor Finished processing 1 heartbeats in 30416 nanos
2024-10-21 07:52:34,449 INFO [pool-13-thread-1] o.a.n.c.r.WriteAheadFlowFileRepository Initiating checkpoint of FlowFile Repository
2024-10-21 07:52:34,450 INFO [pool-13-thread-1] o.a.n.c.r.WriteAheadFlowFileRepository Successfully checkpointed FlowFile Repository with 0 records in 0 milliseconds
2024-10-21 07:52:35,900 INFO [Process Cluster Protocol Request-4] o.a.n.c.p.impl.SocketProtocolListener Finished processing request d0d77d98-7e3c-4faf-90e8-28cedf2522ae (type=HEARTBEAT, length=2235 bytes) from mynifi:8080 in 3 millis
2024-10-21 07:52:35,902 INFO [Clustering Tasks Thread-2] o.a.n.c.c.ClusterProtocolHeartbeater Heartbeat created at 2024-10-21 07:52:35,893 and sent to mynifi:8082 at 2024-10-21 07:52:35,902; send took 9 millis
2024-10-21 07:52:37,565 INFO [Heartbeat Monitor Thread-1] o.a.n.c.c.h.AbstractHeartbeatMonitor Finished processing 1 heartbeats in 32696 nanos
2024-10-21 07:52:40,747 INFO [Write-Ahead Local State Provider Maintenance] org.wali.MinimalLockingWriteAheadLog org.wali.MinimalLockingWriteAheadLog@5de25642 checkpointed with 3 Records and 0 Swap Files in 12 milliseconds (Stop-the-world time = 4 milliseconds, Clear Edit Logs time = 5 millis), max Transaction ID 17
2024-10-21 07:52:40,910 INFO [Process Cluster Protocol Request-5] o.a.n.c.p.impl.SocketProtocolListener Finished processing request d64369b0-1274-42ee-81c9-8b68c4b9b20d (type=HEARTBEAT, length=2235 bytes) from mynifi:8080 in 3 millis
2024-10-21 07:52:40,913 INFO [Clustering Tasks Thread-2] o.a.n.c.c.ClusterProtocolHeartbeater Heartbeat created at 2024-10-21 07:52:40,903 and sent to mynifi:8082 at 2024-10-21 07:52:40,913; send took 9 millis
2024-10-21 07:52:41,454 INFO [Cleanup Archive for default] o.a.n.c.repository.FileSystemRepository Successfully deleted 0 files (0 bytes) from archive
2024-10-21 07:52:42,566 INFO [Heartbeat Monitor Thread-1] o.a.n.c.c.h.AbstractHeartbeatMonitor Finished processing 1 heartbeats in 32637 nanos
2024-10-21 07:52:45,921 INFO [Process Cluster Protocol Request-6] o.a.n.c.p.impl.SocketProtocolListener Finished processing request b185d456-e6d5-46e3-ade0-319d8a4e4b72 (type=HEARTBEAT, length=2235 bytes) from mynifi:8080 in 3 millis
2024-10-21 07:52:45,924 INFO [Clustering Tasks Thread-2] o.a.n.c.c.ClusterProtocolHeartbeater Heartbeat created at 2024-10-21 07:52:45,913 and sent to mynifi:8082 at 2024-10-21 07:52:45,924; send took 10 millis
2024-10-21 07:52:47,567 INFO [Heartbeat Monitor Thread-1] o.a.n.c.c.h.AbstractHeartbeatMonitor Finished processing 1 heartbeats in 46503 nanos
2024-10-21 07:52:50,926 INFO [Process Cluster Protocol Request-7] o.a.n.c.p.impl.SocketProtocolListener Finished processing request cf36ecdc-1be7-4bb9-8d6e-fdeca41c9a3a (type=HEARTBEAT, length=2235 bytes) from mynifi:8080 in 936711 nanos
2024-10-21 07:52:50,927 INFO [Clustering Tasks Thread-2] o.a.n.c.c.ClusterProtocolHeartbeater Heartbeat created at 2024-10-21 07:52:50,924 and sent to mynifi:8082 at 2024-10-21 07:52:50,927; send took 2 millis
2024-10-21 07:52:52,567 INFO [Heartbeat Monitor Thread-1] o.a.n.c.c.h.AbstractHeartbeatMonitor Finished processing 1 heartbeats in 31932 nanos
2024-10-21 07:52:54,450 INFO [pool-13-thread-1] o.a.n.c.r.WriteAheadFlowFileRepository Initiating checkpoint of FlowFile Repository
2024-10-21 07:52:54,450 INFO [pool-13-thread-1] o.a.n.c.r.WriteAheadFlowFileRepository Successfully checkpointed FlowFile Repository with 0 records in 0 milliseconds
2024-10-21 07:52:55,935 INFO [Process Cluster Protocol Request-8] o.a.n.c.p.impl.SocketProtocolListener Finished processing request d564eddf-059c-4151-8413-a735297db168 (type=HEARTBEAT, length=2235 bytes) from mynifi:8080 in 3 millis
2024-10-21 07:52:55,937 INFO [Clustering Tasks Thread-2] o.a.n.c.c.ClusterProtocolHeartbeater Heartbeat created at 2024-10-21 07:52:55,928 and sent to mynifi:8082 at 2024-10-21 07:52:55,937; send took 9 millis
2024-10-21 07:52:57,568 INFO [Heartbeat Monitor Thread-1] o.a.n.c.c.h.AbstractHeartbeatMonitor Finished processing 1 heartbeats in 29084 nanos
2024-10-21 07:53:00,945 INFO [Process Cluster Protocol Request-9] o.a.n.c.p.impl.SocketProtocolListener Finished processing request 44046861-55df-44e8-9050-fd8415d46cfa (type=HEARTBEAT, length=2235 bytes) from mynifi:8080 in 3 millis
2024-10-21 07:53:00,947 INFO [Clustering Tasks Thread-2] o.a.n.c.c.ClusterProtocolHeartbeater Heartbeat created at 2024-10-21 07:53:00,938 and sent to mynifi:8082 at 2024-10-21 07:53:00,947; send took 9 millis
2024-10-21 07:53:02,568 INFO [Heartbeat Monitor Thread-1] o.a.n.c.c.h.AbstractHeartbeatMonitor Finished processing 1 heartbeats in 31403 nanos
2024-10-21 07:53:05,955 INFO [Process Cluster Protocol Request-10] o.a.n.c.p.impl.SocketProtocolListener Finished processing request 0a2ffdb1-8faf-4f01-acef-95c7bf2b4cfa (type=HEARTBEAT, length=2235 bytes) from mynifi:8080 in 3 millis
2024-10-21 07:53:05,958 INFO [Clustering Tasks Thread-2] o.a.n.c.c.ClusterProtocolHeartbeater Heartbeat created at 2024-10-21 07:53:05,948 and sent to mynifi:8082 at 2024-10-21 07:53:05,958; send took 10 millis
2024-10-21 07:53:07,569 INFO [Heartbeat Monitor Thread-1] o.a.n.c.c.h.AbstractHeartbeatMonitor Finished processing 1 heartbeats in 30679 nanos
2024-10-21 07:53:10,966 INFO [Process Cluster Protocol Request-1] o.a.n.c.p.impl.SocketProtocolListener Finished processing request 4e2cfab1-4b28-4f5f-9f48-a5dadd43a5c3 (type=HEARTBEAT, length=2235 bytes) from mynifi:8080 in 3 millis
2024-10-21 07:53:10,969 INFO [Clustering Tasks Thread-2] o.a.n.c.c.ClusterProtocolHeartbeater Heartbeat created at 2024-10-21 07:53:10,959 and sent to mynifi:8082 at 2024-10-21 07:53:10,969; send took 9 millis
2024-10-21 07:53:12,569 INFO [Heartbeat Monitor Thread-1] o.a.n.c.c.h.AbstractHeartbeatMonitor Finished processing 1 heartbeats in 30686 nanos
2024-10-21 07:53:14,450 INFO [pool-13-thread-1] o.a.n.c.r.WriteAheadFlowFileRepository Initiating checkpoint of FlowFile Repository
2024-10-21 07:53:14,450 INFO [pool-13-thread-1] o.a.n.c.r.WriteAheadFlowFileRepository Successfully checkpointed FlowFile Repository with 0 records in 0 milliseconds
2024-10-21 07:53:15,977 INFO [Process Cluster Protocol Request-2] o.a.n.c.p.impl.SocketProtocolListener Finished processing request e8d6f66e-33ed-4f44-b6cf-782a51c99f17 (type=HEARTBEAT, length=2235 bytes) from mynifi:8080 in 3 millis
2024-10-21 07:53:15,980 INFO [Clustering Tasks Thread-2] o.a.n.c.c.ClusterProtocolHeartbeater Heartbeat created at 2024-10-21 07:53:15,970 and sent to mynifi:8082 at 2024-10-21 07:53:15,980; send took 9 millis
2024-10-21 07:53:17,570 INFO [Heartbeat Monitor Thread-1] o.a.n.c.c.h.AbstractHeartbeatMonitor Finished processing 1 heartbeats in 31406 nanos
2024-10-21 07:53:20,987 INFO [Process Cluster Protocol Request-3] o.a.n.c.p.impl.SocketProtocolListener Finished processing request ebd95250-66b9-40ec-bb20-7d49cec9d49f (type=HEARTBEAT, length=2235 bytes) from mynifi:8080 in 3 millis
2024-10-21 07:53:20,990 INFO [Clustering Tasks Thread-2] o.a.n.c.c.ClusterProtocolHeartbeater Heartbeat created at 2024-10-21 07:53:20,981 and sent to mynifi:8082 at 2024-10-21 07:53:20,990; send took 9 millis
2024-10-21 07:53:22,570 INFO [Heartbeat Monitor Thread-1] o.a.n.c.c.h.AbstractHeartbeatMonitor Finished processing 1 heartbeats in 31023 nanos
2024-10-21 07:53:25,998 INFO [Process Cluster Protocol Request-4] o.a.n.c.p.impl.SocketProtocolListener Finished processing request 0de3c4db-7323-4c17-91a8-ee18eb994448 (type=HEARTBEAT, length=2235 bytes) from mynifi:8080 in 3 millis
2024-10-21 07:53:26,001 INFO [Clustering Tasks Thread-2] o.a.n.c.c.ClusterProtocolHeartbeater Heartbeat created at 2024-10-21 07:53:25,991 and sent to mynifi:8082 at 2024-10-21 07:53:26,001; send took 10 millis
2024-10-21 07:53:27,571 INFO [Heartbeat Monitor Thread-1] o.a.n.c.c.h.AbstractHeartbeatMonitor Finished processing 1 heartbeats in 20796 nanos
2024-10-21 07:53:31,004 INFO [Process Cluster Protocol Request-5] o.a.n.c.p.impl.SocketProtocolListener Finished processing request 64eecb3f-2638-47c6-b260-cbb75fb71acd (type=HEARTBEAT, length=2235 bytes) from mynifi:8080 in 914867 nanos
2024-10-21 07:53:31,004 INFO [Clustering Tasks Thread-2] o.a.n.c.c.ClusterProtocolHeartbeater Heartbeat created at 2024-10-21 07:53:31,001 and sent to mynifi:8082 at 2024-10-21 07:53:31,004; send took 2 millis
2024-10-21 07:53:32,571 INFO [Heartbeat Monitor Thread-1] o.a.n.c.c.h.AbstractHeartbeatMonitor Finished processing 1 heartbeats in 11453 nanos
2024-10-21 07:53:34,451 INFO [pool-13-thread-1] o.a.n.c.r.WriteAheadFlowFileRepository Initiating checkpoint of FlowFile Repository
2024-10-21 07:53:34,451 INFO [pool-13-thread-1] o.a.n.c.r.WriteAheadFlowFileRepository Successfully checkpointed FlowFile Repository with 0 records in 0 milliseconds
2024-10-21 07:53:36,012 INFO [Process Cluster Protocol Request-6] o.a.n.c.p.impl.SocketProtocolListener Finished processing request c6dabf48-b64f-45cc-b1d9-6011288d92f7 (type=HEARTBEAT, length=2235 bytes) from mynifi:8080 in 3 millis
2024-10-21 07:53:36,015 INFO [Clustering Tasks Thread-2] o.a.n.c.c.ClusterProtocolHeartbeater Heartbeat created at 2024-10-21 07:53:36,005 and sent to mynifi:8082 at 2024-10-21 07:53:36,015; send took 9 millis
2024-10-21 07:53:37,571 INFO [Heartbeat Monitor Thread-1] o.a.n.c.c.h.AbstractHeartbeatMonitor Finished processing 1 heartbeats in 33048 nanos
2024-10-21 07:53:41,022 INFO [Process Cluster Protocol Request-7] o.a.n.c.p.impl.SocketProtocolListener Finished processing request 7079c488-fa9d-4045-8b9a-7ca0ac3101d6 (type=HEARTBEAT, length=2235 bytes) from mynifi:8080 in 3 millis
2024-10-21 07:53:41,025 INFO [Clustering Tasks Thread-2] o.a.n.c.c.ClusterProtocolHeartbeater Heartbeat created at 2024-10-21 07:53:41,015 and sent to mynifi:8082 at 2024-10-21 07:53:41,025; send took 9 millis
2024-10-21 07:53:41,491 INFO [Cleanup Archive for default] o.a.n.c.repository.FileSystemRepository Successfully deleted 0 files (0 bytes) from archive
2024-10-21 07:53:42,572 INFO [Heartbeat Monitor Thread-1] o.a.n.c.c.h.AbstractHeartbeatMonitor Finished processing 1 heartbeats in 32847 nanos
2024-10-21 07:53:46,033 INFO [Process Cluster Protocol Request-8] o.a.n.c.p.impl.SocketProtocolListener Finished processing request d5db101b-de22-4336-a813-11431d1b6b30 (type=HEARTBEAT, length=2235 bytes) from mynifi:8080 in 3 millis
2024-10-21 07:53:46,036 INFO [Clustering Tasks Thread-2] o.a.n.c.c.ClusterProtocolHeartbeater Heartbeat created at 2024-10-21 07:53:46,026 and sent to mynifi:8082 at 2024-10-21 07:53:46,036; send took 10 millis
2024-10-21 07:53:47,572 INFO [Heartbeat Monitor Thread-1] o.a.n.c.c.h.AbstractHeartbeatMonitor Finished processing 1 heartbeats in 11397 nanos
2024-10-21 07:53:51,044 INFO [Process Cluster Protocol Request-9] o.a.n.c.p.impl.SocketProtocolListener Finished processing request 7607ef7d-9e75-4e4e-b091-72f06c8c0e7b (type=HEARTBEAT, length=2235 bytes) from mynifi:8080 in 3 millis
2024-10-21 07:53:51,047 INFO [Clustering Tasks Thread-2] o.a.n.c.c.ClusterProtocolHeartbeater Heartbeat created at 2024-10-21 07:53:51,037 and sent to mynifi:8082 at 2024-10-21 07:53:51,047; send took 9 millis
2024-10-21 07:53:52,573 INFO [Heartbeat Monitor Thread-1] o.a.n.c.c.h.AbstractHeartbeatMonitor Finished processing 1 heartbeats in 19152 nanos
2024-10-21 07:53:54,451 INFO [pool-13-thread-1] o.a.n.c.r.WriteAheadFlowFileRepository Initiating checkpoint of FlowFile Repository
2024-10-21 07:53:54,451 INFO [pool-13-thread-1] o.a.n.c.r.WriteAheadFlowFileRepository Successfully checkpointed FlowFile Repository with 0 records in 0 milliseconds
2024-10-21 07:53:56,054 INFO [Process Cluster Protocol Request-10] o.a.n.c.p.impl.SocketProtocolListener Finished processing request b7b72fda-ac1a-4eb2-91db-f7d7adfbd0a4 (type=HEARTBEAT, length=2235 bytes) from mynifi:8080 in 3 millis
2024-10-21 07:53:56,057 INFO [Clustering Tasks Thread-2] o.a.n.c.c.ClusterProtocolHeartbeater Heartbeat created at 2024-10-21 07:53:56,048 and sent to mynifi:8082 at 2024-10-21 07:53:56,057; send took 9 millis
2024-10-21 07:53:57,573 INFO [Heartbeat Monitor Thread-1] o.a.n.c.c.h.AbstractHeartbeatMonitor Finished processing 1 heartbeats in 31447 nanos
2024-10-21 07:54:01,065 INFO [Process Cluster Protocol Request-1] o.a.n.c.p.impl.SocketProtocolListener Finished processing request 4658d05f-3587-4163-863b-5f169afffca5 (type=HEARTBEAT, length=2235 bytes) from mynifi:8080 in 3 millis
2024-10-21 07:54:01,067 INFO [Clustering Tasks Thread-2] o.a.n.c.c.ClusterProtocolHeartbeater Heartbeat created at 2024-10-21 07:54:01,058 and sent to mynifi:8082 at 2024-10-21 07:54:01,067; send took 9 millis
2024-10-21 07:54:02,574 INFO [Heartbeat Monitor Thread-1] o.a.n.c.c.h.AbstractHeartbeatMonitor Finished processing 1 heartbeats in 32584 nanos
2024-10-21 07:54:06,075 INFO [Process Cluster Protocol Request-2] o.a.n.c.p.impl.SocketProtocolListener Finished processing request 39116b3f-02c3-477c-b822-0985dcbc2b2a (type=HEARTBEAT, length=2235 bytes) from mynifi:8080 in 3 millis
2024-10-21 07:54:06,078 INFO [Clustering Tasks Thread-2] o.a.n.c.c.ClusterProtocolHeartbeater Heartbeat created at 2024-10-21 07:54:06,068 and sent to mynifi:8082 at 2024-10-21 07:54:06,078; send took 9 millis
2024-10-21 07:54:07,574 INFO [Heartbeat Monitor Thread-1] o.a.n.c.c.h.AbstractHeartbeatMonitor Finished processing 1 heartbeats in 19107 nanos
2024-10-21 07:54:11,085 INFO [Process Cluster Protocol Request-3] o.a.n.c.p.impl.SocketProtocolListener Finished processing request fa5a7621-15bc-42a9-afee-83b00e24fcc8 (type=HEARTBEAT, length=2235 bytes) from mynifi:8080 in 3 millis
2024-10-21 07:54:11,088 INFO [Clustering Tasks Thread-2] o.a.n.c.c.ClusterProtocolHeartbeater Heartbeat created at 2024-10-21 07:54:11,078 and sent to mynifi:8082 at 2024-10-21 07:54:11,088; send took 9 millis
2024-10-21 07:54:12,574 INFO [Heartbeat Monitor Thread-1] o.a.n.c.c.h.AbstractHeartbeatMonitor Finished processing 1 heartbeats in 31936 nanos
2024-10-21 07:54:14,452 INFO [pool-13-thread-1] o.a.n.c.r.WriteAheadFlowFileRepository Initiating checkpoint of FlowFile Repository
2024-10-21 07:54:14,452 INFO [pool-13-thread-1] o.a.n.c.r.WriteAheadFlowFileRepository Successfully checkpointed FlowFile Repository with 0 records in 0 milliseconds
2024-10-21 07:54:16,096 INFO [Process Cluster Protocol Request-4] o.a.n.c.p.impl.SocketProtocolListener Finished processing request 5b24d0bf-7b6e-4083-ba58-a00c77b8a092 (type=HEARTBEAT, length=2235 bytes) from mynifi:8080 in 3 millis
2024-10-21 07:54:16,099 INFO [Clustering Tasks Thread-2] o.a.n.c.c.ClusterProtocolHeartbeater Heartbeat created at 2024-10-21 07:54:16,089 and sent to mynifi:8082 at 2024-10-21 07:54:16,099; send took 9 millis
2024-10-21 07:54:17,575 INFO [Heartbeat Monitor Thread-1] o.a.n.c.c.h.AbstractHeartbeatMonitor Finished processing 1 heartbeats in 30605 nanos
2024-10-21 07:54:21,106 INFO [Process Cluster Protocol Request-5] o.a.n.c.p.impl.SocketProtocolListener Finished processing request c210f8c9-b581-42f0-98cb-c9ac4c1fb5e0 (type=HEARTBEAT, length=2235 bytes) from mynifi:8080 in 3 millis
2024-10-21 07:54:21,109 INFO [Clustering Tasks Thread-2] o.a.n.c.c.ClusterProtocolHeartbeater Heartbeat created at 2024-10-21 07:54:21,099 and sent to mynifi:8082 at 2024-10-21 07:54:21,109; send took 9 millis
2024-10-21 07:54:22,576 INFO [Heartbeat Monitor Thread-1] o.a.n.c.c.h.AbstractHeartbeatMonitor Finished processing 1 heartbeats in 54098 nanos
2024-10-21 07:54:26,116 INFO [Process Cluster Protocol Request-6] o.a.n.c.p.impl.SocketProtocolListener Finished processing request 5c15388b-c55f-4241-9b48-9f6ce80d0dd4 (type=HEARTBEAT, length=2235 bytes) from mynifi:8080 in 3 millis
2024-10-21 07:54:26,119 INFO [Clustering Tasks Thread-2] o.a.n.c.c.ClusterProtocolHeartbeater Heartbeat created at 2024-10-21 07:54:26,110 and sent to mynifi:8082 at 2024-10-21 07:54:26,119; send took 9 millis
2024-10-21 07:54:27,576 INFO [Heartbeat Monitor Thread-1] o.a.n.c.c.h.AbstractHeartbeatMonitor Finished processing 1 heartbeats in 32975 nanos
2024-10-21 07:54:31,127 INFO [Process Cluster Protocol Request-7] o.a.n.c.p.impl.SocketProtocolListener Finished processing request a414e62b-3dc7-4ca8-89a4-7f6b27b920fe (type=HEARTBEAT, length=2235 bytes) from mynifi:8080 in 3 millis
2024-10-21 07:54:31,129 INFO [Clustering Tasks Thread-2] o.a.n.c.c.ClusterProtocolHeartbeater Heartbeat created at 2024-10-21 07:54:31,120 and sent to mynifi:8082 at 2024-10-21 07:54:31,129; send took 9 millis
2024-10-21 07:54:32,577 INFO [Heartbeat Monitor Thread-1] o.a.n.c.c.h.AbstractHeartbeatMonitor Finished processing 1 heartbeats in 33537 nanos
2024-10-21 07:54:34,452 INFO [pool-13-thread-1] o.a.n.c.r.WriteAheadFlowFileRepository Initiating checkpoint of FlowFile Repository
2024-10-21 07:54:34,452 INFO [pool-13-thread-1] o.a.n.c.r.WriteAheadFlowFileRepository Successfully checkpointed FlowFile Repository with 0 records in 0 milliseconds
2024-10-21 07:54:36,137 INFO [Process Cluster Protocol Request-8] o.a.n.c.p.impl.SocketProtocolListener Finished processing request e69da734-fb74-4def-9fea-72f7d26adce6 (type=HEARTBEAT, length=2235 bytes) from mynifi:8080 in 3 millis
2024-10-21 07:54:36,140 INFO [Clustering Tasks Thread-2] o.a.n.c.c.ClusterProtocolHeartbeater Heartbeat created at 2024-10-21 07:54:36,130 and sent to mynifi:8082 at 2024-10-21 07:54:36,140; send took 9 millis
2024-10-21 07:54:37,577 INFO [Heartbeat Monitor Thread-1] o.a.n.c.c.h.AbstractHeartbeatMonitor Finished processing 1 heartbeats in 33427 nanos
2024-10-21 07:54:40,759 INFO [Write-Ahead Local State Provider Maintenance] org.wali.MinimalLockingWriteAheadLog org.wali.MinimalLockingWriteAheadLog@5de25642 checkpointed with 3 Records and 0 Swap Files in 12 milliseconds (Stop-the-world time = 4 milliseconds, Clear Edit Logs time = 5 millis), max Transaction ID 17
2024-10-21 07:54:41,148 INFO [Process Cluster Protocol Request-9] o.a.n.c.p.impl.SocketProtocolListener Finished processing request 62798176-9d01-4a4e-9c5a-813993b0acb4 (type=HEARTBEAT, length=2235 bytes) from mynifi:8080 in 3 millis
2024-10-21 07:54:41,151 INFO [Clustering Tasks Thread-2] o.a.n.c.c.ClusterProtocolHeartbeater Heartbeat created at 2024-10-21 07:54:41,141 and sent to mynifi:8082 at 2024-10-21 07:54:41,151; send took 9 millis
2024-10-21 07:54:41,527 INFO [Cleanup Archive for default] o.a.n.c.repository.FileSystemRepository Successfully deleted 0 files (0 bytes) from archive
2024-10-21 07:54:42,578 INFO [Heartbeat Monitor Thread-1] o.a.n.c.c.h.AbstractHeartbeatMonitor Finished processing 1 heartbeats in 33108 nanos
2024-10-21 07:54:46,158 INFO [Process Cluster Protocol Request-10] o.a.n.c.p.impl.SocketProtocolListener Finished processing request 7fe444ef-3bab-4a24-baf1-f3ecefcfe13e (type=HEARTBEAT, length=2235 bytes) from mynifi:8080 in 3 millis
2024-10-21 07:54:46,161 INFO [Clustering Tasks Thread-2] o.a.n.c.c.ClusterProtocolHeartbeater Heartbeat created at 2024-10-21 07:54:46,151 and sent to mynifi:8082 at 2024-10-21 07:54:46,161; send took 9 millis
2024-10-21 07:54:47,578 INFO [Heartbeat Monitor Thread-1] o.a.n.c.c.h.AbstractHeartbeatMonitor Finished processing 1 heartbeats in 11149 nanos
2024-10-21 07:54:51,169 INFO [Process Cluster Protocol Request-1] o.a.n.c.p.impl.SocketProtocolListener Finished processing request 157a5ea8-cd66-4f6a-8eee-fdf8d2988de6 (type=HEARTBEAT, length=2235 bytes) from mynifi:8080 in 3 millis
2024-10-21 07:54:51,171 INFO [Clustering Tasks Thread-2] o.a.n.c.c.ClusterProtocolHeartbeater Heartbeat created at 2024-10-21 07:54:51,162 and sent to mynifi:8082 at 2024-10-21 07:54:51,171; send took 9 millis
2024-10-21 07:54:52,579 INFO [Heartbeat Monitor Thread-1] o.a.n.c.c.h.AbstractHeartbeatMonitor Finished processing 1 heartbeats in 13354 nanos
2024-10-21 07:54:54,453 INFO [pool-13-thread-1] o.a.n.c.r.WriteAheadFlowFileRepository Initiating checkpoint of FlowFile Repository
2024-10-21 07:54:54,453 INFO [pool-13-thread-1] o.a.n.c.r.WriteAheadFlowFileRepository Successfully checkpointed FlowFile Repository with 0 records in 0 milliseconds
2024-10-21 07:54:56,174 INFO [Process Cluster Protocol Request-2] o.a.n.c.p.impl.SocketProtocolListener Finished processing request 3fca0a7c-ee6d-47f4-8217-8b77a8622bdf (type=HEARTBEAT, length=2235 bytes) from mynifi:8080 in 1 millis
2024-10-21 07:54:56,175 INFO [Clustering Tasks Thread-2] o.a.n.c.c.ClusterProtocolHeartbeater Heartbeat created at 2024-10-21 07:54:56,172 and sent to mynifi:8082 at 2024-10-21 07:54:56,175; send took 3 millis
2024-10-21 07:54:57,579 INFO [Heartbeat Monitor Thread-1] o.a.n.c.c.h.AbstractHeartbeatMonitor Finished processing 1 heartbeats in 20133 nanos
2024-10-21 07:55:01,177 INFO [Process Cluster Protocol Request-3] o.a.n.c.p.impl.SocketProtocolListener Finished processing request 489e119f-ef5d-426e-a420-5480e778e5b0 (type=HEARTBEAT, length=2235 bytes) from mynifi:8080 in 942383 nanos
2024-10-21 07:55:01,178 INFO [Clustering Tasks Thread-2] o.a.n.c.c.ClusterProtocolHeartbeater Heartbeat created at 2024-10-21 07:55:01,175 and sent to mynifi:8082 at 2024-10-21 07:55:01,178; send took 3 millis
2024-10-21 07:55:02,579 INFO [Heartbeat Monitor Thread-1] o.a.n.c.c.h.AbstractHeartbeatMonitor Finished processing 1 heartbeats in 30952 nanos
2024-10-21 07:55:06,181 INFO [Process Cluster Protocol Request-4] o.a.n.c.p.impl.SocketProtocolListener Finished processing request 155f7c85-76ac-41b0-bd7a-44546a54a0cf (type=HEARTBEAT, length=2235 bytes) from mynifi:8080 in 898901 nanos
2024-10-21 07:55:06,182 INFO [Clustering Tasks Thread-2] o.a.n.c.c.ClusterProtocolHeartbeater Heartbeat created at 2024-10-21 07:55:06,179 and sent to mynifi:8082 at 2024-10-21 07:55:06,182; send took 2 millis
2024-10-21 07:55:07,580 INFO [Heartbeat Monitor Thread-1] o.a.n.c.c.h.AbstractHeartbeatMonitor Finished processing 1 heartbeats in 31430 nanos
2024-10-21 07:55:11,189 INFO [Process Cluster Protocol Request-5] o.a.n.c.p.impl.SocketProtocolListener Finished processing request 05c59662-1d02-4960-baed-ff9416c76395 (type=HEARTBEAT, length=2235 bytes) from mynifi:8080 in 3 millis
2024-10-21 07:55:11,191 INFO [Clustering Tasks Thread-2] o.a.n.c.c.ClusterProtocolHeartbeater Heartbeat created at 2024-10-21 07:55:11,182 and sent to mynifi:8082 at 2024-10-21 07:55:11,191; send took 9 millis
2024-10-21 07:55:12,580 INFO [Heartbeat Monitor Thread-1] o.a.n.c.c.h.AbstractHeartbeatMonitor Finished processing 1 heartbeats in 30930 nanos
2024-10-21 07:55:14,453 INFO [pool-13-thread-1] o.a.n.c.r.WriteAheadFlowFileRepository Initiating checkpoint of FlowFile Repository
2024-10-21 07:55:14,454 INFO [pool-13-thread-1] o.a.n.c.r.WriteAheadFlowFileRepository Successfully checkpointed FlowFile Repository with 0 records in 0 milliseconds
2024-10-21 07:55:16,199 INFO [Process Cluster Protocol Request-6] o.a.n.c.p.impl.SocketProtocolListener Finished processing request c77647f5-28c9-451c-8bd8-cdc1eabc4929 (type=HEARTBEAT, length=2235 bytes) from mynifi:8080 in 3 millis
2024-10-21 07:55:16,202 INFO [Clustering Tasks Thread-2] o.a.n.c.c.ClusterProtocolHeartbeater Heartbeat created at 2024-10-21 07:55:16,192 and sent to mynifi:8082 at 2024-10-21 07:55:16,202; send took 9 millis
2024-10-21 07:55:17,581 INFO [Heartbeat Monitor Thread-1] o.a.n.c.c.h.AbstractHeartbeatMonitor Finished processing 1 heartbeats in 31074 nanos
2024-10-21 07:55:21,209 INFO [Process Cluster Protocol Request-7] o.a.n.c.p.impl.SocketProtocolListener Finished processing request f0c6e93b-5f28-4181-941a-dc900642676a (type=HEARTBEAT, length=2235 bytes) from mynifi:8080 in 3 millis
2024-10-21 07:55:21,211 INFO [Clustering Tasks Thread-2] o.a.n.c.c.ClusterProtocolHeartbeater Heartbeat created at 2024-10-21 07:55:21,202 and sent to mynifi:8082 at 2024-10-21 07:55:21,211; send took 9 millis
2024-10-21 07:55:22,581 INFO [Heartbeat Monitor Thread-1] o.a.n.c.c.h.AbstractHeartbeatMonitor Finished processing 1 heartbeats in 30233 nanos
2024-10-21 07:55:26,219 INFO [Process Cluster Protocol Request-8] o.a.n.c.p.impl.SocketProtocolListener Finished processing request 5c699f82-5c1c-4453-b41e-cfb15ca0cce4 (type=HEARTBEAT, length=2235 bytes) from mynifi:8080 in 3 millis
2024-10-21 07:55:26,222 INFO [Clustering Tasks Thread-2] o.a.n.c.c.ClusterProtocolHeartbeater Heartbeat created at 2024-10-21 07:55:26,212 and sent to mynifi:8082 at 2024-10-21 07:55:26,222; send took 9 millis
2024-10-21 07:55:27,582 INFO [Heartbeat Monitor Thread-1] o.a.n.c.c.h.AbstractHeartbeatMonitor Finished processing 1 heartbeats in 30930 nanos
2024-10-21 07:55:31,229 INFO [Process Cluster Protocol Request-9] o.a.n.c.p.impl.SocketProtocolListener Finished processing request 90d37eb5-319d-47b1-a4f2-187c8fc1e8b2 (type=HEARTBEAT, length=2235 bytes) from mynifi:8080 in 3 millis
2024-10-21 07:55:31,231 INFO [Clustering Tasks Thread-2] o.a.n.c.c.ClusterProtocolHeartbeater Heartbeat created at 2024-10-21 07:55:31,222 and sent to mynifi:8082 at 2024-10-21 07:55:31,231; send took 9 millis
2024-10-21 07:55:32,582 INFO [Heartbeat Monitor Thread-1] o.a.n.c.c.h.AbstractHeartbeatMonitor Finished processing 1 heartbeats in 31625 nanos
2024-10-21 07:55:34,454 INFO [pool-13-thread-1] o.a.n.c.r.WriteAheadFlowFileRepository Initiating checkpoint of FlowFile Repository
2024-10-21 07:55:34,454 INFO [pool-13-thread-1] o.a.n.c.r.WriteAheadFlowFileRepository Successfully checkpointed FlowFile Repository with 0 records in 0 milliseconds
2024-10-21 07:55:36,239 INFO [Process Cluster Protocol Request-10] o.a.n.c.p.impl.SocketProtocolListener Finished processing request b45575b0-a33e-4e9d-b892-bd1e2a9d9fca (type=HEARTBEAT, length=2235 bytes) from mynifi:8080 in 3 millis
2024-10-21 07:55:36,241 INFO [Clustering Tasks Thread-2] o.a.n.c.c.ClusterProtocolHeartbeater Heartbeat created at 2024-10-21 07:55:36,232 and sent to mynifi:8082 at 2024-10-21 07:55:36,241; send took 9 millis
2024-10-21 07:55:37,583 INFO [Heartbeat Monitor Thread-1] o.a.n.c.c.h.AbstractHeartbeatMonitor Finished processing 1 heartbeats in 29831 nanos
2024-10-21 07:55:41,248 INFO [Process Cluster Protocol Request-1] o.a.n.c.p.impl.SocketProtocolListener Finished processing request 69216426-4f21-4cc5-bc6d-d1c7c362376e (type=HEARTBEAT, length=2235 bytes) from mynifi:8080 in 3 millis
2024-10-21 07:55:41,251 INFO [Clustering Tasks Thread-2] o.a.n.c.c.ClusterProtocolHeartbeater Heartbeat created at 2024-10-21 07:55:41,242 and sent to mynifi:8082 at 2024-10-21 07:55:41,251; send took 9 millis
2024-10-21 07:55:41,538 INFO [Cleanup Archive for default] o.a.n.c.repository.FileSystemRepository Successfully deleted 0 files (0 bytes) from archive
2024-10-21 07:55:42,583 INFO [Heartbeat Monitor Thread-1] o.a.n.c.c.h.AbstractHeartbeatMonitor Finished processing 1 heartbeats in 11959 nanos
2024-10-21 07:55:46,259 INFO [Process Cluster Protocol Request-2] o.a.n.c.p.impl.SocketProtocolListener Finished processing request 88c04be8-298e-457e-933f-fe8545cb329a (type=HEARTBEAT, length=2235 bytes) from mynifi:8080 in 3 millis
2024-10-21 07:55:46,262 INFO [Clustering Tasks Thread-2] o.a.n.c.c.ClusterProtocolHeartbeater Heartbeat created at 2024-10-21 07:55:46,252 and sent to mynifi:8082 at 2024-10-21 07:55:46,262; send took 9 millis
2024-10-21 07:55:47,584 INFO [Heartbeat Monitor Thread-1] o.a.n.c.c.h.AbstractHeartbeatMonitor Finished processing 1 heartbeats in 32686 nanos
2024-10-21 07:55:51,269 INFO [Process Cluster Protocol Request-3] o.a.n.c.p.impl.SocketProtocolListener Finished processing request 3fc6af9a-43e0-4c90-9ceb-975fbf2b945e (type=HEARTBEAT, length=2235 bytes) from mynifi:8080 in 3 millis
2024-10-21 07:55:51,271 INFO [Clustering Tasks Thread-2] o.a.n.c.c.ClusterProtocolHeartbeater Heartbeat created at 2024-10-21 07:55:51,262 and sent to mynifi:8082 at 2024-10-21 07:55:51,271; send took 8 millis
2024-10-21 07:55:52,584 INFO [Heartbeat Monitor Thread-1] o.a.n.c.c.h.AbstractHeartbeatMonitor Finished processing 1 heartbeats in 32507 nanos
2024-10-21 07:55:54,454 INFO [pool-13-thread-1] o.a.n.c.r.WriteAheadFlowFileRepository Initiating checkpoint of FlowFile Repository
2024-10-21 07:55:54,455 INFO [pool-13-thread-1] o.a.n.c.r.WriteAheadFlowFileRepository Successfully checkpointed FlowFile Repository with 0 records in 0 milliseconds
2024-10-21 07:55:56,278 INFO [Process Cluster Protocol Request-4] o.a.n.c.p.impl.SocketProtocolListener Finished processing request b7e40ab0-2373-48a8-ae34-c669cfa6ae2e (type=HEARTBEAT, length=2235 bytes) from mynifi:8080 in 3 millis
2024-10-21 07:55:56,281 INFO [Clustering Tasks Thread-2] o.a.n.c.c.ClusterProtocolHeartbeater Heartbeat created at 2024-10-21 07:55:56,272 and sent to mynifi:8082 at 2024-10-21 07:55:56,281; send took 8 millis
2024-10-21 07:55:57,585 INFO [Heartbeat Monitor Thread-1] o.a.n.c.c.h.AbstractHeartbeatMonitor Finished processing 1 heartbeats in 45762 nanos
2024-10-21 07:56:01,288 INFO [Process Cluster Protocol Request-5] o.a.n.c.p.impl.SocketProtocolListener Finished processing request d983a315-a94b-4efb-9c6b-6c668c4ad3b7 (type=HEARTBEAT, length=2235 bytes) from mynifi:8080 in 2 millis
2024-10-21 07:56:01,289 INFO [Clustering Tasks Thread-2] o.a.n.c.c.ClusterProtocolHeartbeater Heartbeat created at 2024-10-21 07:56:01,282 and sent to mynifi:8082 at 2024-10-21 07:56:01,289; send took 7 millis
2024-10-21 07:56:02,585 INFO [Heartbeat Monitor Thread-1] o.a.n.c.c.h.AbstractHeartbeatMonitor Finished processing 1 heartbeats in 32079 nanos
2024-10-21 07:56:06,291 INFO [Process Cluster Protocol Request-6] o.a.n.c.p.impl.SocketProtocolListener Finished processing request 94c4d0c9-5309-42da-9f06-4b3396b90de3 (type=HEARTBEAT, length=2235 bytes) from mynifi:8080 in 874421 nanos
2024-10-21 07:56:06,292 INFO [Clustering Tasks Thread-2] o.a.n.c.c.ClusterProtocolHeartbeater Heartbeat created at 2024-10-21 07:56:06,289 and sent to mynifi:8082 at 2024-10-21 07:56:06,292; send took 3 millis
2024-10-21 07:56:07,586 INFO [Heartbeat Monitor Thread-1] o.a.n.c.c.h.AbstractHeartbeatMonitor Finished processing 1 heartbeats in 32291 nanos
2024-10-21 07:56:11,300 INFO [Process Cluster Protocol Request-7] o.a.n.c.p.impl.SocketProtocolListener Finished processing request cfc1eae8-5c41-4561-9119-7704aa88dea0 (type=HEARTBEAT, length=2235 bytes) from mynifi:8080 in 3 millis
2024-10-21 07:56:11,302 INFO [Clustering Tasks Thread-2] o.a.n.c.c.ClusterProtocolHeartbeater Heartbeat created at 2024-10-21 07:56:11,293 and sent to mynifi:8082 at 2024-10-21 07:56:11,302; send took 9 millis
2024-10-21 07:56:12,586 INFO [Heartbeat Monitor Thread-1] o.a.n.c.c.h.AbstractHeartbeatMonitor Finished processing 1 heartbeats in 32912 nanos
2024-10-21 07:56:14,455 INFO [pool-13-thread-1] o.a.n.c.r.WriteAheadFlowFileRepository Initiating checkpoint of FlowFile Repository
2024-10-21 07:56:14,455 INFO [pool-13-thread-1] o.a.n.c.r.WriteAheadFlowFileRepository Successfully checkpointed FlowFile Repository with 0 records in 0 milliseconds
2024-10-21 07:56:16,310 INFO [Process Cluster Protocol Request-8] o.a.n.c.p.impl.SocketProtocolListener Finished processing request 1d8e2bf3-caaa-4c6e-b620-c705baae0f8a (type=HEARTBEAT, length=2235 bytes) from mynifi:8080 in 3 millis
2024-10-21 07:56:16,312 INFO [Clustering Tasks Thread-2] o.a.n.c.c.ClusterProtocolHeartbeater Heartbeat created at 2024-10-21 07:56:16,303 and sent to mynifi:8082 at 2024-10-21 07:56:16,312; send took 9 millis
2024-10-21 07:56:17,587 INFO [Heartbeat Monitor Thread-1] o.a.n.c.c.h.AbstractHeartbeatMonitor Finished processing 1 heartbeats in 33159 nanos
2024-10-21 07:56:21,320 INFO [Process Cluster Protocol Request-9] o.a.n.c.p.impl.SocketProtocolListener Finished processing request c29b3b1c-c546-4682-80c2-52c8f17f3626 (type=HEARTBEAT, length=2235 bytes) from mynifi:8080 in 3 millis
2024-10-21 07:56:21,322 INFO [Clustering Tasks Thread-2] o.a.n.c.c.ClusterProtocolHeartbeater Heartbeat created at 2024-10-21 07:56:21,313 and sent to mynifi:8082 at 2024-10-21 07:56:21,322; send took 9 millis
2024-10-21 07:56:22,587 INFO [Heartbeat Monitor Thread-1] o.a.n.c.c.h.AbstractHeartbeatMonitor Finished processing 1 heartbeats in 31943 nanos
2024-10-21 07:56:26,329 INFO [Process Cluster Protocol Request-10] o.a.n.c.p.impl.SocketProtocolListener Finished processing request eeec893e-abb0-415e-88e1-20ee268c912d (type=HEARTBEAT, length=2235 bytes) from mynifi:8080 in 3 millis
2024-10-21 07:56:26,332 INFO [Clustering Tasks Thread-2] o.a.n.c.c.ClusterProtocolHeartbeater Heartbeat created at 2024-10-21 07:56:26,323 and sent to mynifi:8082 at 2024-10-21 07:56:26,332; send took 9 millis
2024-10-21 07:56:27,588 INFO [Heartbeat Monitor Thread-1] o.a.n.c.c.h.AbstractHeartbeatMonitor Finished processing 1 heartbeats in 32148 nanos
2024-10-21 07:56:31,339 INFO [Process Cluster Protocol Request-1] o.a.n.c.p.impl.SocketProtocolListener Finished processing request c44665cd-081e-429f-a6dd-81d0034c7c14 (type=HEARTBEAT, length=2235 bytes) from mynifi:8080 in 3 millis
2024-10-21 07:56:31,342 INFO [Clustering Tasks Thread-2] o.a.n.c.c.ClusterProtocolHeartbeater Heartbeat created at 2024-10-21 07:56:31,333 and sent to mynifi:8082 at 2024-10-21 07:56:31,342; send took 9 millis
2024-10-21 07:56:32,588 INFO [Heartbeat Monitor Thread-1] o.a.n.c.c.h.AbstractHeartbeatMonitor Finished processing 1 heartbeats in 31622 nanos
2024-10-21 07:56:34,455 INFO [pool-13-thread-1] o.a.n.c.r.WriteAheadFlowFileRepository Initiating checkpoint of FlowFile Repository
2024-10-21 07:56:34,455 INFO [pool-13-thread-1] o.a.n.c.r.WriteAheadFlowFileRepository Successfully checkpointed FlowFile Repository with 0 records in 0 milliseconds
2024-10-21 07:56:36,349 INFO [Process Cluster Protocol Request-2] o.a.n.c.p.impl.SocketProtocolListener Finished processing request 6c7140b0-d9bf-495c-bae6-a937fb9b1e37 (type=HEARTBEAT, length=2235 bytes) from mynifi:8080 in 3 millis
2024-10-21 07:56:36,352 INFO [Clustering Tasks Thread-2] o.a.n.c.c.ClusterProtocolHeartbeater Heartbeat created at 2024-10-21 07:56:36,343 and sent to mynifi:8082 at 2024-10-21 07:56:36,352; send took 9 millis
2024-10-21 07:56:37,589 INFO [Heartbeat Monitor Thread-1] o.a.n.c.c.h.AbstractHeartbeatMonitor Finished processing 1 heartbeats in 31221 nanos
2024-10-21 07:56:40,766 INFO [Write-Ahead Local State Provider Maintenance] org.wali.MinimalLockingWriteAheadLog org.wali.MinimalLockingWriteAheadLog@5de25642 checkpointed with 3 Records and 0 Swap Files in 6 milliseconds (Stop-the-world time = 4 milliseconds, Clear Edit Logs time = 0 millis), max Transaction ID 17
2024-10-21 07:56:41,355 INFO [Process Cluster Protocol Request-3] o.a.n.c.p.impl.SocketProtocolListener Finished processing request f6a45acc-c0fc-44f5-b2ee-c0a4d1428321 (type=HEARTBEAT, length=2235 bytes) from mynifi:8080 in 821597 nanos
2024-10-21 07:56:41,355 INFO [Clustering Tasks Thread-2] o.a.n.c.c.ClusterProtocolHeartbeater Heartbeat created at 2024-10-21 07:56:41,352 and sent to mynifi:8082 at 2024-10-21 07:56:41,355; send took 2 millis
2024-10-21 07:56:41,547 INFO [Cleanup Archive for default] o.a.n.c.repository.FileSystemRepository Successfully deleted 0 files (0 bytes) from archive
2024-10-21 07:56:42,589 INFO [Heartbeat Monitor Thread-1] o.a.n.c.c.h.AbstractHeartbeatMonitor Finished processing 1 heartbeats in 31049 nanos
2024-10-21 07:56:46,363 INFO [Process Cluster Protocol Request-4] o.a.n.c.p.impl.SocketProtocolListener Finished processing request 8d165436-f2a7-4519-b6db-62312cf14cb8 (type=HEARTBEAT, length=2235 bytes) from mynifi:8080 in 3 millis
2024-10-21 07:56:46,365 INFO [Clustering Tasks Thread-2] o.a.n.c.c.ClusterProtocolHeartbeater Heartbeat created at 2024-10-21 07:56:46,356 and sent to mynifi:8082 at 2024-10-21 07:56:46,365; send took 9 millis
2024-10-21 07:56:47,590 INFO [Heartbeat Monitor Thread-1] o.a.n.c.c.h.AbstractHeartbeatMonitor Finished processing 1 heartbeats in 31375 nanos
2024-10-21 07:56:51,372 INFO [Process Cluster Protocol Request-5] o.a.n.c.p.impl.SocketProtocolListener Finished processing request babda724-7589-4257-8932-78dc1c09172b (type=HEARTBEAT, length=2235 bytes) from mynifi:8080 in 3 millis
2024-10-21 07:56:51,375 INFO [Clustering Tasks Thread-2] o.a.n.c.c.ClusterProtocolHeartbeater Heartbeat created at 2024-10-21 07:56:51,366 and sent to mynifi:8082 at 2024-10-21 07:56:51,375; send took 9 millis
2024-10-21 07:56:52,590 INFO [Heartbeat Monitor Thread-1] o.a.n.c.c.h.AbstractHeartbeatMonitor Finished processing 1 heartbeats in 32022 nanos
2024-10-21 07:56:54,455 INFO [pool-13-thread-1] o.a.n.c.r.WriteAheadFlowFileRepository Initiating checkpoint of FlowFile Repository
2024-10-21 07:56:54,456 INFO [pool-13-thread-1] o.a.n.c.r.WriteAheadFlowFileRepository Successfully checkpointed FlowFile Repository with 0 records in 0 milliseconds
2024-10-21 07:56:56,382 INFO [Process Cluster Protocol Request-6] o.a.n.c.p.impl.SocketProtocolListener Finished processing request 6cd97330-26fe-4d5d-b5e0-7ed06f43a9e9 (type=HEARTBEAT, length=2235 bytes) from mynifi:8080 in 3 millis
2024-10-21 07:56:56,385 INFO [Clustering Tasks Thread-2] o.a.n.c.c.ClusterProtocolHeartbeater Heartbeat created at 2024-10-21 07:56:56,376 and sent to mynifi:8082 at 2024-10-21 07:56:56,385; send took 9 millis
2024-10-21 07:56:57,591 INFO [Heartbeat Monitor Thread-1] o.a.n.c.c.h.AbstractHeartbeatMonitor Finished processing 1 heartbeats in 30094 nanos
2024-10-21 07:57:01,392 INFO [Process Cluster Protocol Request-7] o.a.n.c.p.impl.SocketProtocolListener Finished processing request 11d82be5-3d28-4989-93bd-da3f6bdf5afc (type=HEARTBEAT, length=2235 bytes) from mynifi:8080 in 3 millis
2024-10-21 07:57:01,395 INFO [Clustering Tasks Thread-2] o.a.n.c.c.ClusterProtocolHeartbeater Heartbeat created at 2024-10-21 07:57:01,385 and sent to mynifi:8082 at 2024-10-21 07:57:01,395; send took 8 millis
2024-10-21 07:57:02,591 INFO [Heartbeat Monitor Thread-1] o.a.n.c.c.h.AbstractHeartbeatMonitor Finished processing 1 heartbeats in 31468 nanos
2024-10-21 07:57:06,402 INFO [Process Cluster Protocol Request-8] o.a.n.c.p.impl.SocketProtocolListener Finished processing request cc68e775-d1d0-4811-92dc-a32d76cd08c1 (type=HEARTBEAT, length=2235 bytes) from mynifi:8080 in 2 millis
2024-10-21 07:57:06,405 INFO [Clustering Tasks Thread-2] o.a.n.c.c.ClusterProtocolHeartbeater Heartbeat created at 2024-10-21 07:57:06,395 and sent to mynifi:8082 at 2024-10-21 07:57:06,405; send took 9 millis
2024-10-21 07:57:07,592 INFO [Heartbeat Monitor Thread-1] o.a.n.c.c.h.AbstractHeartbeatMonitor Finished processing 1 heartbeats in 30460 nanos
2024-10-21 07:57:11,412 INFO [Process Cluster Protocol Request-9] o.a.n.c.p.impl.SocketProtocolListener Finished processing request 381168f3-fad7-49b4-ab1f-912de44589b2 (type=HEARTBEAT, length=2235 bytes) from mynifi:8080 in 3 millis
2024-10-21 07:57:11,414 INFO [Clustering Tasks Thread-2] o.a.n.c.c.ClusterProtocolHeartbeater Heartbeat created at 2024-10-21 07:57:11,405 and sent to mynifi:8082 at 2024-10-21 07:57:11,414; send took 8 millis
2024-10-21 07:57:12,592 INFO [Heartbeat Monitor Thread-1] o.a.n.c.c.h.AbstractHeartbeatMonitor Finished processing 1 heartbeats in 80818 nanos
2024-10-21 07:57:14,456 INFO [pool-13-thread-1] o.a.n.c.r.WriteAheadFlowFileRepository Initiating checkpoint of FlowFile Repository
2024-10-21 07:57:14,456 INFO [pool-13-thread-1] o.a.n.c.r.WriteAheadFlowFileRepository Successfully checkpointed FlowFile Repository with 0 records in 0 milliseconds
2024-10-21 07:57:16,417 INFO [Process Cluster Protocol Request-10] o.a.n.c.p.impl.SocketProtocolListener Finished processing request 1f6b040e-aac5-45df-b005-be8a99cb49e0 (type=HEARTBEAT, length=2235 bytes) from mynifi:8080 in 861779 nanos
2024-10-21 07:57:16,417 INFO [Clustering Tasks Thread-2] o.a.n.c.c.ClusterProtocolHeartbeater Heartbeat created at 2024-10-21 07:57:16,414 and sent to mynifi:8082 at 2024-10-21 07:57:16,417; send took 2 millis
2024-10-21 07:57:17,593 INFO [Heartbeat Monitor Thread-1] o.a.n.c.c.h.AbstractHeartbeatMonitor Finished processing 1 heartbeats in 11523 nanos
2024-10-21 07:57:21,424 INFO [Process Cluster Protocol Request-1] o.a.n.c.p.impl.SocketProtocolListener Finished processing request f5d4d441-3355-4ef9-b68a-5626114bff6c (type=HEARTBEAT, length=2235 bytes) from mynifi:8080 in 3 millis
2024-10-21 07:57:21,427 INFO [Clustering Tasks Thread-2] o.a.n.c.c.ClusterProtocolHeartbeater Heartbeat created at 2024-10-21 07:57:21,418 and sent to mynifi:8082 at 2024-10-21 07:57:21,427; send took 8 millis
2024-10-21 07:57:22,593 INFO [Heartbeat Monitor Thread-1] o.a.n.c.c.h.AbstractHeartbeatMonitor Finished processing 1 heartbeats in 30498 nanos
2024-10-21 07:57:26,428 INFO [Process Cluster Protocol Request-2] o.a.n.c.p.impl.SocketProtocolListener Finished processing request 5739175b-df13-4047-9431-d24bcfd40d33 (type=HEARTBEAT, length=2235 bytes) from mynifi:8080 in 805588 nanos
2024-10-21 07:57:26,429 INFO [Clustering Tasks Thread-2] o.a.n.c.c.ClusterProtocolHeartbeater Heartbeat created at 2024-10-21 07:57:26,427 and sent to mynifi:8082 at 2024-10-21 07:57:26,429; send took 2 millis
2024-10-21 07:57:27,593 INFO [Heartbeat Monitor Thread-1] o.a.n.c.c.h.AbstractHeartbeatMonitor Finished processing 1 heartbeats in 45970 nanos
2024-10-21 07:57:31,436 INFO [Process Cluster Protocol Request-3] o.a.n.c.p.impl.SocketProtocolListener Finished processing request 97569f49-b75e-4a7a-8209-6545a11c50ae (type=HEARTBEAT, length=2235 bytes) from mynifi:8080 in 3 millis
2024-10-21 07:57:31,439 INFO [Clustering Tasks Thread-2] o.a.n.c.c.ClusterProtocolHeartbeater Heartbeat created at 2024-10-21 07:57:31,430 and sent to mynifi:8082 at 2024-10-21 07:57:31,439; send took 8 millis
2024-10-21 07:57:32,594 INFO [Heartbeat Monitor Thread-1] o.a.n.c.c.h.AbstractHeartbeatMonitor Finished processing 1 heartbeats in 29795 nanos
2024-10-21 07:57:34,456 INFO [pool-13-thread-1] o.a.n.c.r.WriteAheadFlowFileRepository Initiating checkpoint of FlowFile Repository
2024-10-21 07:57:34,456 INFO [pool-13-thread-1] o.a.n.c.r.WriteAheadFlowFileRepository Successfully checkpointed FlowFile Repository with 0 records in 0 milliseconds
2024-10-21 07:57:36,446 INFO [Process Cluster Protocol Request-4] o.a.n.c.p.impl.SocketProtocolListener Finished processing request 1b68f441-1dda-4e65-af97-9ad6f31287ea (type=HEARTBEAT, length=2235 bytes) from mynifi:8080 in 2 millis
2024-10-21 07:57:36,448 INFO [Clustering Tasks Thread-2] o.a.n.c.c.ClusterProtocolHeartbeater Heartbeat created at 2024-10-21 07:57:36,439 and sent to mynifi:8082 at 2024-10-21 07:57:36,448; send took 8 millis
2024-10-21 07:57:37,594 INFO [Heartbeat Monitor Thread-1] o.a.n.c.c.h.AbstractHeartbeatMonitor Finished processing 1 heartbeats in 45070 nanos
2024-10-21 07:57:41,455 INFO [Process Cluster Protocol Request-5] o.a.n.c.p.impl.SocketProtocolListener Finished processing request b9f45e36-2f21-43bf-bc5b-ac72c14ca350 (type=HEARTBEAT, length=2235 bytes) from mynifi:8080 in 3 millis
2024-10-21 07:57:41,458 INFO [Clustering Tasks Thread-2] o.a.n.c.c.ClusterProtocolHeartbeater Heartbeat created at 2024-10-21 07:57:41,449 and sent to mynifi:8082 at 2024-10-21 07:57:41,458; send took 8 millis
2024-10-21 07:57:41,555 INFO [Cleanup Archive for default] o.a.n.c.repository.FileSystemRepository Successfully deleted 0 files (0 bytes) from archive
2024-10-21 07:57:42,595 INFO [Heartbeat Monitor Thread-1] o.a.n.c.c.h.AbstractHeartbeatMonitor Finished processing 1 heartbeats in 27785 nanos
2024-10-21 07:57:46,465 INFO [Process Cluster Protocol Request-6] o.a.n.c.p.impl.SocketProtocolListener Finished processing request ee6bb0d6-99f7-4041-81ca-fe9713a48a59 (type=HEARTBEAT, length=2235 bytes) from mynifi:8080 in 3 millis
2024-10-21 07:57:46,468 INFO [Clustering Tasks Thread-2] o.a.n.c.c.ClusterProtocolHeartbeater Heartbeat created at 2024-10-21 07:57:46,459 and sent to mynifi:8082 at 2024-10-21 07:57:46,468; send took 9 millis
2024-10-21 07:57:47,595 INFO [Heartbeat Monitor Thread-1] o.a.n.c.c.h.AbstractHeartbeatMonitor Finished processing 1 heartbeats in 31627 nanos
2024-10-21 07:57:51,475 INFO [Process Cluster Protocol Request-7] o.a.n.c.p.impl.SocketProtocolListener Finished processing request 77223869-b1ee-447a-bb00-79b107414494 (type=HEARTBEAT, length=2235 bytes) from mynifi:8080 in 3 millis
2024-10-21 07:57:51,478 INFO [Clustering Tasks Thread-2] o.a.n.c.c.ClusterProtocolHeartbeater Heartbeat created at 2024-10-21 07:57:51,468 and sent to mynifi:8082 at 2024-10-21 07:57:51,478; send took 9 millis
2024-10-21 07:57:52,596 INFO [Heartbeat Monitor Thread-1] o.a.n.c.c.h.AbstractHeartbeatMonitor Finished processing 1 heartbeats in 31384 nanos
2024-10-21 07:57:54,456 INFO [pool-13-thread-1] o.a.n.c.r.WriteAheadFlowFileRepository Initiating checkpoint of FlowFile Repository
2024-10-21 07:57:54,457 INFO [pool-13-thread-1] o.a.n.c.r.WriteAheadFlowFileRepository Successfully checkpointed FlowFile Repository with 0 records in 0 milliseconds
2024-10-21 07:57:56,481 INFO [Process Cluster Protocol Request-8] o.a.n.c.p.impl.SocketProtocolListener Finished processing request 209b423f-ccf4-4b66-acde-d91c80ad3637 (type=HEARTBEAT, length=2235 bytes) from mynifi:8080 in 1 millis
2024-10-21 07:57:56,482 INFO [Clustering Tasks Thread-2] o.a.n.c.c.ClusterProtocolHeartbeater Heartbeat created at 2024-10-21 07:57:56,478 and sent to mynifi:8082 at 2024-10-21 07:57:56,482; send took 3 millis
2024-10-21 07:57:57,596 INFO [Heartbeat Monitor Thread-1] o.a.n.c.c.h.AbstractHeartbeatMonitor Finished processing 1 heartbeats in 15640 nanos
2024-10-21 07:58:01,489 INFO [Process Cluster Protocol Request-9] o.a.n.c.p.impl.SocketProtocolListener Finished processing request 0fa44392-d767-4c20-b680-59ee25dd329b (type=HEARTBEAT, length=2235 bytes) from mynifi:8080 in 3 millis
2024-10-21 07:58:01,492 INFO [Clustering Tasks Thread-2] o.a.n.c.c.ClusterProtocolHeartbeater Heartbeat created at 2024-10-21 07:58:01,483 and sent to mynifi:8082 at 2024-10-21 07:58:01,492; send took 9 millis
2024-10-21 07:58:02,597 INFO [Heartbeat Monitor Thread-1] o.a.n.c.c.h.AbstractHeartbeatMonitor Finished processing 1 heartbeats in 30694 nanos
2024-10-21 07:58:06,499 INFO [Process Cluster Protocol Request-10] o.a.n.c.p.impl.SocketProtocolListener Finished processing request 0222c707-9533-4282-8ec2-b574f3cb212d (type=HEARTBEAT, length=2235 bytes) from mynifi:8080 in 3 millis
2024-10-21 07:58:06,503 INFO [Clustering Tasks Thread-2] o.a.n.c.c.ClusterProtocolHeartbeater Heartbeat created at 2024-10-21 07:58:06,493 and sent to mynifi:8082 at 2024-10-21 07:58:06,503; send took 9 millis
2024-10-21 07:58:07,597 INFO [Heartbeat Monitor Thread-1] o.a.n.c.c.h.AbstractHeartbeatMonitor Finished processing 1 heartbeats in 31594 nanos
2024-10-21 07:58:11,510 INFO [Process Cluster Protocol Request-1] o.a.n.c.p.impl.SocketProtocolListener Finished processing request d4501747-4886-4aec-b358-8f8758b08d7a (type=HEARTBEAT, length=2235 bytes) from mynifi:8080 in 3 millis
2024-10-21 07:58:11,512 INFO [Clustering Tasks Thread-2] o.a.n.c.c.ClusterProtocolHeartbeater Heartbeat created at 2024-10-21 07:58:11,504 and sent to mynifi:8082 at 2024-10-21 07:58:11,512; send took 8 millis
2024-10-21 07:58:12,598 INFO [Heartbeat Monitor Thread-1] o.a.n.c.c.h.AbstractHeartbeatMonitor Finished processing 1 heartbeats in 22355 nanos
2024-10-21 07:58:14,457 INFO [pool-13-thread-1] o.a.n.c.r.WriteAheadFlowFileRepository Initiating checkpoint of FlowFile Repository
2024-10-21 07:58:14,457 INFO [pool-13-thread-1] o.a.n.c.r.WriteAheadFlowFileRepository Successfully checkpointed FlowFile Repository with 0 records in 0 milliseconds
2024-10-21 07:58:16,519 INFO [Process Cluster Protocol Request-2] o.a.n.c.p.impl.SocketProtocolListener Finished processing request 8e4ded6f-763d-4a6a-b28c-9b101e621f72 (type=HEARTBEAT, length=2235 bytes) from mynifi:8080 in 2 millis
2024-10-21 07:58:16,522 INFO [Clustering Tasks Thread-2] o.a.n.c.c.ClusterProtocolHeartbeater Heartbeat created at 2024-10-21 07:58:16,513 and sent to mynifi:8082 at 2024-10-21 07:58:16,522; send took 8 millis
2024-10-21 07:58:17,598 INFO [Heartbeat Monitor Thread-1] o.a.n.c.c.h.AbstractHeartbeatMonitor Finished processing 1 heartbeats in 19301 nanos
2024-10-21 07:58:21,529 INFO [Process Cluster Protocol Request-3] o.a.n.c.p.impl.SocketProtocolListener Finished processing request ee794882-c0a5-4052-9f58-483cc679af62 (type=HEARTBEAT, length=2235 bytes) from mynifi:8080 in 3 millis
2024-10-21 07:58:21,532 INFO [Clustering Tasks Thread-2] o.a.n.c.c.ClusterProtocolHeartbeater Heartbeat created at 2024-10-21 07:58:21,523 and sent to mynifi:8082 at 2024-10-21 07:58:21,532; send took 8 millis
2024-10-21 07:58:22,599 INFO [Heartbeat Monitor Thread-1] o.a.n.c.c.h.AbstractHeartbeatMonitor Finished processing 1 heartbeats in 30610 nanos
2024-10-21 07:58:26,536 INFO [Process Cluster Protocol Request-4] o.a.n.c.p.impl.SocketProtocolListener Finished processing request 49a87d82-f3b6-4d72-8cdc-1f2503e8aafa (type=HEARTBEAT, length=2235 bytes) from mynifi:8080 in 1 millis
2024-10-21 07:58:26,538 INFO [Clustering Tasks Thread-2] o.a.n.c.c.ClusterProtocolHeartbeater Heartbeat created at 2024-10-21 07:58:26,532 and sent to mynifi:8082 at 2024-10-21 07:58:26,538; send took 5 millis
2024-10-21 07:58:27,599 INFO [Heartbeat Monitor Thread-1] o.a.n.c.c.h.AbstractHeartbeatMonitor Finished processing 1 heartbeats in 29482 nanos
2024-10-21 07:58:31,545 INFO [Process Cluster Protocol Request-5] o.a.n.c.p.impl.SocketProtocolListener Finished processing request 4ed5a366-045a-4073-98e5-ae95def04bdf (type=HEARTBEAT, length=2235 bytes) from mynifi:8080 in 3 millis
2024-10-21 07:58:31,548 INFO [Clustering Tasks Thread-2] o.a.n.c.c.ClusterProtocolHeartbeater Heartbeat created at 2024-10-21 07:58:31,539 and sent to mynifi:8082 at 2024-10-21 07:58:31,548; send took 8 millis
2024-10-21 07:58:32,599 INFO [Heartbeat Monitor Thread-1] o.a.n.c.c.h.AbstractHeartbeatMonitor Finished processing 1 heartbeats in 11263 nanos
2024-10-21 07:58:34,457 INFO [pool-13-thread-1] o.a.n.c.r.WriteAheadFlowFileRepository Initiating checkpoint of FlowFile Repository
2024-10-21 07:58:34,458 INFO [pool-13-thread-1] o.a.n.c.r.WriteAheadFlowFileRepository Successfully checkpointed FlowFile Repository with 0 records in 0 milliseconds
2024-10-21 07:58:36,554 INFO [Process Cluster Protocol Request-6] o.a.n.c.p.impl.SocketProtocolListener Finished processing request 359736c4-b936-4e15-aa9d-55373b07ce80 (type=HEARTBEAT, length=2235 bytes) from mynifi:8080 in 2 millis
2024-10-21 07:58:36,555 INFO [Clustering Tasks Thread-2] o.a.n.c.c.ClusterProtocolHeartbeater Heartbeat created at 2024-10-21 07:58:36,549 and sent to mynifi:8082 at 2024-10-21 07:58:36,555; send took 6 millis
2024-10-21 07:58:37,600 INFO [Heartbeat Monitor Thread-1] o.a.n.c.c.h.AbstractHeartbeatMonitor Finished processing 1 heartbeats in 31759 nanos
2024-10-21 07:58:40,779 INFO [Write-Ahead Local State Provider Maintenance] org.wali.MinimalLockingWriteAheadLog org.wali.MinimalLockingWriteAheadLog@5de25642 checkpointed with 3 Records and 0 Swap Files in 12 milliseconds (Stop-the-world time = 4 milliseconds, Clear Edit Logs time = 4 millis), max Transaction ID 17
2024-10-21 07:58:41,560 INFO [Process Cluster Protocol Request-7] o.a.n.c.p.impl.SocketProtocolListener Finished processing request 634660b0-41bd-43a3-8421-580088784620 (type=HEARTBEAT, length=2235 bytes) from mynifi:8080 in 1 millis
2024-10-21 07:58:41,561 INFO [Clustering Tasks Thread-2] o.a.n.c.c.ClusterProtocolHeartbeater Heartbeat created at 2024-10-21 07:58:41,555 and sent to mynifi:8082 at 2024-10-21 07:58:41,561; send took 5 millis
2024-10-21 07:58:41,576 INFO [Cleanup Archive for default] o.a.n.c.repository.FileSystemRepository Successfully deleted 0 files (0 bytes) from archive
2024-10-21 07:58:42,600 INFO [Heartbeat Monitor Thread-1] o.a.n.c.c.h.AbstractHeartbeatMonitor Finished processing 1 heartbeats in 33398 nanos
2024-10-21 07:58:46,569 INFO [Process Cluster Protocol Request-8] o.a.n.c.p.impl.SocketProtocolListener Finished processing request 825ffcba-af72-4ede-95a3-0b62d60caf96 (type=HEARTBEAT, length=2235 bytes) from mynifi:8080 in 3 millis
2024-10-21 07:58:46,571 INFO [Clustering Tasks Thread-2] o.a.n.c.c.ClusterProtocolHeartbeater Heartbeat created at 2024-10-21 07:58:46,562 and sent to mynifi:8082 at 2024-10-21 07:58:46,571; send took 9 millis
2024-10-21 07:58:47,601 INFO [Heartbeat Monitor Thread-1] o.a.n.c.c.h.AbstractHeartbeatMonitor Finished processing 1 heartbeats in 25930 nanos
2024-10-21 07:58:51,579 INFO [Process Cluster Protocol Request-9] o.a.n.c.p.impl.SocketProtocolListener Finished processing request 4cbd5b3b-fe49-494c-a25b-28234a9e236b (type=HEARTBEAT, length=2235 bytes) from mynifi:8080 in 3 millis
2024-10-21 07:58:51,581 INFO [Clustering Tasks Thread-2] o.a.n.c.c.ClusterProtocolHeartbeater Heartbeat created at 2024-10-21 07:58:51,572 and sent to mynifi:8082 at 2024-10-21 07:58:51,581; send took 9 millis
2024-10-21 07:58:52,601 INFO [Heartbeat Monitor Thread-1] o.a.n.c.c.h.AbstractHeartbeatMonitor Finished processing 1 heartbeats in 32400 nanos
2024-10-21 07:58:54,458 INFO [pool-13-thread-1] o.a.n.c.r.WriteAheadFlowFileRepository Initiating checkpoint of FlowFile Repository
2024-10-21 07:58:54,458 INFO [pool-13-thread-1] o.a.n.c.r.WriteAheadFlowFileRepository Successfully checkpointed FlowFile Repository with 0 records in 0 milliseconds
2024-10-21 07:58:56,588 INFO [Process Cluster Protocol Request-10] o.a.n.c.p.impl.SocketProtocolListener Finished processing request 4c35717d-1c75-41a6-bba3-bb6905ebd1bf (type=HEARTBEAT, length=2235 bytes) from mynifi:8080 in 3 millis
2024-10-21 07:58:56,591 INFO [Clustering Tasks Thread-2] o.a.n.c.c.ClusterProtocolHeartbeater Heartbeat created at 2024-10-21 07:58:56,582 and sent to mynifi:8082 at 2024-10-21 07:58:56,591; send took 9 millis
2024-10-21 07:58:57,602 INFO [Heartbeat Monitor Thread-1] o.a.n.c.c.h.AbstractHeartbeatMonitor Finished processing 1 heartbeats in 28323 nanos
2024-10-21 07:59:01,598 INFO [Process Cluster Protocol Request-1] o.a.n.c.p.impl.SocketProtocolListener Finished processing request 98c44dd0-c88b-4939-ade3-8109652bbba5 (type=HEARTBEAT, length=2235 bytes) from mynifi:8080 in 3 millis
2024-10-21 07:59:01,601 INFO [Clustering Tasks Thread-2] o.a.n.c.c.ClusterProtocolHeartbeater Heartbeat created at 2024-10-21 07:59:01,592 and sent to mynifi:8082 at 2024-10-21 07:59:01,601; send took 8 millis
2024-10-21 07:59:02,602 INFO [Heartbeat Monitor Thread-1] o.a.n.c.c.h.AbstractHeartbeatMonitor Finished processing 1 heartbeats in 38452 nanos
2024-10-21 07:59:06,608 INFO [Process Cluster Protocol Request-2] o.a.n.c.p.impl.SocketProtocolListener Finished processing request f96dc937-6d04-477e-a56f-93a80d914395 (type=HEARTBEAT, length=2235 bytes) from mynifi:8080 in 3 millis
2024-10-21 07:59:06,611 INFO [Clustering Tasks Thread-2] o.a.n.c.c.ClusterProtocolHeartbeater Heartbeat created at 2024-10-21 07:59:06,601 and sent to mynifi:8082 at 2024-10-21 07:59:06,611; send took 9 millis
2024-10-21 07:59:07,603 INFO [Heartbeat Monitor Thread-1] o.a.n.c.c.h.AbstractHeartbeatMonitor Finished processing 1 heartbeats in 31324 nanos
2024-10-21 07:59:11,618 INFO [Process Cluster Protocol Request-3] o.a.n.c.p.impl.SocketProtocolListener Finished processing request 571a1e1f-341d-4d4f-934e-f68e5e016a9e (type=HEARTBEAT, length=2235 bytes) from mynifi:8080 in 3 millis
2024-10-21 07:59:11,621 INFO [Clustering Tasks Thread-2] o.a.n.c.c.ClusterProtocolHeartbeater Heartbeat created at 2024-10-21 07:59:11,611 and sent to mynifi:8082 at 2024-10-21 07:59:11,621; send took 9 millis
2024-10-21 07:59:12,603 INFO [Heartbeat Monitor Thread-1] o.a.n.c.c.h.AbstractHeartbeatMonitor Finished processing 1 heartbeats in 32240 nanos
2024-10-21 07:59:14,458 INFO [pool-13-thread-1] o.a.n.c.r.WriteAheadFlowFileRepository Initiating checkpoint of FlowFile Repository
2024-10-21 07:59:14,458 INFO [pool-13-thread-1] o.a.n.c.r.WriteAheadFlowFileRepository Successfully checkpointed FlowFile Repository with 0 records in 0 milliseconds
2024-10-21 07:59:16,628 INFO [Process Cluster Protocol Request-4] o.a.n.c.p.impl.SocketProtocolListener Finished processing request 55db11b8-f50d-489f-8d53-3849e06a28dd (type=HEARTBEAT, length=2235 bytes) from mynifi:8080 in 2 millis
2024-10-21 07:59:16,630 INFO [Clustering Tasks Thread-2] o.a.n.c.c.ClusterProtocolHeartbeater Heartbeat created at 2024-10-21 07:59:16,621 and sent to mynifi:8082 at 2024-10-21 07:59:16,630; send took 9 millis
2024-10-21 07:59:17,604 INFO [Heartbeat Monitor Thread-1] o.a.n.c.c.h.AbstractHeartbeatMonitor Finished processing 1 heartbeats in 16168 nanos
2024-10-21 07:59:21,637 INFO [Process Cluster Protocol Request-5] o.a.n.c.p.impl.SocketProtocolListener Finished processing request 998154f6-8c04-422e-b123-a0278374e111 (type=HEARTBEAT, length=2235 bytes) from mynifi:8080 in 2 millis
2024-10-21 07:59:21,637 INFO [Clustering Tasks Thread-2] o.a.n.c.c.ClusterProtocolHeartbeater Heartbeat created at 2024-10-21 07:59:21,631 and sent to mynifi:8082 at 2024-10-21 07:59:21,637; send took 6 millis
2024-10-21 07:59:22,604 INFO [Heartbeat Monitor Thread-1] o.a.n.c.c.h.AbstractHeartbeatMonitor Finished processing 1 heartbeats in 30023 nanos
2024-10-21 07:59:26,640 INFO [Process Cluster Protocol Request-6] o.a.n.c.p.impl.SocketProtocolListener Finished processing request 1ff9d742-4c8e-49bd-9a11-8acadfe37489 (type=HEARTBEAT, length=2235 bytes) from mynifi:8080 in 815889 nanos
2024-10-21 07:59:26,640 INFO [Clustering Tasks Thread-2] o.a.n.c.c.ClusterProtocolHeartbeater Heartbeat created at 2024-10-21 07:59:26,638 and sent to mynifi:8082 at 2024-10-21 07:59:26,640; send took 2 millis
2024-10-21 07:59:27,605 INFO [Heartbeat Monitor Thread-1] o.a.n.c.c.h.AbstractHeartbeatMonitor Finished processing 1 heartbeats in 34722 nanos
2024-10-21 07:59:31,647 INFO [Process Cluster Protocol Request-7] o.a.n.c.p.impl.SocketProtocolListener Finished processing request 27a34ba3-6221-4f22-941f-1c4dbb8a4b94 (type=HEARTBEAT, length=2235 bytes) from mynifi:8080 in 3 millis
2024-10-21 07:59:31,650 INFO [Clustering Tasks Thread-2] o.a.n.c.c.ClusterProtocolHeartbeater Heartbeat created at 2024-10-21 07:59:31,641 and sent to mynifi:8082 at 2024-10-21 07:59:31,650; send took 9 millis
2024-10-21 07:59:32,605 INFO [Heartbeat Monitor Thread-1] o.a.n.c.c.h.AbstractHeartbeatMonitor Finished processing 1 heartbeats in 32439 nanos
2024-10-21 07:59:34,459 INFO [pool-13-thread-1] o.a.n.c.r.WriteAheadFlowFileRepository Initiating checkpoint of FlowFile Repository
2024-10-21 07:59:34,459 INFO [pool-13-thread-1] o.a.n.c.r.WriteAheadFlowFileRepository Successfully checkpointed FlowFile Repository with 0 records in 0 milliseconds
2024-10-21 07:59:36,653 INFO [Process Cluster Protocol Request-8] o.a.n.c.p.impl.SocketProtocolListener Finished processing request 6895f48e-0319-451e-afbc-633b39be8352 (type=HEARTBEAT, length=2235 bytes) from mynifi:8080 in 1 millis
2024-10-21 07:59:36,654 INFO [Clustering Tasks Thread-2] o.a.n.c.c.ClusterProtocolHeartbeater Heartbeat created at 2024-10-21 07:59:36,651 and sent to mynifi:8082 at 2024-10-21 07:59:36,654; send took 3 millis
2024-10-21 07:59:37,606 INFO [Heartbeat Monitor Thread-1] o.a.n.c.c.h.AbstractHeartbeatMonitor Finished processing 1 heartbeats in 18343 nanos
2024-10-21 07:59:41,591 INFO [Cleanup Archive for default] o.a.n.c.repository.FileSystemRepository Successfully deleted 0 files (0 bytes) from archive
2024-10-21 07:59:41,656 INFO [Process Cluster Protocol Request-9] o.a.n.c.p.impl.SocketProtocolListener Finished processing request 70ddc36c-1190-4d76-b3f9-b7d447cecc31 (type=HEARTBEAT, length=2235 bytes) from mynifi:8080 in 1 millis
2024-10-21 07:59:41,657 INFO [Clustering Tasks Thread-2] o.a.n.c.c.ClusterProtocolHeartbeater Heartbeat created at 2024-10-21 07:59:41,654 and sent to mynifi:8082 at 2024-10-21 07:59:41,657; send took 3 millis
2024-10-21 07:59:42,606 INFO [Heartbeat Monitor Thread-1] o.a.n.c.c.h.AbstractHeartbeatMonitor Finished processing 1 heartbeats in 31374 nanos
2024-10-21 07:59:46,663 INFO [Process Cluster Protocol Request-10] o.a.n.c.p.impl.SocketProtocolListener Finished processing request 64bd1383-7e42-41f8-b821-f45a6368dc82 (type=HEARTBEAT, length=2235 bytes) from mynifi:8080 in 2 millis
2024-10-21 07:59:46,664 INFO [Clustering Tasks Thread-2] o.a.n.c.c.ClusterProtocolHeartbeater Heartbeat created at 2024-10-21 07:59:46,658 and sent to mynifi:8082 at 2024-10-21 07:59:46,664; send took 6 millis
2024-10-21 07:59:47,607 INFO [Heartbeat Monitor Thread-1] o.a.n.c.c.h.AbstractHeartbeatMonitor Finished processing 1 heartbeats in 17321 nanos
2024-10-21 07:59:51,671 INFO [Process Cluster Protocol Request-1] o.a.n.c.p.impl.SocketProtocolListener Finished processing request e16b4893-1384-45ef-8879-4da24690aea6 (type=HEARTBEAT, length=2235 bytes) from mynifi:8080 in 3 millis
2024-10-21 07:59:51,674 INFO [Clustering Tasks Thread-2] o.a.n.c.c.ClusterProtocolHeartbeater Heartbeat created at 2024-10-21 07:59:51,665 and sent to mynifi:8082 at 2024-10-21 07:59:51,674; send took 8 millis
2024-10-21 07:59:52,607 INFO [Heartbeat Monitor Thread-1] o.a.n.c.c.h.AbstractHeartbeatMonitor Finished processing 1 heartbeats in 31087 nanos
2024-10-21 07:59:54,459 INFO [pool-13-thread-1] o.a.n.c.r.WriteAheadFlowFileRepository Initiating checkpoint of FlowFile Repository
2024-10-21 07:59:54,459 INFO [pool-13-thread-1] o.a.n.c.r.WriteAheadFlowFileRepository Successfully checkpointed FlowFile Repository with 0 records in 0 milliseconds
2024-10-21 07:59:56,681 INFO [Process Cluster Protocol Request-2] o.a.n.c.p.impl.SocketProtocolListener Finished processing request f24f970f-c6b9-4bc9-bb69-98213ae69c38 (type=HEARTBEAT, length=2235 bytes) from mynifi:8080 in 3 millis
2024-10-21 07:59:56,683 INFO [Clustering Tasks Thread-2] o.a.n.c.c.ClusterProtocolHeartbeater Heartbeat created at 2024-10-21 07:59:56,674 and sent to mynifi:8082 at 2024-10-21 07:59:56,683; send took 8 millis
2024-10-21 07:59:57,609 INFO [Heartbeat Monitor Thread-1] o.a.n.c.c.h.AbstractHeartbeatMonitor Finished processing 1 heartbeats in 34236 nanos
