2024-10-18 11:31:35,054 INFO [main] org.apache.nifi.NiFi Launching NiFi...
2024-10-18 11:31:35,251 INFO [main] o.a.n.p.AbstractBootstrapPropertiesLoader Determined default application properties path to be '/opt/nifi/nifi-current/./conf/nifi.properties'
2024-10-18 11:31:35,253 INFO [main] o.a.nifi.properties.NiFiPropertiesLoader Loaded 202 properties from /opt/nifi/nifi-current/./conf/nifi.properties
2024-10-18 11:31:35,260 INFO [main] org.apache.nifi.NiFi Loaded 202 properties
2024-10-18 11:31:35,266 INFO [main] org.apache.nifi.BootstrapListener Started Bootstrap Listener, Listening for incoming requests on port 41351
2024-10-18 11:31:35,277 INFO [main] org.apache.nifi.BootstrapListener Successfully initiated communication with Bootstrap
2024-10-18 11:31:35,293 INFO [main] org.apache.nifi.nar.NarUnpacker Expanding 104 NAR files with all processors...
2024-10-18 11:31:47,227 INFO [main] org.apache.nifi.nar.NarUnpacker NAR loading process took 11934372752 nanoseconds (11 seconds).
2024-10-18 11:31:47,466 INFO [main] org.apache.nifi.nar.NarClassLoaders Loaded NAR file: /opt/nifi/nifi-current/./work/nar/extensions/nifi-jetty-bundle-1.14.0.nar-unpacked as class loader org.apache.nifi.nar.NarClassLoader[./work/nar/extensions/nifi-jetty-bundle-1.14.0.nar-unpacked]
2024-10-18 11:31:47,476 INFO [main] org.apache.nifi.nar.NarClassLoaders Loaded NAR file: /opt/nifi/nifi-current/./work/nar/framework/nifi-framework-nar-1.14.0.nar-unpacked as class loader org.apache.nifi.nar.NarClassLoader[./work/nar/framework/nifi-framework-nar-1.14.0.nar-unpacked]
2024-10-18 11:31:47,535 INFO [main] org.apache.nifi.nar.NarClassLoaders Loaded NAR file: /opt/nifi/nifi-current/./work/nar/extensions/nifi-language-translation-nar-1.14.0.nar-unpacked as class loader org.apache.nifi.nar.NarClassLoader[./work/nar/extensions/nifi-language-translation-nar-1.14.0.nar-unpacked]
2024-10-18 11:31:47,538 INFO [main] org.apache.nifi.nar.NarClassLoaders Loaded NAR file: /opt/nifi/nifi-current/./work/nar/extensions/nifi-cybersecurity-nar-1.14.0.nar-unpacked as class loader org.apache.nifi.nar.NarClassLoader[./work/nar/extensions/nifi-cybersecurity-nar-1.14.0.nar-unpacked]
2024-10-18 11:31:47,539 INFO [main] org.apache.nifi.nar.NarClassLoaders Loaded NAR file: /opt/nifi/nifi-current/./work/nar/extensions/nifi-avro-nar-1.14.0.nar-unpacked as class loader org.apache.nifi.nar.NarClassLoader[./work/nar/extensions/nifi-avro-nar-1.14.0.nar-unpacked]
2024-10-18 11:31:47,541 INFO [main] org.apache.nifi.nar.NarClassLoaders Loaded NAR file: /opt/nifi/nifi-current/./work/nar/extensions/nifi-poi-nar-1.14.0.nar-unpacked as class loader org.apache.nifi.nar.NarClassLoader[./work/nar/extensions/nifi-poi-nar-1.14.0.nar-unpacked]
2024-10-18 11:31:47,546 INFO [main] org.apache.nifi.nar.NarClassLoaders Loaded NAR file: /opt/nifi/nifi-current/./work/nar/extensions/nifi-hl7-nar-1.14.0.nar-unpacked as class loader org.apache.nifi.nar.NarClassLoader[./work/nar/extensions/nifi-hl7-nar-1.14.0.nar-unpacked]
2024-10-18 11:31:47,548 INFO [main] org.apache.nifi.nar.NarClassLoaders Loaded NAR file: /opt/nifi/nifi-current/./work/nar/extensions/nifi-smb-nar-1.14.0.nar-unpacked as class loader org.apache.nifi.nar.NarClassLoader[./work/nar/extensions/nifi-smb-nar-1.14.0.nar-unpacked]
2024-10-18 11:31:47,552 INFO [main] org.apache.nifi.nar.NarClassLoaders Loaded NAR file: /opt/nifi/nifi-current/./work/nar/extensions/nifi-network-processors-nar-1.14.0.nar-unpacked as class loader org.apache.nifi.nar.NarClassLoader[./work/nar/extensions/nifi-network-processors-nar-1.14.0.nar-unpacked]
2024-10-18 11:31:47,553 INFO [main] org.apache.nifi.nar.NarClassLoaders Loaded NAR file: /opt/nifi/nifi-current/./work/nar/extensions/nifi-tcp-nar-1.14.0.nar-unpacked as class loader org.apache.nifi.nar.NarClassLoader[./work/nar/extensions/nifi-tcp-nar-1.14.0.nar-unpacked]
2024-10-18 11:31:47,555 INFO [main] org.apache.nifi.nar.NarClassLoaders Loaded NAR file: /opt/nifi/nifi-current/./work/nar/extensions/nifi-standard-services-api-nar-1.14.0.nar-unpacked as class loader org.apache.nifi.nar.NarClassLoader[./work/nar/extensions/nifi-standard-services-api-nar-1.14.0.nar-unpacked]
2024-10-18 11:31:47,558 INFO [main] org.apache.nifi.nar.NarClassLoaders Loaded NAR file: /opt/nifi/nifi-current/./work/nar/extensions/nifi-grpc-nar-1.14.0.nar-unpacked as class loader org.apache.nifi.nar.NarClassLoader[./work/nar/extensions/nifi-grpc-nar-1.14.0.nar-unpacked]
2024-10-18 11:31:47,566 INFO [main] org.apache.nifi.nar.NarClassLoaders Loaded NAR file: /opt/nifi/nifi-current/./work/nar/extensions/nifi-distributed-cache-services-nar-1.14.0.nar-unpacked as class loader org.apache.nifi.nar.NarClassLoader[./work/nar/extensions/nifi-distributed-cache-services-nar-1.14.0.nar-unpacked]
2024-10-18 11:31:47,569 INFO [main] org.apache.nifi.nar.NarClassLoaders Loaded NAR file: /opt/nifi/nifi-current/./work/nar/extensions/nifi-kafka-2-6-nar-1.14.0.nar-unpacked as class loader org.apache.nifi.nar.NarClassLoader[./work/nar/extensions/nifi-kafka-2-6-nar-1.14.0.nar-unpacked]
2024-10-18 11:31:47,572 INFO [main] org.apache.nifi.nar.NarClassLoaders Loaded NAR file: /opt/nifi/nifi-current/./work/nar/extensions/nifi-riemann-nar-1.14.0.nar-unpacked as class loader org.apache.nifi.nar.NarClassLoader[./work/nar/extensions/nifi-riemann-nar-1.14.0.nar-unpacked]
2024-10-18 11:31:47,573 INFO [main] org.apache.nifi.nar.NarClassLoaders Loaded NAR file: /opt/nifi/nifi-current/./work/nar/extensions/nifi-amqp-nar-1.14.0.nar-unpacked as class loader org.apache.nifi.nar.NarClassLoader[./work/nar/extensions/nifi-amqp-nar-1.14.0.nar-unpacked]
2024-10-18 11:31:47,586 INFO [main] org.apache.nifi.nar.NarClassLoaders Loaded NAR file: /opt/nifi/nifi-current/./work/nar/extensions/nifi-kafka-1-0-nar-1.14.0.nar-unpacked as class loader org.apache.nifi.nar.NarClassLoader[./work/nar/extensions/nifi-kafka-1-0-nar-1.14.0.nar-unpacked]
2024-10-18 11:31:47,589 INFO [main] org.apache.nifi.nar.NarClassLoaders Loaded NAR file: /opt/nifi/nifi-current/./work/nar/extensions/nifi-update-attribute-nar-1.14.0.nar-unpacked as class loader org.apache.nifi.nar.NarClassLoader[./work/nar/extensions/nifi-update-attribute-nar-1.14.0.nar-unpacked]
2024-10-18 11:31:47,595 INFO [main] org.apache.nifi.nar.NarClassLoaders Loaded NAR file: /opt/nifi/nifi-current/./work/nar/extensions/nifi-snmp-nar-1.14.0.nar-unpacked as class loader org.apache.nifi.nar.NarClassLoader[./work/nar/extensions/nifi-snmp-nar-1.14.0.nar-unpacked]
2024-10-18 11:31:47,597 INFO [main] org.apache.nifi.nar.NarClassLoaders Loaded NAR file: /opt/nifi/nifi-current/./work/nar/extensions/nifi-datadog-nar-1.14.0.nar-unpacked as class loader org.apache.nifi.nar.NarClassLoader[./work/nar/extensions/nifi-datadog-nar-1.14.0.nar-unpacked]
2024-10-18 11:31:47,601 INFO [main] org.apache.nifi.nar.NarClassLoaders Loaded NAR file: /opt/nifi/nifi-current/./work/nar/extensions/nifi-kerberos-iaa-providers-nar-1.14.0.nar-unpacked as class loader org.apache.nifi.nar.NarClassLoader[./work/nar/extensions/nifi-kerberos-iaa-providers-nar-1.14.0.nar-unpacked]
2024-10-18 11:31:47,603 INFO [main] org.apache.nifi.nar.NarClassLoaders Loaded NAR file: /opt/nifi/nifi-current/./work/nar/extensions/nifi-hive-services-api-nar-1.14.0.nar-unpacked as class loader org.apache.nifi.nar.NarClassLoader[./work/nar/extensions/nifi-hive-services-api-nar-1.14.0.nar-unpacked]
2024-10-18 11:31:47,605 INFO [main] org.apache.nifi.nar.NarClassLoaders Loaded NAR file: /opt/nifi/nifi-current/./work/nar/extensions/nifi-standard-nar-1.14.0.nar-unpacked as class loader org.apache.nifi.nar.NarClassLoader[./work/nar/extensions/nifi-standard-nar-1.14.0.nar-unpacked]
2024-10-18 11:31:47,621 INFO [main] org.apache.nifi.nar.NarClassLoaders Loaded NAR file: /opt/nifi/nifi-current/./work/nar/extensions/nifi-prometheus-nar-1.14.0.nar-unpacked as class loader org.apache.nifi.nar.NarClassLoader[./work/nar/extensions/nifi-prometheus-nar-1.14.0.nar-unpacked]
2024-10-18 11:31:47,626 INFO [main] org.apache.nifi.nar.NarClassLoaders Loaded NAR file: /opt/nifi/nifi-current/./work/nar/extensions/nifi-windows-event-log-nar-1.14.0.nar-unpacked as class loader org.apache.nifi.nar.NarClassLoader[./work/nar/extensions/nifi-windows-event-log-nar-1.14.0.nar-unpacked]
2024-10-18 11:31:47,627 INFO [main] org.apache.nifi.nar.NarClassLoaders Loaded NAR file: /opt/nifi/nifi-current/./work/nar/extensions/nifi-ambari-nar-1.14.0.nar-unpacked as class loader org.apache.nifi.nar.NarClassLoader[./work/nar/extensions/nifi-ambari-nar-1.14.0.nar-unpacked]
2024-10-18 11:31:47,629 INFO [main] org.apache.nifi.nar.NarClassLoaders Loaded NAR file: /opt/nifi/nifi-current/./work/nar/extensions/nifi-hadoop-dbcp-service-nar-1.14.0.nar-unpacked as class loader org.apache.nifi.nar.NarClassLoader[./work/nar/extensions/nifi-hadoop-dbcp-service-nar-1.14.0.nar-unpacked]
2024-10-18 11:31:47,631 INFO [main] org.apache.nifi.nar.NarClassLoaders Loaded NAR file: /opt/nifi/nifi-current/./work/nar/extensions/nifi-slack-nar-1.14.0.nar-unpacked as class loader org.apache.nifi.nar.NarClassLoader[./work/nar/extensions/nifi-slack-nar-1.14.0.nar-unpacked]
2024-10-18 11:31:47,632 INFO [main] org.apache.nifi.nar.NarClassLoaders Loaded NAR file: /opt/nifi/nifi-current/./work/nar/extensions/nifi-evtx-nar-1.14.0.nar-unpacked as class loader org.apache.nifi.nar.NarClassLoader[./work/nar/extensions/nifi-evtx-nar-1.14.0.nar-unpacked]
2024-10-18 11:31:47,634 INFO [main] org.apache.nifi.nar.NarClassLoaders Loaded NAR file: /opt/nifi/nifi-current/./work/nar/extensions/nifi-server-nar-1.14.0.nar-unpacked as class loader org.apache.nifi.nar.NarClassLoader[./work/nar/extensions/nifi-server-nar-1.14.0.nar-unpacked]
2024-10-18 11:31:47,658 INFO [main] org.apache.nifi.nar.NarClassLoaders Loaded NAR file: /opt/nifi/nifi-current/./work/nar/extensions/nifi-mqtt-nar-1.14.0.nar-unpacked as class loader org.apache.nifi.nar.NarClassLoader[./work/nar/extensions/nifi-mqtt-nar-1.14.0.nar-unpacked]
2024-10-18 11:31:47,660 INFO [main] org.apache.nifi.nar.NarClassLoaders Loaded NAR file: /opt/nifi/nifi-current/./work/nar/extensions/nifi-influxdb-nar-1.14.0.nar-unpacked as class loader org.apache.nifi.nar.NarClassLoader[./work/nar/extensions/nifi-influxdb-nar-1.14.0.nar-unpacked]
2024-10-18 11:31:47,662 INFO [main] org.apache.nifi.nar.NarClassLoaders Loaded NAR file: /opt/nifi/nifi-current/./work/nar/extensions/nifi-enrich-nar-1.14.0.nar-unpacked as class loader org.apache.nifi.nar.NarClassLoader[./work/nar/extensions/nifi-enrich-nar-1.14.0.nar-unpacked]
2024-10-18 11:31:47,666 INFO [main] org.apache.nifi.nar.NarClassLoaders Loaded NAR file: /opt/nifi/nifi-current/./work/nar/extensions/nifi-kafka-2-0-nar-1.14.0.nar-unpacked as class loader org.apache.nifi.nar.NarClassLoader[./work/nar/extensions/nifi-kafka-2-0-nar-1.14.0.nar-unpacked]
2024-10-18 11:31:47,670 INFO [main] org.apache.nifi.nar.NarClassLoaders Loaded NAR file: /opt/nifi/nifi-current/./work/nar/extensions/nifi-hwx-schema-registry-nar-1.14.0.nar-unpacked as class loader org.apache.nifi.nar.NarClassLoader[./work/nar/extensions/nifi-hwx-schema-registry-nar-1.14.0.nar-unpacked]
2024-10-18 11:31:47,687 INFO [main] org.apache.nifi.nar.NarClassLoaders Loaded NAR file: /opt/nifi/nifi-current/./work/nar/extensions/nifi-email-nar-1.14.0.nar-unpacked as class loader org.apache.nifi.nar.NarClassLoader[./work/nar/extensions/nifi-email-nar-1.14.0.nar-unpacked]
2024-10-18 11:31:47,693 INFO [main] org.apache.nifi.nar.NarClassLoaders Loaded NAR file: /opt/nifi/nifi-current/./work/nar/extensions/nifi-redis-service-api-nar-1.14.0.nar-unpacked as class loader org.apache.nifi.nar.NarClassLoader[./work/nar/extensions/nifi-redis-service-api-nar-1.14.0.nar-unpacked]
2024-10-18 11:31:47,696 INFO [main] org.apache.nifi.nar.NarClassLoaders Loaded NAR file: /opt/nifi/nifi-current/./work/nar/extensions/nifi-stateless-nar-1.14.0.nar-unpacked as class loader org.apache.nifi.nar.NarClassLoader[./work/nar/extensions/nifi-stateless-nar-1.14.0.nar-unpacked]
2024-10-18 11:31:47,708 INFO [main] org.apache.nifi.nar.NarClassLoaders Loaded NAR file: /opt/nifi/nifi-current/./work/nar/extensions/nifi-ldap-iaa-providers-nar-1.14.0.nar-unpacked as class loader org.apache.nifi.nar.NarClassLoader[./work/nar/extensions/nifi-ldap-iaa-providers-nar-1.14.0.nar-unpacked]
2024-10-18 11:31:47,714 INFO [main] org.apache.nifi.nar.NarClassLoaders Loaded NAR file: /opt/nifi/nifi-current/./work/nar/extensions/nifi-stateful-analysis-nar-1.14.0.nar-unpacked as class loader org.apache.nifi.nar.NarClassLoader[./work/nar/extensions/nifi-stateful-analysis-nar-1.14.0.nar-unpacked]
2024-10-18 11:31:47,716 INFO [main] org.apache.nifi.nar.NarClassLoaders Loaded NAR file: /opt/nifi/nifi-current/./work/nar/extensions/nifi-metrics-reporter-service-api-nar-1.14.0.nar-unpacked as class loader org.apache.nifi.nar.NarClassLoader[./work/nar/extensions/nifi-metrics-reporter-service-api-nar-1.14.0.nar-unpacked]
2024-10-18 11:31:47,717 INFO [main] org.apache.nifi.nar.NarClassLoaders Loaded NAR file: /opt/nifi/nifi-current/./work/nar/extensions/nifi-social-media-nar-1.14.0.nar-unpacked as class loader org.apache.nifi.nar.NarClassLoader[./work/nar/extensions/nifi-social-media-nar-1.14.0.nar-unpacked]
2024-10-18 11:31:47,719 INFO [main] org.apache.nifi.nar.NarClassLoaders Loaded NAR file: /opt/nifi/nifi-current/./work/nar/extensions/nifi-elasticsearch-nar-1.14.0.nar-unpacked as class loader org.apache.nifi.nar.NarClassLoader[./work/nar/extensions/nifi-elasticsearch-nar-1.14.0.nar-unpacked]
2024-10-18 11:31:47,726 INFO [main] org.apache.nifi.nar.NarClassLoaders Loaded NAR file: /opt/nifi/nifi-current/./work/nar/extensions/nifi-gcp-services-api-nar-1.14.0.nar-unpacked as class loader org.apache.nifi.nar.NarClassLoader[./work/nar/extensions/nifi-gcp-services-api-nar-1.14.0.nar-unpacked]
2024-10-18 11:31:47,728 INFO [main] org.apache.nifi.nar.NarClassLoaders Loaded NAR file: /opt/nifi/nifi-current/./work/nar/extensions/nifi-single-user-iaa-providers-nar-1.14.0.nar-unpacked as class loader org.apache.nifi.nar.NarClassLoader[./work/nar/extensions/nifi-single-user-iaa-providers-nar-1.14.0.nar-unpacked]
2024-10-18 11:31:47,730 INFO [main] org.apache.nifi.nar.NarClassLoaders Loaded NAR file: /opt/nifi/nifi-current/./work/nar/extensions/nifi-lookup-services-nar-1.14.0.nar-unpacked as class loader org.apache.nifi.nar.NarClassLoader[./work/nar/extensions/nifi-lookup-services-nar-1.14.0.nar-unpacked]
2024-10-18 11:31:47,741 INFO [main] org.apache.nifi.nar.NarClassLoaders Loaded NAR file: /opt/nifi/nifi-current/./work/nar/extensions/nifi-hbase_1_1_2-client-service-nar-1.14.0.nar-unpacked as class loader org.apache.nifi.nar.NarClassLoader[./work/nar/extensions/nifi-hbase_1_1_2-client-service-nar-1.14.0.nar-unpacked]
2024-10-18 11:31:47,748 INFO [main] org.apache.nifi.nar.NarClassLoaders Loaded NAR file: /opt/nifi/nifi-current/./work/nar/extensions/nifi-oauth2-provider-nar-1.14.0.nar-unpacked as class loader org.apache.nifi.nar.NarClassLoader[./work/nar/extensions/nifi-oauth2-provider-nar-1.14.0.nar-unpacked]
2024-10-18 11:31:47,750 INFO [main] org.apache.nifi.nar.NarClassLoaders Loaded NAR file: /opt/nifi/nifi-current/./work/nar/extensions/nifi-html-nar-1.14.0.nar-unpacked as class loader org.apache.nifi.nar.NarClassLoader[./work/nar/extensions/nifi-html-nar-1.14.0.nar-unpacked]
2024-10-18 11:31:47,751 INFO [main] org.apache.nifi.nar.NarClassLoaders Loaded NAR file: /opt/nifi/nifi-current/./work/nar/extensions/nifi-http-context-map-nar-1.14.0.nar-unpacked as class loader org.apache.nifi.nar.NarClassLoader[./work/nar/extensions/nifi-http-context-map-nar-1.14.0.nar-unpacked]
2024-10-18 11:31:47,752 INFO [main] org.apache.nifi.nar.NarClassLoaders Loaded NAR file: /opt/nifi/nifi-current/./work/nar/extensions/nifi-ccda-nar-1.14.0.nar-unpacked as class loader org.apache.nifi.nar.NarClassLoader[./work/nar/extensions/nifi-ccda-nar-1.14.0.nar-unpacked]
2024-10-18 11:31:47,756 INFO [main] org.apache.nifi.nar.NarClassLoaders Loaded NAR file: /opt/nifi/nifi-current/./work/nar/extensions/nifi-spring-nar-1.14.0.nar-unpacked as class loader org.apache.nifi.nar.NarClassLoader[./work/nar/extensions/nifi-spring-nar-1.14.0.nar-unpacked]
2024-10-18 11:31:47,758 INFO [main] org.apache.nifi.nar.NarClassLoaders Loaded NAR file: /opt/nifi/nifi-current/./work/nar/extensions/nifi-jms-cf-service-nar-1.14.0.nar-unpacked as class loader org.apache.nifi.nar.NarClassLoader[./work/nar/extensions/nifi-jms-cf-service-nar-1.14.0.nar-unpacked]
2024-10-18 11:31:47,759 INFO [main] org.apache.nifi.nar.NarClassLoaders Loaded NAR file: /opt/nifi/nifi-current/./work/nar/extensions/nifi-cdc-mysql-nar-1.14.0.nar-unpacked as class loader org.apache.nifi.nar.NarClassLoader[./work/nar/extensions/nifi-cdc-mysql-nar-1.14.0.nar-unpacked]
2024-10-18 11:31:47,761 INFO [main] org.apache.nifi.nar.NarClassLoaders Loaded NAR file: /opt/nifi/nifi-current/./work/nar/extensions/nifi-solr-nar-1.14.0.nar-unpacked as class loader org.apache.nifi.nar.NarClassLoader[./work/nar/extensions/nifi-solr-nar-1.14.0.nar-unpacked]
2024-10-18 11:31:47,768 INFO [main] org.apache.nifi.nar.NarClassLoaders Loaded NAR file: /opt/nifi/nifi-current/./work/nar/extensions/nifi-scripting-nar-1.14.0.nar-unpacked as class loader org.apache.nifi.nar.NarClassLoader[./work/nar/extensions/nifi-scripting-nar-1.14.0.nar-unpacked]
2024-10-18 11:31:47,779 INFO [main] org.apache.nifi.nar.NarClassLoaders Loaded NAR file: /opt/nifi/nifi-current/./work/nar/extensions/nifi-provenance-repository-nar-1.14.0.nar-unpacked as class loader org.apache.nifi.nar.NarClassLoader[./work/nar/extensions/nifi-provenance-repository-nar-1.14.0.nar-unpacked]
2024-10-18 11:31:47,797 INFO [main] org.apache.nifi.nar.NarClassLoaders Loaded NAR file: /opt/nifi/nifi-current/./work/nar/extensions/nifi-hbase_2-client-service-nar-1.14.0.nar-unpacked as class loader org.apache.nifi.nar.NarClassLoader[./work/nar/extensions/nifi-hbase_2-client-service-nar-1.14.0.nar-unpacked]
2024-10-18 11:31:47,806 INFO [main] org.apache.nifi.nar.NarClassLoaders Loaded NAR file: /opt/nifi/nifi-current/./work/nar/extensions/nifi-hbase-nar-1.14.0.nar-unpacked as class loader org.apache.nifi.nar.NarClassLoader[./work/nar/extensions/nifi-hbase-nar-1.14.0.nar-unpacked]
2024-10-18 11:31:47,809 INFO [main] org.apache.nifi.nar.NarClassLoaders Loaded NAR file: /opt/nifi/nifi-current/./work/nar/extensions/nifi-groovyx-nar-1.14.0.nar-unpacked as class loader org.apache.nifi.nar.NarClassLoader[./work/nar/extensions/nifi-groovyx-nar-1.14.0.nar-unpacked]
2024-10-18 11:31:47,817 INFO [main] org.apache.nifi.nar.NarClassLoaders Loaded NAR file: /opt/nifi/nifi-current/./work/nar/extensions/nifi-jolt-record-nar-1.14.0.nar-unpacked as class loader org.apache.nifi.nar.NarClassLoader[./work/nar/extensions/nifi-jolt-record-nar-1.14.0.nar-unpacked]
2024-10-18 11:31:47,819 INFO [main] org.apache.nifi.nar.NarClassLoaders Loaded NAR file: /opt/nifi/nifi-current/./work/nar/extensions/nifi-aws-service-api-nar-1.14.0.nar-unpacked as class loader org.apache.nifi.nar.NarClassLoader[./work/nar/extensions/nifi-aws-service-api-nar-1.14.0.nar-unpacked]
2024-10-18 11:31:47,821 INFO [main] org.apache.nifi.nar.NarClassLoaders Loaded NAR file: /opt/nifi/nifi-current/./work/nar/extensions/nifi-ssl-context-service-nar-1.14.0.nar-unpacked as class loader org.apache.nifi.nar.NarClassLoader[./work/nar/extensions/nifi-ssl-context-service-nar-1.14.0.nar-unpacked]
2024-10-18 11:31:47,826 INFO [main] org.apache.nifi.nar.NarClassLoaders Loaded NAR file: /opt/nifi/nifi-current/./work/nar/extensions/nifi-dbcp-service-nar-1.14.0.nar-unpacked as class loader org.apache.nifi.nar.NarClassLoader[./work/nar/extensions/nifi-dbcp-service-nar-1.14.0.nar-unpacked]
2024-10-18 11:31:47,829 INFO [main] org.apache.nifi.nar.NarClassLoaders Loaded NAR file: /opt/nifi/nifi-current/./work/nar/extensions/nifi-confluent-platform-nar-1.14.0.nar-unpacked as class loader org.apache.nifi.nar.NarClassLoader[./work/nar/extensions/nifi-confluent-platform-nar-1.14.0.nar-unpacked]
2024-10-18 11:31:47,835 INFO [main] org.apache.nifi.nar.NarClassLoaders Loaded NAR file: /opt/nifi/nifi-current/./work/nar/extensions/nifi-record-serialization-services-nar-1.14.0.nar-unpacked as class loader org.apache.nifi.nar.NarClassLoader[./work/nar/extensions/nifi-record-serialization-services-nar-1.14.0.nar-unpacked]
2024-10-18 11:31:47,840 INFO [main] org.apache.nifi.nar.NarClassLoaders Loaded NAR file: /opt/nifi/nifi-current/./work/nar/extensions/nifi-site-to-site-reporting-nar-1.14.0.nar-unpacked as class loader org.apache.nifi.nar.NarClassLoader[./work/nar/extensions/nifi-site-to-site-reporting-nar-1.14.0.nar-unpacked]
2024-10-18 11:31:47,850 INFO [main] org.apache.nifi.nar.NarClassLoaders Loaded NAR file: /opt/nifi/nifi-current/./work/nar/extensions/nifi-hazelcast-services-api-nar-1.14.0.nar-unpacked as class loader org.apache.nifi.nar.NarClassLoader[./work/nar/extensions/nifi-hazelcast-services-api-nar-1.14.0.nar-unpacked]
2024-10-18 11:31:47,851 INFO [main] org.apache.nifi.nar.NarClassLoaders Loaded NAR file: /opt/nifi/nifi-current/./work/nar/extensions/nifi-azure-services-api-nar-1.14.0.nar-unpacked as class loader org.apache.nifi.nar.NarClassLoader[./work/nar/extensions/nifi-azure-services-api-nar-1.14.0.nar-unpacked]
2024-10-18 11:31:47,868 INFO [main] org.apache.nifi.nar.NarClassLoaders Loaded NAR file: /opt/nifi/nifi-current/./work/nar/extensions/nifi-hive-nar-1.14.0.nar-unpacked as class loader org.apache.nifi.nar.NarClassLoader[./work/nar/extensions/nifi-hive-nar-1.14.0.nar-unpacked]
2024-10-18 11:31:47,894 INFO [main] org.apache.nifi.nar.NarClassLoaders Loaded NAR file: /opt/nifi/nifi-current/./work/nar/extensions/nifi-registry-nar-1.14.0.nar-unpacked as class loader org.apache.nifi.nar.NarClassLoader[./work/nar/extensions/nifi-registry-nar-1.14.0.nar-unpacked]
2024-10-18 11:31:47,896 INFO [main] org.apache.nifi.nar.NarClassLoaders Loaded NAR file: /opt/nifi/nifi-current/./work/nar/extensions/nifi-mongodb-client-service-api-nar-1.14.0.nar-unpacked as class loader org.apache.nifi.nar.NarClassLoader[./work/nar/extensions/nifi-mongodb-client-service-api-nar-1.14.0.nar-unpacked]
2024-10-18 11:31:47,898 INFO [main] org.apache.nifi.nar.NarClassLoaders Loaded NAR file: /opt/nifi/nifi-current/./work/nar/extensions/nifi-elasticsearch-client-service-api-nar-1.14.0.nar-unpacked as class loader org.apache.nifi.nar.NarClassLoader[./work/nar/extensions/nifi-elasticsearch-client-service-api-nar-1.14.0.nar-unpacked]
2024-10-18 11:31:47,899 INFO [main] org.apache.nifi.nar.NarClassLoaders Loaded NAR file: /opt/nifi/nifi-current/./work/nar/extensions/nifi-metrics-reporting-nar-1.14.0.nar-unpacked as class loader org.apache.nifi.nar.NarClassLoader[./work/nar/extensions/nifi-metrics-reporting-nar-1.14.0.nar-unpacked]
2024-10-18 11:31:47,901 INFO [main] org.apache.nifi.nar.NarClassLoaders Loaded NAR file: /opt/nifi/nifi-current/./work/nar/extensions/nifi-aws-nar-1.14.0.nar-unpacked as class loader org.apache.nifi.nar.NarClassLoader[./work/nar/extensions/nifi-aws-nar-1.14.0.nar-unpacked]
2024-10-18 11:31:47,908 INFO [main] org.apache.nifi.nar.NarClassLoaders Loaded NAR file: /opt/nifi/nifi-current/./work/nar/extensions/nifi-kerberos-credentials-service-nar-1.14.0.nar-unpacked as class loader org.apache.nifi.nar.NarClassLoader[./work/nar/extensions/nifi-kerberos-credentials-service-nar-1.14.0.nar-unpacked]
2024-10-18 11:31:47,909 INFO [main] org.apache.nifi.nar.NarClassLoaders Loaded NAR file: /opt/nifi/nifi-current/./work/nar/extensions/nifi-jms-processors-nar-1.14.0.nar-unpacked as class loader org.apache.nifi.nar.NarClassLoader[./work/nar/extensions/nifi-jms-processors-nar-1.14.0.nar-unpacked]
2024-10-18 11:31:47,913 INFO [main] org.apache.nifi.nar.NarClassLoaders Loaded NAR file: /opt/nifi/nifi-current/./work/nar/extensions/nifi-record-sink-service-nar-1.14.0.nar-unpacked as class loader org.apache.nifi.nar.NarClassLoader[./work/nar/extensions/nifi-record-sink-service-nar-1.14.0.nar-unpacked]
2024-10-18 11:31:47,915 INFO [main] org.apache.nifi.nar.NarClassLoaders Loaded NAR file: /opt/nifi/nifi-current/./work/nar/extensions/nifi-hadoop-libraries-nar-1.14.0.nar-unpacked as class loader org.apache.nifi.nar.NarClassLoader[./work/nar/extensions/nifi-hadoop-libraries-nar-1.14.0.nar-unpacked]
2024-10-18 11:31:47,931 INFO [main] org.apache.nifi.nar.NarClassLoaders Loaded NAR file: /opt/nifi/nifi-current/./work/nar/extensions/nifi-splunk-nar-1.14.0.nar-unpacked as class loader org.apache.nifi.nar.NarClassLoader[./work/nar/extensions/nifi-splunk-nar-1.14.0.nar-unpacked]
2024-10-18 11:31:47,934 INFO [main] org.apache.nifi.nar.NarClassLoaders Loaded NAR file: /opt/nifi/nifi-current/./work/nar/extensions/nifi-hazelcast-services-nar-1.14.0.nar-unpacked as class loader org.apache.nifi.nar.NarClassLoader[./work/nar/extensions/nifi-hazelcast-services-nar-1.14.0.nar-unpacked]
2024-10-18 11:31:47,936 INFO [main] org.apache.nifi.nar.NarClassLoaders Loaded NAR file: /opt/nifi/nifi-current/./work/nar/extensions/nifi-websocket-services-api-nar-1.14.0.nar-unpacked as class loader org.apache.nifi.nar.NarClassLoader[./work/nar/extensions/nifi-websocket-services-api-nar-1.14.0.nar-unpacked]
2024-10-18 11:31:47,939 INFO [main] org.apache.nifi.nar.NarClassLoaders Loaded NAR file: /opt/nifi/nifi-current/./work/nar/extensions/nifi-proxy-configuration-nar-1.14.0.nar-unpacked as class loader org.apache.nifi.nar.NarClassLoader[./work/nar/extensions/nifi-proxy-configuration-nar-1.14.0.nar-unpacked]
2024-10-18 11:31:47,942 INFO [main] org.apache.nifi.nar.NarClassLoaders Loaded NAR file: /opt/nifi/nifi-current/./work/nar/extensions/nifi-gcp-nar-1.14.0.nar-unpacked as class loader org.apache.nifi.nar.NarClassLoader[./work/nar/extensions/nifi-gcp-nar-1.14.0.nar-unpacked]
2024-10-18 11:31:47,956 INFO [main] org.apache.nifi.nar.NarClassLoaders Loaded NAR file: /opt/nifi/nifi-current/./work/nar/extensions/nifi-pgp-service-api-nar-1.14.0.nar-unpacked as class loader org.apache.nifi.nar.NarClassLoader[./work/nar/extensions/nifi-pgp-service-api-nar-1.14.0.nar-unpacked]
2024-10-18 11:31:47,960 INFO [main] org.apache.nifi.nar.NarClassLoaders Loaded NAR file: /opt/nifi/nifi-current/./work/nar/extensions/nifi-cassandra-services-api-nar-1.14.0.nar-unpacked as class loader org.apache.nifi.nar.NarClassLoader[./work/nar/extensions/nifi-cassandra-services-api-nar-1.14.0.nar-unpacked]
2024-10-18 11:31:47,965 INFO [main] org.apache.nifi.nar.NarClassLoaders Loaded NAR file: /opt/nifi/nifi-current/./work/nar/extensions/nifi-couchbase-services-api-nar-1.14.0.nar-unpacked as class loader org.apache.nifi.nar.NarClassLoader[./work/nar/extensions/nifi-couchbase-services-api-nar-1.14.0.nar-unpacked]
2024-10-18 11:31:47,966 INFO [main] org.apache.nifi.nar.NarClassLoaders Loaded NAR file: /opt/nifi/nifi-current/./work/nar/extensions/nifi-pgp-service-nar-1.14.0.nar-unpacked as class loader org.apache.nifi.nar.NarClassLoader[./work/nar/extensions/nifi-pgp-service-nar-1.14.0.nar-unpacked]
2024-10-18 11:31:47,968 INFO [main] org.apache.nifi.nar.NarClassLoaders Loaded NAR file: /opt/nifi/nifi-current/./work/nar/extensions/nifi-mongodb-services-nar-1.14.0.nar-unpacked as class loader org.apache.nifi.nar.NarClassLoader[./work/nar/extensions/nifi-mongodb-services-nar-1.14.0.nar-unpacked]
2024-10-18 11:31:47,973 INFO [main] org.apache.nifi.nar.NarClassLoaders Loaded NAR file: /opt/nifi/nifi-current/./work/nar/extensions/nifi-rethinkdb-nar-1.14.0.nar-unpacked as class loader org.apache.nifi.nar.NarClassLoader[./work/nar/extensions/nifi-rethinkdb-nar-1.14.0.nar-unpacked]
2024-10-18 11:31:47,975 INFO [main] org.apache.nifi.nar.NarClassLoaders Loaded NAR file: /opt/nifi/nifi-current/./work/nar/extensions/nifi-hadoop-nar-1.14.0.nar-unpacked as class loader org.apache.nifi.nar.NarClassLoader[./work/nar/extensions/nifi-hadoop-nar-1.14.0.nar-unpacked]
2024-10-18 11:31:47,977 INFO [main] org.apache.nifi.nar.NarClassLoaders Loaded NAR file: /opt/nifi/nifi-current/./work/nar/extensions/nifi-elasticsearch-restapi-nar-1.14.0.nar-unpacked as class loader org.apache.nifi.nar.NarClassLoader[./work/nar/extensions/nifi-elasticsearch-restapi-nar-1.14.0.nar-unpacked]
2024-10-18 11:31:47,981 INFO [main] org.apache.nifi.nar.NarClassLoaders Loaded NAR file: /opt/nifi/nifi-current/./work/nar/extensions/nifi-websocket-services-jetty-nar-1.14.0.nar-unpacked as class loader org.apache.nifi.nar.NarClassLoader[./work/nar/extensions/nifi-websocket-services-jetty-nar-1.14.0.nar-unpacked]
2024-10-18 11:31:47,986 INFO [main] org.apache.nifi.nar.NarClassLoaders Loaded NAR file: /opt/nifi/nifi-current/./work/nar/extensions/nifi-websocket-processors-nar-1.14.0.nar-unpacked as class loader org.apache.nifi.nar.NarClassLoader[./work/nar/extensions/nifi-websocket-processors-nar-1.14.0.nar-unpacked]
2024-10-18 11:31:47,990 INFO [main] org.apache.nifi.nar.NarClassLoaders Loaded NAR file: /opt/nifi/nifi-current/./work/nar/extensions/nifi-redis-nar-1.14.0.nar-unpacked as class loader org.apache.nifi.nar.NarClassLoader[./work/nar/extensions/nifi-redis-nar-1.14.0.nar-unpacked]
2024-10-18 11:31:47,992 INFO [main] org.apache.nifi.nar.NarClassLoaders Loaded NAR file: /opt/nifi/nifi-current/./work/nar/extensions/nifi-couchbase-nar-1.14.0.nar-unpacked as class loader org.apache.nifi.nar.NarClassLoader[./work/nar/extensions/nifi-couchbase-nar-1.14.0.nar-unpacked]
2024-10-18 11:31:47,993 INFO [main] org.apache.nifi.nar.NarClassLoaders Loaded NAR file: /opt/nifi/nifi-current/./work/nar/extensions/nifi-cassandra-nar-1.14.0.nar-unpacked as class loader org.apache.nifi.nar.NarClassLoader[./work/nar/extensions/nifi-cassandra-nar-1.14.0.nar-unpacked]
2024-10-18 11:31:48,001 INFO [main] org.apache.nifi.nar.NarClassLoaders Loaded NAR file: /opt/nifi/nifi-current/./work/nar/extensions/nifi-elasticsearch-client-service-nar-1.14.0.nar-unpacked as class loader org.apache.nifi.nar.NarClassLoader[./work/nar/extensions/nifi-elasticsearch-client-service-nar-1.14.0.nar-unpacked]
2024-10-18 11:31:48,014 INFO [main] org.apache.nifi.nar.NarClassLoaders Loaded NAR file: /opt/nifi/nifi-current/./work/nar/extensions/nifi-kudu-nar-1.14.0.nar-unpacked as class loader org.apache.nifi.nar.NarClassLoader[./work/nar/extensions/nifi-kudu-nar-1.14.0.nar-unpacked]
2024-10-18 11:31:48,020 INFO [main] org.apache.nifi.nar.NarClassLoaders Loaded NAR file: /opt/nifi/nifi-current/./work/nar/extensions/nifi-pgp-nar-1.14.0.nar-unpacked as class loader org.apache.nifi.nar.NarClassLoader[./work/nar/extensions/nifi-pgp-nar-1.14.0.nar-unpacked]
2024-10-18 11:31:48,022 INFO [main] org.apache.nifi.nar.NarClassLoaders Loaded NAR file: /opt/nifi/nifi-current/./work/nar/extensions/nifi-azure-nar-1.14.0.nar-unpacked as class loader org.apache.nifi.nar.NarClassLoader[./work/nar/extensions/nifi-azure-nar-1.14.0.nar-unpacked]
2024-10-18 11:31:48,044 INFO [main] org.apache.nifi.nar.NarClassLoaders Loaded NAR file: /opt/nifi/nifi-current/./work/nar/extensions/nifi-cassandra-services-nar-1.14.0.nar-unpacked as class loader org.apache.nifi.nar.NarClassLoader[./work/nar/extensions/nifi-cassandra-services-nar-1.14.0.nar-unpacked]
2024-10-18 11:31:48,052 INFO [main] org.apache.nifi.nar.NarClassLoaders Loaded NAR file: /opt/nifi/nifi-current/./work/nar/extensions/nifi-mongodb-nar-1.14.0.nar-unpacked as class loader org.apache.nifi.nar.NarClassLoader[./work/nar/extensions/nifi-mongodb-nar-1.14.0.nar-unpacked]
2024-10-18 11:31:48,057 INFO [main] org.apache.nifi.nar.NarClassLoaders Loaded NAR file: /opt/nifi/nifi-current/./work/nar/extensions/nifi-parquet-nar-1.14.0.nar-unpacked as class loader org.apache.nifi.nar.NarClassLoader[./work/nar/extensions/nifi-parquet-nar-1.14.0.nar-unpacked]
2024-10-18 11:31:48,063 INFO [main] org.apache.nifi.nar.NarClassLoaders Found NiFiServer implementation org.apache.nifi.web.server.JettyServer in org.apache.nifi:nifi-server-nar:1.14.0
2024-10-18 11:31:48,072 INFO [main] org.eclipse.jetty.util.log Logging initialized @13247ms to org.eclipse.jetty.util.log.Slf4jLog
2024-10-18 11:31:48,105 INFO [main] org.apache.nifi.web.server.JettyServer Configuring Jetty for HTTP on port: 8080
2024-10-18 11:31:48,164 INFO [main] org.apache.nifi.web.server.JettyServer Loading WAR: /opt/nifi/nifi-current/./work/nar/extensions/nifi-update-attribute-nar-1.14.0.nar-unpacked/NAR-INF/bundled-dependencies/nifi-update-attribute-ui-1.14.0.war with context path set to /nifi-update-attribute-ui-1.14.0
2024-10-18 11:31:48,164 INFO [main] org.apache.nifi.web.server.JettyServer Loading UI extension [ProcessorConfiguration, /nifi-update-attribute-ui-1.14.0] for org.apache.nifi.processors.attributes.UpdateAttribute:org.apache.nifi:nifi-update-attribute-nar:1.14.0
2024-10-18 11:31:48,166 INFO [main] org.apache.nifi.web.server.JettyServer Loading WAR: /opt/nifi/nifi-current/./work/nar/extensions/nifi-standard-nar-1.14.0.nar-unpacked/NAR-INF/bundled-dependencies/nifi-standard-content-viewer-1.14.0.war with context path set to /nifi-standard-content-viewer-1.14.0
2024-10-18 11:31:48,167 INFO [main] org.apache.nifi.web.server.JettyServer Loading WAR: /opt/nifi/nifi-current/./work/nar/extensions/nifi-standard-nar-1.14.0.nar-unpacked/NAR-INF/bundled-dependencies/nifi-jolt-transform-json-ui-1.14.0.war with context path set to /nifi-jolt-transform-json-ui-1.14.0
2024-10-18 11:31:48,167 INFO [main] org.apache.nifi.web.server.JettyServer Loading UI extension [ProcessorConfiguration, /nifi-jolt-transform-json-ui-1.14.0] for org.apache.nifi.processors.standard.JoltTransformJSON:org.apache.nifi:nifi-standard-nar:1.14.0
2024-10-18 11:31:48,170 INFO [main] org.apache.nifi.web.server.JettyServer Loading WAR: /opt/nifi/nifi-current/./work/nar/extensions/nifi-server-nar-1.14.0.nar-unpacked/NAR-INF/bundled-dependencies/nifi-web-ui-1.14.0.war with context path set to /nifi
2024-10-18 11:31:48,171 INFO [main] org.apache.nifi.web.server.JettyServer Loading WAR: /opt/nifi/nifi-current/./work/nar/extensions/nifi-server-nar-1.14.0.nar-unpacked/NAR-INF/bundled-dependencies/nifi-web-api-1.14.0.war with context path set to /nifi-api
2024-10-18 11:31:48,171 INFO [main] org.apache.nifi.web.server.JettyServer Loading WAR: /opt/nifi/nifi-current/./work/nar/extensions/nifi-server-nar-1.14.0.nar-unpacked/NAR-INF/bundled-dependencies/nifi-web-content-viewer-1.14.0.war with context path set to /nifi-content-viewer
2024-10-18 11:31:48,172 INFO [main] org.apache.nifi.web.server.JettyServer Loading WAR: /opt/nifi/nifi-current/./work/nar/extensions/nifi-server-nar-1.14.0.nar-unpacked/NAR-INF/bundled-dependencies/nifi-web-docs-1.14.0.war with context path set to /nifi-docs
2024-10-18 11:31:48,174 INFO [main] org.apache.nifi.web.server.JettyServer Loading documents web app with context path set to /nifi-docs
2024-10-18 11:31:48,175 INFO [main] org.apache.nifi.web.server.JettyServer Loading WAR: /opt/nifi/nifi-current/./work/nar/extensions/nifi-server-nar-1.14.0.nar-unpacked/NAR-INF/bundled-dependencies/nifi-web-error-1.14.0.war with context path set to /
2024-10-18 11:31:48,179 INFO [main] org.apache.nifi.web.server.JettyServer Running in HTTP mode; host headers not restricted
2024-10-18 11:31:48,188 INFO [main] o.a.n.n.StandardExtensionDiscoveringManager Loaded extensions for org.apache.nifi:nifi-jetty-bundle:1.14.0 in 1 millis
2024-10-18 11:31:48,195 INFO [main] o.a.n.n.StandardExtensionDiscoveringManager Loaded extensions for org.apache.nifi:nifi-framework-nar:1.14.0 in 7 millis
2024-10-18 11:31:48,197 INFO [main] o.a.n.n.StandardExtensionDiscoveringManager Loaded extensions for org.apache.nifi:nifi-language-translation-nar:1.14.0 in 2 millis
2024-10-18 11:31:48,199 INFO [main] o.a.n.n.StandardExtensionDiscoveringManager Loaded extensions for org.apache.nifi:nifi-cybersecurity-nar:1.14.0 in 2 millis
2024-10-18 11:31:48,201 INFO [main] o.a.n.n.StandardExtensionDiscoveringManager Loaded extensions for org.apache.nifi:nifi-avro-nar:1.14.0 in 2 millis
2024-10-18 11:31:48,203 INFO [main] o.a.n.n.StandardExtensionDiscoveringManager Loaded extensions for org.apache.nifi:nifi-poi-nar:1.14.0 in 2 millis
2024-10-18 11:31:48,206 INFO [main] o.a.n.n.StandardExtensionDiscoveringManager Loaded extensions for org.apache.nifi:nifi-hl7-nar:1.14.0 in 2 millis
2024-10-18 11:31:48,207 INFO [main] o.a.n.n.StandardExtensionDiscoveringManager Loaded extensions for org.apache.nifi:nifi-smb-nar:1.14.0 in 1 millis
2024-10-18 11:31:48,209 INFO [main] o.a.n.n.StandardExtensionDiscoveringManager Loaded extensions for org.apache.nifi:nifi-network-processors-nar:1.14.0 in 2 millis
2024-10-18 11:31:48,210 INFO [main] o.a.n.n.StandardExtensionDiscoveringManager Loaded extensions for org.apache.nifi:nifi-tcp-nar:1.14.0 in 1 millis
2024-10-18 11:31:48,211 INFO [main] o.a.n.n.StandardExtensionDiscoveringManager Loaded extensions for org.apache.nifi:nifi-standard-services-api-nar:1.14.0 in 1 millis
2024-10-18 11:31:48,213 INFO [main] o.a.n.n.StandardExtensionDiscoveringManager Loaded extensions for org.apache.nifi:nifi-grpc-nar:1.14.0 in 2 millis
2024-10-18 11:31:48,216 INFO [main] o.a.n.n.StandardExtensionDiscoveringManager Loaded extensions for org.apache.nifi:nifi-distributed-cache-services-nar:1.14.0 in 3 millis
2024-10-18 11:31:48,218 INFO [main] o.a.n.n.StandardExtensionDiscoveringManager Loaded extensions for org.apache.nifi:nifi-kafka-2-6-nar:1.14.0 in 2 millis
2024-10-18 11:31:48,219 INFO [main] o.a.n.n.StandardExtensionDiscoveringManager Loaded extensions for org.apache.nifi:nifi-riemann-nar:1.14.0 in 1 millis
2024-10-18 11:31:48,221 INFO [main] o.a.n.n.StandardExtensionDiscoveringManager Loaded extensions for org.apache.nifi:nifi-amqp-nar:1.14.0 in 2 millis
2024-10-18 11:31:48,223 INFO [main] o.a.n.n.StandardExtensionDiscoveringManager Loaded extensions for org.apache.nifi:nifi-kafka-1-0-nar:1.14.0 in 2 millis
2024-10-18 11:31:48,225 INFO [main] o.a.n.n.StandardExtensionDiscoveringManager Loaded extensions for org.apache.nifi:nifi-update-attribute-nar:1.14.0 in 2 millis
2024-10-18 11:31:48,226 INFO [main] o.a.n.n.StandardExtensionDiscoveringManager Loaded extensions for org.apache.nifi:nifi-snmp-nar:1.14.0 in 1 millis
2024-10-18 11:31:48,228 INFO [main] o.a.n.n.StandardExtensionDiscoveringManager Loaded extensions for org.apache.nifi:nifi-datadog-nar:1.14.0 in 2 millis
2024-10-18 11:31:48,229 INFO [main] o.a.n.n.StandardExtensionDiscoveringManager Loaded extensions for org.apache.nifi:nifi-kerberos-iaa-providers-nar:1.14.0 in 1 millis
2024-10-18 11:31:48,230 INFO [main] o.a.n.n.StandardExtensionDiscoveringManager Loaded extensions for org.apache.nifi:nifi-hive-services-api-nar:1.14.0 in 1 millis
2024-10-18 11:31:48,234 INFO [main] o.a.n.n.StandardExtensionDiscoveringManager Loaded extensions for org.apache.nifi:nifi-standard-nar:1.14.0 in 3 millis
2024-10-18 11:31:48,236 INFO [main] o.a.n.n.StandardExtensionDiscoveringManager Loaded extensions for org.apache.nifi:nifi-prometheus-nar:1.14.0 in 2 millis
2024-10-18 11:31:48,238 INFO [main] o.a.n.n.StandardExtensionDiscoveringManager Loaded extensions for org.apache.nifi:nifi-windows-event-log-nar:1.14.0 in 2 millis
2024-10-18 11:31:48,239 INFO [main] o.a.n.n.StandardExtensionDiscoveringManager Loaded extensions for org.apache.nifi:nifi-ambari-nar:1.14.0 in 1 millis
2024-10-18 11:31:48,241 INFO [main] o.a.n.n.StandardExtensionDiscoveringManager Loaded extensions for org.apache.nifi:nifi-hadoop-dbcp-service-nar:1.14.0 in 2 millis
2024-10-18 11:31:48,242 INFO [main] o.a.n.n.StandardExtensionDiscoveringManager Loaded extensions for org.apache.nifi:nifi-slack-nar:1.14.0 in 1 millis
2024-10-18 11:31:48,244 INFO [main] o.a.n.n.StandardExtensionDiscoveringManager Loaded extensions for org.apache.nifi:nifi-evtx-nar:1.14.0 in 2 millis
2024-10-18 11:31:48,247 INFO [main] o.a.n.n.StandardExtensionDiscoveringManager Loaded extensions for org.apache.nifi:nifi-server-nar:1.14.0 in 3 millis
2024-10-18 11:31:48,249 INFO [main] o.a.n.n.StandardExtensionDiscoveringManager Loaded extensions for org.apache.nifi:nifi-mqtt-nar:1.14.0 in 2 millis
2024-10-18 11:31:48,261 INFO [main] o.a.n.n.StandardExtensionDiscoveringManager Loaded extensions for org.apache.nifi:nifi-influxdb-nar:1.14.0 in 12 millis
2024-10-18 11:31:48,263 INFO [main] o.a.n.n.StandardExtensionDiscoveringManager Loaded extensions for org.apache.nifi:nifi-enrich-nar:1.14.0 in 2 millis
2024-10-18 11:31:48,265 INFO [main] o.a.n.n.StandardExtensionDiscoveringManager Loaded extensions for org.apache.nifi:nifi-kafka-2-0-nar:1.14.0 in 2 millis
2024-10-18 11:31:48,268 INFO [main] o.a.n.n.StandardExtensionDiscoveringManager Loaded extensions for org.apache.nifi:nifi-hwx-schema-registry-nar:1.14.0 in 3 millis
2024-10-18 11:31:48,270 INFO [main] o.a.n.n.StandardExtensionDiscoveringManager Loaded extensions for org.apache.nifi:nifi-email-nar:1.14.0 in 2 millis
2024-10-18 11:31:48,271 INFO [main] o.a.n.n.StandardExtensionDiscoveringManager Loaded extensions for org.apache.nifi:nifi-redis-service-api-nar:1.14.0 in 1 millis
2024-10-18 11:31:48,273 INFO [main] o.a.n.n.StandardExtensionDiscoveringManager Loaded extensions for org.apache.nifi:nifi-stateless-nar:1.14.0 in 2 millis
2024-10-18 11:31:48,274 INFO [main] o.a.n.n.StandardExtensionDiscoveringManager Loaded extensions for org.apache.nifi:nifi-ldap-iaa-providers-nar:1.14.0 in 1 millis
2024-10-18 11:31:48,276 INFO [main] o.a.n.n.StandardExtensionDiscoveringManager Loaded extensions for org.apache.nifi:nifi-stateful-analysis-nar:1.14.0 in 2 millis
2024-10-18 11:31:48,278 INFO [main] o.a.n.n.StandardExtensionDiscoveringManager Loaded extensions for org.apache.nifi:nifi-metrics-reporter-service-api-nar:1.14.0 in 2 millis
2024-10-18 11:31:48,279 INFO [main] o.a.n.n.StandardExtensionDiscoveringManager Loaded extensions for org.apache.nifi:nifi-social-media-nar:1.14.0 in 1 millis
2024-10-18 11:31:48,281 INFO [main] o.a.n.n.StandardExtensionDiscoveringManager Loaded extensions for org.apache.nifi:nifi-elasticsearch-nar:1.14.0 in 2 millis
2024-10-18 11:31:48,282 INFO [main] o.a.n.n.StandardExtensionDiscoveringManager Loaded extensions for org.apache.nifi:nifi-gcp-services-api-nar:1.14.0 in 1 millis
2024-10-18 11:31:48,284 INFO [main] o.a.n.n.StandardExtensionDiscoveringManager Loaded extensions for org.apache.nifi:nifi-single-user-iaa-providers-nar:1.14.0 in 2 millis
2024-10-18 11:31:48,286 INFO [main] o.a.n.n.StandardExtensionDiscoveringManager Loaded extensions for org.apache.nifi:nifi-lookup-services-nar:1.14.0 in 2 millis
2024-10-18 11:31:48,288 INFO [main] o.a.n.n.StandardExtensionDiscoveringManager Loaded extensions for org.apache.nifi:nifi-hbase_1_1_2-client-service-nar:1.14.0 in 2 millis
2024-10-18 11:31:48,290 INFO [main] o.a.n.n.StandardExtensionDiscoveringManager Loaded extensions for org.apache.nifi:nifi-oauth2-provider-nar:1.14.0 in 2 millis
2024-10-18 11:31:48,291 INFO [main] o.a.n.n.StandardExtensionDiscoveringManager Loaded extensions for org.apache.nifi:nifi-html-nar:1.14.0 in 1 millis
2024-10-18 11:31:48,293 INFO [main] o.a.n.n.StandardExtensionDiscoveringManager Loaded extensions for org.apache.nifi:nifi-http-context-map-nar:1.14.0 in 2 millis
2024-10-18 11:31:48,294 INFO [main] o.a.n.n.StandardExtensionDiscoveringManager Loaded extensions for org.apache.nifi:nifi-ccda-nar:1.14.0 in 1 millis
2024-10-18 11:31:48,295 INFO [main] o.a.n.n.StandardExtensionDiscoveringManager Loaded extensions for org.apache.nifi:nifi-spring-nar:1.14.0 in 1 millis
2024-10-18 11:31:48,297 INFO [main] o.a.n.n.StandardExtensionDiscoveringManager Loaded extensions for org.apache.nifi:nifi-jms-cf-service-nar:1.14.0 in 1 millis
2024-10-18 11:31:48,298 INFO [main] o.a.n.n.StandardExtensionDiscoveringManager Loaded extensions for org.apache.nifi:nifi-cdc-mysql-nar:1.14.0 in 1 millis
2024-10-18 11:31:48,300 INFO [main] o.a.n.n.StandardExtensionDiscoveringManager Loaded extensions for org.apache.nifi:nifi-solr-nar:1.14.0 in 1 millis
2024-10-18 11:31:48,303 INFO [main] o.a.n.n.StandardExtensionDiscoveringManager Loaded extensions for org.apache.nifi:nifi-scripting-nar:1.14.0 in 3 millis
2024-10-18 11:31:48,304 INFO [main] o.a.n.n.StandardExtensionDiscoveringManager Loaded extensions for org.apache.nifi:nifi-provenance-repository-nar:1.14.0 in 1 millis
2024-10-18 11:31:48,306 INFO [main] o.a.n.n.StandardExtensionDiscoveringManager Loaded extensions for org.apache.nifi:nifi-hbase_2-client-service-nar:1.14.0 in 2 millis
2024-10-18 11:31:48,308 INFO [main] o.a.n.n.StandardExtensionDiscoveringManager Loaded extensions for org.apache.nifi:nifi-hbase-nar:1.14.0 in 2 millis
2024-10-18 11:31:48,310 INFO [main] o.a.n.n.StandardExtensionDiscoveringManager Loaded extensions for org.apache.nifi:nifi-groovyx-nar:1.14.0 in 2 millis
2024-10-18 11:31:48,311 INFO [main] o.a.n.n.StandardExtensionDiscoveringManager Loaded extensions for org.apache.nifi:nifi-jolt-record-nar:1.14.0 in 1 millis
2024-10-18 11:31:48,313 INFO [main] o.a.n.n.StandardExtensionDiscoveringManager Loaded extensions for org.apache.nifi:nifi-aws-service-api-nar:1.14.0 in 1 millis
2024-10-18 11:31:48,315 INFO [main] o.a.n.n.StandardExtensionDiscoveringManager Loaded extensions for org.apache.nifi:nifi-ssl-context-service-nar:1.14.0 in 2 millis
2024-10-18 11:31:48,316 INFO [main] o.a.n.n.StandardExtensionDiscoveringManager Loaded extensions for org.apache.nifi:nifi-dbcp-service-nar:1.14.0 in 1 millis
2024-10-18 11:31:48,318 INFO [main] o.a.n.n.StandardExtensionDiscoveringManager Loaded extensions for org.apache.nifi:nifi-confluent-platform-nar:1.14.0 in 2 millis
2024-10-18 11:31:48,320 INFO [main] o.a.n.n.StandardExtensionDiscoveringManager Loaded extensions for org.apache.nifi:nifi-record-serialization-services-nar:1.14.0 in 2 millis
2024-10-18 11:31:48,322 INFO [main] o.a.n.n.StandardExtensionDiscoveringManager Loaded extensions for org.apache.nifi:nifi-site-to-site-reporting-nar:1.14.0 in 2 millis
2024-10-18 11:31:48,323 INFO [main] o.a.n.n.StandardExtensionDiscoveringManager Loaded extensions for org.apache.nifi:nifi-hazelcast-services-api-nar:1.14.0 in 1 millis
2024-10-18 11:31:48,325 INFO [main] o.a.n.n.StandardExtensionDiscoveringManager Loaded extensions for org.apache.nifi:nifi-azure-services-api-nar:1.14.0 in 2 millis
2024-10-18 11:31:48,328 INFO [main] o.a.n.n.StandardExtensionDiscoveringManager Loaded extensions for org.apache.nifi:nifi-hive-nar:1.14.0 in 3 millis
2024-10-18 11:31:48,330 INFO [main] o.a.n.n.StandardExtensionDiscoveringManager Loaded extensions for org.apache.nifi:nifi-registry-nar:1.14.0 in 2 millis
2024-10-18 11:31:48,331 INFO [main] o.a.n.n.StandardExtensionDiscoveringManager Loaded extensions for org.apache.nifi:nifi-mongodb-client-service-api-nar:1.14.0 in 1 millis
2024-10-18 11:31:48,332 INFO [main] o.a.n.n.StandardExtensionDiscoveringManager Loaded extensions for org.apache.nifi:nifi-elasticsearch-client-service-api-nar:1.14.0 in 1 millis
2024-10-18 11:31:48,335 INFO [main] o.a.n.n.StandardExtensionDiscoveringManager Loaded extensions for org.apache.nifi:nifi-metrics-reporting-nar:1.14.0 in 3 millis
2024-10-18 11:31:48,337 INFO [main] o.a.n.n.StandardExtensionDiscoveringManager Loaded extensions for org.apache.nifi:nifi-aws-nar:1.14.0 in 2 millis
2024-10-18 11:31:48,338 INFO [main] o.a.n.n.StandardExtensionDiscoveringManager Loaded extensions for org.apache.nifi:nifi-kerberos-credentials-service-nar:1.14.0 in 1 millis
2024-10-18 11:31:48,340 INFO [main] o.a.n.n.StandardExtensionDiscoveringManager Loaded extensions for org.apache.nifi:nifi-jms-processors-nar:1.14.0 in 1 millis
2024-10-18 11:31:48,342 INFO [main] o.a.n.n.StandardExtensionDiscoveringManager Loaded extensions for org.apache.nifi:nifi-record-sink-service-nar:1.14.0 in 1 millis
2024-10-18 11:31:48,344 INFO [main] o.a.n.n.StandardExtensionDiscoveringManager Loaded extensions for org.apache.nifi:nifi-hadoop-libraries-nar:1.14.0 in 2 millis
2024-10-18 11:31:48,346 INFO [main] o.a.n.n.StandardExtensionDiscoveringManager Loaded extensions for org.apache.nifi:nifi-splunk-nar:1.14.0 in 2 millis
2024-10-18 11:31:48,347 INFO [main] o.a.n.n.StandardExtensionDiscoveringManager Loaded extensions for org.apache.nifi:nifi-hazelcast-services-nar:1.14.0 in 1 millis
2024-10-18 11:31:48,349 INFO [main] o.a.n.n.StandardExtensionDiscoveringManager Loaded extensions for org.apache.nifi:nifi-websocket-services-api-nar:1.14.0 in 2 millis
2024-10-18 11:31:48,350 INFO [main] o.a.n.n.StandardExtensionDiscoveringManager Loaded extensions for org.apache.nifi:nifi-proxy-configuration-nar:1.14.0 in 1 millis
2024-10-18 11:31:48,353 INFO [main] o.a.n.n.StandardExtensionDiscoveringManager Loaded extensions for org.apache.nifi:nifi-gcp-nar:1.14.0 in 3 millis
2024-10-18 11:31:48,354 INFO [main] o.a.n.n.StandardExtensionDiscoveringManager Loaded extensions for org.apache.nifi:nifi-pgp-service-api-nar:1.14.0 in 1 millis
2024-10-18 11:31:48,356 INFO [main] o.a.n.n.StandardExtensionDiscoveringManager Loaded extensions for org.apache.nifi:nifi-cassandra-services-api-nar:1.14.0 in 2 millis
2024-10-18 11:31:48,357 INFO [main] o.a.n.n.StandardExtensionDiscoveringManager Loaded extensions for org.apache.nifi:nifi-couchbase-services-api-nar:1.14.0 in 1 millis
2024-10-18 11:31:48,359 INFO [main] o.a.n.n.StandardExtensionDiscoveringManager Loaded extensions for org.apache.nifi:nifi-pgp-service-nar:1.14.0 in 2 millis
2024-10-18 11:31:48,373 INFO [main] o.a.n.n.StandardExtensionDiscoveringManager Loaded extensions for org.apache.nifi:nifi-mongodb-services-nar:1.14.0 in 14 millis
2024-10-18 11:31:48,374 INFO [main] o.a.n.n.StandardExtensionDiscoveringManager Loaded extensions for org.apache.nifi:nifi-rethinkdb-nar:1.14.0 in 1 millis
2024-10-18 11:31:48,377 INFO [main] o.a.n.n.StandardExtensionDiscoveringManager Loaded extensions for org.apache.nifi:nifi-hadoop-nar:1.14.0 in 3 millis
2024-10-18 11:31:48,379 INFO [main] o.a.n.n.StandardExtensionDiscoveringManager Loaded extensions for org.apache.nifi:nifi-elasticsearch-restapi-nar:1.14.0 in 2 millis
2024-10-18 11:31:48,381 INFO [main] o.a.n.n.StandardExtensionDiscoveringManager Loaded extensions for org.apache.nifi:nifi-websocket-services-jetty-nar:1.14.0 in 2 millis
2024-10-18 11:31:48,383 INFO [main] o.a.n.n.StandardExtensionDiscoveringManager Loaded extensions for org.apache.nifi:nifi-websocket-processors-nar:1.14.0 in 2 millis
2024-10-18 11:31:48,385 INFO [main] o.a.n.n.StandardExtensionDiscoveringManager Loaded extensions for org.apache.nifi:nifi-redis-nar:1.14.0 in 2 millis
2024-10-18 11:31:48,387 INFO [main] o.a.n.n.StandardExtensionDiscoveringManager Loaded extensions for org.apache.nifi:nifi-couchbase-nar:1.14.0 in 2 millis
2024-10-18 11:31:48,389 INFO [main] o.a.n.n.StandardExtensionDiscoveringManager Loaded extensions for org.apache.nifi:nifi-cassandra-nar:1.14.0 in 2 millis
2024-10-18 11:31:48,391 INFO [main] o.a.n.n.StandardExtensionDiscoveringManager Loaded extensions for org.apache.nifi:nifi-elasticsearch-client-service-nar:1.14.0 in 2 millis
2024-10-18 11:31:48,394 INFO [main] o.a.n.n.StandardExtensionDiscoveringManager Loaded extensions for org.apache.nifi:nifi-kudu-nar:1.14.0 in 3 millis
2024-10-18 11:31:48,396 INFO [main] o.a.n.n.StandardExtensionDiscoveringManager Loaded extensions for org.apache.nifi:nifi-pgp-nar:1.14.0 in 2 millis
2024-10-18 11:31:48,399 INFO [main] o.a.n.n.StandardExtensionDiscoveringManager Loaded extensions for org.apache.nifi:nifi-azure-nar:1.14.0 in 3 millis
2024-10-18 11:31:48,402 INFO [main] o.a.n.n.StandardExtensionDiscoveringManager Loaded extensions for org.apache.nifi:nifi-cassandra-services-nar:1.14.0 in 3 millis
2024-10-18 11:31:48,403 INFO [main] o.a.n.n.StandardExtensionDiscoveringManager Loaded extensions for org.apache.nifi:nifi-mongodb-nar:1.14.0 in 1 millis
2024-10-18 11:31:48,407 INFO [main] o.a.n.n.StandardExtensionDiscoveringManager Loaded extensions for org.apache.nifi:nifi-parquet-nar:1.14.0 in 3 millis
2024-10-18 11:31:48,407 INFO [main] o.a.n.n.StandardExtensionDiscoveringManager Extension Type Mapping to Bundle:
	=== ContentRepository Type ===
	org.apache.nifi.controller.repository.VolatileContentRepository
		org.apache.nifi:nifi-framework-nar:1.14.0 || ./work/nar/framework/nifi-framework-nar-1.14.0.nar-unpacked
	org.apache.nifi.controller.repository.crypto.EncryptedFileSystemRepository
		org.apache.nifi:nifi-framework-nar:1.14.0 || ./work/nar/framework/nifi-framework-nar-1.14.0.nar-unpacked
	org.apache.nifi.controller.repository.FileSystemRepository
		org.apache.nifi:nifi-framework-nar:1.14.0 || ./work/nar/framework/nifi-framework-nar-1.14.0.nar-unpacked
	=== End ContentRepository types ===
	=== Authorizer Type ===
	org.apache.nifi.authorization.single.user.SingleUserAuthorizer
		org.apache.nifi:nifi-single-user-iaa-providers-nar:1.14.0 || ./work/nar/extensions/nifi-single-user-iaa-providers-nar-1.14.0.nar-unpacked
	org.apache.nifi.authorization.FileAuthorizer
		org.apache.nifi:nifi-framework-nar:1.14.0 || ./work/nar/framework/nifi-framework-nar-1.14.0.nar-unpacked
	org.apache.nifi.authorization.StandardManagedAuthorizer
		org.apache.nifi:nifi-framework-nar:1.14.0 || ./work/nar/framework/nifi-framework-nar-1.14.0.nar-unpacked
	=== End Authorizer types ===
	=== ControllerService Type ===
	org.apache.nifi.hbase.HBase_2_RecordLookupService
		org.apache.nifi:nifi-hbase_2-client-service-nar:1.14.0 || ./work/nar/extensions/nifi-hbase_2-client-service-nar-1.14.0.nar-unpacked
	org.apache.nifi.record.script.ScriptedRecordSetWriter
		org.apache.nifi:nifi-scripting-nar:1.14.0 || ./work/nar/extensions/nifi-scripting-nar-1.14.0.nar-unpacked
	org.apache.nifi.record.sink.script.ScriptedRecordSink
		org.apache.nifi:nifi-scripting-nar:1.14.0 || ./work/nar/extensions/nifi-scripting-nar-1.14.0.nar-unpacked
	org.apache.nifi.lookup.db.SimpleDatabaseLookupService
		org.apache.nifi:nifi-lookup-services-nar:1.14.0 || ./work/nar/extensions/nifi-lookup-services-nar-1.14.0.nar-unpacked
	org.apache.nifi.processors.aws.credentials.provider.service.AWSCredentialsProviderControllerService
		org.apache.nifi:nifi-aws-nar:1.14.0 || ./work/nar/extensions/nifi-aws-nar-1.14.0.nar-unpacked
	org.apache.nifi.json.JsonPathReader
		org.apache.nifi:nifi-record-serialization-services-nar:1.14.0 || ./work/nar/extensions/nifi-record-serialization-services-nar-1.14.0.nar-unpacked
	org.apache.nifi.controller.kudu.KuduLookupService
		org.apache.nifi:nifi-kudu-nar:1.14.0 || ./work/nar/extensions/nifi-kudu-nar-1.14.0.nar-unpacked
	org.apache.nifi.couchbase.CouchbaseRecordLookupService
		org.apache.nifi:nifi-couchbase-nar:1.14.0 || ./work/nar/extensions/nifi-couchbase-nar-1.14.0.nar-unpacked
	org.apache.nifi.services.azure.storage.AzureStorageCredentialsControllerService
		org.apache.nifi:nifi-azure-nar:1.14.0 || ./work/nar/extensions/nifi-azure-nar-1.14.0.nar-unpacked
	org.apache.nifi.lookup.maxmind.IPLookupService
		org.apache.nifi:nifi-lookup-services-nar:1.14.0 || ./work/nar/extensions/nifi-lookup-services-nar-1.14.0.nar-unpacked
	org.apache.nifi.service.CassandraSessionProvider
		org.apache.nifi:nifi-cassandra-services-nar:1.14.0 || ./work/nar/extensions/nifi-cassandra-services-nar-1.14.0.nar-unpacked
	org.apache.nifi.hazelcast.services.cacheclient.HazelcastMapCacheClient
		org.apache.nifi:nifi-hazelcast-services-nar:1.14.0 || ./work/nar/extensions/nifi-hazelcast-services-nar-1.14.0.nar-unpacked
	org.apache.nifi.jms.cf.JndiJmsConnectionFactoryProvider
		org.apache.nifi:nifi-jms-processors-nar:1.14.0 || ./work/nar/extensions/nifi-jms-processors-nar-1.14.0.nar-unpacked
	org.apache.nifi.xml.XMLReader
		org.apache.nifi:nifi-record-serialization-services-nar:1.14.0 || ./work/nar/extensions/nifi-record-serialization-services-nar-1.14.0.nar-unpacked
	org.apache.nifi.dbcp.DBCPConnectionPool
		org.apache.nifi:nifi-dbcp-service-nar:1.14.0 || ./work/nar/extensions/nifi-dbcp-service-nar-1.14.0.nar-unpacked
	org.apache.nifi.record.sink.LoggingRecordSink
		org.apache.nifi:nifi-record-sink-service-nar:1.14.0 || ./work/nar/extensions/nifi-record-sink-service-nar-1.14.0.nar-unpacked
	org.apache.nifi.avro.AvroRecordSetWriter
		org.apache.nifi:nifi-record-serialization-services-nar:1.14.0 || ./work/nar/extensions/nifi-record-serialization-services-nar-1.14.0.nar-unpacked
	org.apache.nifi.reporting.sink.SiteToSiteReportingRecordSink
		org.apache.nifi:nifi-site-to-site-reporting-nar:1.14.0 || ./work/nar/extensions/nifi-site-to-site-reporting-nar-1.14.0.nar-unpacked
	org.apache.nifi.ssl.StandardRestrictedSSLContextService
		org.apache.nifi:nifi-ssl-context-service-nar:1.14.0 || ./work/nar/extensions/nifi-ssl-context-service-nar-1.14.0.nar-unpacked
	org.apache.nifi.avro.AvroReader
		org.apache.nifi:nifi-record-serialization-services-nar:1.14.0 || ./work/nar/extensions/nifi-record-serialization-services-nar-1.14.0.nar-unpacked
	org.apache.nifi.pgp.service.standard.StandardPGPPublicKeyService
		org.apache.nifi:nifi-pgp-service-nar:1.14.0 || ./work/nar/extensions/nifi-pgp-service-nar-1.14.0.nar-unpacked
	org.apache.nifi.distributed.cache.server.DistributedSetCacheServer
		org.apache.nifi:nifi-distributed-cache-services-nar:1.14.0 || ./work/nar/extensions/nifi-distributed-cache-services-nar-1.14.0.nar-unpacked
	org.apache.nifi.couchbase.CouchbaseKeyValueLookupService
		org.apache.nifi:nifi-couchbase-nar:1.14.0 || ./work/nar/extensions/nifi-couchbase-nar-1.14.0.nar-unpacked
	org.apache.nifi.http.StandardHttpContextMap
		org.apache.nifi:nifi-http-context-map-nar:1.14.0 || ./work/nar/extensions/nifi-http-context-map-nar-1.14.0.nar-unpacked
	org.apache.nifi.services.azure.storage.ADLSCredentialsControllerService
		org.apache.nifi:nifi-azure-nar:1.14.0 || ./work/nar/extensions/nifi-azure-nar-1.14.0.nar-unpacked
	org.apache.nifi.schema.inference.VolatileSchemaCache
		org.apache.nifi:nifi-record-serialization-services-nar:1.14.0 || ./work/nar/extensions/nifi-record-serialization-services-nar-1.14.0.nar-unpacked
	org.apache.nifi.lookup.RecordSetWriterLookup
		org.apache.nifi:nifi-record-serialization-services-nar:1.14.0 || ./work/nar/extensions/nifi-record-serialization-services-nar-1.14.0.nar-unpacked
	org.apache.nifi.elasticsearch.ElasticSearchLookupService
		org.apache.nifi:nifi-elasticsearch-client-service-nar:1.14.0 || ./work/nar/extensions/nifi-elasticsearch-client-service-nar-1.14.0.nar-unpacked
	org.apache.nifi.dbcp.DBCPConnectionPoolLookup
		org.apache.nifi:nifi-dbcp-service-nar:1.14.0 || ./work/nar/extensions/nifi-dbcp-service-nar-1.14.0.nar-unpacked
	org.apache.nifi.hbase.HBase_1_1_2_RecordLookupService
		org.apache.nifi:nifi-hbase_1_1_2-client-service-nar:1.14.0 || ./work/nar/extensions/nifi-hbase_1_1_2-client-service-nar-1.14.0.nar-unpacked
	org.apache.nifi.parquet.ParquetReader
		org.apache.nifi:nifi-parquet-nar:1.14.0 || ./work/nar/extensions/nifi-parquet-nar-1.14.0.nar-unpacked
	org.apache.nifi.reporting.prometheus.PrometheusRecordSink
		org.apache.nifi:nifi-prometheus-nar:1.14.0 || ./work/nar/extensions/nifi-prometheus-nar-1.14.0.nar-unpacked
	org.apache.nifi.confluent.schemaregistry.ConfluentSchemaRegistry
		org.apache.nifi:nifi-confluent-platform-nar:1.14.0 || ./work/nar/extensions/nifi-confluent-platform-nar-1.14.0.nar-unpacked
	org.apache.nifi.schemaregistry.hortonworks.HortonworksSchemaRegistry
		org.apache.nifi:nifi-hwx-schema-registry-nar:1.14.0 || ./work/nar/extensions/nifi-hwx-schema-registry-nar-1.14.0.nar-unpacked
	org.apache.nifi.dbcp.hive.HiveConnectionPool
		org.apache.nifi:nifi-hive-nar:1.14.0 || ./work/nar/extensions/nifi-hive-nar-1.14.0.nar-unpacked
	org.apache.nifi.mongodb.MongoDBControllerService
		org.apache.nifi:nifi-mongodb-services-nar:1.14.0 || ./work/nar/extensions/nifi-mongodb-services-nar-1.14.0.nar-unpacked
	org.apache.nifi.hbase.HBase_1_1_2_ClientService
		org.apache.nifi:nifi-hbase_1_1_2-client-service-nar:1.14.0 || ./work/nar/extensions/nifi-hbase_1_1_2-client-service-nar-1.14.0.nar-unpacked
	org.apache.nifi.redis.service.RedisConnectionPoolService
		org.apache.nifi:nifi-redis-nar:1.14.0 || ./work/nar/extensions/nifi-redis-nar-1.14.0.nar-unpacked
	org.apache.nifi.distributed.cache.client.DistributedMapCacheClientService
		org.apache.nifi:nifi-distributed-cache-services-nar:1.14.0 || ./work/nar/extensions/nifi-distributed-cache-services-nar-1.14.0.nar-unpacked
	org.apache.nifi.controller.cassandra.CassandraDistributedMapCache
		org.apache.nifi:nifi-cassandra-services-nar:1.14.0 || ./work/nar/extensions/nifi-cassandra-services-nar-1.14.0.nar-unpacked
	org.apache.nifi.websocket.jetty.JettyWebSocketServer
		org.apache.nifi:nifi-websocket-services-jetty-nar:1.14.0 || ./work/nar/extensions/nifi-websocket-services-jetty-nar-1.14.0.nar-unpacked
	org.apache.nifi.elasticsearch.ElasticSearchClientServiceImpl
		org.apache.nifi:nifi-elasticsearch-client-service-nar:1.14.0 || ./work/nar/extensions/nifi-elasticsearch-client-service-nar-1.14.0.nar-unpacked
	org.apache.nifi.record.sink.kafka.KafkaRecordSink_2_0
		org.apache.nifi:nifi-kafka-2-0-nar:1.14.0 || ./work/nar/extensions/nifi-kafka-2-0-nar-1.14.0.nar-unpacked
	org.apache.nifi.pgp.service.standard.StandardPGPPrivateKeyService
		org.apache.nifi:nifi-pgp-service-nar:1.14.0 || ./work/nar/extensions/nifi-pgp-service-nar-1.14.0.nar-unpacked
	org.apache.nifi.parquet.ParquetRecordSetWriter
		org.apache.nifi:nifi-parquet-nar:1.14.0 || ./work/nar/extensions/nifi-parquet-nar-1.14.0.nar-unpacked
	org.apache.nifi.lookup.XMLFileLookupService
		org.apache.nifi:nifi-lookup-services-nar:1.14.0 || ./work/nar/extensions/nifi-lookup-services-nar-1.14.0.nar-unpacked
	org.apache.nifi.oauth2.OAuth2TokenProviderImpl
		org.apache.nifi:nifi-oauth2-provider-nar:1.14.0 || ./work/nar/extensions/nifi-oauth2-provider-nar-1.14.0.nar-unpacked
	org.apache.nifi.record.sink.db.DatabaseRecordSink
		org.apache.nifi:nifi-dbcp-service-nar:1.14.0 || ./work/nar/extensions/nifi-dbcp-service-nar-1.14.0.nar-unpacked
	org.apache.nifi.jms.cf.JMSConnectionFactoryProvider
		org.apache.nifi:nifi-jms-processors-nar:1.14.0 || ./work/nar/extensions/nifi-jms-processors-nar-1.14.0.nar-unpacked
	org.apache.nifi.lookup.DistributedMapCacheLookupService
		org.apache.nifi:nifi-lookup-services-nar:1.14.0 || ./work/nar/extensions/nifi-lookup-services-nar-1.14.0.nar-unpacked
	org.apache.nifi.hbase.HBase_2_ClientMapCacheService
		org.apache.nifi:nifi-hbase_2-client-service-nar:1.14.0 || ./work/nar/extensions/nifi-hbase_2-client-service-nar-1.14.0.nar-unpacked
	org.apache.nifi.processors.aws.s3.encryption.StandardS3EncryptionService
		org.apache.nifi:nifi-aws-nar:1.14.0 || ./work/nar/extensions/nifi-aws-nar-1.14.0.nar-unpacked
	org.apache.nifi.record.sink.kafka.KafkaRecordSink_2_6
		org.apache.nifi:nifi-kafka-2-6-nar:1.14.0 || ./work/nar/extensions/nifi-kafka-2-6-nar-1.14.0.nar-unpacked
	org.apache.nifi.hbase.HBase_2_ClientService
		org.apache.nifi:nifi-hbase_2-client-service-nar:1.14.0 || ./work/nar/extensions/nifi-hbase_2-client-service-nar-1.14.0.nar-unpacked
	org.apache.nifi.lookup.ReaderLookup
		org.apache.nifi:nifi-record-serialization-services-nar:1.14.0 || ./work/nar/extensions/nifi-record-serialization-services-nar-1.14.0.nar-unpacked
	org.apache.nifi.rules.engine.script.ScriptedRulesEngine
		org.apache.nifi:nifi-scripting-nar:1.14.0 || ./work/nar/extensions/nifi-scripting-nar-1.14.0.nar-unpacked
	org.apache.nifi.record.script.ScriptedReader
		org.apache.nifi:nifi-scripting-nar:1.14.0 || ./work/nar/extensions/nifi-scripting-nar-1.14.0.nar-unpacked
	org.apache.nifi.elasticsearch.ElasticSearchStringLookupService
		org.apache.nifi:nifi-elasticsearch-client-service-nar:1.14.0 || ./work/nar/extensions/nifi-elasticsearch-client-service-nar-1.14.0.nar-unpacked
	org.apache.nifi.windowsevent.WindowsEventLogReader
		org.apache.nifi:nifi-record-serialization-services-nar:1.14.0 || ./work/nar/extensions/nifi-record-serialization-services-nar-1.14.0.nar-unpacked
	org.apache.nifi.proxy.StandardProxyConfigurationService
		org.apache.nifi:nifi-proxy-configuration-nar:1.14.0 || ./work/nar/extensions/nifi-proxy-configuration-nar-1.14.0.nar-unpacked
	org.apache.nifi.lookup.PropertiesFileLookupService
		org.apache.nifi:nifi-lookup-services-nar:1.14.0 || ./work/nar/extensions/nifi-lookup-services-nar-1.14.0.nar-unpacked
	org.apache.nifi.mongodb.MongoDBLookupService
		org.apache.nifi:nifi-mongodb-services-nar:1.14.0 || ./work/nar/extensions/nifi-mongodb-services-nar-1.14.0.nar-unpacked
	org.apache.nifi.kerberos.KeytabCredentialsService
		org.apache.nifi:nifi-kerberos-credentials-service-nar:1.14.0 || ./work/nar/extensions/nifi-kerberos-credentials-service-nar-1.14.0.nar-unpacked
	org.apache.nifi.json.JsonRecordSetWriter
		org.apache.nifi:nifi-record-serialization-services-nar:1.14.0 || ./work/nar/extensions/nifi-record-serialization-services-nar-1.14.0.nar-unpacked
	org.apache.nifi.schemaregistry.services.AvroSchemaRegistry
		org.apache.nifi:nifi-registry-nar:1.14.0 || ./work/nar/extensions/nifi-registry-nar-1.14.0.nar-unpacked
	org.apache.nifi.websocket.jetty.JettyWebSocketClient
		org.apache.nifi:nifi-websocket-services-jetty-nar:1.14.0 || ./work/nar/extensions/nifi-websocket-services-jetty-nar-1.14.0.nar-unpacked
	org.apache.nifi.services.azure.storage.AzureStorageCredentialsControllerServiceLookup
		org.apache.nifi:nifi-azure-nar:1.14.0 || ./work/nar/extensions/nifi-azure-nar-1.14.0.nar-unpacked
	org.apache.nifi.csv.CSVReader
		org.apache.nifi:nifi-record-serialization-services-nar:1.14.0 || ./work/nar/extensions/nifi-record-serialization-services-nar-1.14.0.nar-unpacked
	org.apache.nifi.syslog.Syslog5424Reader
		org.apache.nifi:nifi-record-serialization-services-nar:1.14.0 || ./work/nar/extensions/nifi-record-serialization-services-nar-1.14.0.nar-unpacked
	org.apache.nifi.couchbase.CouchbaseMapCacheClient
		org.apache.nifi:nifi-couchbase-nar:1.14.0 || ./work/nar/extensions/nifi-couchbase-nar-1.14.0.nar-unpacked
	org.apache.nifi.grok.GrokReader
		org.apache.nifi:nifi-record-serialization-services-nar:1.14.0 || ./work/nar/extensions/nifi-record-serialization-services-nar-1.14.0.nar-unpacked
	org.apache.nifi.record.sink.kafka.KafkaRecordSink_1_0
		org.apache.nifi:nifi-kafka-1-0-nar:1.14.0 || ./work/nar/extensions/nifi-kafka-1-0-nar-1.14.0.nar-unpacked
	org.apache.nifi.hbase.HBase_1_1_2_ClientMapCacheService
		org.apache.nifi:nifi-hbase_1_1_2-client-service-nar:1.14.0 || ./work/nar/extensions/nifi-hbase_1_1_2-client-service-nar-1.14.0.nar-unpacked
	org.apache.nifi.record.sink.lookup.RecordSinkServiceLookup
		org.apache.nifi:nifi-record-sink-service-nar:1.14.0 || ./work/nar/extensions/nifi-record-sink-service-nar-1.14.0.nar-unpacked
	org.apache.nifi.lookup.SimpleCsvFileLookupService
		org.apache.nifi:nifi-lookup-services-nar:1.14.0 || ./work/nar/extensions/nifi-lookup-services-nar-1.14.0.nar-unpacked
	org.apache.nifi.hbase.HBase_1_1_2_ListLookupService
		org.apache.nifi:nifi-hbase_1_1_2-client-service-nar:1.14.0 || ./work/nar/extensions/nifi-hbase_1_1_2-client-service-nar-1.14.0.nar-unpacked
	org.apache.nifi.redis.service.RedisDistributedMapCacheClientService
		org.apache.nifi:nifi-redis-nar:1.14.0 || ./work/nar/extensions/nifi-redis-nar-1.14.0.nar-unpacked
	org.apache.nifi.metrics.reporting.reporter.service.GraphiteMetricReporterService
		org.apache.nifi:nifi-metrics-reporting-nar:1.14.0 || ./work/nar/extensions/nifi-metrics-reporting-nar-1.14.0.nar-unpacked
	org.apache.nifi.lookup.RestLookupService
		org.apache.nifi:nifi-lookup-services-nar:1.14.0 || ./work/nar/extensions/nifi-lookup-services-nar-1.14.0.nar-unpacked
	org.apache.nifi.lookup.script.SimpleScriptedLookupService
		org.apache.nifi:nifi-scripting-nar:1.14.0 || ./work/nar/extensions/nifi-scripting-nar-1.14.0.nar-unpacked
	org.apache.nifi.text.FreeFormTextRecordSetWriter
		org.apache.nifi:nifi-record-serialization-services-nar:1.14.0 || ./work/nar/extensions/nifi-record-serialization-services-nar-1.14.0.nar-unpacked
	org.apache.nifi.hazelcast.services.cachemanager.ExternalHazelcastCacheManager
		org.apache.nifi:nifi-hazelcast-services-nar:1.14.0 || ./work/nar/extensions/nifi-hazelcast-services-nar-1.14.0.nar-unpacked
	org.apache.nifi.services.azure.storage.AzureStorageEmulatorCredentialsControllerService
		org.apache.nifi:nifi-azure-nar:1.14.0 || ./work/nar/extensions/nifi-azure-nar-1.14.0.nar-unpacked
	org.apache.nifi.rules.handlers.script.ScriptedActionHandler
		org.apache.nifi:nifi-scripting-nar:1.14.0 || ./work/nar/extensions/nifi-scripting-nar-1.14.0.nar-unpacked
	org.apache.nifi.lookup.CSVRecordLookupService
		org.apache.nifi:nifi-lookup-services-nar:1.14.0 || ./work/nar/extensions/nifi-lookup-services-nar-1.14.0.nar-unpacked
	org.apache.nifi.ssl.StandardSSLContextService
		org.apache.nifi:nifi-ssl-context-service-nar:1.14.0 || ./work/nar/extensions/nifi-ssl-context-service-nar-1.14.0.nar-unpacked
	org.apache.nifi.distributed.cache.client.DistributedSetCacheClientService
		org.apache.nifi:nifi-distributed-cache-services-nar:1.14.0 || ./work/nar/extensions/nifi-distributed-cache-services-nar-1.14.0.nar-unpacked
	org.apache.nifi.csv.CSVRecordSetWriter
		org.apache.nifi:nifi-record-serialization-services-nar:1.14.0 || ./work/nar/extensions/nifi-record-serialization-services-nar-1.14.0.nar-unpacked
	org.apache.nifi.lookup.db.DatabaseRecordLookupService
		org.apache.nifi:nifi-lookup-services-nar:1.14.0 || ./work/nar/extensions/nifi-lookup-services-nar-1.14.0.nar-unpacked
	org.apache.nifi.processors.gcp.credentials.service.GCPCredentialsControllerService
		org.apache.nifi:nifi-gcp-nar:1.14.0 || ./work/nar/extensions/nifi-gcp-nar-1.14.0.nar-unpacked
	org.apache.nifi.syslog.SyslogReader
		org.apache.nifi:nifi-record-serialization-services-nar:1.14.0 || ./work/nar/extensions/nifi-record-serialization-services-nar-1.14.0.nar-unpacked
	org.apache.nifi.services.azure.cosmos.document.AzureCosmosDBClientService
		org.apache.nifi:nifi-azure-nar:1.14.0 || ./work/nar/extensions/nifi-azure-nar-1.14.0.nar-unpacked
	org.apache.nifi.dbcp.HadoopDBCPConnectionPool
		org.apache.nifi:nifi-hadoop-dbcp-service-nar:1.14.0 || ./work/nar/extensions/nifi-hadoop-dbcp-service-nar-1.14.0.nar-unpacked
	org.apache.nifi.lookup.script.ScriptedLookupService
		org.apache.nifi:nifi-scripting-nar:1.14.0 || ./work/nar/extensions/nifi-scripting-nar-1.14.0.nar-unpacked
	org.apache.nifi.lookup.SimpleKeyValueLookupService
		org.apache.nifi:nifi-lookup-services-nar:1.14.0 || ./work/nar/extensions/nifi-lookup-services-nar-1.14.0.nar-unpacked
	org.apache.nifi.hazelcast.services.cachemanager.EmbeddedHazelcastCacheManager
		org.apache.nifi:nifi-hazelcast-services-nar:1.14.0 || ./work/nar/extensions/nifi-hazelcast-services-nar-1.14.0.nar-unpacked
	org.apache.nifi.xml.XMLRecordSetWriter
		org.apache.nifi:nifi-record-serialization-services-nar:1.14.0 || ./work/nar/extensions/nifi-record-serialization-services-nar-1.14.0.nar-unpacked
	org.apache.nifi.json.JsonTreeReader
		org.apache.nifi:nifi-record-serialization-services-nar:1.14.0 || ./work/nar/extensions/nifi-record-serialization-services-nar-1.14.0.nar-unpacked
	org.apache.nifi.distributed.cache.server.map.DistributedMapCacheServer
		org.apache.nifi:nifi-distributed-cache-services-nar:1.14.0 || ./work/nar/extensions/nifi-distributed-cache-services-nar-1.14.0.nar-unpacked
	org.apache.nifi.couchbase.CouchbaseClusterService
		org.apache.nifi:nifi-couchbase-nar:1.14.0 || ./work/nar/extensions/nifi-couchbase-nar-1.14.0.nar-unpacked
	=== End ControllerService types ===
	=== AccessPolicyProvider Type ===
	org.apache.nifi.authorization.FileAccessPolicyProvider
		org.apache.nifi:nifi-framework-nar:1.14.0 || ./work/nar/framework/nifi-framework-nar-1.14.0.nar-unpacked
	=== End AccessPolicyProvider types ===
	=== FlowFileRepository Type ===
	org.apache.nifi.controller.repository.VolatileFlowFileRepository
		org.apache.nifi:nifi-framework-nar:1.14.0 || ./work/nar/framework/nifi-framework-nar-1.14.0.nar-unpacked
	org.apache.nifi.controller.repository.WriteAheadFlowFileRepository
		org.apache.nifi:nifi-framework-nar:1.14.0 || ./work/nar/framework/nifi-framework-nar-1.14.0.nar-unpacked
	org.apache.nifi.controller.repository.RocksDBFlowFileRepository
		org.apache.nifi:nifi-framework-nar:1.14.0 || ./work/nar/framework/nifi-framework-nar-1.14.0.nar-unpacked
	=== End FlowFileRepository types ===
	=== ReportingTask Type ===
	org.apache.nifi.controller.MonitorMemory
		org.apache.nifi:nifi-standard-nar:1.14.0 || ./work/nar/extensions/nifi-standard-nar-1.14.0.nar-unpacked
	org.apache.nifi.reporting.ambari.AmbariReportingTask
		org.apache.nifi:nifi-ambari-nar:1.14.0 || ./work/nar/extensions/nifi-ambari-nar-1.14.0.nar-unpacked
	org.apache.nifi.reporting.prometheus.PrometheusReportingTask
		org.apache.nifi:nifi-prometheus-nar:1.14.0 || ./work/nar/extensions/nifi-prometheus-nar-1.14.0.nar-unpacked
	org.apache.nifi.reporting.SiteToSiteStatusReportingTask
		org.apache.nifi:nifi-site-to-site-reporting-nar:1.14.0 || ./work/nar/extensions/nifi-site-to-site-reporting-nar-1.14.0.nar-unpacked
	org.apache.nifi.controller.ControllerStatusReportingTask
		org.apache.nifi:nifi-standard-nar:1.14.0 || ./work/nar/extensions/nifi-standard-nar-1.14.0.nar-unpacked
	org.apache.nifi.metrics.reporting.task.MetricsReportingTask
		org.apache.nifi:nifi-metrics-reporting-nar:1.14.0 || ./work/nar/extensions/nifi-metrics-reporting-nar-1.14.0.nar-unpacked
	org.apache.nifi.controller.MonitorDiskUsage
		org.apache.nifi:nifi-standard-nar:1.14.0 || ./work/nar/extensions/nifi-standard-nar-1.14.0.nar-unpacked
	org.apache.nifi.reporting.azure.loganalytics.AzureLogAnalyticsReportingTask
		org.apache.nifi:nifi-azure-nar:1.14.0 || ./work/nar/extensions/nifi-azure-nar-1.14.0.nar-unpacked
	org.apache.nifi.reporting.azure.loganalytics.AzureLogAnalyticsProvenanceReportingTask
		org.apache.nifi:nifi-azure-nar:1.14.0 || ./work/nar/extensions/nifi-azure-nar-1.14.0.nar-unpacked
	org.apache.nifi.reporting.SiteToSiteBulletinReportingTask
		org.apache.nifi:nifi-site-to-site-reporting-nar:1.14.0 || ./work/nar/extensions/nifi-site-to-site-reporting-nar-1.14.0.nar-unpacked
	org.apache.nifi.reporting.SiteToSiteMetricsReportingTask
		org.apache.nifi:nifi-site-to-site-reporting-nar:1.14.0 || ./work/nar/extensions/nifi-site-to-site-reporting-nar-1.14.0.nar-unpacked
	org.apache.nifi.reporting.datadog.DataDogReportingTask
		org.apache.nifi:nifi-datadog-nar:1.14.0 || ./work/nar/extensions/nifi-datadog-nar-1.14.0.nar-unpacked
	org.apache.nifi.reporting.SiteToSiteProvenanceReportingTask
		org.apache.nifi:nifi-site-to-site-reporting-nar:1.14.0 || ./work/nar/extensions/nifi-site-to-site-reporting-nar-1.14.0.nar-unpacked
	org.apache.nifi.reporting.ganglia.StandardGangliaReporter
		org.apache.nifi:nifi-standard-nar:1.14.0 || ./work/nar/extensions/nifi-standard-nar-1.14.0.nar-unpacked
	org.apache.nifi.reporting.script.ScriptedReportingTask
		org.apache.nifi:nifi-scripting-nar:1.14.0 || ./work/nar/extensions/nifi-scripting-nar-1.14.0.nar-unpacked
	=== End ReportingTask types ===
	=== FlowFilePrioritizer Type ===
	org.apache.nifi.prioritizer.PriorityAttributePrioritizer
		org.apache.nifi:nifi-framework-nar:1.14.0 || ./work/nar/framework/nifi-framework-nar-1.14.0.nar-unpacked
	org.apache.nifi.prioritizer.NewestFlowFileFirstPrioritizer
		org.apache.nifi:nifi-framework-nar:1.14.0 || ./work/nar/framework/nifi-framework-nar-1.14.0.nar-unpacked
	org.apache.nifi.prioritizer.OldestFlowFileFirstPrioritizer
		org.apache.nifi:nifi-framework-nar:1.14.0 || ./work/nar/framework/nifi-framework-nar-1.14.0.nar-unpacked
	org.apache.nifi.prioritizer.FirstInFirstOutPrioritizer
		org.apache.nifi:nifi-framework-nar:1.14.0 || ./work/nar/framework/nifi-framework-nar-1.14.0.nar-unpacked
	=== End FlowFilePrioritizer types ===
	=== ProvenanceRepository Type ===
	org.apache.nifi.provenance.WriteAheadProvenanceRepository
		org.apache.nifi:nifi-provenance-repository-nar:1.14.0 || ./work/nar/extensions/nifi-provenance-repository-nar-1.14.0.nar-unpacked
	org.apache.nifi.provenance.VolatileProvenanceRepository
		org.apache.nifi:nifi-provenance-repository-nar:1.14.0 || ./work/nar/extensions/nifi-provenance-repository-nar-1.14.0.nar-unpacked
	org.apache.nifi.provenance.PersistentProvenanceRepository
		org.apache.nifi:nifi-provenance-repository-nar:1.14.0 || ./work/nar/extensions/nifi-provenance-repository-nar-1.14.0.nar-unpacked
	org.apache.nifi.provenance.EncryptedWriteAheadProvenanceRepository
		org.apache.nifi:nifi-provenance-repository-nar:1.14.0 || ./work/nar/extensions/nifi-provenance-repository-nar-1.14.0.nar-unpacked
	=== End ProvenanceRepository types ===
	=== UserGroupProvider Type ===
	org.apache.nifi.authorization.azure.AzureGraphUserGroupProvider
		org.apache.nifi:nifi-azure-nar:1.14.0 || ./work/nar/extensions/nifi-azure-nar-1.14.0.nar-unpacked
	org.apache.nifi.authorization.CompositeConfigurableUserGroupProvider
		org.apache.nifi:nifi-framework-nar:1.14.0 || ./work/nar/framework/nifi-framework-nar-1.14.0.nar-unpacked
	org.apache.nifi.authorization.FileUserGroupProvider
		org.apache.nifi:nifi-framework-nar:1.14.0 || ./work/nar/framework/nifi-framework-nar-1.14.0.nar-unpacked
	org.apache.nifi.authorization.ShellUserGroupProvider
		org.apache.nifi:nifi-framework-nar:1.14.0 || ./work/nar/framework/nifi-framework-nar-1.14.0.nar-unpacked
	org.apache.nifi.ldap.tenants.LdapUserGroupProvider
		org.apache.nifi:nifi-ldap-iaa-providers-nar:1.14.0 || ./work/nar/extensions/nifi-ldap-iaa-providers-nar-1.14.0.nar-unpacked
	org.apache.nifi.authorization.CompositeUserGroupProvider
		org.apache.nifi:nifi-framework-nar:1.14.0 || ./work/nar/framework/nifi-framework-nar-1.14.0.nar-unpacked
	=== End UserGroupProvider types ===
	=== StateProvider Type ===
	org.apache.nifi.controller.state.providers.zookeeper.ZooKeeperStateProvider
		org.apache.nifi:nifi-framework-nar:1.14.0 || ./work/nar/framework/nifi-framework-nar-1.14.0.nar-unpacked
	org.apache.nifi.redis.state.RedisStateProvider
		org.apache.nifi:nifi-redis-nar:1.14.0 || ./work/nar/extensions/nifi-redis-nar-1.14.0.nar-unpacked
	org.apache.nifi.controller.state.providers.local.WriteAheadLocalStateProvider
		org.apache.nifi:nifi-framework-nar:1.14.0 || ./work/nar/framework/nifi-framework-nar-1.14.0.nar-unpacked
	=== End StateProvider types ===
	=== FlowFileSwapManager Type ===
	org.apache.nifi.controller.EncryptedFileSystemSwapManager
		org.apache.nifi:nifi-framework-nar:1.14.0 || ./work/nar/framework/nifi-framework-nar-1.14.0.nar-unpacked
	org.apache.nifi.controller.FileSystemSwapManager
		org.apache.nifi:nifi-framework-nar:1.14.0 || ./work/nar/framework/nifi-framework-nar-1.14.0.nar-unpacked
	=== End FlowFileSwapManager types ===
	=== StatusAnalyticsModel Type ===
	org.apache.nifi.controller.status.analytics.models.SimpleRegression
		org.apache.nifi:nifi-framework-nar:1.14.0 || ./work/nar/framework/nifi-framework-nar-1.14.0.nar-unpacked
	org.apache.nifi.controller.status.analytics.models.OrdinaryLeastSquares
		org.apache.nifi:nifi-framework-nar:1.14.0 || ./work/nar/framework/nifi-framework-nar-1.14.0.nar-unpacked
	=== End StatusAnalyticsModel types ===
	=== LoginIdentityProvider Type ===
	org.apache.nifi.ldap.LdapProvider
		org.apache.nifi:nifi-ldap-iaa-providers-nar:1.14.0 || ./work/nar/extensions/nifi-ldap-iaa-providers-nar-1.14.0.nar-unpacked
	org.apache.nifi.authentication.single.user.SingleUserLoginIdentityProvider
		org.apache.nifi:nifi-single-user-iaa-providers-nar:1.14.0 || ./work/nar/extensions/nifi-single-user-iaa-providers-nar-1.14.0.nar-unpacked
	org.apache.nifi.kerberos.KerberosProvider
		org.apache.nifi:nifi-kerberos-iaa-providers-nar:1.14.0 || ./work/nar/extensions/nifi-kerberos-iaa-providers-nar-1.14.0.nar-unpacked
	=== End LoginIdentityProvider types ===
	=== StatusHistoryRepository Type ===
	org.apache.nifi.controller.status.history.VolatileComponentStatusRepository
		org.apache.nifi:nifi-framework-nar:1.14.0 || ./work/nar/framework/nifi-framework-nar-1.14.0.nar-unpacked
	org.apache.nifi.controller.status.history.EmbeddedQuestDbStatusHistoryRepository
		org.apache.nifi:nifi-framework-nar:1.14.0 || ./work/nar/framework/nifi-framework-nar-1.14.0.nar-unpacked
	=== End StatusHistoryRepository types ===
	=== Processor Type ===
	org.apache.nifi.processors.mongodb.RunMongoAggregation
		org.apache.nifi:nifi-mongodb-nar:1.14.0 || ./work/nar/extensions/nifi-mongodb-nar-1.14.0.nar-unpacked
	org.apache.nifi.processors.hl7.RouteHL7
		org.apache.nifi:nifi-hl7-nar:1.14.0 || ./work/nar/extensions/nifi-hl7-nar-1.14.0.nar-unpacked
	org.apache.nifi.processors.mongodb.gridfs.DeleteGridFS
		org.apache.nifi:nifi-mongodb-nar:1.14.0 || ./work/nar/extensions/nifi-mongodb-nar-1.14.0.nar-unpacked
	org.apache.nifi.processors.standard.ListenTCPRecord
		org.apache.nifi:nifi-standard-nar:1.14.0 || ./work/nar/extensions/nifi-standard-nar-1.14.0.nar-unpacked
	org.apache.nifi.processors.standard.ExtractGrok
		org.apache.nifi:nifi-standard-nar:1.14.0 || ./work/nar/extensions/nifi-standard-nar-1.14.0.nar-unpacked
	org.apache.nifi.hbase.DeleteHBaseRow
		org.apache.nifi:nifi-hbase-nar:1.14.0 || ./work/nar/extensions/nifi-hbase-nar-1.14.0.nar-unpacked
	org.apache.nifi.processors.standard.FetchFTP
		org.apache.nifi:nifi-standard-nar:1.14.0 || ./work/nar/extensions/nifi-standard-nar-1.14.0.nar-unpacked
	org.apache.nifi.processors.hadoop.PutHDFS
		org.apache.nifi:nifi-hadoop-nar:1.14.0 || ./work/nar/extensions/nifi-hadoop-nar-1.14.0.nar-unpacked
	org.apache.nifi.processors.gcp.storage.FetchGCSObject
		org.apache.nifi:nifi-gcp-nar:1.14.0 || ./work/nar/extensions/nifi-gcp-nar-1.14.0.nar-unpacked
	org.apache.nifi.processors.hadoop.MoveHDFS
		org.apache.nifi:nifi-hadoop-nar:1.14.0 || ./work/nar/extensions/nifi-hadoop-nar-1.14.0.nar-unpacked
	org.apache.nifi.processors.standard.PutEmail
		org.apache.nifi:nifi-standard-nar:1.14.0 || ./work/nar/extensions/nifi-standard-nar-1.14.0.nar-unpacked
	org.apache.nifi.processors.standard.MergeRecord
		org.apache.nifi:nifi-standard-nar:1.14.0 || ./work/nar/extensions/nifi-standard-nar-1.14.0.nar-unpacked
	org.apache.nifi.processors.standard.PutRecord
		org.apache.nifi:nifi-standard-nar:1.14.0 || ./work/nar/extensions/nifi-standard-nar-1.14.0.nar-unpacked
	org.apache.nifi.processors.email.ConsumePOP3
		org.apache.nifi:nifi-email-nar:1.14.0 || ./work/nar/extensions/nifi-email-nar-1.14.0.nar-unpacked
	org.apache.nifi.processors.standard.Notify
		org.apache.nifi:nifi-standard-nar:1.14.0 || ./work/nar/extensions/nifi-standard-nar-1.14.0.nar-unpacked
	org.apache.nifi.spring.SpringContextProcessor
		org.apache.nifi:nifi-spring-nar:1.14.0 || ./work/nar/extensions/nifi-spring-nar-1.14.0.nar-unpacked
	org.apache.nifi.processors.rethinkdb.DeleteRethinkDB
		org.apache.nifi:nifi-rethinkdb-nar:1.14.0 || ./work/nar/extensions/nifi-rethinkdb-nar-1.14.0.nar-unpacked
	org.apache.nifi.processors.aws.sqs.PutSQS
		org.apache.nifi:nifi-aws-nar:1.14.0 || ./work/nar/extensions/nifi-aws-nar-1.14.0.nar-unpacked
	org.apache.nifi.processors.standard.DuplicateFlowFile
		org.apache.nifi:nifi-standard-nar:1.14.0 || ./work/nar/extensions/nifi-standard-nar-1.14.0.nar-unpacked
	org.apache.nifi.GetHTMLElement
		org.apache.nifi:nifi-html-nar:1.14.0 || ./work/nar/extensions/nifi-html-nar-1.14.0.nar-unpacked
	org.apache.nifi.processors.standard.DebugFlow
		org.apache.nifi:nifi-standard-nar:1.14.0 || ./work/nar/extensions/nifi-standard-nar-1.14.0.nar-unpacked
	org.apache.nifi.processors.elasticsearch.PutElasticsearchHttpRecord
		org.apache.nifi:nifi-elasticsearch-nar:1.14.0 || ./work/nar/extensions/nifi-elasticsearch-nar-1.14.0.nar-unpacked
	org.apache.nifi.processors.standard.SampleRecord
		org.apache.nifi:nifi-standard-nar:1.14.0 || ./work/nar/extensions/nifi-standard-nar-1.14.0.nar-unpacked
	org.apache.nifi.processors.standard.SegmentContent
		org.apache.nifi:nifi-standard-nar:1.14.0 || ./work/nar/extensions/nifi-standard-nar-1.14.0.nar-unpacked
	org.apache.nifi.processors.standard.EvaluateXQuery
		org.apache.nifi:nifi-standard-nar:1.14.0 || ./work/nar/extensions/nifi-standard-nar-1.14.0.nar-unpacked
	org.apache.nifi.processors.kafka.pubsub.PublishKafka_1_0
		org.apache.nifi:nifi-kafka-1-0-nar:1.14.0 || ./work/nar/extensions/nifi-kafka-1-0-nar-1.14.0.nar-unpacked
	org.apache.nifi.processors.standard.ForkRecord
		org.apache.nifi:nifi-standard-nar:1.14.0 || ./work/nar/extensions/nifi-standard-nar-1.14.0.nar-unpacked
	org.apache.nifi.processors.pgp.EncryptContentPGP
		org.apache.nifi:nifi-pgp-nar:1.14.0 || ./work/nar/extensions/nifi-pgp-nar-1.14.0.nar-unpacked
	org.apache.nifi.processors.standard.ValidateXml
		org.apache.nifi:nifi-standard-nar:1.14.0 || ./work/nar/extensions/nifi-standard-nar-1.14.0.nar-unpacked
	org.apache.nifi.processors.aws.kinesis.stream.PutKinesisStream
		org.apache.nifi:nifi-aws-nar:1.14.0 || ./work/nar/extensions/nifi-aws-nar-1.14.0.nar-unpacked
	org.apache.nifi.processors.standard.ListFTP
		org.apache.nifi:nifi-standard-nar:1.14.0 || ./work/nar/extensions/nifi-standard-nar-1.14.0.nar-unpacked
	org.apache.nifi.hbase.GetHBase
		org.apache.nifi:nifi-hbase-nar:1.14.0 || ./work/nar/extensions/nifi-hbase-nar-1.14.0.nar-unpacked
	org.apache.nifi.processors.standard.ConvertJSONToSQL
		org.apache.nifi:nifi-standard-nar:1.14.0 || ./work/nar/extensions/nifi-standard-nar-1.14.0.nar-unpacked
	org.apache.nifi.processors.email.ConsumeEWS
		org.apache.nifi:nifi-email-nar:1.14.0 || ./work/nar/extensions/nifi-email-nar-1.14.0.nar-unpacked
	org.apache.nifi.processors.standard.FetchDistributedMapCache
		org.apache.nifi:nifi-standard-nar:1.14.0 || ./work/nar/extensions/nifi-standard-nar-1.14.0.nar-unpacked
	org.apache.nifi.processors.solr.GetSolr
		org.apache.nifi:nifi-solr-nar:1.14.0 || ./work/nar/extensions/nifi-solr-nar-1.14.0.nar-unpacked
	org.apache.nifi.processors.standard.PostHTTP
		org.apache.nifi:nifi-standard-nar:1.14.0 || ./work/nar/extensions/nifi-standard-nar-1.14.0.nar-unpacked
	org.apache.nifi.processors.standard.GetJMSTopic
		org.apache.nifi:nifi-standard-nar:1.14.0 || ./work/nar/extensions/nifi-standard-nar-1.14.0.nar-unpacked
	org.apache.nifi.processors.azure.storage.ListAzureBlobStorage
		org.apache.nifi:nifi-azure-nar:1.14.0 || ./work/nar/extensions/nifi-azure-nar-1.14.0.nar-unpacked
	org.apache.nifi.processors.azure.eventhub.PutAzureEventHub
		org.apache.nifi:nifi-azure-nar:1.14.0 || ./work/nar/extensions/nifi-azure-nar-1.14.0.nar-unpacked
	org.apache.nifi.processors.standard.FetchSFTP
		org.apache.nifi:nifi-standard-nar:1.14.0 || ./work/nar/extensions/nifi-standard-nar-1.14.0.nar-unpacked
	org.apache.nifi.processors.standard.TailFile
		org.apache.nifi:nifi-standard-nar:1.14.0 || ./work/nar/extensions/nifi-standard-nar-1.14.0.nar-unpacked
	org.apache.nifi.processors.standard.Wait
		org.apache.nifi:nifi-standard-nar:1.14.0 || ./work/nar/extensions/nifi-standard-nar-1.14.0.nar-unpacked
	org.apache.nifi.processors.websocket.ConnectWebSocket
		org.apache.nifi:nifi-websocket-processors-nar:1.14.0 || ./work/nar/extensions/nifi-websocket-processors-nar-1.14.0.nar-unpacked
	org.apache.nifi.processors.standard.RouteOnContent
		org.apache.nifi:nifi-standard-nar:1.14.0 || ./work/nar/extensions/nifi-standard-nar-1.14.0.nar-unpacked
	org.apache.nifi.processors.email.ListenSMTP
		org.apache.nifi:nifi-email-nar:1.14.0 || ./work/nar/extensions/nifi-email-nar-1.14.0.nar-unpacked
	org.apache.nifi.processors.script.ExecuteScript
		org.apache.nifi:nifi-scripting-nar:1.14.0 || ./work/nar/extensions/nifi-scripting-nar-1.14.0.nar-unpacked
	org.apache.nifi.processors.splunk.PutSplunkHTTP
		org.apache.nifi:nifi-splunk-nar:1.14.0 || ./work/nar/extensions/nifi-splunk-nar-1.14.0.nar-unpacked
	org.apache.nifi.processors.standard.RouteOnAttribute
		org.apache.nifi:nifi-standard-nar:1.14.0 || ./work/nar/extensions/nifi-standard-nar-1.14.0.nar-unpacked
	org.apache.nifi.processors.standard.ParseSyslog
		org.apache.nifi:nifi-standard-nar:1.14.0 || ./work/nar/extensions/nifi-standard-nar-1.14.0.nar-unpacked
	org.apache.nifi.processors.standard.InvokeHTTP
		org.apache.nifi:nifi-standard-nar:1.14.0 || ./work/nar/extensions/nifi-standard-nar-1.14.0.nar-unpacked
	org.apache.nifi.processors.ISPEnrichIP
		org.apache.nifi:nifi-enrich-nar:1.14.0 || ./work/nar/extensions/nifi-enrich-nar-1.14.0.nar-unpacked
	org.apache.nifi.processors.standard.ValidateRecord
		org.apache.nifi:nifi-standard-nar:1.14.0 || ./work/nar/extensions/nifi-standard-nar-1.14.0.nar-unpacked
	org.apache.nifi.processors.standard.ListenTCP
		org.apache.nifi:nifi-standard-nar:1.14.0 || ./work/nar/extensions/nifi-standard-nar-1.14.0.nar-unpacked
	org.apache.nifi.processors.slack.PutSlack
		org.apache.nifi:nifi-slack-nar:1.14.0 || ./work/nar/extensions/nifi-slack-nar-1.14.0.nar-unpacked
	org.apache.nifi.processors.elasticsearch.PutElasticsearchRecord
		org.apache.nifi:nifi-elasticsearch-restapi-nar:1.14.0 || ./work/nar/extensions/nifi-elasticsearch-restapi-nar-1.14.0.nar-unpacked
	org.apache.nifi.processors.couchbase.PutCouchbaseKey
		org.apache.nifi:nifi-couchbase-nar:1.14.0 || ./work/nar/extensions/nifi-couchbase-nar-1.14.0.nar-unpacked
	org.apache.nifi.jms.processors.PublishJMS
		org.apache.nifi:nifi-jms-processors-nar:1.14.0 || ./work/nar/extensions/nifi-jms-processors-nar-1.14.0.nar-unpacked
	org.apache.nifi.processors.standard.CalculateRecordStats
		org.apache.nifi:nifi-standard-nar:1.14.0 || ./work/nar/extensions/nifi-standard-nar-1.14.0.nar-unpacked
	org.apache.nifi.processors.email.ExtractEmailHeaders
		org.apache.nifi:nifi-email-nar:1.14.0 || ./work/nar/extensions/nifi-email-nar-1.14.0.nar-unpacked
	org.apache.nifi.processors.email.ConsumeIMAP
		org.apache.nifi:nifi-email-nar:1.14.0 || ./work/nar/extensions/nifi-email-nar-1.14.0.nar-unpacked
	org.apache.nifi.processors.standard.ListenUDP
		org.apache.nifi:nifi-standard-nar:1.14.0 || ./work/nar/extensions/nifi-standard-nar-1.14.0.nar-unpacked
	org.apache.nifi.processors.elasticsearch.FetchElasticsearchHttp
		org.apache.nifi:nifi-elasticsearch-nar:1.14.0 || ./work/nar/extensions/nifi-elasticsearch-nar-1.14.0.nar-unpacked
	org.apache.nifi.processors.standard.ReplaceText
		org.apache.nifi:nifi-standard-nar:1.14.0 || ./work/nar/extensions/nifi-standard-nar-1.14.0.nar-unpacked
	org.apache.nifi.processors.gcp.pubsub.PublishGCPubSub
		org.apache.nifi:nifi-gcp-nar:1.14.0 || ./work/nar/extensions/nifi-gcp-nar-1.14.0.nar-unpacked
	org.apache.nifi.processors.standard.EvaluateJsonPath
		org.apache.nifi:nifi-standard-nar:1.14.0 || ./work/nar/extensions/nifi-standard-nar-1.14.0.nar-unpacked
	org.apache.nifi.processors.standard.ReplaceTextWithMapping
		org.apache.nifi:nifi-standard-nar:1.14.0 || ./work/nar/extensions/nifi-standard-nar-1.14.0.nar-unpacked
	org.apache.nifi.processors.influxdb.ExecuteInfluxDBQuery
		org.apache.nifi:nifi-influxdb-nar:1.14.0 || ./work/nar/extensions/nifi-influxdb-nar-1.14.0.nar-unpacked
	org.apache.nifi.processors.standard.IdentifyMimeType
		org.apache.nifi:nifi-standard-nar:1.14.0 || ./work/nar/extensions/nifi-standard-nar-1.14.0.nar-unpacked
	org.apache.nifi.processors.standard.ListenSyslog
		org.apache.nifi:nifi-standard-nar:1.14.0 || ./work/nar/extensions/nifi-standard-nar-1.14.0.nar-unpacked
	org.apache.nifi.processors.mongodb.DeleteMongo
		org.apache.nifi:nifi-mongodb-nar:1.14.0 || ./work/nar/extensions/nifi-mongodb-nar-1.14.0.nar-unpacked
	org.apache.nifi.processors.aws.s3.PutS3Object
		org.apache.nifi:nifi-aws-nar:1.14.0 || ./work/nar/extensions/nifi-aws-nar-1.14.0.nar-unpacked
	org.apache.nifi.processors.standard.PutDatabaseRecord
		org.apache.nifi:nifi-standard-nar:1.14.0 || ./work/nar/extensions/nifi-standard-nar-1.14.0.nar-unpacked
	org.apache.nifi.snmp.processors.GetSNMP
		org.apache.nifi:nifi-snmp-nar:1.14.0 || ./work/nar/extensions/nifi-snmp-nar-1.14.0.nar-unpacked
	org.apache.nifi.processors.hadoop.inotify.GetHDFSEvents
		org.apache.nifi:nifi-hadoop-nar:1.14.0 || ./work/nar/extensions/nifi-hadoop-nar-1.14.0.nar-unpacked
	org.apache.nifi.processors.standard.ExecuteSQL
		org.apache.nifi:nifi-standard-nar:1.14.0 || ./work/nar/extensions/nifi-standard-nar-1.14.0.nar-unpacked
	org.apache.nifi.processors.windows.event.log.ConsumeWindowsEventLog
		org.apache.nifi:nifi-windows-event-log-nar:1.14.0 || ./work/nar/extensions/nifi-windows-event-log-nar-1.14.0.nar-unpacked
	org.apache.nifi.processors.aws.dynamodb.DeleteDynamoDB
		org.apache.nifi:nifi-aws-nar:1.14.0 || ./work/nar/extensions/nifi-aws-nar-1.14.0.nar-unpacked
	org.apache.nifi.processors.cassandra.PutCassandraRecord
		org.apache.nifi:nifi-cassandra-nar:1.14.0 || ./work/nar/extensions/nifi-cassandra-nar-1.14.0.nar-unpacked
	org.apache.nifi.processors.standard.QueryDatabaseTableRecord
		org.apache.nifi:nifi-standard-nar:1.14.0 || ./work/nar/extensions/nifi-standard-nar-1.14.0.nar-unpacked
	org.apache.nifi.processors.standard.TransformXml
		org.apache.nifi:nifi-standard-nar:1.14.0 || ./work/nar/extensions/nifi-standard-nar-1.14.0.nar-unpacked
	org.apache.nifi.processors.hive.ConvertAvroToORC
		org.apache.nifi:nifi-hive-nar:1.14.0 || ./work/nar/extensions/nifi-hive-nar-1.14.0.nar-unpacked
	org.apache.nifi.processors.standard.FetchFile
		org.apache.nifi:nifi-standard-nar:1.14.0 || ./work/nar/extensions/nifi-standard-nar-1.14.0.nar-unpacked
	org.apache.nifi.processors.azure.cosmos.document.PutAzureCosmosDBRecord
		org.apache.nifi:nifi-azure-nar:1.14.0 || ./work/nar/extensions/nifi-azure-nar-1.14.0.nar-unpacked
	org.apache.nifi.processors.kafka.pubsub.ConsumeKafka_2_6
		org.apache.nifi:nifi-kafka-2-6-nar:1.14.0 || ./work/nar/extensions/nifi-kafka-2-6-nar-1.14.0.nar-unpacked
	org.apache.nifi.processors.mongodb.PutMongoRecord
		org.apache.nifi:nifi-mongodb-nar:1.14.0 || ./work/nar/extensions/nifi-mongodb-nar-1.14.0.nar-unpacked
	org.apache.nifi.processors.elasticsearch.FetchElasticsearch
		org.apache.nifi:nifi-elasticsearch-nar:1.14.0 || ./work/nar/extensions/nifi-elasticsearch-nar-1.14.0.nar-unpacked
	org.apache.nifi.processors.aws.cloudwatch.PutCloudWatchMetric
		org.apache.nifi:nifi-aws-nar:1.14.0 || ./work/nar/extensions/nifi-aws-nar-1.14.0.nar-unpacked
	org.apache.nifi.processors.standard.RouteText
		org.apache.nifi:nifi-standard-nar:1.14.0 || ./work/nar/extensions/nifi-standard-nar-1.14.0.nar-unpacked
	org.apache.nifi.processors.gcp.bigquery.PutBigQueryBatch
		org.apache.nifi:nifi-gcp-nar:1.14.0 || ./work/nar/extensions/nifi-gcp-nar-1.14.0.nar-unpacked
	org.apache.nifi.processors.solr.QuerySolr
		org.apache.nifi:nifi-solr-nar:1.14.0 || ./work/nar/extensions/nifi-solr-nar-1.14.0.nar-unpacked
	org.apache.nifi.processors.standard.ModifyBytes
		org.apache.nifi:nifi-standard-nar:1.14.0 || ./work/nar/extensions/nifi-standard-nar-1.14.0.nar-unpacked
	org.apache.nifi.processors.parquet.PutParquet
		org.apache.nifi:nifi-parquet-nar:1.14.0 || ./work/nar/extensions/nifi-parquet-nar-1.14.0.nar-unpacked
	org.apache.nifi.processors.aws.kinesis.stream.ConsumeKinesisStream
		org.apache.nifi:nifi-aws-nar:1.14.0 || ./work/nar/extensions/nifi-aws-nar-1.14.0.nar-unpacked
	org.apache.nifi.processors.splunk.QuerySplunkIndexingStatus
		org.apache.nifi:nifi-splunk-nar:1.14.0 || ./work/nar/extensions/nifi-splunk-nar-1.14.0.nar-unpacked
	org.apache.nifi.processors.evtx.ParseEvtx
		org.apache.nifi:nifi-evtx-nar:1.14.0 || ./work/nar/extensions/nifi-evtx-nar-1.14.0.nar-unpacked
	org.apache.nifi.processors.standard.EvaluateXPath
		org.apache.nifi:nifi-standard-nar:1.14.0 || ./work/nar/extensions/nifi-standard-nar-1.14.0.nar-unpacked
	org.apache.nifi.processors.standard.EnforceOrder
		org.apache.nifi:nifi-standard-nar:1.14.0 || ./work/nar/extensions/nifi-standard-nar-1.14.0.nar-unpacked
	org.apache.nifi.processors.standard.LogMessage
		org.apache.nifi:nifi-standard-nar:1.14.0 || ./work/nar/extensions/nifi-standard-nar-1.14.0.nar-unpacked
	org.apache.nifi.processors.splunk.PutSplunk
		org.apache.nifi:nifi-splunk-nar:1.14.0 || ./work/nar/extensions/nifi-splunk-nar-1.14.0.nar-unpacked
	org.apache.nifi.processors.azure.storage.FetchAzureBlobStorage
		org.apache.nifi:nifi-azure-nar:1.14.0 || ./work/nar/extensions/nifi-azure-nar-1.14.0.nar-unpacked
	org.apache.nifi.processors.kafka.pubsub.ConsumeKafkaRecord_1_0
		org.apache.nifi:nifi-kafka-1-0-nar:1.14.0 || ./work/nar/extensions/nifi-kafka-1-0-nar-1.14.0.nar-unpacked
	org.apache.nifi.processors.standard.ListSFTP
		org.apache.nifi:nifi-standard-nar:1.14.0 || ./work/nar/extensions/nifi-standard-nar-1.14.0.nar-unpacked
	org.apache.nifi.processors.standard.SplitText
		org.apache.nifi:nifi-standard-nar:1.14.0 || ./work/nar/extensions/nifi-standard-nar-1.14.0.nar-unpacked
	org.apache.nifi.processors.parquet.ConvertAvroToParquet
		org.apache.nifi:nifi-parquet-nar:1.14.0 || ./work/nar/extensions/nifi-parquet-nar-1.14.0.nar-unpacked
	org.apache.nifi.processors.standard.GetFTP
		org.apache.nifi:nifi-standard-nar:1.14.0 || ./work/nar/extensions/nifi-standard-nar-1.14.0.nar-unpacked
	org.apache.nifi.processors.gcp.storage.DeleteGCSObject
		org.apache.nifi:nifi-gcp-nar:1.14.0 || ./work/nar/extensions/nifi-gcp-nar-1.14.0.nar-unpacked
	org.apache.nifi.processors.kafka.pubsub.PublishKafkaRecord_1_0
		org.apache.nifi:nifi-kafka-1-0-nar:1.14.0 || ./work/nar/extensions/nifi-kafka-1-0-nar-1.14.0.nar-unpacked
	org.apache.nifi.hbase.ScanHBase
		org.apache.nifi:nifi-hbase-nar:1.14.0 || ./work/nar/extensions/nifi-hbase-nar-1.14.0.nar-unpacked
	org.apache.nifi.processors.kudu.PutKudu
		org.apache.nifi:nifi-kudu-nar:1.14.0 || ./work/nar/extensions/nifi-kudu-nar-1.14.0.nar-unpacked
	org.apache.nifi.processors.email.ExtractTNEFAttachments
		org.apache.nifi:nifi-email-nar:1.14.0 || ./work/nar/extensions/nifi-email-nar-1.14.0.nar-unpacked
	org.apache.nifi.processors.standard.ListenUDPRecord
		org.apache.nifi:nifi-standard-nar:1.14.0 || ./work/nar/extensions/nifi-standard-nar-1.14.0.nar-unpacked
	org.apache.nifi.processors.standard.DistributeLoad
		org.apache.nifi:nifi-standard-nar:1.14.0 || ./work/nar/extensions/nifi-standard-nar-1.14.0.nar-unpacked
	org.apache.nifi.processors.yandex.YandexTranslate
		org.apache.nifi:nifi-language-translation-nar:1.14.0 || ./work/nar/extensions/nifi-language-translation-nar-1.14.0.nar-unpacked
	org.apache.nifi.processors.aws.sqs.GetSQS
		org.apache.nifi:nifi-aws-nar:1.14.0 || ./work/nar/extensions/nifi-aws-nar-1.14.0.nar-unpacked
	org.apache.nifi.processors.enrich.QueryWhois
		org.apache.nifi:nifi-enrich-nar:1.14.0 || ./work/nar/extensions/nifi-enrich-nar-1.14.0.nar-unpacked
	org.apache.nifi.processors.kafka.pubsub.PublishKafkaRecord_2_6
		org.apache.nifi:nifi-kafka-2-6-nar:1.14.0 || ./work/nar/extensions/nifi-kafka-2-6-nar-1.14.0.nar-unpacked
	org.apache.nifi.processors.standard.PutJMS
		org.apache.nifi:nifi-standard-nar:1.14.0 || ./work/nar/extensions/nifi-standard-nar-1.14.0.nar-unpacked
	org.apache.nifi.processors.standard.ExecuteStreamCommand
		org.apache.nifi:nifi-standard-nar:1.14.0 || ./work/nar/extensions/nifi-standard-nar-1.14.0.nar-unpacked
	org.apache.nifi.processors.kafka.pubsub.PublishKafka_2_6
		org.apache.nifi:nifi-kafka-2-6-nar:1.14.0 || ./work/nar/extensions/nifi-kafka-2-6-nar-1.14.0.nar-unpacked
	org.apache.nifi.processors.pgp.DecryptContentPGP
		org.apache.nifi:nifi-pgp-nar:1.14.0 || ./work/nar/extensions/nifi-pgp-nar-1.14.0.nar-unpacked
	org.apache.nifi.processors.standard.PutDistributedMapCache
		org.apache.nifi:nifi-standard-nar:1.14.0 || ./work/nar/extensions/nifi-standard-nar-1.14.0.nar-unpacked
	org.apache.nifi.processors.kafka.pubsub.ConsumeKafka_1_0
		org.apache.nifi:nifi-kafka-1-0-nar:1.14.0 || ./work/nar/extensions/nifi-kafka-1-0-nar-1.14.0.nar-unpacked
	org.apache.nifi.processors.influxdb.PutInfluxDB
		org.apache.nifi:nifi-influxdb-nar:1.14.0 || ./work/nar/extensions/nifi-influxdb-nar-1.14.0.nar-unpacked
	org.apache.nifi.processors.gcp.storage.PutGCSObject
		org.apache.nifi:nifi-gcp-nar:1.14.0 || ./work/nar/extensions/nifi-gcp-nar-1.14.0.nar-unpacked
	org.apache.nifi.processors.standard.ListFile
		org.apache.nifi:nifi-standard-nar:1.14.0 || ./work/nar/extensions/nifi-standard-nar-1.14.0.nar-unpacked
	org.apache.nifi.processors.twitter.GetTwitter
		org.apache.nifi:nifi-social-media-nar:1.14.0 || ./work/nar/extensions/nifi-social-media-nar-1.14.0.nar-unpacked
	org.apache.nifi.processors.mongodb.gridfs.FetchGridFS
		org.apache.nifi:nifi-mongodb-nar:1.14.0 || ./work/nar/extensions/nifi-mongodb-nar-1.14.0.nar-unpacked
	org.apache.nifi.processors.standard.SplitRecord
		org.apache.nifi:nifi-standard-nar:1.14.0 || ./work/nar/extensions/nifi-standard-nar-1.14.0.nar-unpacked
	org.apache.nifi.processors.avro.SplitAvro
		org.apache.nifi:nifi-avro-nar:1.14.0 || ./work/nar/extensions/nifi-avro-nar-1.14.0.nar-unpacked
	org.apache.nifi.processors.aws.sqs.DeleteSQS
		org.apache.nifi:nifi-aws-nar:1.14.0 || ./work/nar/extensions/nifi-aws-nar-1.14.0.nar-unpacked
	org.apache.nifi.processors.mongodb.PutMongo
		org.apache.nifi:nifi-mongodb-nar:1.14.0 || ./work/nar/extensions/nifi-mongodb-nar-1.14.0.nar-unpacked
	org.apache.nifi.processors.standard.FlattenJson
		org.apache.nifi:nifi-standard-nar:1.14.0 || ./work/nar/extensions/nifi-standard-nar-1.14.0.nar-unpacked
	org.apache.nifi.processors.standard.GetFile
		org.apache.nifi:nifi-standard-nar:1.14.0 || ./work/nar/extensions/nifi-standard-nar-1.14.0.nar-unpacked
	org.apache.nifi.processors.standard.ListenRELP
		org.apache.nifi:nifi-standard-nar:1.14.0 || ./work/nar/extensions/nifi-standard-nar-1.14.0.nar-unpacked
	org.apache.nifi.processors.elasticsearch.QueryElasticsearchHttp
		org.apache.nifi:nifi-elasticsearch-nar:1.14.0 || ./work/nar/extensions/nifi-elasticsearch-nar-1.14.0.nar-unpacked
	org.apache.nifi.hbase.DeleteHBaseCells
		org.apache.nifi:nifi-hbase-nar:1.14.0 || ./work/nar/extensions/nifi-hbase-nar-1.14.0.nar-unpacked
	org.apache.nifi.processors.jolt.record.JoltTransformRecord
		org.apache.nifi:nifi-jolt-record-nar:1.14.0 || ./work/nar/extensions/nifi-jolt-record-nar-1.14.0.nar-unpacked
	org.apache.nifi.processors.standard.AttributesToJSON
		org.apache.nifi:nifi-standard-nar:1.14.0 || ./work/nar/extensions/nifi-standard-nar-1.14.0.nar-unpacked
	org.apache.nifi.processors.standard.CryptographicHashAttribute
		org.apache.nifi:nifi-standard-nar:1.14.0 || ./work/nar/extensions/nifi-standard-nar-1.14.0.nar-unpacked
	org.apache.nifi.processors.aws.s3.DeleteS3Object
		org.apache.nifi:nifi-aws-nar:1.14.0 || ./work/nar/extensions/nifi-aws-nar-1.14.0.nar-unpacked
	org.apache.nifi.processors.standard.PutSFTP
		org.apache.nifi:nifi-standard-nar:1.14.0 || ./work/nar/extensions/nifi-standard-nar-1.14.0.nar-unpacked
	org.apache.nifi.processors.hadoop.ListHDFS
		org.apache.nifi:nifi-hadoop-nar:1.14.0 || ./work/nar/extensions/nifi-hadoop-nar-1.14.0.nar-unpacked
	org.apache.nifi.processors.standard.ParseCEF
		org.apache.nifi:nifi-standard-nar:1.14.0 || ./work/nar/extensions/nifi-standard-nar-1.14.0.nar-unpacked
	org.apache.nifi.processors.standard.AttributesToCSV
		org.apache.nifi:nifi-standard-nar:1.14.0 || ./work/nar/extensions/nifi-standard-nar-1.14.0.nar-unpacked
	org.apache.nifi.processors.standard.UpdateRecord
		org.apache.nifi:nifi-standard-nar:1.14.0 || ./work/nar/extensions/nifi-standard-nar-1.14.0.nar-unpacked
	org.apache.nifi.processors.standard.HandleHttpResponse
		org.apache.nifi:nifi-standard-nar:1.14.0 || ./work/nar/extensions/nifi-standard-nar-1.14.0.nar-unpacked
	org.apache.nifi.processors.standard.ExecuteProcess
		org.apache.nifi:nifi-standard-nar:1.14.0 || ./work/nar/extensions/nifi-standard-nar-1.14.0.nar-unpacked
	org.apache.nifi.processors.standard.PutTCP
		org.apache.nifi:nifi-standard-nar:1.14.0 || ./work/nar/extensions/nifi-standard-nar-1.14.0.nar-unpacked
	org.apache.nifi.processors.hadoop.CreateHadoopSequenceFile
		org.apache.nifi:nifi-hadoop-nar:1.14.0 || ./work/nar/extensions/nifi-hadoop-nar-1.14.0.nar-unpacked
	org.apache.nifi.processors.standard.PutFTP
		org.apache.nifi:nifi-standard-nar:1.14.0 || ./work/nar/extensions/nifi-standard-nar-1.14.0.nar-unpacked
	org.apache.nifi.processors.standard.LookupAttribute
		org.apache.nifi:nifi-standard-nar:1.14.0 || ./work/nar/extensions/nifi-standard-nar-1.14.0.nar-unpacked
	org.apache.nifi.processors.standard.DetectDuplicate
		org.apache.nifi:nifi-standard-nar:1.14.0 || ./work/nar/extensions/nifi-standard-nar-1.14.0.nar-unpacked
	org.apache.nifi.processors.standard.SplitJson
		org.apache.nifi:nifi-standard-nar:1.14.0 || ./work/nar/extensions/nifi-standard-nar-1.14.0.nar-unpacked
	org.apache.nifi.processors.gcp.bigquery.PutBigQueryStreaming
		org.apache.nifi:nifi-gcp-nar:1.14.0 || ./work/nar/extensions/nifi-gcp-nar-1.14.0.nar-unpacked
	org.apache.nifi.processors.azure.storage.DeleteAzureDataLakeStorage
		org.apache.nifi:nifi-azure-nar:1.14.0 || ./work/nar/extensions/nifi-azure-nar-1.14.0.nar-unpacked
	org.apache.nifi.ModifyHTMLElement
		org.apache.nifi:nifi-html-nar:1.14.0 || ./work/nar/extensions/nifi-html-nar-1.14.0.nar-unpacked
	org.apache.nifi.processors.standard.RetryFlowFile
		org.apache.nifi:nifi-standard-nar:1.14.0 || ./work/nar/extensions/nifi-standard-nar-1.14.0.nar-unpacked
	org.apache.nifi.processors.aws.wag.InvokeAWSGatewayApi
		org.apache.nifi:nifi-aws-nar:1.14.0 || ./work/nar/extensions/nifi-aws-nar-1.14.0.nar-unpacked
	org.apache.nifi.processors.groovyx.ExecuteGroovyScript
		org.apache.nifi:nifi-groovyx-nar:1.14.0 || ./work/nar/extensions/nifi-groovyx-nar-1.14.0.nar-unpacked
	org.apache.nifi.processors.avro.ExtractAvroMetadata
		org.apache.nifi:nifi-avro-nar:1.14.0 || ./work/nar/extensions/nifi-avro-nar-1.14.0.nar-unpacked
	org.apache.nifi.processors.elasticsearch.PutElasticsearchHttp
		org.apache.nifi:nifi-elasticsearch-nar:1.14.0 || ./work/nar/extensions/nifi-elasticsearch-nar-1.14.0.nar-unpacked
	org.apache.nifi.processors.hive.SelectHiveQL
		org.apache.nifi:nifi-hive-nar:1.14.0 || ./work/nar/extensions/nifi-hive-nar-1.14.0.nar-unpacked
	org.apache.nifi.processors.aws.lambda.PutLambda
		org.apache.nifi:nifi-aws-nar:1.14.0 || ./work/nar/extensions/nifi-aws-nar-1.14.0.nar-unpacked
	org.apache.nifi.processors.standard.LogAttribute
		org.apache.nifi:nifi-standard-nar:1.14.0 || ./work/nar/extensions/nifi-standard-nar-1.14.0.nar-unpacked
	org.apache.nifi.processors.aws.sns.PutSNS
		org.apache.nifi:nifi-aws-nar:1.14.0 || ./work/nar/extensions/nifi-aws-nar-1.14.0.nar-unpacked
	org.apache.nifi.processors.kafka.pubsub.ConsumeKafkaRecord_2_0
		org.apache.nifi:nifi-kafka-2-0-nar:1.14.0 || ./work/nar/extensions/nifi-kafka-2-0-nar-1.14.0.nar-unpacked
	org.apache.nifi.processors.riemann.PutRiemann
		org.apache.nifi:nifi-riemann-nar:1.14.0 || ./work/nar/extensions/nifi-riemann-nar-1.14.0.nar-unpacked
	org.apache.nifi.processors.GeoEnrichIPRecord
		org.apache.nifi:nifi-enrich-nar:1.14.0 || ./work/nar/extensions/nifi-enrich-nar-1.14.0.nar-unpacked
	org.apache.nifi.processors.aws.s3.TagS3Object
		org.apache.nifi:nifi-aws-nar:1.14.0 || ./work/nar/extensions/nifi-aws-nar-1.14.0.nar-unpacked
	org.apache.nifi.processors.cassandra.PutCassandraQL
		org.apache.nifi:nifi-cassandra-nar:1.14.0 || ./work/nar/extensions/nifi-cassandra-nar-1.14.0.nar-unpacked
	org.apache.nifi.processors.script.InvokeScriptedProcessor
		org.apache.nifi:nifi-scripting-nar:1.14.0 || ./work/nar/extensions/nifi-scripting-nar-1.14.0.nar-unpacked
	org.apache.nifi.processors.gcp.storage.ListGCSBucket
		org.apache.nifi:nifi-gcp-nar:1.14.0 || ./work/nar/extensions/nifi-gcp-nar-1.14.0.nar-unpacked
	org.apache.nifi.processors.hadoop.FetchHDFS
		org.apache.nifi:nifi-hadoop-nar:1.14.0 || ./work/nar/extensions/nifi-hadoop-nar-1.14.0.nar-unpacked
	org.apache.nifi.processors.aws.s3.FetchS3Object
		org.apache.nifi:nifi-aws-nar:1.14.0 || ./work/nar/extensions/nifi-aws-nar-1.14.0.nar-unpacked
	org.apache.nifi.processors.kafka.pubsub.ConsumeKafkaRecord_2_6
		org.apache.nifi:nifi-kafka-2-6-nar:1.14.0 || ./work/nar/extensions/nifi-kafka-2-6-nar-1.14.0.nar-unpacked
	org.apache.nifi.processors.standard.Base64EncodeContent
		org.apache.nifi:nifi-standard-nar:1.14.0 || ./work/nar/extensions/nifi-standard-nar-1.14.0.nar-unpacked
	org.apache.nifi.hbase.PutHBaseJSON
		org.apache.nifi:nifi-hbase-nar:1.14.0 || ./work/nar/extensions/nifi-hbase-nar-1.14.0.nar-unpacked
	org.apache.nifi.processors.standard.ValidateCsv
		org.apache.nifi:nifi-standard-nar:1.14.0 || ./work/nar/extensions/nifi-standard-nar-1.14.0.nar-unpacked
	org.apache.nifi.processors.gettcp.GetTCP
		org.apache.nifi:nifi-tcp-nar:1.14.0 || ./work/nar/extensions/nifi-tcp-nar-1.14.0.nar-unpacked
	org.apache.nifi.processors.slack.PostSlack
		org.apache.nifi:nifi-slack-nar:1.14.0 || ./work/nar/extensions/nifi-slack-nar-1.14.0.nar-unpacked
	org.apache.nifi.processors.enrich.QueryDNS
		org.apache.nifi:nifi-enrich-nar:1.14.0 || ./work/nar/extensions/nifi-enrich-nar-1.14.0.nar-unpacked
	org.apache.nifi.processors.standard.PutUDP
		org.apache.nifi:nifi-standard-nar:1.14.0 || ./work/nar/extensions/nifi-standard-nar-1.14.0.nar-unpacked
	org.apache.nifi.hbase.PutHBaseRecord
		org.apache.nifi:nifi-hbase-nar:1.14.0 || ./work/nar/extensions/nifi-hbase-nar-1.14.0.nar-unpacked
	org.apache.nifi.processors.azure.storage.DeleteAzureBlobStorage
		org.apache.nifi:nifi-azure-nar:1.14.0 || ./work/nar/extensions/nifi-azure-nar-1.14.0.nar-unpacked
	org.apache.nifi.processors.standard.ExecuteSQLRecord
		org.apache.nifi:nifi-standard-nar:1.14.0 || ./work/nar/extensions/nifi-standard-nar-1.14.0.nar-unpacked
	org.apache.nifi.processors.stateful.analysis.AttributeRollingWindow
		org.apache.nifi:nifi-stateful-analysis-nar:1.14.0 || ./work/nar/extensions/nifi-stateful-analysis-nar-1.14.0.nar-unpacked
	org.apache.nifi.processors.standard.HashAttribute
		org.apache.nifi:nifi-standard-nar:1.14.0 || ./work/nar/extensions/nifi-standard-nar-1.14.0.nar-unpacked
	org.apache.nifi.processors.standard.HashContent
		org.apache.nifi:nifi-standard-nar:1.14.0 || ./work/nar/extensions/nifi-standard-nar-1.14.0.nar-unpacked
	org.apache.nifi.processors.standard.CountText
		org.apache.nifi:nifi-standard-nar:1.14.0 || ./work/nar/extensions/nifi-standard-nar-1.14.0.nar-unpacked
	org.apache.nifi.processors.azure.eventhub.GetAzureEventHub
		org.apache.nifi:nifi-azure-nar:1.14.0 || ./work/nar/extensions/nifi-azure-nar-1.14.0.nar-unpacked
	org.apache.nifi.processors.azure.storage.FetchAzureDataLakeStorage
		org.apache.nifi:nifi-azure-nar:1.14.0 || ./work/nar/extensions/nifi-azure-nar-1.14.0.nar-unpacked
	org.apache.nifi.processors.standard.UpdateCounter
		org.apache.nifi:nifi-standard-nar:1.14.0 || ./work/nar/extensions/nifi-standard-nar-1.14.0.nar-unpacked
	org.apache.nifi.processors.standard.QueryDatabaseTable
		org.apache.nifi:nifi-standard-nar:1.14.0 || ./work/nar/extensions/nifi-standard-nar-1.14.0.nar-unpacked
	org.apache.nifi.processors.parquet.FetchParquet
		org.apache.nifi:nifi-parquet-nar:1.14.0 || ./work/nar/extensions/nifi-parquet-nar-1.14.0.nar-unpacked
	org.apache.nifi.processors.ccda.ExtractCCDAAttributes
		org.apache.nifi:nifi-ccda-nar:1.14.0 || ./work/nar/extensions/nifi-ccda-nar-1.14.0.nar-unpacked
	org.apache.nifi.PutHTMLElement
		org.apache.nifi:nifi-html-nar:1.14.0 || ./work/nar/extensions/nifi-html-nar-1.14.0.nar-unpacked
	org.apache.nifi.processors.splunk.GetSplunk
		org.apache.nifi:nifi-splunk-nar:1.14.0 || ./work/nar/extensions/nifi-splunk-nar-1.14.0.nar-unpacked
	org.apache.nifi.amqp.processors.PublishAMQP
		org.apache.nifi:nifi-amqp-nar:1.14.0 || ./work/nar/extensions/nifi-amqp-nar-1.14.0.nar-unpacked
	org.apache.nifi.processors.standard.GetHTTP
		org.apache.nifi:nifi-standard-nar:1.14.0 || ./work/nar/extensions/nifi-standard-nar-1.14.0.nar-unpacked
	org.apache.nifi.hbase.FetchHBaseRow
		org.apache.nifi:nifi-hbase-nar:1.14.0 || ./work/nar/extensions/nifi-hbase-nar-1.14.0.nar-unpacked
	org.apache.nifi.processors.hadoop.GetHDFSFileInfo
		org.apache.nifi:nifi-hadoop-nar:1.14.0 || ./work/nar/extensions/nifi-hadoop-nar-1.14.0.nar-unpacked
	org.apache.nifi.processors.standard.ScanContent
		org.apache.nifi:nifi-standard-nar:1.14.0 || ./work/nar/extensions/nifi-standard-nar-1.14.0.nar-unpacked
	org.apache.nifi.processors.standard.ListenHTTP
		org.apache.nifi:nifi-standard-nar:1.14.0 || ./work/nar/extensions/nifi-standard-nar-1.14.0.nar-unpacked
	org.apache.nifi.processors.cybersecurity.FuzzyHashContent
		org.apache.nifi:nifi-cybersecurity-nar:1.14.0 || ./work/nar/extensions/nifi-cybersecurity-nar-1.14.0.nar-unpacked
	org.apache.nifi.processors.standard.CompressContent
		org.apache.nifi:nifi-standard-nar:1.14.0 || ./work/nar/extensions/nifi-standard-nar-1.14.0.nar-unpacked
	org.apache.nifi.processors.email.ExtractEmailAttachments
		org.apache.nifi:nifi-email-nar:1.14.0 || ./work/nar/extensions/nifi-email-nar-1.14.0.nar-unpacked
	org.apache.nifi.processors.rethinkdb.GetRethinkDB
		org.apache.nifi:nifi-rethinkdb-nar:1.14.0 || ./work/nar/extensions/nifi-rethinkdb-nar-1.14.0.nar-unpacked
	org.apache.nifi.processors.standard.UnpackContent
		org.apache.nifi:nifi-standard-nar:1.14.0 || ./work/nar/extensions/nifi-standard-nar-1.14.0.nar-unpacked
	org.apache.nifi.processors.network.ParseNetflowv5
		org.apache.nifi:nifi-network-processors-nar:1.14.0 || ./work/nar/extensions/nifi-network-processors-nar-1.14.0.nar-unpacked
	org.apache.nifi.processors.elasticsearch.PutElasticsearch
		org.apache.nifi:nifi-elasticsearch-nar:1.14.0 || ./work/nar/extensions/nifi-elasticsearch-nar-1.14.0.nar-unpacked
	org.apache.nifi.processors.websocket.ListenWebSocket
		org.apache.nifi:nifi-websocket-processors-nar:1.14.0 || ./work/nar/extensions/nifi-websocket-processors-nar-1.14.0.nar-unpacked
	org.apache.nifi.processors.grpc.ListenGRPC
		org.apache.nifi:nifi-grpc-nar:1.14.0 || ./work/nar/extensions/nifi-grpc-nar-1.14.0.nar-unpacked
	org.apache.nifi.processors.standard.PutFile
		org.apache.nifi:nifi-standard-nar:1.14.0 || ./work/nar/extensions/nifi-standard-nar-1.14.0.nar-unpacked
	org.apache.nifi.processors.hadoop.DeleteHDFS
		org.apache.nifi:nifi-hadoop-nar:1.14.0 || ./work/nar/extensions/nifi-hadoop-nar-1.14.0.nar-unpacked
	org.apache.nifi.processors.couchbase.GetCouchbaseKey
		org.apache.nifi:nifi-couchbase-nar:1.14.0 || ./work/nar/extensions/nifi-couchbase-nar-1.14.0.nar-unpacked
	org.apache.nifi.processors.elasticsearch.DeleteByQueryElasticsearch
		org.apache.nifi:nifi-elasticsearch-restapi-nar:1.14.0 || ./work/nar/extensions/nifi-elasticsearch-restapi-nar-1.14.0.nar-unpacked
	org.apache.nifi.processors.standard.ListDatabaseTables
		org.apache.nifi:nifi-standard-nar:1.14.0 || ./work/nar/extensions/nifi-standard-nar-1.14.0.nar-unpacked
	org.apache.nifi.processors.standard.CryptographicHashContent
		org.apache.nifi:nifi-standard-nar:1.14.0 || ./work/nar/extensions/nifi-standard-nar-1.14.0.nar-unpacked
	org.apache.nifi.processors.script.ScriptedTransformRecord
		org.apache.nifi:nifi-scripting-nar:1.14.0 || ./work/nar/extensions/nifi-scripting-nar-1.14.0.nar-unpacked
	org.apache.nifi.processors.mqtt.ConsumeMQTT
		org.apache.nifi:nifi-mqtt-nar:1.14.0 || ./work/nar/extensions/nifi-mqtt-nar-1.14.0.nar-unpacked
	org.apache.nifi.processors.standard.GenerateTableFetch
		org.apache.nifi:nifi-standard-nar:1.14.0 || ./work/nar/extensions/nifi-standard-nar-1.14.0.nar-unpacked
	org.apache.nifi.processors.cassandra.QueryCassandra
		org.apache.nifi:nifi-cassandra-nar:1.14.0 || ./work/nar/extensions/nifi-cassandra-nar-1.14.0.nar-unpacked
	org.apache.nifi.jms.processors.ConsumeJMS
		org.apache.nifi:nifi-jms-processors-nar:1.14.0 || ./work/nar/extensions/nifi-jms-processors-nar-1.14.0.nar-unpacked
	org.apache.nifi.processors.hadoop.GetHDFS
		org.apache.nifi:nifi-hadoop-nar:1.14.0 || ./work/nar/extensions/nifi-hadoop-nar-1.14.0.nar-unpacked
	org.apache.nifi.processors.rethinkdb.PutRethinkDB
		org.apache.nifi:nifi-rethinkdb-nar:1.14.0 || ./work/nar/extensions/nifi-rethinkdb-nar-1.14.0.nar-unpacked
	org.apache.nifi.processors.mongodb.GetMongoRecord
		org.apache.nifi:nifi-mongodb-nar:1.14.0 || ./work/nar/extensions/nifi-mongodb-nar-1.14.0.nar-unpacked
	org.apache.nifi.processors.kafka.pubsub.PublishKafka_2_0
		org.apache.nifi:nifi-kafka-2-0-nar:1.14.0 || ./work/nar/extensions/nifi-kafka-2-0-nar-1.14.0.nar-unpacked
	org.apache.nifi.processors.mqtt.PublishMQTT
		org.apache.nifi:nifi-mqtt-nar:1.14.0 || ./work/nar/extensions/nifi-mqtt-nar-1.14.0.nar-unpacked
	org.apache.nifi.processors.standard.PutSyslog
		org.apache.nifi:nifi-standard-nar:1.14.0 || ./work/nar/extensions/nifi-standard-nar-1.14.0.nar-unpacked
	org.apache.nifi.processors.standard.PutSQL
		org.apache.nifi:nifi-standard-nar:1.14.0 || ./work/nar/extensions/nifi-standard-nar-1.14.0.nar-unpacked
	org.apache.nifi.processors.grpc.InvokeGRPC
		org.apache.nifi:nifi-grpc-nar:1.14.0 || ./work/nar/extensions/nifi-grpc-nar-1.14.0.nar-unpacked
	org.apache.nifi.processors.avro.ConvertAvroToJSON
		org.apache.nifi:nifi-avro-nar:1.14.0 || ./work/nar/extensions/nifi-avro-nar-1.14.0.nar-unpacked
	org.apache.nifi.processors.standard.GenerateFlowFile
		org.apache.nifi:nifi-standard-nar:1.14.0 || ./work/nar/extensions/nifi-standard-nar-1.14.0.nar-unpacked
	org.apache.nifi.snmp.processors.SetSNMP
		org.apache.nifi:nifi-snmp-nar:1.14.0 || ./work/nar/extensions/nifi-snmp-nar-1.14.0.nar-unpacked
	org.apache.nifi.processors.standard.PartitionRecord
		org.apache.nifi:nifi-standard-nar:1.14.0 || ./work/nar/extensions/nifi-standard-nar-1.14.0.nar-unpacked
	org.apache.nifi.processors.azure.eventhub.ConsumeAzureEventHub
		org.apache.nifi:nifi-azure-nar:1.14.0 || ./work/nar/extensions/nifi-azure-nar-1.14.0.nar-unpacked
	org.apache.nifi.processors.hl7.ExtractHL7Attributes
		org.apache.nifi:nifi-hl7-nar:1.14.0 || ./work/nar/extensions/nifi-hl7-nar-1.14.0.nar-unpacked
	org.apache.nifi.processors.kafka.pubsub.ConsumeKafka_2_0
		org.apache.nifi:nifi-kafka-2-0-nar:1.14.0 || ./work/nar/extensions/nifi-kafka-2-0-nar-1.14.0.nar-unpacked
	org.apache.nifi.processors.standard.QueryRecord
		org.apache.nifi:nifi-standard-nar:1.14.0 || ./work/nar/extensions/nifi-standard-nar-1.14.0.nar-unpacked
	org.apache.nifi.processors.solr.PutSolrRecord
		org.apache.nifi:nifi-solr-nar:1.14.0 || ./work/nar/extensions/nifi-solr-nar-1.14.0.nar-unpacked
	org.apache.nifi.amqp.processors.ConsumeAMQP
		org.apache.nifi:nifi-amqp-nar:1.14.0 || ./work/nar/extensions/nifi-amqp-nar-1.14.0.nar-unpacked
	org.apache.nifi.processors.standard.GetSFTP
		org.apache.nifi:nifi-standard-nar:1.14.0 || ./work/nar/extensions/nifi-standard-nar-1.14.0.nar-unpacked
	org.apache.nifi.processors.gcp.pubsub.ConsumeGCPubSub
		org.apache.nifi:nifi-gcp-nar:1.14.0 || ./work/nar/extensions/nifi-gcp-nar-1.14.0.nar-unpacked
	org.apache.nifi.processors.hive.PutHiveQL
		org.apache.nifi:nifi-hive-nar:1.14.0 || ./work/nar/extensions/nifi-hive-nar-1.14.0.nar-unpacked
	org.apache.nifi.processors.aws.kinesis.firehose.PutKinesisFirehose
		org.apache.nifi:nifi-aws-nar:1.14.0 || ./work/nar/extensions/nifi-aws-nar-1.14.0.nar-unpacked
	org.apache.nifi.processors.mongodb.gridfs.PutGridFS
		org.apache.nifi:nifi-mongodb-nar:1.14.0 || ./work/nar/extensions/nifi-mongodb-nar-1.14.0.nar-unpacked
	org.apache.nifi.processors.hadoop.GetHDFSSequenceFile
		org.apache.nifi:nifi-hadoop-nar:1.14.0 || ./work/nar/extensions/nifi-hadoop-nar-1.14.0.nar-unpacked
	org.apache.nifi.processors.azure.storage.queue.GetAzureQueueStorage
		org.apache.nifi:nifi-azure-nar:1.14.0 || ./work/nar/extensions/nifi-azure-nar-1.14.0.nar-unpacked
	org.apache.nifi.hbase.PutHBaseCell
		org.apache.nifi:nifi-hbase-nar:1.14.0 || ./work/nar/extensions/nifi-hbase-nar-1.14.0.nar-unpacked
	org.apache.nifi.processors.hive.UpdateHiveTable
		org.apache.nifi:nifi-hive-nar:1.14.0 || ./work/nar/extensions/nifi-hive-nar-1.14.0.nar-unpacked
	org.apache.nifi.cdc.mysql.processors.CaptureChangeMySQL
		org.apache.nifi:nifi-cdc-mysql-nar:1.14.0 || ./work/nar/extensions/nifi-cdc-mysql-nar-1.14.0.nar-unpacked
	org.apache.nifi.processors.standard.ScanAttribute
		org.apache.nifi:nifi-standard-nar:1.14.0 || ./work/nar/extensions/nifi-standard-nar-1.14.0.nar-unpacked
	org.apache.nifi.processors.GeoEnrichIP
		org.apache.nifi:nifi-enrich-nar:1.14.0 || ./work/nar/extensions/nifi-enrich-nar-1.14.0.nar-unpacked
	org.apache.nifi.processors.websocket.PutWebSocket
		org.apache.nifi:nifi-websocket-processors-nar:1.14.0 || ./work/nar/extensions/nifi-websocket-processors-nar-1.14.0.nar-unpacked
	org.apache.nifi.processors.standard.SplitContent
		org.apache.nifi:nifi-standard-nar:1.14.0 || ./work/nar/extensions/nifi-standard-nar-1.14.0.nar-unpacked
	org.apache.nifi.processors.standard.ControlRate
		org.apache.nifi:nifi-standard-nar:1.14.0 || ./work/nar/extensions/nifi-standard-nar-1.14.0.nar-unpacked
	org.apache.nifi.processors.azure.storage.PutAzureDataLakeStorage
		org.apache.nifi:nifi-azure-nar:1.14.0 || ./work/nar/extensions/nifi-azure-nar-1.14.0.nar-unpacked
	org.apache.nifi.processors.smb.GetSmbFile
		org.apache.nifi:nifi-smb-nar:1.14.0 || ./work/nar/extensions/nifi-smb-nar-1.14.0.nar-unpacked
	org.apache.nifi.processors.standard.ExtractText
		org.apache.nifi:nifi-standard-nar:1.14.0 || ./work/nar/extensions/nifi-standard-nar-1.14.0.nar-unpacked
	org.apache.nifi.processors.standard.EncryptContent
		org.apache.nifi:nifi-standard-nar:1.14.0 || ./work/nar/extensions/nifi-standard-nar-1.14.0.nar-unpacked
	org.apache.nifi.processors.aws.dynamodb.PutDynamoDB
		org.apache.nifi:nifi-aws-nar:1.14.0 || ./work/nar/extensions/nifi-aws-nar-1.14.0.nar-unpacked
	org.apache.nifi.processors.standard.GetJMSQueue
		org.apache.nifi:nifi-standard-nar:1.14.0 || ./work/nar/extensions/nifi-standard-nar-1.14.0.nar-unpacked
	org.apache.nifi.processors.elasticsearch.ScrollElasticsearchHttp
		org.apache.nifi:nifi-elasticsearch-nar:1.14.0 || ./work/nar/extensions/nifi-elasticsearch-nar-1.14.0.nar-unpacked
	org.apache.nifi.processors.azure.storage.ListAzureDataLakeStorage
		org.apache.nifi:nifi-azure-nar:1.14.0 || ./work/nar/extensions/nifi-azure-nar-1.14.0.nar-unpacked
	org.apache.nifi.processors.mongodb.GetMongo
		org.apache.nifi:nifi-mongodb-nar:1.14.0 || ./work/nar/extensions/nifi-mongodb-nar-1.14.0.nar-unpacked
	org.apache.nifi.processors.standard.ListenFTP
		org.apache.nifi:nifi-standard-nar:1.14.0 || ./work/nar/extensions/nifi-standard-nar-1.14.0.nar-unpacked
	org.apache.nifi.processors.standard.MonitorActivity
		org.apache.nifi:nifi-standard-nar:1.14.0 || ./work/nar/extensions/nifi-standard-nar-1.14.0.nar-unpacked
	org.apache.nifi.processors.solr.PutSolrContentStream
		org.apache.nifi:nifi-solr-nar:1.14.0 || ./work/nar/extensions/nifi-solr-nar-1.14.0.nar-unpacked
	org.apache.nifi.processors.standard.LookupRecord
		org.apache.nifi:nifi-standard-nar:1.14.0 || ./work/nar/extensions/nifi-standard-nar-1.14.0.nar-unpacked
	org.apache.nifi.processors.azure.storage.queue.PutAzureQueueStorage
		org.apache.nifi:nifi-azure-nar:1.14.0 || ./work/nar/extensions/nifi-azure-nar-1.14.0.nar-unpacked
	org.apache.nifi.processors.standard.ConvertRecord
		org.apache.nifi:nifi-standard-nar:1.14.0 || ./work/nar/extensions/nifi-standard-nar-1.14.0.nar-unpacked
	org.apache.nifi.processors.attributes.UpdateAttribute
		org.apache.nifi:nifi-update-attribute-nar:1.14.0 || ./work/nar/extensions/nifi-update-attribute-nar-1.14.0.nar-unpacked
	org.apache.nifi.processors.standard.ParseSyslog5424
		org.apache.nifi:nifi-standard-nar:1.14.0 || ./work/nar/extensions/nifi-standard-nar-1.14.0.nar-unpacked
	org.apache.nifi.processors.standard.HandleHttpRequest
		org.apache.nifi:nifi-standard-nar:1.14.0 || ./work/nar/extensions/nifi-standard-nar-1.14.0.nar-unpacked
	org.apache.nifi.processors.standard.ConvertCharacterSet
		org.apache.nifi:nifi-standard-nar:1.14.0 || ./work/nar/extensions/nifi-standard-nar-1.14.0.nar-unpacked
	org.apache.nifi.processors.standard.SplitXml
		org.apache.nifi:nifi-standard-nar:1.14.0 || ./work/nar/extensions/nifi-standard-nar-1.14.0.nar-unpacked
	org.apache.nifi.processors.hive.PutHiveStreaming
		org.apache.nifi:nifi-hive-nar:1.14.0 || ./work/nar/extensions/nifi-hive-nar-1.14.0.nar-unpacked
	org.apache.nifi.processors.aws.s3.ListS3
		org.apache.nifi:nifi-aws-nar:1.14.0 || ./work/nar/extensions/nifi-aws-nar-1.14.0.nar-unpacked
	org.apache.nifi.processors.kafka.pubsub.PublishKafkaRecord_2_0
		org.apache.nifi:nifi-kafka-2-0-nar:1.14.0 || ./work/nar/extensions/nifi-kafka-2-0-nar-1.14.0.nar-unpacked
	org.apache.nifi.processors.standard.MergeContent
		org.apache.nifi:nifi-standard-nar:1.14.0 || ./work/nar/extensions/nifi-standard-nar-1.14.0.nar-unpacked
	org.apache.nifi.processors.aws.dynamodb.GetDynamoDB
		org.apache.nifi:nifi-aws-nar:1.14.0 || ./work/nar/extensions/nifi-aws-nar-1.14.0.nar-unpacked
	org.apache.nifi.processors.azure.storage.PutAzureBlobStorage
		org.apache.nifi:nifi-azure-nar:1.14.0 || ./work/nar/extensions/nifi-azure-nar-1.14.0.nar-unpacked
	org.apache.nifi.processors.smb.PutSmbFile
		org.apache.nifi:nifi-smb-nar:1.14.0 || ./work/nar/extensions/nifi-smb-nar-1.14.0.nar-unpacked
	org.apache.nifi.processors.standard.JoltTransformJSON
		org.apache.nifi:nifi-standard-nar:1.14.0 || ./work/nar/extensions/nifi-standard-nar-1.14.0.nar-unpacked
	org.apache.nifi.processors.poi.ConvertExcelToCSVProcessor
		org.apache.nifi:nifi-poi-nar:1.14.0 || ./work/nar/extensions/nifi-poi-nar-1.14.0.nar-unpacked
	org.apache.nifi.processors.elasticsearch.JsonQueryElasticsearch
		org.apache.nifi:nifi-elasticsearch-restapi-nar:1.14.0 || ./work/nar/extensions/nifi-elasticsearch-restapi-nar-1.14.0.nar-unpacked
	org.apache.nifi.processors.cybersecurity.CompareFuzzyHash
		org.apache.nifi:nifi-cybersecurity-nar:1.14.0 || ./work/nar/extensions/nifi-cybersecurity-nar-1.14.0.nar-unpacked
	=== End Processor types ===
	=== NarProvider Type ===
	org.apache.nifi.nar.hadoop.HDFSNarProvider
		org.apache.nifi:nifi-hadoop-nar:1.14.0 || ./work/nar/extensions/nifi-hadoop-nar-1.14.0.nar-unpacked
	=== End NarProvider types ===
2024-10-18 11:31:50,422 WARN [main] o.a.n.d.html.HtmlDocumentationWriter Could not link to org.apache.nifi.ssl.SSLContextService because no bundles were found for HandleHttpResponse
2024-10-18 11:31:51,417 WARN [main] o.a.n.d.html.HtmlDocumentationWriter Could not link to org.apache.nifi.ssl.RestrictedSSLContextService because no bundles were found for ListenFTP
2024-10-18 11:31:51,417 WARN [main] o.a.n.d.html.HtmlDocumentationWriter Could not link to org.apache.nifi.ssl.SSLContextService because no bundles were found for ListenFTP
2024-10-18 11:31:51,854 INFO [main] org.eclipse.jetty.server.Server jetty-9.4.42.v20210604; built: 2021-06-04T17:33:38.939Z; git: 5cd5e6d2375eeab146813b0de9f19eda6ab6e6cb; jvm 1.8.0_292-b10
2024-10-18 11:31:52,189 INFO [main] o.e.j.a.AnnotationConfiguration Scanning elapsed time=124ms
2024-10-18 11:31:52,259 INFO [main] org.eclipse.jetty.server.session DefaultSessionIdManager workerName=node0
2024-10-18 11:31:52,259 INFO [main] org.eclipse.jetty.server.session No SessionScavenger set, using defaults
2024-10-18 11:31:52,261 INFO [main] org.eclipse.jetty.server.session node0 Scavenging every 660000ms
2024-10-18 11:31:52,297 INFO [main] o.e.jetty.server.handler.ContextHandler Started o.e.j.w.WebAppContext@7a36c83a{/nifi-update-attribute-ui-1.14.0,/nifi-update-attribute-ui-1.14.0,file:///opt/nifi/nifi-current/work/jetty/nifi-update-attribute-ui-1.14.0.war/webapp/,AVAILABLE}{./work/nar/extensions/nifi-update-attribute-nar-1.14.0.nar-unpacked/NAR-INF/bundled-dependencies/nifi-update-attribute-ui-1.14.0.war}
2024-10-18 11:31:52,446 INFO [main] o.e.j.a.AnnotationConfiguration Scanning elapsed time=80ms
2024-10-18 11:31:52,486 INFO [main] o.e.jetty.server.handler.ContextHandler Started o.e.j.w.WebAppContext@154b8cb6{nifi-standard-content-viewer,/nifi-standard-content-viewer-1.14.0,file:///opt/nifi/nifi-current/work/jetty/nifi-standard-content-viewer-1.14.0.war/webapp/,AVAILABLE}{./work/nar/extensions/nifi-standard-nar-1.14.0.nar-unpacked/NAR-INF/bundled-dependencies/nifi-standard-content-viewer-1.14.0.war}
2024-10-18 11:31:52,743 INFO [main] o.e.j.a.AnnotationConfiguration Scanning elapsed time=125ms
2024-10-18 11:31:52,770 INFO [main] o.e.jetty.server.handler.ContextHandler Started o.e.j.w.WebAppContext@7b297740{/nifi-jolt-transform-json-ui-1.14.0,/nifi-jolt-transform-json-ui-1.14.0,file:///opt/nifi/nifi-current/work/jetty/nifi-jolt-transform-json-ui-1.14.0.war/webapp/,AVAILABLE}{./work/nar/extensions/nifi-standard-nar-1.14.0.nar-unpacked/NAR-INF/bundled-dependencies/nifi-jolt-transform-json-ui-1.14.0.war}
2024-10-18 11:31:52,906 INFO [main] o.e.j.a.AnnotationConfiguration Scanning elapsed time=37ms
2024-10-18 11:31:52,912 INFO [main] o.e.j.s.handler.ContextHandler._nifi No Spring WebApplicationInitializer types detected on classpath
2024-10-18 11:31:52,932 INFO [main] o.e.jetty.server.handler.ContextHandler Started o.e.j.w.WebAppContext@1b7554d4{nifi,/nifi,file:///opt/nifi/nifi-current/work/jetty/nifi-web-ui-1.14.0.war/webapp/,AVAILABLE}{./work/nar/extensions/nifi-server-nar-1.14.0.nar-unpacked/NAR-INF/bundled-dependencies/nifi-web-ui-1.14.0.war}
2024-10-18 11:31:53,091 INFO [main] o.e.j.a.AnnotationConfiguration Scanning elapsed time=91ms
2024-10-18 11:31:53,108 INFO [main] o.e.j.s.handler.ContextHandler._nifi_api No Spring WebApplicationInitializer types detected on classpath
2024-10-18 11:31:53,127 INFO [main] o.e.j.s.handler.ContextHandler._nifi_api Initializing Spring root WebApplicationContext
2024-10-18 11:31:54,450 INFO [main] o.a.n.p.AbstractBootstrapPropertiesLoader Determined default application properties path to be '/opt/nifi/nifi-current/./conf/nifi.properties'
2024-10-18 11:31:54,451 INFO [main] o.a.nifi.properties.NiFiPropertiesLoader Loaded 202 properties from /opt/nifi/nifi-current/./conf/nifi.properties
2024-10-18 11:31:55,614 INFO [main] o.a.n.admin.AuditDataSourceFactoryBean Database not built for repository: jdbc:h2:./database_repository/nifi-flow-audit;AUTOCOMMIT=OFF;DB_CLOSE_ON_EXIT=FALSE;LOCK_MODE=3;LOCK_TIMEOUT=25000;WRITE_DELAY=0;AUTO_SERVER=FALSE.  Building now...
2024-10-18 11:31:56,189 INFO [main] org.wali.MinimalLockingWriteAheadLog org.wali.MinimalLockingWriteAheadLog@5de25642 finished recovering records. Performing Checkpoint to ensure proper state of Partitions before updates
2024-10-18 11:31:56,189 INFO [main] org.wali.MinimalLockingWriteAheadLog Successfully recovered 0 records in 1 milliseconds
2024-10-18 11:31:56,193 INFO [main] org.wali.MinimalLockingWriteAheadLog org.wali.MinimalLockingWriteAheadLog@5de25642 checkpointed with 0 Records and 0 Swap Files in 3 milliseconds (Stop-the-world time = 1 milliseconds, Clear Edit Logs time = 1 millis), max Transaction ID -1
2024-10-18 11:31:56,310 INFO [main] o.a.n.r.v.FileBasedVariableRegistry Loaded 92 properties from system properties and environment variables
2024-10-18 11:31:56,310 INFO [main] o.a.n.r.v.FileBasedVariableRegistry Loaded a total of 92 properties.  Including precedence overrides effective accessible registry key size is 92
2024-10-18 11:31:56,529 INFO [main] o.a.n.c.r.WriteAheadFlowFileRepository Initialized FlowFile Repository
2024-10-18 11:31:56,560 INFO [main] o.a.n.p.store.WriteAheadStorePartition After recovering ./provenance_repository, next Event ID to be generated will be 0
2024-10-18 11:31:56,562 INFO [main] o.a.n.p.index.lucene.LuceneEventIndex Will avoid re-indexing Provenance Events because the newest index is defunct, so it will be re-indexed in the background
2024-10-18 11:31:56,567 INFO [main] o.a.n.c.repository.FileSystemRepository Maximum Threshold for Container default set to 510764813844 bytes; if volume exceeds this size, archived data will be deleted until it no longer exceeds this size
2024-10-18 11:31:56,568 INFO [main] o.a.n.c.repository.FileSystemRepository Initializing FileSystemRepository with 'Always Sync' set to false
2024-10-18 11:31:56,671 INFO [main] o.apache.nifi.controller.FlowController Checking if there is already a Cluster Coordinator Elected...
2024-10-18 11:31:56,720 INFO [main] org.apache.curator.utils.Compatibility Using emulated InjectSessionExpiration
2024-10-18 11:31:56,745 INFO [main] o.a.c.f.imps.CuratorFrameworkImpl Starting
2024-10-18 11:31:56,752 INFO [main] org.apache.zookeeper.common.X509Util Setting -D jdk.tls.rejectClientInitiatedRenegotiation=true to disable client-initiated TLS renegotiation
2024-10-18 11:31:56,755 INFO [main] org.apache.zookeeper.ClientCnxnSocket jute.maxbuffer value is 4194304 Bytes
2024-10-18 11:31:56,771 INFO [main] o.a.c.f.imps.CuratorFrameworkImpl Default schema
2024-10-18 11:31:56,797 INFO [main-EventThread] o.a.c.f.state.ConnectionStateManager State change: CONNECTED
2024-10-18 11:31:56,812 INFO [main-EventThread] o.a.c.framework.imps.EnsembleTracker New config event received: {}
2024-10-18 11:31:56,812 INFO [main-EventThread] o.a.c.framework.imps.EnsembleTracker New config event received: {}
2024-10-18 11:31:56,815 INFO [Curator-Framework-0] o.a.c.f.imps.CuratorFrameworkImpl backgroundOperationsLoop exiting
2024-10-18 11:31:56,924 INFO [main] o.apache.nifi.controller.FlowController It appears that no Cluster Coordinator has been Elected yet. Registering for Cluster Coordinator Role.
2024-10-18 11:31:56,925 INFO [main] o.a.n.c.l.e.CuratorLeaderElectionManager CuratorLeaderElectionManager[stopped=true] Registered new Leader Selector for role Cluster Coordinator; this node is an active participant in the election.
2024-10-18 11:31:56,925 INFO [main] o.a.c.f.imps.CuratorFrameworkImpl Starting
2024-10-18 11:31:56,925 INFO [main] org.apache.zookeeper.ClientCnxnSocket jute.maxbuffer value is 4194304 Bytes
2024-10-18 11:31:56,926 INFO [main] o.a.c.f.imps.CuratorFrameworkImpl Default schema
2024-10-18 11:31:56,927 INFO [main] o.a.n.c.l.e.CuratorLeaderElectionManager CuratorLeaderElectionManager[stopped=false] Registered new Leader Selector for role Cluster Coordinator; this node is an active participant in the election.
2024-10-18 11:31:56,927 INFO [main] o.a.n.c.l.e.CuratorLeaderElectionManager CuratorLeaderElectionManager[stopped=false] started
2024-10-18 11:31:56,927 INFO [main] o.a.n.c.c.h.AbstractHeartbeatMonitor Heartbeat Monitor started
2024-10-18 11:31:56,928 INFO [main-EventThread] o.a.c.f.state.ConnectionStateManager State change: CONNECTED
2024-10-18 11:31:56,929 INFO [Curator-ConnectionStateManager-0] o.a.n.c.l.e.CuratorLeaderElectionManager org.apache.nifi.controller.leader.election.CuratorLeaderElectionManager$ElectionListener@32d92fa6 Connection State changed to CONNECTED
2024-10-18 11:31:56,930 INFO [main-EventThread] o.a.c.framework.imps.EnsembleTracker New config event received: {}
2024-10-18 11:31:56,931 INFO [main-EventThread] o.a.c.framework.imps.EnsembleTracker New config event received: {}
2024-10-18 11:31:56,971 INFO [Leader Election Notification Thread-1] o.a.n.c.l.e.CuratorLeaderElectionManager org.apache.nifi.controller.leader.election.CuratorLeaderElectionManager$ElectionListener@32d92fa6 This node has been elected Leader for Role 'Cluster Coordinator'
2024-10-18 11:31:56,971 INFO [Leader Election Notification Thread-1] o.apache.nifi.controller.FlowController This node elected Active Cluster Coordinator
2024-10-18 11:31:58,451 INFO [main] o.e.jetty.server.handler.ContextHandler Started o.e.j.w.WebAppContext@57ce2898{nifi-api,/nifi-api,file:///opt/nifi/nifi-current/work/jetty/nifi-web-api-1.14.0.war/webapp/,AVAILABLE}{./work/nar/extensions/nifi-server-nar-1.14.0.nar-unpacked/NAR-INF/bundled-dependencies/nifi-web-api-1.14.0.war}
2024-10-18 11:31:58,627 INFO [main] o.e.j.a.AnnotationConfiguration Scanning elapsed time=89ms
2024-10-18 11:31:58,640 INFO [main] o.e.j.s.h.C._nifi_content_viewer No Spring WebApplicationInitializer types detected on classpath
2024-10-18 11:31:58,641 INFO [main] o.e.jetty.server.handler.ContextHandler Started o.e.j.w.WebAppContext@1ea930eb{nifi-content-viewer,/nifi-content-viewer,file:///opt/nifi/nifi-current/work/jetty/nifi-web-content-viewer-1.14.0.war/webapp/,AVAILABLE}{./work/nar/extensions/nifi-server-nar-1.14.0.nar-unpacked/NAR-INF/bundled-dependencies/nifi-web-content-viewer-1.14.0.war}
2024-10-18 11:31:58,655 INFO [main] o.e.j.a.AnnotationConfiguration Scanning elapsed time=5ms
2024-10-18 11:31:58,655 WARN [main] o.e.j.webapp.StandardDescriptorProcessor Duplicate mapping from / to default
2024-10-18 11:31:58,656 INFO [main] o.e.j.s.h.ContextHandler._nifi_docs No Spring WebApplicationInitializer types detected on classpath
2024-10-18 11:31:58,669 INFO [main] o.e.jetty.server.handler.ContextHandler Started o.e.j.w.WebAppContext@2e0ad709{nifi-docs,/nifi-docs,file:///opt/nifi/nifi-current/work/jetty/nifi-web-docs-1.14.0.war/webapp/,AVAILABLE}{./work/nar/extensions/nifi-server-nar-1.14.0.nar-unpacked/NAR-INF/bundled-dependencies/nifi-web-docs-1.14.0.war}
2024-10-18 11:31:58,681 INFO [main] o.e.j.a.AnnotationConfiguration Scanning elapsed time=3ms
2024-10-18 11:31:58,692 INFO [main] o.e.j.server.handler.ContextHandler._ No Spring WebApplicationInitializer types detected on classpath
2024-10-18 11:31:58,694 INFO [main] o.e.jetty.server.handler.ContextHandler Started o.e.j.w.WebAppContext@1fe8f5e8{nifi-error,/,file:///opt/nifi/nifi-current/work/jetty/nifi-web-error-1.14.0.war/webapp/,AVAILABLE}{./work/nar/extensions/nifi-server-nar-1.14.0.nar-unpacked/NAR-INF/bundled-dependencies/nifi-web-error-1.14.0.war}
2024-10-18 11:31:58,702 INFO [main] o.eclipse.jetty.server.AbstractConnector Started ServerConnector@6b4a4e40{HTTP/1.1, (http/1.1)}{mynifi:8080}
2024-10-18 11:31:58,702 INFO [main] org.eclipse.jetty.server.Server Started @23877ms
2024-10-18 11:31:58,713 INFO [main] org.apache.nifi.web.server.JettyServer Loading Flow...
2024-10-18 11:31:58,716 INFO [main] org.apache.nifi.io.socket.SocketListener Now listening for connections from nodes on port 8082
2024-10-18 11:31:58,756 INFO [main] o.apache.nifi.controller.FlowController Successfully synchronized controller with proposed flow. Flow contains the following number of components: {Processors=0, Controller Services=0, Reporting Tasks=0, Process Groups=0, Remote Process Groups=0, Local Input Ports=0, Local Output Ports=0, Public Input Ports=0, Public Output Ports=0}
2024-10-18 11:31:58,766 INFO [main] o.a.nifi.controller.StandardFlowService Connecting Node: mynifi:8080
2024-10-18 11:31:58,769 INFO [main] o.a.n.c.c.n.LeaderElectionNodeProtocolSender Determined that Cluster Coordinator is located at mynifi:8082; will use this address for sending heartbeat messages
2024-10-18 11:31:58,769 INFO [main] o.a.n.c.p.AbstractNodeProtocolSender Cluster Coordinator is located at mynifi:8082. Will send Cluster Connection Request to this address
2024-10-18 11:31:58,786 INFO [Process Cluster Protocol Request-1] o.a.n.c.c.node.NodeClusterCoordinator No existing node with ID 2370eba1-2890-41f3-88cd-209a1afefa8d; will add Node as NodeIdentifier[UUID=2370eba1-2890-41f3-88cd-209a1afefa8d, API Address = mynifi:8080, Cluster Socket Address = mynifi:8082, Load Balance Address = mynifi:6342, Site-to-Site Raw Address = mynifi:10000, Site-to-Site HTTP Address = mynifi:8080, Site-to-Site Secure = false, Node Identities = []]
2024-10-18 11:31:58,835 INFO [Process Cluster Protocol Request-1] o.a.n.c.c.flow.PopularVoteFlowElection Vote cast by mynifi:8080; this flow now has 1 votes
2024-10-18 11:31:58,835 INFO [Process Cluster Protocol Request-1] o.a.n.c.c.node.NodeClusterCoordinator Received Connection Request from mynifi:8080; responding with Flow Election In Progress message
2024-10-18 11:31:58,836 INFO [Process Cluster Protocol Request-1] o.a.n.c.p.impl.SocketProtocolListener Finished processing request f479914a-8eb4-4ede-adee-544f3a09d01f (type=CONNECTION_REQUEST, length=1779 bytes) from mynifi:8080 in 63 millis
2024-10-18 11:31:58,838 INFO [main] o.a.nifi.controller.StandardFlowService Requested by cluster coordinator to retry connection in 5 seconds with explanation: Cluster is still voting on which Flow is the correct flow for the cluster. Election will complete in 29 seconds
2024-10-18 11:32:03,841 INFO [main] o.a.n.c.c.n.LeaderElectionNodeProtocolSender Determined that Cluster Coordinator is located at mynifi:8082; will use this address for sending heartbeat messages
2024-10-18 11:32:03,841 INFO [main] o.a.n.c.p.AbstractNodeProtocolSender Cluster Coordinator is located at mynifi:8082. Will send Cluster Connection Request to this address
2024-10-18 11:32:03,850 INFO [Process Cluster Protocol Request-2] o.a.n.c.c.node.NodeClusterCoordinator Received Connection Request from mynifi:8080; responding with Flow Election In Progress message
2024-10-18 11:32:03,851 INFO [Process Cluster Protocol Request-2] o.a.n.c.p.impl.SocketProtocolListener Finished processing request 859a5635-6262-473e-9fb4-5affe3919757 (type=CONNECTION_REQUEST, length=1779 bytes) from mynifi:8080 in 9 millis
2024-10-18 11:32:03,851 INFO [main] o.a.nifi.controller.StandardFlowService Requested by cluster coordinator to retry connection in 5 seconds with explanation: Cluster is still voting on which Flow is the correct flow for the cluster. Election will complete in 24 seconds
2024-10-18 11:32:08,854 INFO [main] o.a.n.c.c.n.LeaderElectionNodeProtocolSender Determined that Cluster Coordinator is located at mynifi:8082; will use this address for sending heartbeat messages
2024-10-18 11:32:08,854 INFO [main] o.a.n.c.p.AbstractNodeProtocolSender Cluster Coordinator is located at mynifi:8082. Will send Cluster Connection Request to this address
2024-10-18 11:32:08,856 INFO [Process Cluster Protocol Request-3] o.a.n.c.c.node.NodeClusterCoordinator Received Connection Request from mynifi:8080; responding with Flow Election In Progress message
2024-10-18 11:32:08,857 INFO [Process Cluster Protocol Request-3] o.a.n.c.p.impl.SocketProtocolListener Finished processing request e340a2d1-6a58-4d72-a86b-e4ddcb2d26ab (type=CONNECTION_REQUEST, length=1779 bytes) from mynifi:8080 in 1 millis
2024-10-18 11:32:08,858 INFO [main] o.a.nifi.controller.StandardFlowService Requested by cluster coordinator to retry connection in 5 seconds with explanation: Cluster is still voting on which Flow is the correct flow for the cluster. Election will complete in 19 seconds
2024-10-18 11:32:13,860 INFO [main] o.a.n.c.c.n.LeaderElectionNodeProtocolSender Determined that Cluster Coordinator is located at mynifi:8082; will use this address for sending heartbeat messages
2024-10-18 11:32:13,861 INFO [main] o.a.n.c.p.AbstractNodeProtocolSender Cluster Coordinator is located at mynifi:8082. Will send Cluster Connection Request to this address
2024-10-18 11:32:13,862 INFO [Process Cluster Protocol Request-4] o.a.n.c.c.node.NodeClusterCoordinator Received Connection Request from mynifi:8080; responding with Flow Election In Progress message
2024-10-18 11:32:13,863 INFO [Process Cluster Protocol Request-4] o.a.n.c.p.impl.SocketProtocolListener Finished processing request 8a8b9e85-5102-441c-aaaa-4fb3995234d7 (type=CONNECTION_REQUEST, length=1779 bytes) from mynifi:8080 in 1 millis
2024-10-18 11:32:13,864 INFO [main] o.a.nifi.controller.StandardFlowService Requested by cluster coordinator to retry connection in 5 seconds with explanation: Cluster is still voting on which Flow is the correct flow for the cluster. Election will complete in 14 seconds
2024-10-18 11:32:18,870 INFO [main] o.a.n.c.c.n.LeaderElectionNodeProtocolSender Determined that Cluster Coordinator is located at mynifi:8082; will use this address for sending heartbeat messages
2024-10-18 11:32:18,871 INFO [main] o.a.n.c.p.AbstractNodeProtocolSender Cluster Coordinator is located at mynifi:8082. Will send Cluster Connection Request to this address
2024-10-18 11:32:18,876 INFO [Process Cluster Protocol Request-5] o.a.n.c.c.node.NodeClusterCoordinator Received Connection Request from mynifi:8080; responding with Flow Election In Progress message
2024-10-18 11:32:18,877 INFO [Process Cluster Protocol Request-5] o.a.n.c.p.impl.SocketProtocolListener Finished processing request c8a364a0-cff7-4629-bfe9-9565ab97020b (type=CONNECTION_REQUEST, length=1779 bytes) from mynifi:8080 in 4 millis
2024-10-18 11:32:18,879 INFO [main] o.a.nifi.controller.StandardFlowService Requested by cluster coordinator to retry connection in 5 seconds with explanation: Cluster is still voting on which Flow is the correct flow for the cluster. Election will complete in 9 seconds
2024-10-18 11:32:23,881 INFO [main] o.a.n.c.c.n.LeaderElectionNodeProtocolSender Determined that Cluster Coordinator is located at mynifi:8082; will use this address for sending heartbeat messages
2024-10-18 11:32:23,882 INFO [main] o.a.n.c.p.AbstractNodeProtocolSender Cluster Coordinator is located at mynifi:8082. Will send Cluster Connection Request to this address
2024-10-18 11:32:23,884 INFO [Process Cluster Protocol Request-6] o.a.n.c.c.node.NodeClusterCoordinator Received Connection Request from mynifi:8080; responding with Flow Election In Progress message
2024-10-18 11:32:23,884 INFO [Process Cluster Protocol Request-6] o.a.n.c.p.impl.SocketProtocolListener Finished processing request 477ae0b6-6954-4957-8c53-767f789cd069 (type=CONNECTION_REQUEST, length=1779 bytes) from mynifi:8080 in 2 millis
2024-10-18 11:32:23,885 INFO [main] o.a.nifi.controller.StandardFlowService Requested by cluster coordinator to retry connection in 5 seconds with explanation: Cluster is still voting on which Flow is the correct flow for the cluster. Election will complete in 4 seconds
2024-10-18 11:32:28,890 INFO [main] o.a.n.c.c.n.LeaderElectionNodeProtocolSender Determined that Cluster Coordinator is located at mynifi:8082; will use this address for sending heartbeat messages
2024-10-18 11:32:28,890 INFO [main] o.a.n.c.p.AbstractNodeProtocolSender Cluster Coordinator is located at mynifi:8082. Will send Cluster Connection Request to this address
2024-10-18 11:32:28,905 INFO [Process Cluster Protocol Request-7] o.a.n.c.c.flow.PopularVoteFlowElection Election is complete because the maximum allowed time has elapsed. The elected dataflow is held by the following nodes: [mynifi:8080]
2024-10-18 11:32:28,906 INFO [Process Cluster Protocol Request-7] o.a.n.c.c.node.NodeClusterCoordinator Received Connection Request from mynifi:8080; responding with DataFlow that was elected
2024-10-18 11:32:28,909 INFO [Process Cluster Protocol Request-7] o.a.n.c.c.node.NodeClusterCoordinator Status of mynifi:8080 changed from NodeConnectionStatus[nodeId=mynifi:8080, state=DISCONNECTED, Disconnect Code=Has Not Yet Connected to Cluster, Disconnect Reason=Has Not Yet Connected to Cluster, updateId=1] to NodeConnectionStatus[nodeId=mynifi:8080, state=CONNECTING, updateId=8]
2024-10-18 11:32:28,921 INFO [Process Cluster Protocol Request-7] o.a.n.c.p.impl.SocketProtocolListener Finished processing request 05ac0ba7-06db-4594-9378-0b5ac56f7ee3 (type=CONNECTION_REQUEST, length=1779 bytes) from mynifi:8080 in 29 millis
2024-10-18 11:32:28,921 INFO [Process Cluster Protocol Request-8] o.a.n.c.c.node.NodeClusterCoordinator Status of mynifi:8080 changed from NodeConnectionStatus[nodeId=mynifi:8080, state=CONNECTING, updateId=8] to NodeConnectionStatus[nodeId=mynifi:8080, state=CONNECTING, updateId=8]
2024-10-18 11:32:28,925 INFO [Process Cluster Protocol Request-8] o.a.n.c.p.impl.SocketProtocolListener Finished processing request 33dd4be7-3799-4e04-8d76-41ce5c8a3445 (type=NODE_STATUS_CHANGE, length=1137 bytes) from mynifi in 7 millis
2024-10-18 11:32:28,926 INFO [main] o.a.nifi.controller.StandardFlowService Received successful response from Cluster Coordinator to Connection Request
2024-10-18 11:32:28,928 INFO [main] o.a.n.c.c.node.NodeClusterCoordinator Resetting cluster node statuses from {2370eba1-2890-41f3-88cd-209a1afefa8d=NodeConnectionStatus[nodeId=mynifi:8080, state=CONNECTING, updateId=8]} to {mynifi:8080=NodeConnectionStatus[nodeId=mynifi:8080, state=CONNECTING, updateId=8]}
2024-10-18 11:32:28,929 INFO [Process Cluster Protocol Request-9] o.a.n.c.c.node.NodeClusterCoordinator Status of mynifi:8080 changed from NodeConnectionStatus[nodeId=mynifi:8080, state=CONNECTING, updateId=8] to NodeConnectionStatus[nodeId=mynifi:8080, state=CONNECTING, updateId=8]
2024-10-18 11:32:28,932 INFO [Process Cluster Protocol Request-9] o.a.n.c.p.impl.SocketProtocolListener Finished processing request 1f14f298-1a1d-4777-804d-18d2b9ccea47 (type=NODE_STATUS_CHANGE, length=1137 bytes) from mynifi in 6 millis
2024-10-18 11:32:28,934 INFO [main] o.a.nifi.controller.StandardFlowService Setting Flow Controller's Node ID: mynifi:8080
2024-10-18 11:32:28,936 INFO [Process Cluster Protocol Request-10] o.a.n.c.c.node.NodeClusterCoordinator Status of mynifi:8080 changed from NodeConnectionStatus[nodeId=mynifi:8080, state=CONNECTING, updateId=8] to NodeConnectionStatus[nodeId=mynifi:8080, state=CONNECTING, updateId=8]
2024-10-18 11:32:28,938 INFO [Process Cluster Protocol Request-10] o.a.n.c.p.impl.SocketProtocolListener Finished processing request 73916b9e-d300-4423-abe9-31b16d388469 (type=NODE_STATUS_CHANGE, length=1137 bytes) from mynifi in 5 millis
2024-10-18 11:32:28,940 INFO [Process Cluster Protocol Request-1] o.a.n.c.c.node.NodeClusterCoordinator Status of mynifi:8080 changed from NodeConnectionStatus[nodeId=mynifi:8080, state=CONNECTING, updateId=8] to NodeConnectionStatus[nodeId=mynifi:8080, state=CONNECTING, updateId=8]
2024-10-18 11:32:28,941 INFO [Process Cluster Protocol Request-1] o.a.n.c.p.impl.SocketProtocolListener Finished processing request 5f554868-c3ef-4a88-a583-d2b6a3e33226 (type=NODE_STATUS_CHANGE, length=1137 bytes) from mynifi in 3 millis
2024-10-18 11:32:28,943 INFO [Process Cluster Protocol Request-2] o.a.n.c.c.node.NodeClusterCoordinator Status of mynifi:8080 changed from NodeConnectionStatus[nodeId=mynifi:8080, state=CONNECTING, updateId=8] to NodeConnectionStatus[nodeId=mynifi:8080, state=CONNECTING, updateId=8]
2024-10-18 11:32:28,944 INFO [Process Cluster Protocol Request-2] o.a.n.c.p.impl.SocketProtocolListener Finished processing request 74f98392-d29e-47ec-bb80-73516c43f5f0 (type=NODE_STATUS_CHANGE, length=1137 bytes) from mynifi in 3 millis
2024-10-18 11:32:28,946 INFO [Process Cluster Protocol Request-3] o.a.n.c.c.node.NodeClusterCoordinator Status of mynifi:8080 changed from NodeConnectionStatus[nodeId=mynifi:8080, state=CONNECTING, updateId=8] to NodeConnectionStatus[nodeId=mynifi:8080, state=CONNECTING, updateId=8]
2024-10-18 11:32:28,947 INFO [Process Cluster Protocol Request-3] o.a.n.c.p.impl.SocketProtocolListener Finished processing request f7ed0efd-8c56-487f-ac73-3ff98bb9cf36 (type=NODE_STATUS_CHANGE, length=1137 bytes) from mynifi in 2 millis
2024-10-18 11:32:28,949 INFO [Process Cluster Protocol Request-4] o.a.n.c.c.node.NodeClusterCoordinator Status of mynifi:8080 changed from NodeConnectionStatus[nodeId=mynifi:8080, state=CONNECTING, updateId=8] to NodeConnectionStatus[nodeId=mynifi:8080, state=CONNECTING, updateId=8]
2024-10-18 11:32:28,950 INFO [Process Cluster Protocol Request-4] o.a.n.c.p.impl.SocketProtocolListener Finished processing request 908f990f-2701-4695-8da2-6928e8664bf6 (type=NODE_STATUS_CHANGE, length=1137 bytes) from mynifi in 3 millis
2024-10-18 11:32:28,951 INFO [main] o.apache.nifi.controller.FlowController Successfully synchronized controller with proposed flow. Flow contains the following number of components: {Processors=0, Controller Services=0, Reporting Tasks=0, Process Groups=0, Remote Process Groups=0, Local Input Ports=0, Local Output Ports=0, Public Input Ports=0, Public Output Ports=0}
2024-10-18 11:32:28,952 INFO [Process Cluster Protocol Request-5] o.a.n.c.c.node.NodeClusterCoordinator Status of mynifi:8080 changed from NodeConnectionStatus[nodeId=mynifi:8080, state=CONNECTING, updateId=8] to NodeConnectionStatus[nodeId=mynifi:8080, state=CONNECTING, updateId=8]
2024-10-18 11:32:28,953 INFO [Process Cluster Protocol Request-5] o.a.n.c.p.impl.SocketProtocolListener Finished processing request 38923b70-4631-4ae6-bb4d-4cf58fdd26b0 (type=NODE_STATUS_CHANGE, length=1137 bytes) from mynifi in 2 millis
2024-10-18 11:32:28,954 INFO [Process Cluster Protocol Request-6] o.a.n.c.c.node.NodeClusterCoordinator Status of mynifi:8080 changed from NodeConnectionStatus[nodeId=mynifi:8080, state=CONNECTING, updateId=8] to NodeConnectionStatus[nodeId=mynifi:8080, state=CONNECTING, updateId=8]
2024-10-18 11:32:28,955 INFO [Process Cluster Protocol Request-6] o.a.n.c.p.impl.SocketProtocolListener Finished processing request a6c9e173-aa78-41c0-a437-d227c8e26a37 (type=NODE_STATUS_CHANGE, length=1137 bytes) from mynifi in 2 millis
2024-10-18 11:32:28,956 INFO [Process Cluster Protocol Request-7] o.a.n.c.c.node.NodeClusterCoordinator Status of mynifi:8080 changed from NodeConnectionStatus[nodeId=mynifi:8080, state=CONNECTING, updateId=8] to NodeConnectionStatus[nodeId=mynifi:8080, state=CONNECTING, updateId=8]
2024-10-18 11:32:28,956 INFO [Process Cluster Protocol Request-7] o.a.n.c.p.impl.SocketProtocolListener Finished processing request 4c99ee92-01a8-4afd-93bc-5ce67c470cb6 (type=NODE_STATUS_CHANGE, length=1137 bytes) from mynifi in 1 millis
2024-10-18 11:32:28,958 INFO [main] o.a.n.c.c.node.NodeClusterCoordinator This node is now connected to the cluster. Will no longer require election of DataFlow.
2024-10-18 11:32:28,959 INFO [main] o.a.n.web.revision.NaiveRevisionManager Resetting Revisions for all components. 0 revisions will be removed, 0 will be added
2024-10-18 11:32:28,959 INFO [main] o.apache.nifi.controller.FlowController Cluster State changed from Not Clustered to Clustered
2024-10-18 11:32:28,959 INFO [main] o.a.n.c.l.e.CuratorLeaderElectionManager CuratorLeaderElectionManager[stopped=false] Registered new Leader Selector for role Primary Node; this node is an active participant in the election.
2024-10-18 11:32:28,959 INFO [main] o.a.n.c.l.e.CuratorLeaderElectionManager CuratorLeaderElectionManager[stopped=false] Attempted to register Leader Election for role 'Cluster Coordinator' but this role is already registered
2024-10-18 11:32:28,962 INFO [main] o.a.n.wali.SequentialAccessWriteAheadLog Recovering records from Write-Ahead Log at ./flowfile_repository
2024-10-18 11:32:28,963 INFO [main] o.a.n.wali.SequentialAccessWriteAheadLog No Snapshot File to recover from at ./flowfile_repository. Now recovering records from 0 journal files
2024-10-18 11:32:28,964 INFO [main] o.a.n.wali.SequentialAccessWriteAheadLog Successfully recovered 0 records in 1 milliseconds. Now checkpointing to ensure that Write-Ahead Log is in a consistent state
2024-10-18 11:32:28,968 INFO [Leader Election Notification Thread-2] o.a.n.c.l.e.CuratorLeaderElectionManager org.apache.nifi.controller.leader.election.CuratorLeaderElectionManager$ElectionListener@2db155cd This node has been elected Leader for Role 'Primary Node'
2024-10-18 11:32:28,969 INFO [Leader Election Notification Thread-2] o.apache.nifi.controller.FlowController This node has been elected Primary Node
2024-10-18 11:32:28,976 INFO [main] o.a.n.wali.SequentialAccessWriteAheadLog Checkpointed Write-Ahead Log with 0 Records and 0 Swap Files in 11 milliseconds (Stop-the-world time = 10 milliseconds), max Transaction ID -1
2024-10-18 11:32:28,977 INFO [main] o.a.n.c.r.WriteAheadFlowFileRepository Successfully restored 0 FlowFiles and 0 Swap Files
2024-10-18 11:32:28,992 INFO [main] o.apache.nifi.controller.FlowController Performed initial validation of all components in 0 milliseconds
2024-10-18 11:32:28,992 INFO [main] o.apache.nifi.controller.FlowController Starting 0 processors/ports/funnels
2024-10-18 11:32:28,992 INFO [main] o.apache.nifi.controller.FlowController Started 0 Remote Group Ports transmitting
2024-10-18 11:32:28,992 INFO [main] o.apache.nifi.controller.FlowController Will no longer send heartbeats
2024-10-18 11:32:29,000 INFO [main] org.apache.nifi.web.server.JettyServer Flow loaded successfully.
2024-10-18 11:32:29,005 INFO [main] org.apache.nifi.nar.NarAutoLoader Starting NAR Auto-Loader for directory ./extensions ...
2024-10-18 11:32:29,006 INFO [main] org.apache.nifi.web.server.JettyServer NiFi has started. The UI is available at the following URLs:
2024-10-18 11:32:29,006 INFO [main] org.apache.nifi.web.server.JettyServer http://mynifi:8080/nifi
2024-10-18 11:32:29,007 INFO [Process Cluster Protocol Request-8] o.a.n.c.p.impl.SocketProtocolListener Finished processing request 81928b64-db6e-4892-af30-cbdffd311101 (type=HEARTBEAT, length=2314 bytes) from mynifi:8080 in 3 millis
2024-10-18 11:32:29,007 INFO [main] org.apache.nifi.BootstrapListener Successfully initiated communication with Bootstrap
2024-10-18 11:32:29,007 INFO [main] org.apache.nifi.NiFi Controller initialization took 40941695146 nanoseconds (40 seconds).
2024-10-18 11:32:29,008 INFO [Clustering Tasks Thread-1] o.a.n.c.c.ClusterProtocolHeartbeater Heartbeat created at 2024-10-18 11:32:29,001 and sent to mynifi:8082 at 2024-10-18 11:32:29,008; send took 7 millis
2024-10-18 11:32:31,934 INFO [Heartbeat Monitor Thread-1] o.a.n.c.c.node.NodeClusterCoordinator mynifi:8080 is now connected
2024-10-18 11:32:31,934 INFO [Heartbeat Monitor Thread-1] o.a.n.c.c.node.NodeClusterCoordinator Status of mynifi:8080 changed from NodeConnectionStatus[nodeId=mynifi:8080, state=CONNECTING, updateId=8] to NodeConnectionStatus[nodeId=mynifi:8080, state=CONNECTED, updateId=10]
2024-10-18 11:32:31,935 INFO [Heartbeat Monitor Thread-1] o.a.n.c.c.node.NodeClusterCoordinator Event Reported for mynifi:8080 -- Received first heartbeat from connecting node. Node connected.
2024-10-18 11:32:31,935 INFO [Heartbeat Monitor Thread-1] o.a.n.c.c.h.AbstractHeartbeatMonitor Finished processing 1 heartbeats in 1 millis
2024-10-18 11:32:34,013 INFO [Process Cluster Protocol Request-9] o.a.n.c.p.impl.SocketProtocolListener Finished processing request 0b659956-253c-4723-828c-2f83c1b2f932 (type=HEARTBEAT, length=2234 bytes) from mynifi:8080 in 2 millis
2024-10-18 11:32:34,014 INFO [Clustering Tasks Thread-1] o.a.n.c.c.ClusterProtocolHeartbeater Heartbeat created at 2024-10-18 11:32:34,009 and sent to mynifi:8082 at 2024-10-18 11:32:34,014; send took 4 millis
2024-10-18 11:32:36,936 INFO [Heartbeat Monitor Thread-1] o.a.n.c.c.h.AbstractHeartbeatMonitor Finished processing 1 heartbeats in 61126 nanos
2024-10-18 11:32:39,030 INFO [Process Cluster Protocol Request-10] o.a.n.c.p.impl.SocketProtocolListener Finished processing request 61dc285c-b754-4364-b48f-e47b9a418191 (type=HEARTBEAT, length=2234 bytes) from mynifi:8080 in 6 millis
2024-10-18 11:32:39,035 INFO [Clustering Tasks Thread-2] o.a.n.c.c.ClusterProtocolHeartbeater Heartbeat created at 2024-10-18 11:32:39,016 and sent to mynifi:8082 at 2024-10-18 11:32:39,035; send took 18 millis
2024-10-18 11:32:41,937 INFO [Heartbeat Monitor Thread-1] o.a.n.c.c.h.AbstractHeartbeatMonitor Finished processing 1 heartbeats in 69245 nanos
2024-10-18 11:32:44,043 INFO [Process Cluster Protocol Request-1] o.a.n.c.p.impl.SocketProtocolListener Finished processing request 845d7cf0-8029-4c59-9823-7d4391efb98e (type=HEARTBEAT, length=2234 bytes) from mynifi:8080 in 1 millis
2024-10-18 11:32:44,044 INFO [Clustering Tasks Thread-2] o.a.n.c.c.ClusterProtocolHeartbeater Heartbeat created at 2024-10-18 11:32:44,036 and sent to mynifi:8082 at 2024-10-18 11:32:44,044; send took 7 millis
2024-10-18 11:32:46,937 INFO [Heartbeat Monitor Thread-1] o.a.n.c.c.h.AbstractHeartbeatMonitor Finished processing 1 heartbeats in 38227 nanos
2024-10-18 11:32:48,978 INFO [pool-10-thread-1] o.a.n.c.r.WriteAheadFlowFileRepository Initiating checkpoint of FlowFile Repository
2024-10-18 11:32:48,979 INFO [pool-10-thread-1] o.a.n.c.r.WriteAheadFlowFileRepository Successfully checkpointed FlowFile Repository with 0 records in 0 milliseconds
2024-10-18 11:32:49,057 INFO [Process Cluster Protocol Request-2] o.a.n.c.p.impl.SocketProtocolListener Finished processing request aae2f3f1-777a-4766-9ea8-9b57a2816826 (type=HEARTBEAT, length=2234 bytes) from mynifi:8080 in 6 millis
2024-10-18 11:32:49,061 INFO [Clustering Tasks Thread-2] o.a.n.c.c.ClusterProtocolHeartbeater Heartbeat created at 2024-10-18 11:32:49,045 and sent to mynifi:8082 at 2024-10-18 11:32:49,061; send took 16 millis
2024-10-18 11:32:51,938 INFO [Heartbeat Monitor Thread-1] o.a.n.c.c.h.AbstractHeartbeatMonitor Finished processing 1 heartbeats in 37932 nanos
2024-10-18 11:32:54,074 INFO [Process Cluster Protocol Request-3] o.a.n.c.p.impl.SocketProtocolListener Finished processing request 5cc8e007-5a05-44cf-a49e-e481c31dd775 (type=HEARTBEAT, length=2234 bytes) from mynifi:8080 in 5 millis
2024-10-18 11:32:54,078 INFO [Clustering Tasks Thread-2] o.a.n.c.c.ClusterProtocolHeartbeater Heartbeat created at 2024-10-18 11:32:54,062 and sent to mynifi:8082 at 2024-10-18 11:32:54,078; send took 15 millis
2024-10-18 11:32:56,634 INFO [Cleanup Archive for default] o.a.n.c.repository.FileSystemRepository Successfully deleted 0 files (0 bytes) from archive
2024-10-18 11:32:56,939 INFO [Heartbeat Monitor Thread-1] o.a.n.c.c.h.AbstractHeartbeatMonitor Finished processing 1 heartbeats in 25968 nanos
2024-10-18 11:32:59,083 INFO [Process Cluster Protocol Request-4] o.a.n.c.p.impl.SocketProtocolListener Finished processing request 8cdc83c2-7106-43e4-bee8-7a23e763e75c (type=HEARTBEAT, length=2234 bytes) from mynifi:8080 in 1 millis
2024-10-18 11:32:59,084 INFO [Clustering Tasks Thread-2] o.a.n.c.c.ClusterProtocolHeartbeater Heartbeat created at 2024-10-18 11:32:59,079 and sent to mynifi:8082 at 2024-10-18 11:32:59,084; send took 5 millis
2024-10-18 11:33:01,939 INFO [Heartbeat Monitor Thread-1] o.a.n.c.c.h.AbstractHeartbeatMonitor Finished processing 1 heartbeats in 39784 nanos
2024-10-18 11:33:04,099 INFO [Process Cluster Protocol Request-5] o.a.n.c.p.impl.SocketProtocolListener Finished processing request ab208f81-2af6-42de-a25c-dcd522983371 (type=HEARTBEAT, length=2234 bytes) from mynifi:8080 in 7 millis
2024-10-18 11:33:04,104 INFO [Clustering Tasks Thread-2] o.a.n.c.c.ClusterProtocolHeartbeater Heartbeat created at 2024-10-18 11:33:04,085 and sent to mynifi:8082 at 2024-10-18 11:33:04,104; send took 18 millis
2024-10-18 11:33:06,940 INFO [Heartbeat Monitor Thread-1] o.a.n.c.c.h.AbstractHeartbeatMonitor Finished processing 1 heartbeats in 39144 nanos
2024-10-18 11:33:08,979 INFO [pool-10-thread-1] o.a.n.c.r.WriteAheadFlowFileRepository Initiating checkpoint of FlowFile Repository
2024-10-18 11:33:08,980 INFO [pool-10-thread-1] o.a.n.c.r.WriteAheadFlowFileRepository Successfully checkpointed FlowFile Repository with 0 records in 0 milliseconds
2024-10-18 11:33:09,116 INFO [Process Cluster Protocol Request-6] o.a.n.c.p.impl.SocketProtocolListener Finished processing request c247cf82-cb6f-4b4e-8964-7d8128f48fea (type=HEARTBEAT, length=2234 bytes) from mynifi:8080 in 5 millis
2024-10-18 11:33:09,121 INFO [Clustering Tasks Thread-2] o.a.n.c.c.ClusterProtocolHeartbeater Heartbeat created at 2024-10-18 11:33:09,105 and sent to mynifi:8082 at 2024-10-18 11:33:09,121; send took 15 millis
2024-10-18 11:33:11,940 INFO [Heartbeat Monitor Thread-1] o.a.n.c.c.h.AbstractHeartbeatMonitor Finished processing 1 heartbeats in 39829 nanos
2024-10-18 11:33:14,129 INFO [Process Cluster Protocol Request-7] o.a.n.c.p.impl.SocketProtocolListener Finished processing request 61e3df5d-f370-44bb-b34f-ac8bffb5373e (type=HEARTBEAT, length=2234 bytes) from mynifi:8080 in 1 millis
2024-10-18 11:33:14,130 INFO [Clustering Tasks Thread-2] o.a.n.c.c.ClusterProtocolHeartbeater Heartbeat created at 2024-10-18 11:33:14,122 and sent to mynifi:8082 at 2024-10-18 11:33:14,130; send took 8 millis
2024-10-18 11:33:16,941 INFO [Heartbeat Monitor Thread-1] o.a.n.c.c.h.AbstractHeartbeatMonitor Finished processing 1 heartbeats in 38475 nanos
2024-10-18 11:33:19,133 INFO [Process Cluster Protocol Request-8] o.a.n.c.p.impl.SocketProtocolListener Finished processing request 532796f6-4542-4577-b35b-f71a9a317d5f (type=HEARTBEAT, length=2234 bytes) from mynifi:8080 in 1 millis
2024-10-18 11:33:19,134 INFO [Clustering Tasks Thread-2] o.a.n.c.c.ClusterProtocolHeartbeater Heartbeat created at 2024-10-18 11:33:19,130 and sent to mynifi:8082 at 2024-10-18 11:33:19,134; send took 3 millis
2024-10-18 11:33:21,942 INFO [Heartbeat Monitor Thread-1] o.a.n.c.c.h.AbstractHeartbeatMonitor Finished processing 1 heartbeats in 38611 nanos
2024-10-18 11:33:24,142 INFO [Process Cluster Protocol Request-9] o.a.n.c.p.impl.SocketProtocolListener Finished processing request 0c9c316d-2fa7-437c-8bc9-f8799625cca5 (type=HEARTBEAT, length=2234 bytes) from mynifi:8080 in 1 millis
2024-10-18 11:33:24,143 INFO [Clustering Tasks Thread-2] o.a.n.c.c.ClusterProtocolHeartbeater Heartbeat created at 2024-10-18 11:33:24,135 and sent to mynifi:8082 at 2024-10-18 11:33:24,143; send took 7 millis
2024-10-18 11:33:26,942 INFO [Heartbeat Monitor Thread-1] o.a.n.c.c.h.AbstractHeartbeatMonitor Finished processing 1 heartbeats in 38660 nanos
2024-10-18 11:33:28,980 INFO [pool-10-thread-1] o.a.n.c.r.WriteAheadFlowFileRepository Initiating checkpoint of FlowFile Repository
2024-10-18 11:33:28,980 INFO [pool-10-thread-1] o.a.n.c.r.WriteAheadFlowFileRepository Successfully checkpointed FlowFile Repository with 0 records in 0 milliseconds
2024-10-18 11:33:29,147 INFO [Process Cluster Protocol Request-10] o.a.n.c.p.impl.SocketProtocolListener Finished processing request 0c6f9bd4-12aa-4530-90d2-600c7a2074c9 (type=HEARTBEAT, length=2234 bytes) from mynifi:8080 in 1 millis
2024-10-18 11:33:29,147 INFO [Clustering Tasks Thread-2] o.a.n.c.c.ClusterProtocolHeartbeater Heartbeat created at 2024-10-18 11:33:29,143 and sent to mynifi:8082 at 2024-10-18 11:33:29,147; send took 3 millis
2024-10-18 11:33:31,943 INFO [Heartbeat Monitor Thread-1] o.a.n.c.c.h.AbstractHeartbeatMonitor Finished processing 1 heartbeats in 37999 nanos
2024-10-18 11:33:34,153 INFO [Process Cluster Protocol Request-1] o.a.n.c.p.impl.SocketProtocolListener Finished processing request d2fec2ed-3c1c-45cd-b825-f35a655334ef (type=HEARTBEAT, length=2234 bytes) from mynifi:8080 in 2 millis
2024-10-18 11:33:34,156 INFO [Clustering Tasks Thread-2] o.a.n.c.c.ClusterProtocolHeartbeater Heartbeat created at 2024-10-18 11:33:34,148 and sent to mynifi:8082 at 2024-10-18 11:33:34,156; send took 7 millis
2024-10-18 11:33:36,943 INFO [Heartbeat Monitor Thread-1] o.a.n.c.c.h.AbstractHeartbeatMonitor Finished processing 1 heartbeats in 38817 nanos
2024-10-18 11:33:39,167 INFO [Process Cluster Protocol Request-2] o.a.n.c.p.impl.SocketProtocolListener Finished processing request 423e2e9c-0774-4d9c-9e80-6301da7efb8a (type=HEARTBEAT, length=2234 bytes) from mynifi:8080 in 5 millis
2024-10-18 11:33:39,171 INFO [Clustering Tasks Thread-2] o.a.n.c.c.ClusterProtocolHeartbeater Heartbeat created at 2024-10-18 11:33:39,156 and sent to mynifi:8082 at 2024-10-18 11:33:39,171; send took 14 millis
2024-10-18 11:33:41,944 INFO [Heartbeat Monitor Thread-1] o.a.n.c.c.h.AbstractHeartbeatMonitor Finished processing 1 heartbeats in 38998 nanos
2024-10-18 11:33:44,176 INFO [Process Cluster Protocol Request-3] o.a.n.c.p.impl.SocketProtocolListener Finished processing request dc955452-1b8c-4e80-9bde-830f77d17593 (type=HEARTBEAT, length=2234 bytes) from mynifi:8080 in 2 millis
2024-10-18 11:33:44,176 INFO [Clustering Tasks Thread-2] o.a.n.c.c.ClusterProtocolHeartbeater Heartbeat created at 2024-10-18 11:33:44,171 and sent to mynifi:8082 at 2024-10-18 11:33:44,176; send took 5 millis
2024-10-18 11:33:46,945 INFO [Heartbeat Monitor Thread-1] o.a.n.c.c.h.AbstractHeartbeatMonitor Finished processing 1 heartbeats in 18128 nanos
2024-10-18 11:33:48,981 INFO [pool-10-thread-1] o.a.n.c.r.WriteAheadFlowFileRepository Initiating checkpoint of FlowFile Repository
2024-10-18 11:33:48,981 INFO [pool-10-thread-1] o.a.n.c.r.WriteAheadFlowFileRepository Successfully checkpointed FlowFile Repository with 0 records in 0 milliseconds
2024-10-18 11:33:49,188 INFO [Process Cluster Protocol Request-4] o.a.n.c.p.impl.SocketProtocolListener Finished processing request 9c6c65f0-f94e-4923-acef-0ce004a3f8a4 (type=HEARTBEAT, length=2234 bytes) from mynifi:8080 in 5 millis
2024-10-18 11:33:49,192 INFO [Clustering Tasks Thread-2] o.a.n.c.c.ClusterProtocolHeartbeater Heartbeat created at 2024-10-18 11:33:49,177 and sent to mynifi:8082 at 2024-10-18 11:33:49,192; send took 14 millis
2024-10-18 11:33:51,945 INFO [Heartbeat Monitor Thread-1] o.a.n.c.c.h.AbstractHeartbeatMonitor Finished processing 1 heartbeats in 38800 nanos
2024-10-18 11:33:54,203 INFO [Process Cluster Protocol Request-5] o.a.n.c.p.impl.SocketProtocolListener Finished processing request ee5925a7-40bb-4349-9a70-1753d01494d2 (type=HEARTBEAT, length=2234 bytes) from mynifi:8080 in 5 millis
2024-10-18 11:33:54,207 INFO [Clustering Tasks Thread-2] o.a.n.c.c.ClusterProtocolHeartbeater Heartbeat created at 2024-10-18 11:33:54,192 and sent to mynifi:8082 at 2024-10-18 11:33:54,207; send took 14 millis
2024-10-18 11:33:56,201 INFO [Write-Ahead Local State Provider Maintenance] org.wali.MinimalLockingWriteAheadLog org.wali.MinimalLockingWriteAheadLog@5de25642 checkpointed with 2 Records and 0 Swap Files in 7 milliseconds (Stop-the-world time = 1 milliseconds, Clear Edit Logs time = 1 millis), max Transaction ID 3
2024-10-18 11:33:56,672 INFO [Cleanup Archive for default] o.a.n.c.repository.FileSystemRepository Successfully deleted 0 files (0 bytes) from archive
2024-10-18 11:33:56,946 INFO [Heartbeat Monitor Thread-1] o.a.n.c.c.h.AbstractHeartbeatMonitor Finished processing 1 heartbeats in 13735 nanos
2024-10-18 11:33:59,211 INFO [Process Cluster Protocol Request-6] o.a.n.c.p.impl.SocketProtocolListener Finished processing request aff02bcb-eac5-45cc-a377-33ffccd54561 (type=HEARTBEAT, length=2234 bytes) from mynifi:8080 in 1 millis
2024-10-18 11:33:59,212 INFO [Clustering Tasks Thread-2] o.a.n.c.c.ClusterProtocolHeartbeater Heartbeat created at 2024-10-18 11:33:59,208 and sent to mynifi:8082 at 2024-10-18 11:33:59,212; send took 4 millis
2024-10-18 11:34:01,946 INFO [Heartbeat Monitor Thread-1] o.a.n.c.c.h.AbstractHeartbeatMonitor Finished processing 1 heartbeats in 38733 nanos
2024-10-18 11:34:04,223 INFO [Process Cluster Protocol Request-7] o.a.n.c.p.impl.SocketProtocolListener Finished processing request aebc3ca3-2a4d-4ac5-9f4b-94a23b0a2a8b (type=HEARTBEAT, length=2234 bytes) from mynifi:8080 in 5 millis
2024-10-18 11:34:04,225 INFO [Clustering Tasks Thread-2] o.a.n.c.c.ClusterProtocolHeartbeater Heartbeat created at 2024-10-18 11:34:04,213 and sent to mynifi:8082 at 2024-10-18 11:34:04,225; send took 11 millis
2024-10-18 11:34:06,947 INFO [Heartbeat Monitor Thread-1] o.a.n.c.c.h.AbstractHeartbeatMonitor Finished processing 1 heartbeats in 41805 nanos
2024-10-18 11:34:08,981 INFO [pool-10-thread-1] o.a.n.c.r.WriteAheadFlowFileRepository Initiating checkpoint of FlowFile Repository
2024-10-18 11:34:08,982 INFO [pool-10-thread-1] o.a.n.c.r.WriteAheadFlowFileRepository Successfully checkpointed FlowFile Repository with 0 records in 0 milliseconds
2024-10-18 11:34:09,236 INFO [Process Cluster Protocol Request-8] o.a.n.c.p.impl.SocketProtocolListener Finished processing request b1c3dc38-45ca-4a75-aa9d-7c13ab6a052e (type=HEARTBEAT, length=2234 bytes) from mynifi:8080 in 5 millis
2024-10-18 11:34:09,239 INFO [Clustering Tasks Thread-2] o.a.n.c.c.ClusterProtocolHeartbeater Heartbeat created at 2024-10-18 11:34:09,226 and sent to mynifi:8082 at 2024-10-18 11:34:09,239; send took 13 millis
2024-10-18 11:34:11,947 INFO [Heartbeat Monitor Thread-1] o.a.n.c.c.h.AbstractHeartbeatMonitor Finished processing 1 heartbeats in 83922 nanos
2024-10-18 11:34:14,243 INFO [Process Cluster Protocol Request-9] o.a.n.c.p.impl.SocketProtocolListener Finished processing request a355f24b-9821-4f88-bda5-8dac0103bd04 (type=HEARTBEAT, length=2234 bytes) from mynifi:8080 in 1 millis
2024-10-18 11:34:14,244 INFO [Clustering Tasks Thread-2] o.a.n.c.c.ClusterProtocolHeartbeater Heartbeat created at 2024-10-18 11:34:14,240 and sent to mynifi:8082 at 2024-10-18 11:34:14,244; send took 4 millis
2024-10-18 11:34:16,948 INFO [Heartbeat Monitor Thread-1] o.a.n.c.c.h.AbstractHeartbeatMonitor Finished processing 1 heartbeats in 38454 nanos
2024-10-18 11:34:19,252 INFO [Process Cluster Protocol Request-10] o.a.n.c.p.impl.SocketProtocolListener Finished processing request 32245871-b38d-4302-95e0-2446202f3e9f (type=HEARTBEAT, length=2234 bytes) from mynifi:8080 in 4 millis
2024-10-18 11:34:19,256 INFO [Clustering Tasks Thread-2] o.a.n.c.c.ClusterProtocolHeartbeater Heartbeat created at 2024-10-18 11:34:19,244 and sent to mynifi:8082 at 2024-10-18 11:34:19,256; send took 10 millis
2024-10-18 11:34:21,949 INFO [Heartbeat Monitor Thread-1] o.a.n.c.c.h.AbstractHeartbeatMonitor Finished processing 1 heartbeats in 37570 nanos
2024-10-18 11:34:24,267 INFO [Process Cluster Protocol Request-1] o.a.n.c.p.impl.SocketProtocolListener Finished processing request 60c84cde-343b-44cd-8f6d-53c1638a8ace (type=HEARTBEAT, length=2234 bytes) from mynifi:8080 in 5 millis
2024-10-18 11:34:24,271 INFO [Clustering Tasks Thread-2] o.a.n.c.c.ClusterProtocolHeartbeater Heartbeat created at 2024-10-18 11:34:24,256 and sent to mynifi:8082 at 2024-10-18 11:34:24,271; send took 14 millis
2024-10-18 11:34:26,949 INFO [Heartbeat Monitor Thread-1] o.a.n.c.c.h.AbstractHeartbeatMonitor Finished processing 1 heartbeats in 26570 nanos
2024-10-18 11:34:28,982 INFO [pool-10-thread-1] o.a.n.c.r.WriteAheadFlowFileRepository Initiating checkpoint of FlowFile Repository
2024-10-18 11:34:28,982 INFO [pool-10-thread-1] o.a.n.c.r.WriteAheadFlowFileRepository Successfully checkpointed FlowFile Repository with 0 records in 0 milliseconds
2024-10-18 11:34:29,282 INFO [Process Cluster Protocol Request-2] o.a.n.c.p.impl.SocketProtocolListener Finished processing request 2eee9b3d-2405-4abf-acac-d66bd31b364c (type=HEARTBEAT, length=2234 bytes) from mynifi:8080 in 5 millis
2024-10-18 11:34:29,286 INFO [Clustering Tasks Thread-2] o.a.n.c.c.ClusterProtocolHeartbeater Heartbeat created at 2024-10-18 11:34:29,272 and sent to mynifi:8082 at 2024-10-18 11:34:29,286; send took 13 millis
2024-10-18 11:34:31,950 INFO [Heartbeat Monitor Thread-1] o.a.n.c.c.h.AbstractHeartbeatMonitor Finished processing 1 heartbeats in 38186 nanos
2024-10-18 11:34:34,296 INFO [Process Cluster Protocol Request-3] o.a.n.c.p.impl.SocketProtocolListener Finished processing request 27c67ecd-fe5e-49b4-a517-281d88af7bc0 (type=HEARTBEAT, length=2234 bytes) from mynifi:8080 in 4 millis
2024-10-18 11:34:34,300 INFO [Clustering Tasks Thread-2] o.a.n.c.c.ClusterProtocolHeartbeater Heartbeat created at 2024-10-18 11:34:34,287 and sent to mynifi:8082 at 2024-10-18 11:34:34,300; send took 12 millis
2024-10-18 11:34:36,950 INFO [Heartbeat Monitor Thread-1] o.a.n.c.c.h.AbstractHeartbeatMonitor Finished processing 1 heartbeats in 18003 nanos
2024-10-18 11:34:39,310 INFO [Process Cluster Protocol Request-4] o.a.n.c.p.impl.SocketProtocolListener Finished processing request 6afcfc2b-908a-4ac8-81b3-58b75b23d58d (type=HEARTBEAT, length=2234 bytes) from mynifi:8080 in 4 millis
2024-10-18 11:34:39,314 INFO [Clustering Tasks Thread-2] o.a.n.c.c.ClusterProtocolHeartbeater Heartbeat created at 2024-10-18 11:34:39,301 and sent to mynifi:8082 at 2024-10-18 11:34:39,314; send took 13 millis
2024-10-18 11:34:41,951 INFO [Heartbeat Monitor Thread-1] o.a.n.c.c.h.AbstractHeartbeatMonitor Finished processing 1 heartbeats in 69554 nanos
2024-10-18 11:34:44,323 INFO [Process Cluster Protocol Request-5] o.a.n.c.p.impl.SocketProtocolListener Finished processing request f5d11959-14a0-4311-9290-3a27ec5ab2b2 (type=HEARTBEAT, length=2234 bytes) from mynifi:8080 in 2 millis
2024-10-18 11:34:44,323 INFO [Clustering Tasks Thread-2] o.a.n.c.c.ClusterProtocolHeartbeater Heartbeat created at 2024-10-18 11:34:44,315 and sent to mynifi:8082 at 2024-10-18 11:34:44,323; send took 8 millis
2024-10-18 11:34:45,724 INFO [pool-2-thread-2] org.apache.nifi.BootstrapListener Received SHUTDOWN request from Bootstrap
2024-10-18 11:34:45,724 INFO [pool-2-thread-2] org.apache.nifi.NiFi Initiating shutdown of Jetty web server...
2024-10-18 11:34:45,727 INFO [pool-2-thread-2] o.eclipse.jetty.server.AbstractConnector Stopped ServerConnector@6b4a4e40{HTTP/1.1, (http/1.1)}{mynifi:8080}
2024-10-18 11:34:45,727 INFO [pool-2-thread-2] org.eclipse.jetty.server.session node0 Stopped scavenging
2024-10-18 11:35:03,049 INFO [main] org.apache.nifi.NiFi Launching NiFi...
2024-10-18 11:35:03,256 INFO [main] o.a.n.p.AbstractBootstrapPropertiesLoader Determined default application properties path to be '/opt/nifi/nifi-current/./conf/nifi.properties'
2024-10-18 11:35:03,259 INFO [main] o.a.nifi.properties.NiFiPropertiesLoader Loaded 202 properties from /opt/nifi/nifi-current/./conf/nifi.properties
2024-10-18 11:35:03,268 INFO [main] org.apache.nifi.NiFi Loaded 202 properties
2024-10-18 11:35:03,273 INFO [main] org.apache.nifi.BootstrapListener Started Bootstrap Listener, Listening for incoming requests on port 36223
2024-10-18 11:35:03,280 INFO [main] org.apache.nifi.BootstrapListener Successfully initiated communication with Bootstrap
2024-10-18 11:35:03,288 INFO [main] org.apache.nifi.nar.NarUnpacker Expanding 104 NAR files with all processors...
2024-10-18 11:35:15,290 INFO [main] org.apache.nifi.nar.NarUnpacker NAR loading process took 12001718543 nanoseconds (12 seconds).
2024-10-18 11:35:15,538 INFO [main] org.apache.nifi.nar.NarClassLoaders Loaded NAR file: /opt/nifi/nifi-current/./work/nar/extensions/nifi-jetty-bundle-1.14.0.nar-unpacked as class loader org.apache.nifi.nar.NarClassLoader[./work/nar/extensions/nifi-jetty-bundle-1.14.0.nar-unpacked]
2024-10-18 11:35:15,544 INFO [main] org.apache.nifi.nar.NarClassLoaders Loaded NAR file: /opt/nifi/nifi-current/./work/nar/framework/nifi-framework-nar-1.14.0.nar-unpacked as class loader org.apache.nifi.nar.NarClassLoader[./work/nar/framework/nifi-framework-nar-1.14.0.nar-unpacked]
2024-10-18 11:35:15,585 INFO [main] org.apache.nifi.nar.NarClassLoaders Loaded NAR file: /opt/nifi/nifi-current/./work/nar/extensions/nifi-language-translation-nar-1.14.0.nar-unpacked as class loader org.apache.nifi.nar.NarClassLoader[./work/nar/extensions/nifi-language-translation-nar-1.14.0.nar-unpacked]
2024-10-18 11:35:15,588 INFO [main] org.apache.nifi.nar.NarClassLoaders Loaded NAR file: /opt/nifi/nifi-current/./work/nar/extensions/nifi-cybersecurity-nar-1.14.0.nar-unpacked as class loader org.apache.nifi.nar.NarClassLoader[./work/nar/extensions/nifi-cybersecurity-nar-1.14.0.nar-unpacked]
2024-10-18 11:35:15,589 INFO [main] org.apache.nifi.nar.NarClassLoaders Loaded NAR file: /opt/nifi/nifi-current/./work/nar/extensions/nifi-avro-nar-1.14.0.nar-unpacked as class loader org.apache.nifi.nar.NarClassLoader[./work/nar/extensions/nifi-avro-nar-1.14.0.nar-unpacked]
2024-10-18 11:35:15,591 INFO [main] org.apache.nifi.nar.NarClassLoaders Loaded NAR file: /opt/nifi/nifi-current/./work/nar/extensions/nifi-poi-nar-1.14.0.nar-unpacked as class loader org.apache.nifi.nar.NarClassLoader[./work/nar/extensions/nifi-poi-nar-1.14.0.nar-unpacked]
2024-10-18 11:35:15,596 INFO [main] org.apache.nifi.nar.NarClassLoaders Loaded NAR file: /opt/nifi/nifi-current/./work/nar/extensions/nifi-hl7-nar-1.14.0.nar-unpacked as class loader org.apache.nifi.nar.NarClassLoader[./work/nar/extensions/nifi-hl7-nar-1.14.0.nar-unpacked]
2024-10-18 11:35:15,598 INFO [main] org.apache.nifi.nar.NarClassLoaders Loaded NAR file: /opt/nifi/nifi-current/./work/nar/extensions/nifi-smb-nar-1.14.0.nar-unpacked as class loader org.apache.nifi.nar.NarClassLoader[./work/nar/extensions/nifi-smb-nar-1.14.0.nar-unpacked]
2024-10-18 11:35:15,602 INFO [main] org.apache.nifi.nar.NarClassLoaders Loaded NAR file: /opt/nifi/nifi-current/./work/nar/extensions/nifi-network-processors-nar-1.14.0.nar-unpacked as class loader org.apache.nifi.nar.NarClassLoader[./work/nar/extensions/nifi-network-processors-nar-1.14.0.nar-unpacked]
2024-10-18 11:35:15,603 INFO [main] org.apache.nifi.nar.NarClassLoaders Loaded NAR file: /opt/nifi/nifi-current/./work/nar/extensions/nifi-tcp-nar-1.14.0.nar-unpacked as class loader org.apache.nifi.nar.NarClassLoader[./work/nar/extensions/nifi-tcp-nar-1.14.0.nar-unpacked]
2024-10-18 11:35:15,605 INFO [main] org.apache.nifi.nar.NarClassLoaders Loaded NAR file: /opt/nifi/nifi-current/./work/nar/extensions/nifi-standard-services-api-nar-1.14.0.nar-unpacked as class loader org.apache.nifi.nar.NarClassLoader[./work/nar/extensions/nifi-standard-services-api-nar-1.14.0.nar-unpacked]
2024-10-18 11:35:15,608 INFO [main] org.apache.nifi.nar.NarClassLoaders Loaded NAR file: /opt/nifi/nifi-current/./work/nar/extensions/nifi-grpc-nar-1.14.0.nar-unpacked as class loader org.apache.nifi.nar.NarClassLoader[./work/nar/extensions/nifi-grpc-nar-1.14.0.nar-unpacked]
2024-10-18 11:35:15,615 INFO [main] org.apache.nifi.nar.NarClassLoaders Loaded NAR file: /opt/nifi/nifi-current/./work/nar/extensions/nifi-distributed-cache-services-nar-1.14.0.nar-unpacked as class loader org.apache.nifi.nar.NarClassLoader[./work/nar/extensions/nifi-distributed-cache-services-nar-1.14.0.nar-unpacked]
2024-10-18 11:35:15,618 INFO [main] org.apache.nifi.nar.NarClassLoaders Loaded NAR file: /opt/nifi/nifi-current/./work/nar/extensions/nifi-kafka-2-6-nar-1.14.0.nar-unpacked as class loader org.apache.nifi.nar.NarClassLoader[./work/nar/extensions/nifi-kafka-2-6-nar-1.14.0.nar-unpacked]
2024-10-18 11:35:15,621 INFO [main] org.apache.nifi.nar.NarClassLoaders Loaded NAR file: /opt/nifi/nifi-current/./work/nar/extensions/nifi-riemann-nar-1.14.0.nar-unpacked as class loader org.apache.nifi.nar.NarClassLoader[./work/nar/extensions/nifi-riemann-nar-1.14.0.nar-unpacked]
2024-10-18 11:35:15,622 INFO [main] org.apache.nifi.nar.NarClassLoaders Loaded NAR file: /opt/nifi/nifi-current/./work/nar/extensions/nifi-amqp-nar-1.14.0.nar-unpacked as class loader org.apache.nifi.nar.NarClassLoader[./work/nar/extensions/nifi-amqp-nar-1.14.0.nar-unpacked]
2024-10-18 11:35:15,635 INFO [main] org.apache.nifi.nar.NarClassLoaders Loaded NAR file: /opt/nifi/nifi-current/./work/nar/extensions/nifi-kafka-1-0-nar-1.14.0.nar-unpacked as class loader org.apache.nifi.nar.NarClassLoader[./work/nar/extensions/nifi-kafka-1-0-nar-1.14.0.nar-unpacked]
2024-10-18 11:35:15,639 INFO [main] org.apache.nifi.nar.NarClassLoaders Loaded NAR file: /opt/nifi/nifi-current/./work/nar/extensions/nifi-update-attribute-nar-1.14.0.nar-unpacked as class loader org.apache.nifi.nar.NarClassLoader[./work/nar/extensions/nifi-update-attribute-nar-1.14.0.nar-unpacked]
2024-10-18 11:35:15,645 INFO [main] org.apache.nifi.nar.NarClassLoaders Loaded NAR file: /opt/nifi/nifi-current/./work/nar/extensions/nifi-snmp-nar-1.14.0.nar-unpacked as class loader org.apache.nifi.nar.NarClassLoader[./work/nar/extensions/nifi-snmp-nar-1.14.0.nar-unpacked]
2024-10-18 11:35:15,646 INFO [main] org.apache.nifi.nar.NarClassLoaders Loaded NAR file: /opt/nifi/nifi-current/./work/nar/extensions/nifi-datadog-nar-1.14.0.nar-unpacked as class loader org.apache.nifi.nar.NarClassLoader[./work/nar/extensions/nifi-datadog-nar-1.14.0.nar-unpacked]
2024-10-18 11:35:15,651 INFO [main] org.apache.nifi.nar.NarClassLoaders Loaded NAR file: /opt/nifi/nifi-current/./work/nar/extensions/nifi-kerberos-iaa-providers-nar-1.14.0.nar-unpacked as class loader org.apache.nifi.nar.NarClassLoader[./work/nar/extensions/nifi-kerberos-iaa-providers-nar-1.14.0.nar-unpacked]
2024-10-18 11:35:15,652 INFO [main] org.apache.nifi.nar.NarClassLoaders Loaded NAR file: /opt/nifi/nifi-current/./work/nar/extensions/nifi-hive-services-api-nar-1.14.0.nar-unpacked as class loader org.apache.nifi.nar.NarClassLoader[./work/nar/extensions/nifi-hive-services-api-nar-1.14.0.nar-unpacked]
2024-10-18 11:35:15,654 INFO [main] org.apache.nifi.nar.NarClassLoaders Loaded NAR file: /opt/nifi/nifi-current/./work/nar/extensions/nifi-standard-nar-1.14.0.nar-unpacked as class loader org.apache.nifi.nar.NarClassLoader[./work/nar/extensions/nifi-standard-nar-1.14.0.nar-unpacked]
2024-10-18 11:35:15,670 INFO [main] org.apache.nifi.nar.NarClassLoaders Loaded NAR file: /opt/nifi/nifi-current/./work/nar/extensions/nifi-prometheus-nar-1.14.0.nar-unpacked as class loader org.apache.nifi.nar.NarClassLoader[./work/nar/extensions/nifi-prometheus-nar-1.14.0.nar-unpacked]
2024-10-18 11:35:15,675 INFO [main] org.apache.nifi.nar.NarClassLoaders Loaded NAR file: /opt/nifi/nifi-current/./work/nar/extensions/nifi-windows-event-log-nar-1.14.0.nar-unpacked as class loader org.apache.nifi.nar.NarClassLoader[./work/nar/extensions/nifi-windows-event-log-nar-1.14.0.nar-unpacked]
2024-10-18 11:35:15,677 INFO [main] org.apache.nifi.nar.NarClassLoaders Loaded NAR file: /opt/nifi/nifi-current/./work/nar/extensions/nifi-ambari-nar-1.14.0.nar-unpacked as class loader org.apache.nifi.nar.NarClassLoader[./work/nar/extensions/nifi-ambari-nar-1.14.0.nar-unpacked]
2024-10-18 11:35:15,679 INFO [main] org.apache.nifi.nar.NarClassLoaders Loaded NAR file: /opt/nifi/nifi-current/./work/nar/extensions/nifi-hadoop-dbcp-service-nar-1.14.0.nar-unpacked as class loader org.apache.nifi.nar.NarClassLoader[./work/nar/extensions/nifi-hadoop-dbcp-service-nar-1.14.0.nar-unpacked]
2024-10-18 11:35:15,680 INFO [main] org.apache.nifi.nar.NarClassLoaders Loaded NAR file: /opt/nifi/nifi-current/./work/nar/extensions/nifi-slack-nar-1.14.0.nar-unpacked as class loader org.apache.nifi.nar.NarClassLoader[./work/nar/extensions/nifi-slack-nar-1.14.0.nar-unpacked]
2024-10-18 11:35:15,681 INFO [main] org.apache.nifi.nar.NarClassLoaders Loaded NAR file: /opt/nifi/nifi-current/./work/nar/extensions/nifi-evtx-nar-1.14.0.nar-unpacked as class loader org.apache.nifi.nar.NarClassLoader[./work/nar/extensions/nifi-evtx-nar-1.14.0.nar-unpacked]
2024-10-18 11:35:15,683 INFO [main] org.apache.nifi.nar.NarClassLoaders Loaded NAR file: /opt/nifi/nifi-current/./work/nar/extensions/nifi-server-nar-1.14.0.nar-unpacked as class loader org.apache.nifi.nar.NarClassLoader[./work/nar/extensions/nifi-server-nar-1.14.0.nar-unpacked]
2024-10-18 11:35:15,707 INFO [main] org.apache.nifi.nar.NarClassLoaders Loaded NAR file: /opt/nifi/nifi-current/./work/nar/extensions/nifi-mqtt-nar-1.14.0.nar-unpacked as class loader org.apache.nifi.nar.NarClassLoader[./work/nar/extensions/nifi-mqtt-nar-1.14.0.nar-unpacked]
2024-10-18 11:35:15,709 INFO [main] org.apache.nifi.nar.NarClassLoaders Loaded NAR file: /opt/nifi/nifi-current/./work/nar/extensions/nifi-influxdb-nar-1.14.0.nar-unpacked as class loader org.apache.nifi.nar.NarClassLoader[./work/nar/extensions/nifi-influxdb-nar-1.14.0.nar-unpacked]
2024-10-18 11:35:15,711 INFO [main] org.apache.nifi.nar.NarClassLoaders Loaded NAR file: /opt/nifi/nifi-current/./work/nar/extensions/nifi-enrich-nar-1.14.0.nar-unpacked as class loader org.apache.nifi.nar.NarClassLoader[./work/nar/extensions/nifi-enrich-nar-1.14.0.nar-unpacked]
2024-10-18 11:35:15,714 INFO [main] org.apache.nifi.nar.NarClassLoaders Loaded NAR file: /opt/nifi/nifi-current/./work/nar/extensions/nifi-kafka-2-0-nar-1.14.0.nar-unpacked as class loader org.apache.nifi.nar.NarClassLoader[./work/nar/extensions/nifi-kafka-2-0-nar-1.14.0.nar-unpacked]
2024-10-18 11:35:15,719 INFO [main] org.apache.nifi.nar.NarClassLoaders Loaded NAR file: /opt/nifi/nifi-current/./work/nar/extensions/nifi-hwx-schema-registry-nar-1.14.0.nar-unpacked as class loader org.apache.nifi.nar.NarClassLoader[./work/nar/extensions/nifi-hwx-schema-registry-nar-1.14.0.nar-unpacked]
2024-10-18 11:35:15,732 INFO [main] org.apache.nifi.nar.NarClassLoaders Loaded NAR file: /opt/nifi/nifi-current/./work/nar/extensions/nifi-email-nar-1.14.0.nar-unpacked as class loader org.apache.nifi.nar.NarClassLoader[./work/nar/extensions/nifi-email-nar-1.14.0.nar-unpacked]
2024-10-18 11:35:15,738 INFO [main] org.apache.nifi.nar.NarClassLoaders Loaded NAR file: /opt/nifi/nifi-current/./work/nar/extensions/nifi-redis-service-api-nar-1.14.0.nar-unpacked as class loader org.apache.nifi.nar.NarClassLoader[./work/nar/extensions/nifi-redis-service-api-nar-1.14.0.nar-unpacked]
2024-10-18 11:35:15,742 INFO [main] org.apache.nifi.nar.NarClassLoaders Loaded NAR file: /opt/nifi/nifi-current/./work/nar/extensions/nifi-stateless-nar-1.14.0.nar-unpacked as class loader org.apache.nifi.nar.NarClassLoader[./work/nar/extensions/nifi-stateless-nar-1.14.0.nar-unpacked]
2024-10-18 11:35:15,754 INFO [main] org.apache.nifi.nar.NarClassLoaders Loaded NAR file: /opt/nifi/nifi-current/./work/nar/extensions/nifi-ldap-iaa-providers-nar-1.14.0.nar-unpacked as class loader org.apache.nifi.nar.NarClassLoader[./work/nar/extensions/nifi-ldap-iaa-providers-nar-1.14.0.nar-unpacked]
2024-10-18 11:35:15,760 INFO [main] org.apache.nifi.nar.NarClassLoaders Loaded NAR file: /opt/nifi/nifi-current/./work/nar/extensions/nifi-stateful-analysis-nar-1.14.0.nar-unpacked as class loader org.apache.nifi.nar.NarClassLoader[./work/nar/extensions/nifi-stateful-analysis-nar-1.14.0.nar-unpacked]
2024-10-18 11:35:15,762 INFO [main] org.apache.nifi.nar.NarClassLoaders Loaded NAR file: /opt/nifi/nifi-current/./work/nar/extensions/nifi-metrics-reporter-service-api-nar-1.14.0.nar-unpacked as class loader org.apache.nifi.nar.NarClassLoader[./work/nar/extensions/nifi-metrics-reporter-service-api-nar-1.14.0.nar-unpacked]
2024-10-18 11:35:15,763 INFO [main] org.apache.nifi.nar.NarClassLoaders Loaded NAR file: /opt/nifi/nifi-current/./work/nar/extensions/nifi-social-media-nar-1.14.0.nar-unpacked as class loader org.apache.nifi.nar.NarClassLoader[./work/nar/extensions/nifi-social-media-nar-1.14.0.nar-unpacked]
2024-10-18 11:35:15,765 INFO [main] org.apache.nifi.nar.NarClassLoaders Loaded NAR file: /opt/nifi/nifi-current/./work/nar/extensions/nifi-elasticsearch-nar-1.14.0.nar-unpacked as class loader org.apache.nifi.nar.NarClassLoader[./work/nar/extensions/nifi-elasticsearch-nar-1.14.0.nar-unpacked]
2024-10-18 11:35:15,772 INFO [main] org.apache.nifi.nar.NarClassLoaders Loaded NAR file: /opt/nifi/nifi-current/./work/nar/extensions/nifi-gcp-services-api-nar-1.14.0.nar-unpacked as class loader org.apache.nifi.nar.NarClassLoader[./work/nar/extensions/nifi-gcp-services-api-nar-1.14.0.nar-unpacked]
2024-10-18 11:35:15,775 INFO [main] org.apache.nifi.nar.NarClassLoaders Loaded NAR file: /opt/nifi/nifi-current/./work/nar/extensions/nifi-single-user-iaa-providers-nar-1.14.0.nar-unpacked as class loader org.apache.nifi.nar.NarClassLoader[./work/nar/extensions/nifi-single-user-iaa-providers-nar-1.14.0.nar-unpacked]
2024-10-18 11:35:15,776 INFO [main] org.apache.nifi.nar.NarClassLoaders Loaded NAR file: /opt/nifi/nifi-current/./work/nar/extensions/nifi-lookup-services-nar-1.14.0.nar-unpacked as class loader org.apache.nifi.nar.NarClassLoader[./work/nar/extensions/nifi-lookup-services-nar-1.14.0.nar-unpacked]
2024-10-18 11:35:15,787 INFO [main] org.apache.nifi.nar.NarClassLoaders Loaded NAR file: /opt/nifi/nifi-current/./work/nar/extensions/nifi-hbase_1_1_2-client-service-nar-1.14.0.nar-unpacked as class loader org.apache.nifi.nar.NarClassLoader[./work/nar/extensions/nifi-hbase_1_1_2-client-service-nar-1.14.0.nar-unpacked]
2024-10-18 11:35:15,795 INFO [main] org.apache.nifi.nar.NarClassLoaders Loaded NAR file: /opt/nifi/nifi-current/./work/nar/extensions/nifi-oauth2-provider-nar-1.14.0.nar-unpacked as class loader org.apache.nifi.nar.NarClassLoader[./work/nar/extensions/nifi-oauth2-provider-nar-1.14.0.nar-unpacked]
2024-10-18 11:35:15,796 INFO [main] org.apache.nifi.nar.NarClassLoaders Loaded NAR file: /opt/nifi/nifi-current/./work/nar/extensions/nifi-html-nar-1.14.0.nar-unpacked as class loader org.apache.nifi.nar.NarClassLoader[./work/nar/extensions/nifi-html-nar-1.14.0.nar-unpacked]
2024-10-18 11:35:15,797 INFO [main] org.apache.nifi.nar.NarClassLoaders Loaded NAR file: /opt/nifi/nifi-current/./work/nar/extensions/nifi-http-context-map-nar-1.14.0.nar-unpacked as class loader org.apache.nifi.nar.NarClassLoader[./work/nar/extensions/nifi-http-context-map-nar-1.14.0.nar-unpacked]
2024-10-18 11:35:15,798 INFO [main] org.apache.nifi.nar.NarClassLoaders Loaded NAR file: /opt/nifi/nifi-current/./work/nar/extensions/nifi-ccda-nar-1.14.0.nar-unpacked as class loader org.apache.nifi.nar.NarClassLoader[./work/nar/extensions/nifi-ccda-nar-1.14.0.nar-unpacked]
2024-10-18 11:35:15,803 INFO [main] org.apache.nifi.nar.NarClassLoaders Loaded NAR file: /opt/nifi/nifi-current/./work/nar/extensions/nifi-spring-nar-1.14.0.nar-unpacked as class loader org.apache.nifi.nar.NarClassLoader[./work/nar/extensions/nifi-spring-nar-1.14.0.nar-unpacked]
2024-10-18 11:35:15,804 INFO [main] org.apache.nifi.nar.NarClassLoaders Loaded NAR file: /opt/nifi/nifi-current/./work/nar/extensions/nifi-jms-cf-service-nar-1.14.0.nar-unpacked as class loader org.apache.nifi.nar.NarClassLoader[./work/nar/extensions/nifi-jms-cf-service-nar-1.14.0.nar-unpacked]
2024-10-18 11:35:15,805 INFO [main] org.apache.nifi.nar.NarClassLoaders Loaded NAR file: /opt/nifi/nifi-current/./work/nar/extensions/nifi-cdc-mysql-nar-1.14.0.nar-unpacked as class loader org.apache.nifi.nar.NarClassLoader[./work/nar/extensions/nifi-cdc-mysql-nar-1.14.0.nar-unpacked]
2024-10-18 11:35:15,807 INFO [main] org.apache.nifi.nar.NarClassLoaders Loaded NAR file: /opt/nifi/nifi-current/./work/nar/extensions/nifi-solr-nar-1.14.0.nar-unpacked as class loader org.apache.nifi.nar.NarClassLoader[./work/nar/extensions/nifi-solr-nar-1.14.0.nar-unpacked]
2024-10-18 11:35:15,814 INFO [main] org.apache.nifi.nar.NarClassLoaders Loaded NAR file: /opt/nifi/nifi-current/./work/nar/extensions/nifi-scripting-nar-1.14.0.nar-unpacked as class loader org.apache.nifi.nar.NarClassLoader[./work/nar/extensions/nifi-scripting-nar-1.14.0.nar-unpacked]
2024-10-18 11:35:15,825 INFO [main] org.apache.nifi.nar.NarClassLoaders Loaded NAR file: /opt/nifi/nifi-current/./work/nar/extensions/nifi-provenance-repository-nar-1.14.0.nar-unpacked as class loader org.apache.nifi.nar.NarClassLoader[./work/nar/extensions/nifi-provenance-repository-nar-1.14.0.nar-unpacked]
2024-10-18 11:35:15,834 INFO [main] org.apache.nifi.nar.NarClassLoaders Loaded NAR file: /opt/nifi/nifi-current/./work/nar/extensions/nifi-hbase_2-client-service-nar-1.14.0.nar-unpacked as class loader org.apache.nifi.nar.NarClassLoader[./work/nar/extensions/nifi-hbase_2-client-service-nar-1.14.0.nar-unpacked]
2024-10-18 11:35:15,843 INFO [main] org.apache.nifi.nar.NarClassLoaders Loaded NAR file: /opt/nifi/nifi-current/./work/nar/extensions/nifi-hbase-nar-1.14.0.nar-unpacked as class loader org.apache.nifi.nar.NarClassLoader[./work/nar/extensions/nifi-hbase-nar-1.14.0.nar-unpacked]
2024-10-18 11:35:15,856 INFO [main] org.apache.nifi.nar.NarClassLoaders Loaded NAR file: /opt/nifi/nifi-current/./work/nar/extensions/nifi-groovyx-nar-1.14.0.nar-unpacked as class loader org.apache.nifi.nar.NarClassLoader[./work/nar/extensions/nifi-groovyx-nar-1.14.0.nar-unpacked]
2024-10-18 11:35:15,863 INFO [main] org.apache.nifi.nar.NarClassLoaders Loaded NAR file: /opt/nifi/nifi-current/./work/nar/extensions/nifi-jolt-record-nar-1.14.0.nar-unpacked as class loader org.apache.nifi.nar.NarClassLoader[./work/nar/extensions/nifi-jolt-record-nar-1.14.0.nar-unpacked]
2024-10-18 11:35:15,865 INFO [main] org.apache.nifi.nar.NarClassLoaders Loaded NAR file: /opt/nifi/nifi-current/./work/nar/extensions/nifi-aws-service-api-nar-1.14.0.nar-unpacked as class loader org.apache.nifi.nar.NarClassLoader[./work/nar/extensions/nifi-aws-service-api-nar-1.14.0.nar-unpacked]
2024-10-18 11:35:15,868 INFO [main] org.apache.nifi.nar.NarClassLoaders Loaded NAR file: /opt/nifi/nifi-current/./work/nar/extensions/nifi-ssl-context-service-nar-1.14.0.nar-unpacked as class loader org.apache.nifi.nar.NarClassLoader[./work/nar/extensions/nifi-ssl-context-service-nar-1.14.0.nar-unpacked]
2024-10-18 11:35:15,873 INFO [main] org.apache.nifi.nar.NarClassLoaders Loaded NAR file: /opt/nifi/nifi-current/./work/nar/extensions/nifi-dbcp-service-nar-1.14.0.nar-unpacked as class loader org.apache.nifi.nar.NarClassLoader[./work/nar/extensions/nifi-dbcp-service-nar-1.14.0.nar-unpacked]
2024-10-18 11:35:15,875 INFO [main] org.apache.nifi.nar.NarClassLoaders Loaded NAR file: /opt/nifi/nifi-current/./work/nar/extensions/nifi-confluent-platform-nar-1.14.0.nar-unpacked as class loader org.apache.nifi.nar.NarClassLoader[./work/nar/extensions/nifi-confluent-platform-nar-1.14.0.nar-unpacked]
2024-10-18 11:35:15,881 INFO [main] org.apache.nifi.nar.NarClassLoaders Loaded NAR file: /opt/nifi/nifi-current/./work/nar/extensions/nifi-record-serialization-services-nar-1.14.0.nar-unpacked as class loader org.apache.nifi.nar.NarClassLoader[./work/nar/extensions/nifi-record-serialization-services-nar-1.14.0.nar-unpacked]
2024-10-18 11:35:15,887 INFO [main] org.apache.nifi.nar.NarClassLoaders Loaded NAR file: /opt/nifi/nifi-current/./work/nar/extensions/nifi-site-to-site-reporting-nar-1.14.0.nar-unpacked as class loader org.apache.nifi.nar.NarClassLoader[./work/nar/extensions/nifi-site-to-site-reporting-nar-1.14.0.nar-unpacked]
2024-10-18 11:35:15,896 INFO [main] org.apache.nifi.nar.NarClassLoaders Loaded NAR file: /opt/nifi/nifi-current/./work/nar/extensions/nifi-hazelcast-services-api-nar-1.14.0.nar-unpacked as class loader org.apache.nifi.nar.NarClassLoader[./work/nar/extensions/nifi-hazelcast-services-api-nar-1.14.0.nar-unpacked]
2024-10-18 11:35:15,897 INFO [main] org.apache.nifi.nar.NarClassLoaders Loaded NAR file: /opt/nifi/nifi-current/./work/nar/extensions/nifi-azure-services-api-nar-1.14.0.nar-unpacked as class loader org.apache.nifi.nar.NarClassLoader[./work/nar/extensions/nifi-azure-services-api-nar-1.14.0.nar-unpacked]
2024-10-18 11:35:15,916 INFO [main] org.apache.nifi.nar.NarClassLoaders Loaded NAR file: /opt/nifi/nifi-current/./work/nar/extensions/nifi-hive-nar-1.14.0.nar-unpacked as class loader org.apache.nifi.nar.NarClassLoader[./work/nar/extensions/nifi-hive-nar-1.14.0.nar-unpacked]
2024-10-18 11:35:15,940 INFO [main] org.apache.nifi.nar.NarClassLoaders Loaded NAR file: /opt/nifi/nifi-current/./work/nar/extensions/nifi-registry-nar-1.14.0.nar-unpacked as class loader org.apache.nifi.nar.NarClassLoader[./work/nar/extensions/nifi-registry-nar-1.14.0.nar-unpacked]
2024-10-18 11:35:15,944 INFO [main] org.apache.nifi.nar.NarClassLoaders Loaded NAR file: /opt/nifi/nifi-current/./work/nar/extensions/nifi-mongodb-client-service-api-nar-1.14.0.nar-unpacked as class loader org.apache.nifi.nar.NarClassLoader[./work/nar/extensions/nifi-mongodb-client-service-api-nar-1.14.0.nar-unpacked]
2024-10-18 11:35:15,945 INFO [main] org.apache.nifi.nar.NarClassLoaders Loaded NAR file: /opt/nifi/nifi-current/./work/nar/extensions/nifi-elasticsearch-client-service-api-nar-1.14.0.nar-unpacked as class loader org.apache.nifi.nar.NarClassLoader[./work/nar/extensions/nifi-elasticsearch-client-service-api-nar-1.14.0.nar-unpacked]
2024-10-18 11:35:15,946 INFO [main] org.apache.nifi.nar.NarClassLoaders Loaded NAR file: /opt/nifi/nifi-current/./work/nar/extensions/nifi-metrics-reporting-nar-1.14.0.nar-unpacked as class loader org.apache.nifi.nar.NarClassLoader[./work/nar/extensions/nifi-metrics-reporting-nar-1.14.0.nar-unpacked]
2024-10-18 11:35:15,948 INFO [main] org.apache.nifi.nar.NarClassLoaders Loaded NAR file: /opt/nifi/nifi-current/./work/nar/extensions/nifi-aws-nar-1.14.0.nar-unpacked as class loader org.apache.nifi.nar.NarClassLoader[./work/nar/extensions/nifi-aws-nar-1.14.0.nar-unpacked]
2024-10-18 11:35:15,955 INFO [main] org.apache.nifi.nar.NarClassLoaders Loaded NAR file: /opt/nifi/nifi-current/./work/nar/extensions/nifi-kerberos-credentials-service-nar-1.14.0.nar-unpacked as class loader org.apache.nifi.nar.NarClassLoader[./work/nar/extensions/nifi-kerberos-credentials-service-nar-1.14.0.nar-unpacked]
2024-10-18 11:35:15,956 INFO [main] org.apache.nifi.nar.NarClassLoaders Loaded NAR file: /opt/nifi/nifi-current/./work/nar/extensions/nifi-jms-processors-nar-1.14.0.nar-unpacked as class loader org.apache.nifi.nar.NarClassLoader[./work/nar/extensions/nifi-jms-processors-nar-1.14.0.nar-unpacked]
2024-10-18 11:35:15,960 INFO [main] org.apache.nifi.nar.NarClassLoaders Loaded NAR file: /opt/nifi/nifi-current/./work/nar/extensions/nifi-record-sink-service-nar-1.14.0.nar-unpacked as class loader org.apache.nifi.nar.NarClassLoader[./work/nar/extensions/nifi-record-sink-service-nar-1.14.0.nar-unpacked]
2024-10-18 11:35:15,962 INFO [main] org.apache.nifi.nar.NarClassLoaders Loaded NAR file: /opt/nifi/nifi-current/./work/nar/extensions/nifi-hadoop-libraries-nar-1.14.0.nar-unpacked as class loader org.apache.nifi.nar.NarClassLoader[./work/nar/extensions/nifi-hadoop-libraries-nar-1.14.0.nar-unpacked]
2024-10-18 11:35:15,976 INFO [main] org.apache.nifi.nar.NarClassLoaders Loaded NAR file: /opt/nifi/nifi-current/./work/nar/extensions/nifi-splunk-nar-1.14.0.nar-unpacked as class loader org.apache.nifi.nar.NarClassLoader[./work/nar/extensions/nifi-splunk-nar-1.14.0.nar-unpacked]
2024-10-18 11:35:15,979 INFO [main] org.apache.nifi.nar.NarClassLoaders Loaded NAR file: /opt/nifi/nifi-current/./work/nar/extensions/nifi-hazelcast-services-nar-1.14.0.nar-unpacked as class loader org.apache.nifi.nar.NarClassLoader[./work/nar/extensions/nifi-hazelcast-services-nar-1.14.0.nar-unpacked]
2024-10-18 11:35:15,981 INFO [main] org.apache.nifi.nar.NarClassLoaders Loaded NAR file: /opt/nifi/nifi-current/./work/nar/extensions/nifi-websocket-services-api-nar-1.14.0.nar-unpacked as class loader org.apache.nifi.nar.NarClassLoader[./work/nar/extensions/nifi-websocket-services-api-nar-1.14.0.nar-unpacked]
2024-10-18 11:35:15,984 INFO [main] org.apache.nifi.nar.NarClassLoaders Loaded NAR file: /opt/nifi/nifi-current/./work/nar/extensions/nifi-proxy-configuration-nar-1.14.0.nar-unpacked as class loader org.apache.nifi.nar.NarClassLoader[./work/nar/extensions/nifi-proxy-configuration-nar-1.14.0.nar-unpacked]
2024-10-18 11:35:15,987 INFO [main] org.apache.nifi.nar.NarClassLoaders Loaded NAR file: /opt/nifi/nifi-current/./work/nar/extensions/nifi-gcp-nar-1.14.0.nar-unpacked as class loader org.apache.nifi.nar.NarClassLoader[./work/nar/extensions/nifi-gcp-nar-1.14.0.nar-unpacked]
2024-10-18 11:35:16,001 INFO [main] org.apache.nifi.nar.NarClassLoaders Loaded NAR file: /opt/nifi/nifi-current/./work/nar/extensions/nifi-pgp-service-api-nar-1.14.0.nar-unpacked as class loader org.apache.nifi.nar.NarClassLoader[./work/nar/extensions/nifi-pgp-service-api-nar-1.14.0.nar-unpacked]
2024-10-18 11:35:16,005 INFO [main] org.apache.nifi.nar.NarClassLoaders Loaded NAR file: /opt/nifi/nifi-current/./work/nar/extensions/nifi-cassandra-services-api-nar-1.14.0.nar-unpacked as class loader org.apache.nifi.nar.NarClassLoader[./work/nar/extensions/nifi-cassandra-services-api-nar-1.14.0.nar-unpacked]
2024-10-18 11:35:16,009 INFO [main] org.apache.nifi.nar.NarClassLoaders Loaded NAR file: /opt/nifi/nifi-current/./work/nar/extensions/nifi-couchbase-services-api-nar-1.14.0.nar-unpacked as class loader org.apache.nifi.nar.NarClassLoader[./work/nar/extensions/nifi-couchbase-services-api-nar-1.14.0.nar-unpacked]
2024-10-18 11:35:16,010 INFO [main] org.apache.nifi.nar.NarClassLoaders Loaded NAR file: /opt/nifi/nifi-current/./work/nar/extensions/nifi-pgp-service-nar-1.14.0.nar-unpacked as class loader org.apache.nifi.nar.NarClassLoader[./work/nar/extensions/nifi-pgp-service-nar-1.14.0.nar-unpacked]
2024-10-18 11:35:16,011 INFO [main] org.apache.nifi.nar.NarClassLoaders Loaded NAR file: /opt/nifi/nifi-current/./work/nar/extensions/nifi-mongodb-services-nar-1.14.0.nar-unpacked as class loader org.apache.nifi.nar.NarClassLoader[./work/nar/extensions/nifi-mongodb-services-nar-1.14.0.nar-unpacked]
2024-10-18 11:35:16,017 INFO [main] org.apache.nifi.nar.NarClassLoaders Loaded NAR file: /opt/nifi/nifi-current/./work/nar/extensions/nifi-rethinkdb-nar-1.14.0.nar-unpacked as class loader org.apache.nifi.nar.NarClassLoader[./work/nar/extensions/nifi-rethinkdb-nar-1.14.0.nar-unpacked]
2024-10-18 11:35:16,019 INFO [main] org.apache.nifi.nar.NarClassLoaders Loaded NAR file: /opt/nifi/nifi-current/./work/nar/extensions/nifi-hadoop-nar-1.14.0.nar-unpacked as class loader org.apache.nifi.nar.NarClassLoader[./work/nar/extensions/nifi-hadoop-nar-1.14.0.nar-unpacked]
2024-10-18 11:35:16,021 INFO [main] org.apache.nifi.nar.NarClassLoaders Loaded NAR file: /opt/nifi/nifi-current/./work/nar/extensions/nifi-elasticsearch-restapi-nar-1.14.0.nar-unpacked as class loader org.apache.nifi.nar.NarClassLoader[./work/nar/extensions/nifi-elasticsearch-restapi-nar-1.14.0.nar-unpacked]
2024-10-18 11:35:16,026 INFO [main] org.apache.nifi.nar.NarClassLoaders Loaded NAR file: /opt/nifi/nifi-current/./work/nar/extensions/nifi-websocket-services-jetty-nar-1.14.0.nar-unpacked as class loader org.apache.nifi.nar.NarClassLoader[./work/nar/extensions/nifi-websocket-services-jetty-nar-1.14.0.nar-unpacked]
2024-10-18 11:35:16,031 INFO [main] org.apache.nifi.nar.NarClassLoaders Loaded NAR file: /opt/nifi/nifi-current/./work/nar/extensions/nifi-websocket-processors-nar-1.14.0.nar-unpacked as class loader org.apache.nifi.nar.NarClassLoader[./work/nar/extensions/nifi-websocket-processors-nar-1.14.0.nar-unpacked]
2024-10-18 11:35:16,034 INFO [main] org.apache.nifi.nar.NarClassLoaders Loaded NAR file: /opt/nifi/nifi-current/./work/nar/extensions/nifi-redis-nar-1.14.0.nar-unpacked as class loader org.apache.nifi.nar.NarClassLoader[./work/nar/extensions/nifi-redis-nar-1.14.0.nar-unpacked]
2024-10-18 11:35:16,036 INFO [main] org.apache.nifi.nar.NarClassLoaders Loaded NAR file: /opt/nifi/nifi-current/./work/nar/extensions/nifi-couchbase-nar-1.14.0.nar-unpacked as class loader org.apache.nifi.nar.NarClassLoader[./work/nar/extensions/nifi-couchbase-nar-1.14.0.nar-unpacked]
2024-10-18 11:35:16,037 INFO [main] org.apache.nifi.nar.NarClassLoaders Loaded NAR file: /opt/nifi/nifi-current/./work/nar/extensions/nifi-cassandra-nar-1.14.0.nar-unpacked as class loader org.apache.nifi.nar.NarClassLoader[./work/nar/extensions/nifi-cassandra-nar-1.14.0.nar-unpacked]
2024-10-18 11:35:16,045 INFO [main] org.apache.nifi.nar.NarClassLoaders Loaded NAR file: /opt/nifi/nifi-current/./work/nar/extensions/nifi-elasticsearch-client-service-nar-1.14.0.nar-unpacked as class loader org.apache.nifi.nar.NarClassLoader[./work/nar/extensions/nifi-elasticsearch-client-service-nar-1.14.0.nar-unpacked]
2024-10-18 11:35:16,058 INFO [main] org.apache.nifi.nar.NarClassLoaders Loaded NAR file: /opt/nifi/nifi-current/./work/nar/extensions/nifi-kudu-nar-1.14.0.nar-unpacked as class loader org.apache.nifi.nar.NarClassLoader[./work/nar/extensions/nifi-kudu-nar-1.14.0.nar-unpacked]
2024-10-18 11:35:16,064 INFO [main] org.apache.nifi.nar.NarClassLoaders Loaded NAR file: /opt/nifi/nifi-current/./work/nar/extensions/nifi-pgp-nar-1.14.0.nar-unpacked as class loader org.apache.nifi.nar.NarClassLoader[./work/nar/extensions/nifi-pgp-nar-1.14.0.nar-unpacked]
2024-10-18 11:35:16,066 INFO [main] org.apache.nifi.nar.NarClassLoaders Loaded NAR file: /opt/nifi/nifi-current/./work/nar/extensions/nifi-azure-nar-1.14.0.nar-unpacked as class loader org.apache.nifi.nar.NarClassLoader[./work/nar/extensions/nifi-azure-nar-1.14.0.nar-unpacked]
2024-10-18 11:35:16,088 INFO [main] org.apache.nifi.nar.NarClassLoaders Loaded NAR file: /opt/nifi/nifi-current/./work/nar/extensions/nifi-cassandra-services-nar-1.14.0.nar-unpacked as class loader org.apache.nifi.nar.NarClassLoader[./work/nar/extensions/nifi-cassandra-services-nar-1.14.0.nar-unpacked]
2024-10-18 11:35:16,096 INFO [main] org.apache.nifi.nar.NarClassLoaders Loaded NAR file: /opt/nifi/nifi-current/./work/nar/extensions/nifi-mongodb-nar-1.14.0.nar-unpacked as class loader org.apache.nifi.nar.NarClassLoader[./work/nar/extensions/nifi-mongodb-nar-1.14.0.nar-unpacked]
2024-10-18 11:35:16,101 INFO [main] org.apache.nifi.nar.NarClassLoaders Loaded NAR file: /opt/nifi/nifi-current/./work/nar/extensions/nifi-parquet-nar-1.14.0.nar-unpacked as class loader org.apache.nifi.nar.NarClassLoader[./work/nar/extensions/nifi-parquet-nar-1.14.0.nar-unpacked]
2024-10-18 11:35:16,107 INFO [main] org.apache.nifi.nar.NarClassLoaders Found NiFiServer implementation org.apache.nifi.web.server.JettyServer in org.apache.nifi:nifi-server-nar:1.14.0
2024-10-18 11:35:16,115 INFO [main] org.eclipse.jetty.util.log Logging initialized @13269ms to org.eclipse.jetty.util.log.Slf4jLog
2024-10-18 11:35:16,149 INFO [main] org.apache.nifi.web.server.JettyServer Configuring Jetty for HTTP on port: 8080
2024-10-18 11:35:16,207 INFO [main] org.apache.nifi.web.server.JettyServer Loading WAR: /opt/nifi/nifi-current/./work/nar/extensions/nifi-update-attribute-nar-1.14.0.nar-unpacked/NAR-INF/bundled-dependencies/nifi-update-attribute-ui-1.14.0.war with context path set to /nifi-update-attribute-ui-1.14.0
2024-10-18 11:35:16,207 INFO [main] org.apache.nifi.web.server.JettyServer Loading UI extension [ProcessorConfiguration, /nifi-update-attribute-ui-1.14.0] for org.apache.nifi.processors.attributes.UpdateAttribute:org.apache.nifi:nifi-update-attribute-nar:1.14.0
2024-10-18 11:35:16,209 INFO [main] org.apache.nifi.web.server.JettyServer Loading WAR: /opt/nifi/nifi-current/./work/nar/extensions/nifi-standard-nar-1.14.0.nar-unpacked/NAR-INF/bundled-dependencies/nifi-standard-content-viewer-1.14.0.war with context path set to /nifi-standard-content-viewer-1.14.0
2024-10-18 11:35:16,210 INFO [main] org.apache.nifi.web.server.JettyServer Loading WAR: /opt/nifi/nifi-current/./work/nar/extensions/nifi-standard-nar-1.14.0.nar-unpacked/NAR-INF/bundled-dependencies/nifi-jolt-transform-json-ui-1.14.0.war with context path set to /nifi-jolt-transform-json-ui-1.14.0
2024-10-18 11:35:16,210 INFO [main] org.apache.nifi.web.server.JettyServer Loading UI extension [ProcessorConfiguration, /nifi-jolt-transform-json-ui-1.14.0] for org.apache.nifi.processors.standard.JoltTransformJSON:org.apache.nifi:nifi-standard-nar:1.14.0
2024-10-18 11:35:16,213 INFO [main] org.apache.nifi.web.server.JettyServer Loading WAR: /opt/nifi/nifi-current/./work/nar/extensions/nifi-server-nar-1.14.0.nar-unpacked/NAR-INF/bundled-dependencies/nifi-web-ui-1.14.0.war with context path set to /nifi
2024-10-18 11:35:16,214 INFO [main] org.apache.nifi.web.server.JettyServer Loading WAR: /opt/nifi/nifi-current/./work/nar/extensions/nifi-server-nar-1.14.0.nar-unpacked/NAR-INF/bundled-dependencies/nifi-web-api-1.14.0.war with context path set to /nifi-api
2024-10-18 11:35:16,214 INFO [main] org.apache.nifi.web.server.JettyServer Loading WAR: /opt/nifi/nifi-current/./work/nar/extensions/nifi-server-nar-1.14.0.nar-unpacked/NAR-INF/bundled-dependencies/nifi-web-content-viewer-1.14.0.war with context path set to /nifi-content-viewer
2024-10-18 11:35:16,215 INFO [main] org.apache.nifi.web.server.JettyServer Loading WAR: /opt/nifi/nifi-current/./work/nar/extensions/nifi-server-nar-1.14.0.nar-unpacked/NAR-INF/bundled-dependencies/nifi-web-docs-1.14.0.war with context path set to /nifi-docs
2024-10-18 11:35:16,217 INFO [main] org.apache.nifi.web.server.JettyServer Loading documents web app with context path set to /nifi-docs
2024-10-18 11:35:16,218 INFO [main] org.apache.nifi.web.server.JettyServer Loading WAR: /opt/nifi/nifi-current/./work/nar/extensions/nifi-server-nar-1.14.0.nar-unpacked/NAR-INF/bundled-dependencies/nifi-web-error-1.14.0.war with context path set to /
2024-10-18 11:35:16,222 INFO [main] org.apache.nifi.web.server.JettyServer Running in HTTP mode; host headers not restricted
2024-10-18 11:35:16,230 INFO [main] o.a.n.n.StandardExtensionDiscoveringManager Loaded extensions for org.apache.nifi:nifi-jetty-bundle:1.14.0 in 1 millis
2024-10-18 11:35:16,237 INFO [main] o.a.n.n.StandardExtensionDiscoveringManager Loaded extensions for org.apache.nifi:nifi-framework-nar:1.14.0 in 7 millis
2024-10-18 11:35:16,239 INFO [main] o.a.n.n.StandardExtensionDiscoveringManager Loaded extensions for org.apache.nifi:nifi-language-translation-nar:1.14.0 in 2 millis
2024-10-18 11:35:16,241 INFO [main] o.a.n.n.StandardExtensionDiscoveringManager Loaded extensions for org.apache.nifi:nifi-cybersecurity-nar:1.14.0 in 2 millis
2024-10-18 11:35:16,243 INFO [main] o.a.n.n.StandardExtensionDiscoveringManager Loaded extensions for org.apache.nifi:nifi-avro-nar:1.14.0 in 2 millis
2024-10-18 11:35:16,246 INFO [main] o.a.n.n.StandardExtensionDiscoveringManager Loaded extensions for org.apache.nifi:nifi-poi-nar:1.14.0 in 3 millis
2024-10-18 11:35:16,248 INFO [main] o.a.n.n.StandardExtensionDiscoveringManager Loaded extensions for org.apache.nifi:nifi-hl7-nar:1.14.0 in 2 millis
2024-10-18 11:35:16,249 INFO [main] o.a.n.n.StandardExtensionDiscoveringManager Loaded extensions for org.apache.nifi:nifi-smb-nar:1.14.0 in 1 millis
2024-10-18 11:35:16,251 INFO [main] o.a.n.n.StandardExtensionDiscoveringManager Loaded extensions for org.apache.nifi:nifi-network-processors-nar:1.14.0 in 1 millis
2024-10-18 11:35:16,253 INFO [main] o.a.n.n.StandardExtensionDiscoveringManager Loaded extensions for org.apache.nifi:nifi-tcp-nar:1.14.0 in 2 millis
2024-10-18 11:35:16,255 INFO [main] o.a.n.n.StandardExtensionDiscoveringManager Loaded extensions for org.apache.nifi:nifi-standard-services-api-nar:1.14.0 in 2 millis
2024-10-18 11:35:16,257 INFO [main] o.a.n.n.StandardExtensionDiscoveringManager Loaded extensions for org.apache.nifi:nifi-grpc-nar:1.14.0 in 2 millis
2024-10-18 11:35:16,260 INFO [main] o.a.n.n.StandardExtensionDiscoveringManager Loaded extensions for org.apache.nifi:nifi-distributed-cache-services-nar:1.14.0 in 3 millis
2024-10-18 11:35:16,262 INFO [main] o.a.n.n.StandardExtensionDiscoveringManager Loaded extensions for org.apache.nifi:nifi-kafka-2-6-nar:1.14.0 in 2 millis
2024-10-18 11:35:16,264 INFO [main] o.a.n.n.StandardExtensionDiscoveringManager Loaded extensions for org.apache.nifi:nifi-riemann-nar:1.14.0 in 2 millis
2024-10-18 11:35:16,266 INFO [main] o.a.n.n.StandardExtensionDiscoveringManager Loaded extensions for org.apache.nifi:nifi-amqp-nar:1.14.0 in 2 millis
2024-10-18 11:35:16,268 INFO [main] o.a.n.n.StandardExtensionDiscoveringManager Loaded extensions for org.apache.nifi:nifi-kafka-1-0-nar:1.14.0 in 2 millis
2024-10-18 11:35:16,270 INFO [main] o.a.n.n.StandardExtensionDiscoveringManager Loaded extensions for org.apache.nifi:nifi-update-attribute-nar:1.14.0 in 2 millis
2024-10-18 11:35:16,271 INFO [main] o.a.n.n.StandardExtensionDiscoveringManager Loaded extensions for org.apache.nifi:nifi-snmp-nar:1.14.0 in 1 millis
2024-10-18 11:35:16,272 INFO [main] o.a.n.n.StandardExtensionDiscoveringManager Loaded extensions for org.apache.nifi:nifi-datadog-nar:1.14.0 in 1 millis
2024-10-18 11:35:16,274 INFO [main] o.a.n.n.StandardExtensionDiscoveringManager Loaded extensions for org.apache.nifi:nifi-kerberos-iaa-providers-nar:1.14.0 in 2 millis
2024-10-18 11:35:16,275 INFO [main] o.a.n.n.StandardExtensionDiscoveringManager Loaded extensions for org.apache.nifi:nifi-hive-services-api-nar:1.14.0 in 1 millis
2024-10-18 11:35:16,279 INFO [main] o.a.n.n.StandardExtensionDiscoveringManager Loaded extensions for org.apache.nifi:nifi-standard-nar:1.14.0 in 4 millis
2024-10-18 11:35:16,281 INFO [main] o.a.n.n.StandardExtensionDiscoveringManager Loaded extensions for org.apache.nifi:nifi-prometheus-nar:1.14.0 in 2 millis
2024-10-18 11:35:16,282 INFO [main] o.a.n.n.StandardExtensionDiscoveringManager Loaded extensions for org.apache.nifi:nifi-windows-event-log-nar:1.14.0 in 1 millis
2024-10-18 11:35:16,284 INFO [main] o.a.n.n.StandardExtensionDiscoveringManager Loaded extensions for org.apache.nifi:nifi-ambari-nar:1.14.0 in 2 millis
2024-10-18 11:35:16,286 INFO [main] o.a.n.n.StandardExtensionDiscoveringManager Loaded extensions for org.apache.nifi:nifi-hadoop-dbcp-service-nar:1.14.0 in 2 millis
2024-10-18 11:35:16,287 INFO [main] o.a.n.n.StandardExtensionDiscoveringManager Loaded extensions for org.apache.nifi:nifi-slack-nar:1.14.0 in 1 millis
2024-10-18 11:35:16,289 INFO [main] o.a.n.n.StandardExtensionDiscoveringManager Loaded extensions for org.apache.nifi:nifi-evtx-nar:1.14.0 in 2 millis
2024-10-18 11:35:16,292 INFO [main] o.a.n.n.StandardExtensionDiscoveringManager Loaded extensions for org.apache.nifi:nifi-server-nar:1.14.0 in 3 millis
2024-10-18 11:35:16,294 INFO [main] o.a.n.n.StandardExtensionDiscoveringManager Loaded extensions for org.apache.nifi:nifi-mqtt-nar:1.14.0 in 2 millis
2024-10-18 11:35:16,296 INFO [main] o.a.n.n.StandardExtensionDiscoveringManager Loaded extensions for org.apache.nifi:nifi-influxdb-nar:1.14.0 in 2 millis
2024-10-18 11:35:16,298 INFO [main] o.a.n.n.StandardExtensionDiscoveringManager Loaded extensions for org.apache.nifi:nifi-enrich-nar:1.14.0 in 2 millis
2024-10-18 11:35:16,314 INFO [main] o.a.n.n.StandardExtensionDiscoveringManager Loaded extensions for org.apache.nifi:nifi-kafka-2-0-nar:1.14.0 in 16 millis
2024-10-18 11:35:16,316 INFO [main] o.a.n.n.StandardExtensionDiscoveringManager Loaded extensions for org.apache.nifi:nifi-hwx-schema-registry-nar:1.14.0 in 2 millis
2024-10-18 11:35:16,318 INFO [main] o.a.n.n.StandardExtensionDiscoveringManager Loaded extensions for org.apache.nifi:nifi-email-nar:1.14.0 in 2 millis
2024-10-18 11:35:16,319 INFO [main] o.a.n.n.StandardExtensionDiscoveringManager Loaded extensions for org.apache.nifi:nifi-redis-service-api-nar:1.14.0 in 1 millis
2024-10-18 11:35:16,321 INFO [main] o.a.n.n.StandardExtensionDiscoveringManager Loaded extensions for org.apache.nifi:nifi-stateless-nar:1.14.0 in 2 millis
2024-10-18 11:35:16,322 INFO [main] o.a.n.n.StandardExtensionDiscoveringManager Loaded extensions for org.apache.nifi:nifi-ldap-iaa-providers-nar:1.14.0 in 1 millis
2024-10-18 11:35:16,324 INFO [main] o.a.n.n.StandardExtensionDiscoveringManager Loaded extensions for org.apache.nifi:nifi-stateful-analysis-nar:1.14.0 in 2 millis
2024-10-18 11:35:16,326 INFO [main] o.a.n.n.StandardExtensionDiscoveringManager Loaded extensions for org.apache.nifi:nifi-metrics-reporter-service-api-nar:1.14.0 in 2 millis
2024-10-18 11:35:16,327 INFO [main] o.a.n.n.StandardExtensionDiscoveringManager Loaded extensions for org.apache.nifi:nifi-social-media-nar:1.14.0 in 1 millis
2024-10-18 11:35:16,329 INFO [main] o.a.n.n.StandardExtensionDiscoveringManager Loaded extensions for org.apache.nifi:nifi-elasticsearch-nar:1.14.0 in 2 millis
2024-10-18 11:35:16,330 INFO [main] o.a.n.n.StandardExtensionDiscoveringManager Loaded extensions for org.apache.nifi:nifi-gcp-services-api-nar:1.14.0 in 1 millis
2024-10-18 11:35:16,332 INFO [main] o.a.n.n.StandardExtensionDiscoveringManager Loaded extensions for org.apache.nifi:nifi-single-user-iaa-providers-nar:1.14.0 in 1 millis
2024-10-18 11:35:16,334 INFO [main] o.a.n.n.StandardExtensionDiscoveringManager Loaded extensions for org.apache.nifi:nifi-lookup-services-nar:1.14.0 in 2 millis
2024-10-18 11:35:16,336 INFO [main] o.a.n.n.StandardExtensionDiscoveringManager Loaded extensions for org.apache.nifi:nifi-hbase_1_1_2-client-service-nar:1.14.0 in 2 millis
2024-10-18 11:35:16,339 INFO [main] o.a.n.n.StandardExtensionDiscoveringManager Loaded extensions for org.apache.nifi:nifi-oauth2-provider-nar:1.14.0 in 2 millis
2024-10-18 11:35:16,340 INFO [main] o.a.n.n.StandardExtensionDiscoveringManager Loaded extensions for org.apache.nifi:nifi-html-nar:1.14.0 in 1 millis
2024-10-18 11:35:16,342 INFO [main] o.a.n.n.StandardExtensionDiscoveringManager Loaded extensions for org.apache.nifi:nifi-http-context-map-nar:1.14.0 in 2 millis
2024-10-18 11:35:16,343 INFO [main] o.a.n.n.StandardExtensionDiscoveringManager Loaded extensions for org.apache.nifi:nifi-ccda-nar:1.14.0 in 1 millis
2024-10-18 11:35:16,345 INFO [main] o.a.n.n.StandardExtensionDiscoveringManager Loaded extensions for org.apache.nifi:nifi-spring-nar:1.14.0 in 1 millis
2024-10-18 11:35:16,346 INFO [main] o.a.n.n.StandardExtensionDiscoveringManager Loaded extensions for org.apache.nifi:nifi-jms-cf-service-nar:1.14.0 in 1 millis
2024-10-18 11:35:16,348 INFO [main] o.a.n.n.StandardExtensionDiscoveringManager Loaded extensions for org.apache.nifi:nifi-cdc-mysql-nar:1.14.0 in 2 millis
2024-10-18 11:35:16,350 INFO [main] o.a.n.n.StandardExtensionDiscoveringManager Loaded extensions for org.apache.nifi:nifi-solr-nar:1.14.0 in 2 millis
2024-10-18 11:35:16,352 INFO [main] o.a.n.n.StandardExtensionDiscoveringManager Loaded extensions for org.apache.nifi:nifi-scripting-nar:1.14.0 in 2 millis
2024-10-18 11:35:16,354 INFO [main] o.a.n.n.StandardExtensionDiscoveringManager Loaded extensions for org.apache.nifi:nifi-provenance-repository-nar:1.14.0 in 1 millis
2024-10-18 11:35:16,356 INFO [main] o.a.n.n.StandardExtensionDiscoveringManager Loaded extensions for org.apache.nifi:nifi-hbase_2-client-service-nar:1.14.0 in 2 millis
2024-10-18 11:35:16,358 INFO [main] o.a.n.n.StandardExtensionDiscoveringManager Loaded extensions for org.apache.nifi:nifi-hbase-nar:1.14.0 in 2 millis
2024-10-18 11:35:16,360 INFO [main] o.a.n.n.StandardExtensionDiscoveringManager Loaded extensions for org.apache.nifi:nifi-groovyx-nar:1.14.0 in 2 millis
2024-10-18 11:35:16,361 INFO [main] o.a.n.n.StandardExtensionDiscoveringManager Loaded extensions for org.apache.nifi:nifi-jolt-record-nar:1.14.0 in 1 millis
2024-10-18 11:35:16,363 INFO [main] o.a.n.n.StandardExtensionDiscoveringManager Loaded extensions for org.apache.nifi:nifi-aws-service-api-nar:1.14.0 in 2 millis
2024-10-18 11:35:16,364 INFO [main] o.a.n.n.StandardExtensionDiscoveringManager Loaded extensions for org.apache.nifi:nifi-ssl-context-service-nar:1.14.0 in 1 millis
2024-10-18 11:35:16,366 INFO [main] o.a.n.n.StandardExtensionDiscoveringManager Loaded extensions for org.apache.nifi:nifi-dbcp-service-nar:1.14.0 in 2 millis
2024-10-18 11:35:16,367 INFO [main] o.a.n.n.StandardExtensionDiscoveringManager Loaded extensions for org.apache.nifi:nifi-confluent-platform-nar:1.14.0 in 1 millis
2024-10-18 11:35:16,369 INFO [main] o.a.n.n.StandardExtensionDiscoveringManager Loaded extensions for org.apache.nifi:nifi-record-serialization-services-nar:1.14.0 in 1 millis
2024-10-18 11:35:16,371 INFO [main] o.a.n.n.StandardExtensionDiscoveringManager Loaded extensions for org.apache.nifi:nifi-site-to-site-reporting-nar:1.14.0 in 2 millis
2024-10-18 11:35:16,372 INFO [main] o.a.n.n.StandardExtensionDiscoveringManager Loaded extensions for org.apache.nifi:nifi-hazelcast-services-api-nar:1.14.0 in 1 millis
2024-10-18 11:35:16,374 INFO [main] o.a.n.n.StandardExtensionDiscoveringManager Loaded extensions for org.apache.nifi:nifi-azure-services-api-nar:1.14.0 in 1 millis
2024-10-18 11:35:16,377 INFO [main] o.a.n.n.StandardExtensionDiscoveringManager Loaded extensions for org.apache.nifi:nifi-hive-nar:1.14.0 in 3 millis
2024-10-18 11:35:16,378 INFO [main] o.a.n.n.StandardExtensionDiscoveringManager Loaded extensions for org.apache.nifi:nifi-registry-nar:1.14.0 in 1 millis
2024-10-18 11:35:16,380 INFO [main] o.a.n.n.StandardExtensionDiscoveringManager Loaded extensions for org.apache.nifi:nifi-mongodb-client-service-api-nar:1.14.0 in 1 millis
2024-10-18 11:35:16,381 INFO [main] o.a.n.n.StandardExtensionDiscoveringManager Loaded extensions for org.apache.nifi:nifi-elasticsearch-client-service-api-nar:1.14.0 in 1 millis
2024-10-18 11:35:16,383 INFO [main] o.a.n.n.StandardExtensionDiscoveringManager Loaded extensions for org.apache.nifi:nifi-metrics-reporting-nar:1.14.0 in 2 millis
2024-10-18 11:35:16,385 INFO [main] o.a.n.n.StandardExtensionDiscoveringManager Loaded extensions for org.apache.nifi:nifi-aws-nar:1.14.0 in 2 millis
2024-10-18 11:35:16,387 INFO [main] o.a.n.n.StandardExtensionDiscoveringManager Loaded extensions for org.apache.nifi:nifi-kerberos-credentials-service-nar:1.14.0 in 1 millis
2024-10-18 11:35:16,389 INFO [main] o.a.n.n.StandardExtensionDiscoveringManager Loaded extensions for org.apache.nifi:nifi-jms-processors-nar:1.14.0 in 2 millis
2024-10-18 11:35:16,390 INFO [main] o.a.n.n.StandardExtensionDiscoveringManager Loaded extensions for org.apache.nifi:nifi-record-sink-service-nar:1.14.0 in 1 millis
2024-10-18 11:35:16,392 INFO [main] o.a.n.n.StandardExtensionDiscoveringManager Loaded extensions for org.apache.nifi:nifi-hadoop-libraries-nar:1.14.0 in 2 millis
2024-10-18 11:35:16,394 INFO [main] o.a.n.n.StandardExtensionDiscoveringManager Loaded extensions for org.apache.nifi:nifi-splunk-nar:1.14.0 in 2 millis
2024-10-18 11:35:16,396 INFO [main] o.a.n.n.StandardExtensionDiscoveringManager Loaded extensions for org.apache.nifi:nifi-hazelcast-services-nar:1.14.0 in 2 millis
2024-10-18 11:35:16,397 INFO [main] o.a.n.n.StandardExtensionDiscoveringManager Loaded extensions for org.apache.nifi:nifi-websocket-services-api-nar:1.14.0 in 1 millis
2024-10-18 11:35:16,399 INFO [main] o.a.n.n.StandardExtensionDiscoveringManager Loaded extensions for org.apache.nifi:nifi-proxy-configuration-nar:1.14.0 in 2 millis
2024-10-18 11:35:16,401 INFO [main] o.a.n.n.StandardExtensionDiscoveringManager Loaded extensions for org.apache.nifi:nifi-gcp-nar:1.14.0 in 2 millis
2024-10-18 11:35:16,403 INFO [main] o.a.n.n.StandardExtensionDiscoveringManager Loaded extensions for org.apache.nifi:nifi-pgp-service-api-nar:1.14.0 in 2 millis
2024-10-18 11:35:16,404 INFO [main] o.a.n.n.StandardExtensionDiscoveringManager Loaded extensions for org.apache.nifi:nifi-cassandra-services-api-nar:1.14.0 in 1 millis
2024-10-18 11:35:16,405 INFO [main] o.a.n.n.StandardExtensionDiscoveringManager Loaded extensions for org.apache.nifi:nifi-couchbase-services-api-nar:1.14.0 in 1 millis
2024-10-18 11:35:16,407 INFO [main] o.a.n.n.StandardExtensionDiscoveringManager Loaded extensions for org.apache.nifi:nifi-pgp-service-nar:1.14.0 in 2 millis
2024-10-18 11:35:16,409 INFO [main] o.a.n.n.StandardExtensionDiscoveringManager Loaded extensions for org.apache.nifi:nifi-mongodb-services-nar:1.14.0 in 2 millis
2024-10-18 11:35:16,411 INFO [main] o.a.n.n.StandardExtensionDiscoveringManager Loaded extensions for org.apache.nifi:nifi-rethinkdb-nar:1.14.0 in 2 millis
2024-10-18 11:35:16,426 INFO [main] o.a.n.n.StandardExtensionDiscoveringManager Loaded extensions for org.apache.nifi:nifi-hadoop-nar:1.14.0 in 15 millis
2024-10-18 11:35:16,428 INFO [main] o.a.n.n.StandardExtensionDiscoveringManager Loaded extensions for org.apache.nifi:nifi-elasticsearch-restapi-nar:1.14.0 in 2 millis
2024-10-18 11:35:16,430 INFO [main] o.a.n.n.StandardExtensionDiscoveringManager Loaded extensions for org.apache.nifi:nifi-websocket-services-jetty-nar:1.14.0 in 2 millis
2024-10-18 11:35:16,432 INFO [main] o.a.n.n.StandardExtensionDiscoveringManager Loaded extensions for org.apache.nifi:nifi-websocket-processors-nar:1.14.0 in 2 millis
2024-10-18 11:35:16,434 INFO [main] o.a.n.n.StandardExtensionDiscoveringManager Loaded extensions for org.apache.nifi:nifi-redis-nar:1.14.0 in 2 millis
2024-10-18 11:35:16,436 INFO [main] o.a.n.n.StandardExtensionDiscoveringManager Loaded extensions for org.apache.nifi:nifi-couchbase-nar:1.14.0 in 2 millis
2024-10-18 11:35:16,438 INFO [main] o.a.n.n.StandardExtensionDiscoveringManager Loaded extensions for org.apache.nifi:nifi-cassandra-nar:1.14.0 in 2 millis
2024-10-18 11:35:16,441 INFO [main] o.a.n.n.StandardExtensionDiscoveringManager Loaded extensions for org.apache.nifi:nifi-elasticsearch-client-service-nar:1.14.0 in 3 millis
2024-10-18 11:35:16,444 INFO [main] o.a.n.n.StandardExtensionDiscoveringManager Loaded extensions for org.apache.nifi:nifi-kudu-nar:1.14.0 in 3 millis
2024-10-18 11:35:16,446 INFO [main] o.a.n.n.StandardExtensionDiscoveringManager Loaded extensions for org.apache.nifi:nifi-pgp-nar:1.14.0 in 2 millis
2024-10-18 11:35:16,449 INFO [main] o.a.n.n.StandardExtensionDiscoveringManager Loaded extensions for org.apache.nifi:nifi-azure-nar:1.14.0 in 3 millis
2024-10-18 11:35:16,451 INFO [main] o.a.n.n.StandardExtensionDiscoveringManager Loaded extensions for org.apache.nifi:nifi-cassandra-services-nar:1.14.0 in 2 millis
2024-10-18 11:35:16,453 INFO [main] o.a.n.n.StandardExtensionDiscoveringManager Loaded extensions for org.apache.nifi:nifi-mongodb-nar:1.14.0 in 1 millis
2024-10-18 11:35:16,456 INFO [main] o.a.n.n.StandardExtensionDiscoveringManager Loaded extensions for org.apache.nifi:nifi-parquet-nar:1.14.0 in 3 millis
2024-10-18 11:35:16,457 INFO [main] o.a.n.n.StandardExtensionDiscoveringManager Extension Type Mapping to Bundle:
	=== ContentRepository Type ===
	org.apache.nifi.controller.repository.VolatileContentRepository
		org.apache.nifi:nifi-framework-nar:1.14.0 || ./work/nar/framework/nifi-framework-nar-1.14.0.nar-unpacked
	org.apache.nifi.controller.repository.crypto.EncryptedFileSystemRepository
		org.apache.nifi:nifi-framework-nar:1.14.0 || ./work/nar/framework/nifi-framework-nar-1.14.0.nar-unpacked
	org.apache.nifi.controller.repository.FileSystemRepository
		org.apache.nifi:nifi-framework-nar:1.14.0 || ./work/nar/framework/nifi-framework-nar-1.14.0.nar-unpacked
	=== End ContentRepository types ===
	=== Authorizer Type ===
	org.apache.nifi.authorization.single.user.SingleUserAuthorizer
		org.apache.nifi:nifi-single-user-iaa-providers-nar:1.14.0 || ./work/nar/extensions/nifi-single-user-iaa-providers-nar-1.14.0.nar-unpacked
	org.apache.nifi.authorization.FileAuthorizer
		org.apache.nifi:nifi-framework-nar:1.14.0 || ./work/nar/framework/nifi-framework-nar-1.14.0.nar-unpacked
	org.apache.nifi.authorization.StandardManagedAuthorizer
		org.apache.nifi:nifi-framework-nar:1.14.0 || ./work/nar/framework/nifi-framework-nar-1.14.0.nar-unpacked
	=== End Authorizer types ===
	=== ControllerService Type ===
	org.apache.nifi.hbase.HBase_2_RecordLookupService
		org.apache.nifi:nifi-hbase_2-client-service-nar:1.14.0 || ./work/nar/extensions/nifi-hbase_2-client-service-nar-1.14.0.nar-unpacked
	org.apache.nifi.record.script.ScriptedRecordSetWriter
		org.apache.nifi:nifi-scripting-nar:1.14.0 || ./work/nar/extensions/nifi-scripting-nar-1.14.0.nar-unpacked
	org.apache.nifi.record.sink.script.ScriptedRecordSink
		org.apache.nifi:nifi-scripting-nar:1.14.0 || ./work/nar/extensions/nifi-scripting-nar-1.14.0.nar-unpacked
	org.apache.nifi.lookup.db.SimpleDatabaseLookupService
		org.apache.nifi:nifi-lookup-services-nar:1.14.0 || ./work/nar/extensions/nifi-lookup-services-nar-1.14.0.nar-unpacked
	org.apache.nifi.processors.aws.credentials.provider.service.AWSCredentialsProviderControllerService
		org.apache.nifi:nifi-aws-nar:1.14.0 || ./work/nar/extensions/nifi-aws-nar-1.14.0.nar-unpacked
	org.apache.nifi.json.JsonPathReader
		org.apache.nifi:nifi-record-serialization-services-nar:1.14.0 || ./work/nar/extensions/nifi-record-serialization-services-nar-1.14.0.nar-unpacked
	org.apache.nifi.controller.kudu.KuduLookupService
		org.apache.nifi:nifi-kudu-nar:1.14.0 || ./work/nar/extensions/nifi-kudu-nar-1.14.0.nar-unpacked
	org.apache.nifi.couchbase.CouchbaseRecordLookupService
		org.apache.nifi:nifi-couchbase-nar:1.14.0 || ./work/nar/extensions/nifi-couchbase-nar-1.14.0.nar-unpacked
	org.apache.nifi.services.azure.storage.AzureStorageCredentialsControllerService
		org.apache.nifi:nifi-azure-nar:1.14.0 || ./work/nar/extensions/nifi-azure-nar-1.14.0.nar-unpacked
	org.apache.nifi.lookup.maxmind.IPLookupService
		org.apache.nifi:nifi-lookup-services-nar:1.14.0 || ./work/nar/extensions/nifi-lookup-services-nar-1.14.0.nar-unpacked
	org.apache.nifi.service.CassandraSessionProvider
		org.apache.nifi:nifi-cassandra-services-nar:1.14.0 || ./work/nar/extensions/nifi-cassandra-services-nar-1.14.0.nar-unpacked
	org.apache.nifi.hazelcast.services.cacheclient.HazelcastMapCacheClient
		org.apache.nifi:nifi-hazelcast-services-nar:1.14.0 || ./work/nar/extensions/nifi-hazelcast-services-nar-1.14.0.nar-unpacked
	org.apache.nifi.jms.cf.JndiJmsConnectionFactoryProvider
		org.apache.nifi:nifi-jms-processors-nar:1.14.0 || ./work/nar/extensions/nifi-jms-processors-nar-1.14.0.nar-unpacked
	org.apache.nifi.xml.XMLReader
		org.apache.nifi:nifi-record-serialization-services-nar:1.14.0 || ./work/nar/extensions/nifi-record-serialization-services-nar-1.14.0.nar-unpacked
	org.apache.nifi.dbcp.DBCPConnectionPool
		org.apache.nifi:nifi-dbcp-service-nar:1.14.0 || ./work/nar/extensions/nifi-dbcp-service-nar-1.14.0.nar-unpacked
	org.apache.nifi.record.sink.LoggingRecordSink
		org.apache.nifi:nifi-record-sink-service-nar:1.14.0 || ./work/nar/extensions/nifi-record-sink-service-nar-1.14.0.nar-unpacked
	org.apache.nifi.avro.AvroRecordSetWriter
		org.apache.nifi:nifi-record-serialization-services-nar:1.14.0 || ./work/nar/extensions/nifi-record-serialization-services-nar-1.14.0.nar-unpacked
	org.apache.nifi.reporting.sink.SiteToSiteReportingRecordSink
		org.apache.nifi:nifi-site-to-site-reporting-nar:1.14.0 || ./work/nar/extensions/nifi-site-to-site-reporting-nar-1.14.0.nar-unpacked
	org.apache.nifi.ssl.StandardRestrictedSSLContextService
		org.apache.nifi:nifi-ssl-context-service-nar:1.14.0 || ./work/nar/extensions/nifi-ssl-context-service-nar-1.14.0.nar-unpacked
	org.apache.nifi.avro.AvroReader
		org.apache.nifi:nifi-record-serialization-services-nar:1.14.0 || ./work/nar/extensions/nifi-record-serialization-services-nar-1.14.0.nar-unpacked
	org.apache.nifi.pgp.service.standard.StandardPGPPublicKeyService
		org.apache.nifi:nifi-pgp-service-nar:1.14.0 || ./work/nar/extensions/nifi-pgp-service-nar-1.14.0.nar-unpacked
	org.apache.nifi.distributed.cache.server.DistributedSetCacheServer
		org.apache.nifi:nifi-distributed-cache-services-nar:1.14.0 || ./work/nar/extensions/nifi-distributed-cache-services-nar-1.14.0.nar-unpacked
	org.apache.nifi.couchbase.CouchbaseKeyValueLookupService
		org.apache.nifi:nifi-couchbase-nar:1.14.0 || ./work/nar/extensions/nifi-couchbase-nar-1.14.0.nar-unpacked
	org.apache.nifi.http.StandardHttpContextMap
		org.apache.nifi:nifi-http-context-map-nar:1.14.0 || ./work/nar/extensions/nifi-http-context-map-nar-1.14.0.nar-unpacked
	org.apache.nifi.services.azure.storage.ADLSCredentialsControllerService
		org.apache.nifi:nifi-azure-nar:1.14.0 || ./work/nar/extensions/nifi-azure-nar-1.14.0.nar-unpacked
	org.apache.nifi.schema.inference.VolatileSchemaCache
		org.apache.nifi:nifi-record-serialization-services-nar:1.14.0 || ./work/nar/extensions/nifi-record-serialization-services-nar-1.14.0.nar-unpacked
	org.apache.nifi.lookup.RecordSetWriterLookup
		org.apache.nifi:nifi-record-serialization-services-nar:1.14.0 || ./work/nar/extensions/nifi-record-serialization-services-nar-1.14.0.nar-unpacked
	org.apache.nifi.elasticsearch.ElasticSearchLookupService
		org.apache.nifi:nifi-elasticsearch-client-service-nar:1.14.0 || ./work/nar/extensions/nifi-elasticsearch-client-service-nar-1.14.0.nar-unpacked
	org.apache.nifi.dbcp.DBCPConnectionPoolLookup
		org.apache.nifi:nifi-dbcp-service-nar:1.14.0 || ./work/nar/extensions/nifi-dbcp-service-nar-1.14.0.nar-unpacked
	org.apache.nifi.hbase.HBase_1_1_2_RecordLookupService
		org.apache.nifi:nifi-hbase_1_1_2-client-service-nar:1.14.0 || ./work/nar/extensions/nifi-hbase_1_1_2-client-service-nar-1.14.0.nar-unpacked
	org.apache.nifi.parquet.ParquetReader
		org.apache.nifi:nifi-parquet-nar:1.14.0 || ./work/nar/extensions/nifi-parquet-nar-1.14.0.nar-unpacked
	org.apache.nifi.reporting.prometheus.PrometheusRecordSink
		org.apache.nifi:nifi-prometheus-nar:1.14.0 || ./work/nar/extensions/nifi-prometheus-nar-1.14.0.nar-unpacked
	org.apache.nifi.confluent.schemaregistry.ConfluentSchemaRegistry
		org.apache.nifi:nifi-confluent-platform-nar:1.14.0 || ./work/nar/extensions/nifi-confluent-platform-nar-1.14.0.nar-unpacked
	org.apache.nifi.schemaregistry.hortonworks.HortonworksSchemaRegistry
		org.apache.nifi:nifi-hwx-schema-registry-nar:1.14.0 || ./work/nar/extensions/nifi-hwx-schema-registry-nar-1.14.0.nar-unpacked
	org.apache.nifi.dbcp.hive.HiveConnectionPool
		org.apache.nifi:nifi-hive-nar:1.14.0 || ./work/nar/extensions/nifi-hive-nar-1.14.0.nar-unpacked
	org.apache.nifi.mongodb.MongoDBControllerService
		org.apache.nifi:nifi-mongodb-services-nar:1.14.0 || ./work/nar/extensions/nifi-mongodb-services-nar-1.14.0.nar-unpacked
	org.apache.nifi.hbase.HBase_1_1_2_ClientService
		org.apache.nifi:nifi-hbase_1_1_2-client-service-nar:1.14.0 || ./work/nar/extensions/nifi-hbase_1_1_2-client-service-nar-1.14.0.nar-unpacked
	org.apache.nifi.redis.service.RedisConnectionPoolService
		org.apache.nifi:nifi-redis-nar:1.14.0 || ./work/nar/extensions/nifi-redis-nar-1.14.0.nar-unpacked
	org.apache.nifi.distributed.cache.client.DistributedMapCacheClientService
		org.apache.nifi:nifi-distributed-cache-services-nar:1.14.0 || ./work/nar/extensions/nifi-distributed-cache-services-nar-1.14.0.nar-unpacked
	org.apache.nifi.controller.cassandra.CassandraDistributedMapCache
		org.apache.nifi:nifi-cassandra-services-nar:1.14.0 || ./work/nar/extensions/nifi-cassandra-services-nar-1.14.0.nar-unpacked
	org.apache.nifi.websocket.jetty.JettyWebSocketServer
		org.apache.nifi:nifi-websocket-services-jetty-nar:1.14.0 || ./work/nar/extensions/nifi-websocket-services-jetty-nar-1.14.0.nar-unpacked
	org.apache.nifi.elasticsearch.ElasticSearchClientServiceImpl
		org.apache.nifi:nifi-elasticsearch-client-service-nar:1.14.0 || ./work/nar/extensions/nifi-elasticsearch-client-service-nar-1.14.0.nar-unpacked
	org.apache.nifi.record.sink.kafka.KafkaRecordSink_2_0
		org.apache.nifi:nifi-kafka-2-0-nar:1.14.0 || ./work/nar/extensions/nifi-kafka-2-0-nar-1.14.0.nar-unpacked
	org.apache.nifi.pgp.service.standard.StandardPGPPrivateKeyService
		org.apache.nifi:nifi-pgp-service-nar:1.14.0 || ./work/nar/extensions/nifi-pgp-service-nar-1.14.0.nar-unpacked
	org.apache.nifi.parquet.ParquetRecordSetWriter
		org.apache.nifi:nifi-parquet-nar:1.14.0 || ./work/nar/extensions/nifi-parquet-nar-1.14.0.nar-unpacked
	org.apache.nifi.lookup.XMLFileLookupService
		org.apache.nifi:nifi-lookup-services-nar:1.14.0 || ./work/nar/extensions/nifi-lookup-services-nar-1.14.0.nar-unpacked
	org.apache.nifi.oauth2.OAuth2TokenProviderImpl
		org.apache.nifi:nifi-oauth2-provider-nar:1.14.0 || ./work/nar/extensions/nifi-oauth2-provider-nar-1.14.0.nar-unpacked
	org.apache.nifi.record.sink.db.DatabaseRecordSink
		org.apache.nifi:nifi-dbcp-service-nar:1.14.0 || ./work/nar/extensions/nifi-dbcp-service-nar-1.14.0.nar-unpacked
	org.apache.nifi.jms.cf.JMSConnectionFactoryProvider
		org.apache.nifi:nifi-jms-processors-nar:1.14.0 || ./work/nar/extensions/nifi-jms-processors-nar-1.14.0.nar-unpacked
	org.apache.nifi.lookup.DistributedMapCacheLookupService
		org.apache.nifi:nifi-lookup-services-nar:1.14.0 || ./work/nar/extensions/nifi-lookup-services-nar-1.14.0.nar-unpacked
	org.apache.nifi.hbase.HBase_2_ClientMapCacheService
		org.apache.nifi:nifi-hbase_2-client-service-nar:1.14.0 || ./work/nar/extensions/nifi-hbase_2-client-service-nar-1.14.0.nar-unpacked
	org.apache.nifi.processors.aws.s3.encryption.StandardS3EncryptionService
		org.apache.nifi:nifi-aws-nar:1.14.0 || ./work/nar/extensions/nifi-aws-nar-1.14.0.nar-unpacked
	org.apache.nifi.record.sink.kafka.KafkaRecordSink_2_6
		org.apache.nifi:nifi-kafka-2-6-nar:1.14.0 || ./work/nar/extensions/nifi-kafka-2-6-nar-1.14.0.nar-unpacked
	org.apache.nifi.hbase.HBase_2_ClientService
		org.apache.nifi:nifi-hbase_2-client-service-nar:1.14.0 || ./work/nar/extensions/nifi-hbase_2-client-service-nar-1.14.0.nar-unpacked
	org.apache.nifi.lookup.ReaderLookup
		org.apache.nifi:nifi-record-serialization-services-nar:1.14.0 || ./work/nar/extensions/nifi-record-serialization-services-nar-1.14.0.nar-unpacked
	org.apache.nifi.rules.engine.script.ScriptedRulesEngine
		org.apache.nifi:nifi-scripting-nar:1.14.0 || ./work/nar/extensions/nifi-scripting-nar-1.14.0.nar-unpacked
	org.apache.nifi.record.script.ScriptedReader
		org.apache.nifi:nifi-scripting-nar:1.14.0 || ./work/nar/extensions/nifi-scripting-nar-1.14.0.nar-unpacked
	org.apache.nifi.elasticsearch.ElasticSearchStringLookupService
		org.apache.nifi:nifi-elasticsearch-client-service-nar:1.14.0 || ./work/nar/extensions/nifi-elasticsearch-client-service-nar-1.14.0.nar-unpacked
	org.apache.nifi.windowsevent.WindowsEventLogReader
		org.apache.nifi:nifi-record-serialization-services-nar:1.14.0 || ./work/nar/extensions/nifi-record-serialization-services-nar-1.14.0.nar-unpacked
	org.apache.nifi.proxy.StandardProxyConfigurationService
		org.apache.nifi:nifi-proxy-configuration-nar:1.14.0 || ./work/nar/extensions/nifi-proxy-configuration-nar-1.14.0.nar-unpacked
	org.apache.nifi.lookup.PropertiesFileLookupService
		org.apache.nifi:nifi-lookup-services-nar:1.14.0 || ./work/nar/extensions/nifi-lookup-services-nar-1.14.0.nar-unpacked
	org.apache.nifi.mongodb.MongoDBLookupService
		org.apache.nifi:nifi-mongodb-services-nar:1.14.0 || ./work/nar/extensions/nifi-mongodb-services-nar-1.14.0.nar-unpacked
	org.apache.nifi.kerberos.KeytabCredentialsService
		org.apache.nifi:nifi-kerberos-credentials-service-nar:1.14.0 || ./work/nar/extensions/nifi-kerberos-credentials-service-nar-1.14.0.nar-unpacked
	org.apache.nifi.json.JsonRecordSetWriter
		org.apache.nifi:nifi-record-serialization-services-nar:1.14.0 || ./work/nar/extensions/nifi-record-serialization-services-nar-1.14.0.nar-unpacked
	org.apache.nifi.schemaregistry.services.AvroSchemaRegistry
		org.apache.nifi:nifi-registry-nar:1.14.0 || ./work/nar/extensions/nifi-registry-nar-1.14.0.nar-unpacked
	org.apache.nifi.websocket.jetty.JettyWebSocketClient
		org.apache.nifi:nifi-websocket-services-jetty-nar:1.14.0 || ./work/nar/extensions/nifi-websocket-services-jetty-nar-1.14.0.nar-unpacked
	org.apache.nifi.services.azure.storage.AzureStorageCredentialsControllerServiceLookup
		org.apache.nifi:nifi-azure-nar:1.14.0 || ./work/nar/extensions/nifi-azure-nar-1.14.0.nar-unpacked
	org.apache.nifi.csv.CSVReader
		org.apache.nifi:nifi-record-serialization-services-nar:1.14.0 || ./work/nar/extensions/nifi-record-serialization-services-nar-1.14.0.nar-unpacked
	org.apache.nifi.syslog.Syslog5424Reader
		org.apache.nifi:nifi-record-serialization-services-nar:1.14.0 || ./work/nar/extensions/nifi-record-serialization-services-nar-1.14.0.nar-unpacked
	org.apache.nifi.couchbase.CouchbaseMapCacheClient
		org.apache.nifi:nifi-couchbase-nar:1.14.0 || ./work/nar/extensions/nifi-couchbase-nar-1.14.0.nar-unpacked
	org.apache.nifi.grok.GrokReader
		org.apache.nifi:nifi-record-serialization-services-nar:1.14.0 || ./work/nar/extensions/nifi-record-serialization-services-nar-1.14.0.nar-unpacked
	org.apache.nifi.record.sink.kafka.KafkaRecordSink_1_0
		org.apache.nifi:nifi-kafka-1-0-nar:1.14.0 || ./work/nar/extensions/nifi-kafka-1-0-nar-1.14.0.nar-unpacked
	org.apache.nifi.hbase.HBase_1_1_2_ClientMapCacheService
		org.apache.nifi:nifi-hbase_1_1_2-client-service-nar:1.14.0 || ./work/nar/extensions/nifi-hbase_1_1_2-client-service-nar-1.14.0.nar-unpacked
	org.apache.nifi.record.sink.lookup.RecordSinkServiceLookup
		org.apache.nifi:nifi-record-sink-service-nar:1.14.0 || ./work/nar/extensions/nifi-record-sink-service-nar-1.14.0.nar-unpacked
	org.apache.nifi.lookup.SimpleCsvFileLookupService
		org.apache.nifi:nifi-lookup-services-nar:1.14.0 || ./work/nar/extensions/nifi-lookup-services-nar-1.14.0.nar-unpacked
	org.apache.nifi.hbase.HBase_1_1_2_ListLookupService
		org.apache.nifi:nifi-hbase_1_1_2-client-service-nar:1.14.0 || ./work/nar/extensions/nifi-hbase_1_1_2-client-service-nar-1.14.0.nar-unpacked
	org.apache.nifi.redis.service.RedisDistributedMapCacheClientService
		org.apache.nifi:nifi-redis-nar:1.14.0 || ./work/nar/extensions/nifi-redis-nar-1.14.0.nar-unpacked
	org.apache.nifi.metrics.reporting.reporter.service.GraphiteMetricReporterService
		org.apache.nifi:nifi-metrics-reporting-nar:1.14.0 || ./work/nar/extensions/nifi-metrics-reporting-nar-1.14.0.nar-unpacked
	org.apache.nifi.lookup.RestLookupService
		org.apache.nifi:nifi-lookup-services-nar:1.14.0 || ./work/nar/extensions/nifi-lookup-services-nar-1.14.0.nar-unpacked
	org.apache.nifi.lookup.script.SimpleScriptedLookupService
		org.apache.nifi:nifi-scripting-nar:1.14.0 || ./work/nar/extensions/nifi-scripting-nar-1.14.0.nar-unpacked
	org.apache.nifi.text.FreeFormTextRecordSetWriter
		org.apache.nifi:nifi-record-serialization-services-nar:1.14.0 || ./work/nar/extensions/nifi-record-serialization-services-nar-1.14.0.nar-unpacked
	org.apache.nifi.hazelcast.services.cachemanager.ExternalHazelcastCacheManager
		org.apache.nifi:nifi-hazelcast-services-nar:1.14.0 || ./work/nar/extensions/nifi-hazelcast-services-nar-1.14.0.nar-unpacked
	org.apache.nifi.services.azure.storage.AzureStorageEmulatorCredentialsControllerService
		org.apache.nifi:nifi-azure-nar:1.14.0 || ./work/nar/extensions/nifi-azure-nar-1.14.0.nar-unpacked
	org.apache.nifi.rules.handlers.script.ScriptedActionHandler
		org.apache.nifi:nifi-scripting-nar:1.14.0 || ./work/nar/extensions/nifi-scripting-nar-1.14.0.nar-unpacked
	org.apache.nifi.lookup.CSVRecordLookupService
		org.apache.nifi:nifi-lookup-services-nar:1.14.0 || ./work/nar/extensions/nifi-lookup-services-nar-1.14.0.nar-unpacked
	org.apache.nifi.ssl.StandardSSLContextService
		org.apache.nifi:nifi-ssl-context-service-nar:1.14.0 || ./work/nar/extensions/nifi-ssl-context-service-nar-1.14.0.nar-unpacked
	org.apache.nifi.distributed.cache.client.DistributedSetCacheClientService
		org.apache.nifi:nifi-distributed-cache-services-nar:1.14.0 || ./work/nar/extensions/nifi-distributed-cache-services-nar-1.14.0.nar-unpacked
	org.apache.nifi.csv.CSVRecordSetWriter
		org.apache.nifi:nifi-record-serialization-services-nar:1.14.0 || ./work/nar/extensions/nifi-record-serialization-services-nar-1.14.0.nar-unpacked
	org.apache.nifi.lookup.db.DatabaseRecordLookupService
		org.apache.nifi:nifi-lookup-services-nar:1.14.0 || ./work/nar/extensions/nifi-lookup-services-nar-1.14.0.nar-unpacked
	org.apache.nifi.processors.gcp.credentials.service.GCPCredentialsControllerService
		org.apache.nifi:nifi-gcp-nar:1.14.0 || ./work/nar/extensions/nifi-gcp-nar-1.14.0.nar-unpacked
	org.apache.nifi.syslog.SyslogReader
		org.apache.nifi:nifi-record-serialization-services-nar:1.14.0 || ./work/nar/extensions/nifi-record-serialization-services-nar-1.14.0.nar-unpacked
	org.apache.nifi.services.azure.cosmos.document.AzureCosmosDBClientService
		org.apache.nifi:nifi-azure-nar:1.14.0 || ./work/nar/extensions/nifi-azure-nar-1.14.0.nar-unpacked
	org.apache.nifi.dbcp.HadoopDBCPConnectionPool
		org.apache.nifi:nifi-hadoop-dbcp-service-nar:1.14.0 || ./work/nar/extensions/nifi-hadoop-dbcp-service-nar-1.14.0.nar-unpacked
	org.apache.nifi.lookup.script.ScriptedLookupService
		org.apache.nifi:nifi-scripting-nar:1.14.0 || ./work/nar/extensions/nifi-scripting-nar-1.14.0.nar-unpacked
	org.apache.nifi.lookup.SimpleKeyValueLookupService
		org.apache.nifi:nifi-lookup-services-nar:1.14.0 || ./work/nar/extensions/nifi-lookup-services-nar-1.14.0.nar-unpacked
	org.apache.nifi.hazelcast.services.cachemanager.EmbeddedHazelcastCacheManager
		org.apache.nifi:nifi-hazelcast-services-nar:1.14.0 || ./work/nar/extensions/nifi-hazelcast-services-nar-1.14.0.nar-unpacked
	org.apache.nifi.xml.XMLRecordSetWriter
		org.apache.nifi:nifi-record-serialization-services-nar:1.14.0 || ./work/nar/extensions/nifi-record-serialization-services-nar-1.14.0.nar-unpacked
	org.apache.nifi.json.JsonTreeReader
		org.apache.nifi:nifi-record-serialization-services-nar:1.14.0 || ./work/nar/extensions/nifi-record-serialization-services-nar-1.14.0.nar-unpacked
	org.apache.nifi.distributed.cache.server.map.DistributedMapCacheServer
		org.apache.nifi:nifi-distributed-cache-services-nar:1.14.0 || ./work/nar/extensions/nifi-distributed-cache-services-nar-1.14.0.nar-unpacked
	org.apache.nifi.couchbase.CouchbaseClusterService
		org.apache.nifi:nifi-couchbase-nar:1.14.0 || ./work/nar/extensions/nifi-couchbase-nar-1.14.0.nar-unpacked
	=== End ControllerService types ===
	=== AccessPolicyProvider Type ===
	org.apache.nifi.authorization.FileAccessPolicyProvider
		org.apache.nifi:nifi-framework-nar:1.14.0 || ./work/nar/framework/nifi-framework-nar-1.14.0.nar-unpacked
	=== End AccessPolicyProvider types ===
	=== FlowFileRepository Type ===
	org.apache.nifi.controller.repository.VolatileFlowFileRepository
		org.apache.nifi:nifi-framework-nar:1.14.0 || ./work/nar/framework/nifi-framework-nar-1.14.0.nar-unpacked
	org.apache.nifi.controller.repository.WriteAheadFlowFileRepository
		org.apache.nifi:nifi-framework-nar:1.14.0 || ./work/nar/framework/nifi-framework-nar-1.14.0.nar-unpacked
	org.apache.nifi.controller.repository.RocksDBFlowFileRepository
		org.apache.nifi:nifi-framework-nar:1.14.0 || ./work/nar/framework/nifi-framework-nar-1.14.0.nar-unpacked
	=== End FlowFileRepository types ===
	=== ReportingTask Type ===
	org.apache.nifi.controller.MonitorMemory
		org.apache.nifi:nifi-standard-nar:1.14.0 || ./work/nar/extensions/nifi-standard-nar-1.14.0.nar-unpacked
	org.apache.nifi.reporting.ambari.AmbariReportingTask
		org.apache.nifi:nifi-ambari-nar:1.14.0 || ./work/nar/extensions/nifi-ambari-nar-1.14.0.nar-unpacked
	org.apache.nifi.reporting.prometheus.PrometheusReportingTask
		org.apache.nifi:nifi-prometheus-nar:1.14.0 || ./work/nar/extensions/nifi-prometheus-nar-1.14.0.nar-unpacked
	org.apache.nifi.reporting.SiteToSiteStatusReportingTask
		org.apache.nifi:nifi-site-to-site-reporting-nar:1.14.0 || ./work/nar/extensions/nifi-site-to-site-reporting-nar-1.14.0.nar-unpacked
	org.apache.nifi.controller.ControllerStatusReportingTask
		org.apache.nifi:nifi-standard-nar:1.14.0 || ./work/nar/extensions/nifi-standard-nar-1.14.0.nar-unpacked
	org.apache.nifi.metrics.reporting.task.MetricsReportingTask
		org.apache.nifi:nifi-metrics-reporting-nar:1.14.0 || ./work/nar/extensions/nifi-metrics-reporting-nar-1.14.0.nar-unpacked
	org.apache.nifi.controller.MonitorDiskUsage
		org.apache.nifi:nifi-standard-nar:1.14.0 || ./work/nar/extensions/nifi-standard-nar-1.14.0.nar-unpacked
	org.apache.nifi.reporting.azure.loganalytics.AzureLogAnalyticsReportingTask
		org.apache.nifi:nifi-azure-nar:1.14.0 || ./work/nar/extensions/nifi-azure-nar-1.14.0.nar-unpacked
	org.apache.nifi.reporting.azure.loganalytics.AzureLogAnalyticsProvenanceReportingTask
		org.apache.nifi:nifi-azure-nar:1.14.0 || ./work/nar/extensions/nifi-azure-nar-1.14.0.nar-unpacked
	org.apache.nifi.reporting.SiteToSiteBulletinReportingTask
		org.apache.nifi:nifi-site-to-site-reporting-nar:1.14.0 || ./work/nar/extensions/nifi-site-to-site-reporting-nar-1.14.0.nar-unpacked
	org.apache.nifi.reporting.SiteToSiteMetricsReportingTask
		org.apache.nifi:nifi-site-to-site-reporting-nar:1.14.0 || ./work/nar/extensions/nifi-site-to-site-reporting-nar-1.14.0.nar-unpacked
	org.apache.nifi.reporting.datadog.DataDogReportingTask
		org.apache.nifi:nifi-datadog-nar:1.14.0 || ./work/nar/extensions/nifi-datadog-nar-1.14.0.nar-unpacked
	org.apache.nifi.reporting.SiteToSiteProvenanceReportingTask
		org.apache.nifi:nifi-site-to-site-reporting-nar:1.14.0 || ./work/nar/extensions/nifi-site-to-site-reporting-nar-1.14.0.nar-unpacked
	org.apache.nifi.reporting.ganglia.StandardGangliaReporter
		org.apache.nifi:nifi-standard-nar:1.14.0 || ./work/nar/extensions/nifi-standard-nar-1.14.0.nar-unpacked
	org.apache.nifi.reporting.script.ScriptedReportingTask
		org.apache.nifi:nifi-scripting-nar:1.14.0 || ./work/nar/extensions/nifi-scripting-nar-1.14.0.nar-unpacked
	=== End ReportingTask types ===
	=== FlowFilePrioritizer Type ===
	org.apache.nifi.prioritizer.PriorityAttributePrioritizer
		org.apache.nifi:nifi-framework-nar:1.14.0 || ./work/nar/framework/nifi-framework-nar-1.14.0.nar-unpacked
	org.apache.nifi.prioritizer.NewestFlowFileFirstPrioritizer
		org.apache.nifi:nifi-framework-nar:1.14.0 || ./work/nar/framework/nifi-framework-nar-1.14.0.nar-unpacked
	org.apache.nifi.prioritizer.OldestFlowFileFirstPrioritizer
		org.apache.nifi:nifi-framework-nar:1.14.0 || ./work/nar/framework/nifi-framework-nar-1.14.0.nar-unpacked
	org.apache.nifi.prioritizer.FirstInFirstOutPrioritizer
		org.apache.nifi:nifi-framework-nar:1.14.0 || ./work/nar/framework/nifi-framework-nar-1.14.0.nar-unpacked
	=== End FlowFilePrioritizer types ===
	=== ProvenanceRepository Type ===
	org.apache.nifi.provenance.WriteAheadProvenanceRepository
		org.apache.nifi:nifi-provenance-repository-nar:1.14.0 || ./work/nar/extensions/nifi-provenance-repository-nar-1.14.0.nar-unpacked
	org.apache.nifi.provenance.VolatileProvenanceRepository
		org.apache.nifi:nifi-provenance-repository-nar:1.14.0 || ./work/nar/extensions/nifi-provenance-repository-nar-1.14.0.nar-unpacked
	org.apache.nifi.provenance.PersistentProvenanceRepository
		org.apache.nifi:nifi-provenance-repository-nar:1.14.0 || ./work/nar/extensions/nifi-provenance-repository-nar-1.14.0.nar-unpacked
	org.apache.nifi.provenance.EncryptedWriteAheadProvenanceRepository
		org.apache.nifi:nifi-provenance-repository-nar:1.14.0 || ./work/nar/extensions/nifi-provenance-repository-nar-1.14.0.nar-unpacked
	=== End ProvenanceRepository types ===
	=== UserGroupProvider Type ===
	org.apache.nifi.authorization.azure.AzureGraphUserGroupProvider
		org.apache.nifi:nifi-azure-nar:1.14.0 || ./work/nar/extensions/nifi-azure-nar-1.14.0.nar-unpacked
	org.apache.nifi.authorization.CompositeConfigurableUserGroupProvider
		org.apache.nifi:nifi-framework-nar:1.14.0 || ./work/nar/framework/nifi-framework-nar-1.14.0.nar-unpacked
	org.apache.nifi.authorization.FileUserGroupProvider
		org.apache.nifi:nifi-framework-nar:1.14.0 || ./work/nar/framework/nifi-framework-nar-1.14.0.nar-unpacked
	org.apache.nifi.authorization.ShellUserGroupProvider
		org.apache.nifi:nifi-framework-nar:1.14.0 || ./work/nar/framework/nifi-framework-nar-1.14.0.nar-unpacked
	org.apache.nifi.ldap.tenants.LdapUserGroupProvider
		org.apache.nifi:nifi-ldap-iaa-providers-nar:1.14.0 || ./work/nar/extensions/nifi-ldap-iaa-providers-nar-1.14.0.nar-unpacked
	org.apache.nifi.authorization.CompositeUserGroupProvider
		org.apache.nifi:nifi-framework-nar:1.14.0 || ./work/nar/framework/nifi-framework-nar-1.14.0.nar-unpacked
	=== End UserGroupProvider types ===
	=== StateProvider Type ===
	org.apache.nifi.controller.state.providers.zookeeper.ZooKeeperStateProvider
		org.apache.nifi:nifi-framework-nar:1.14.0 || ./work/nar/framework/nifi-framework-nar-1.14.0.nar-unpacked
	org.apache.nifi.redis.state.RedisStateProvider
		org.apache.nifi:nifi-redis-nar:1.14.0 || ./work/nar/extensions/nifi-redis-nar-1.14.0.nar-unpacked
	org.apache.nifi.controller.state.providers.local.WriteAheadLocalStateProvider
		org.apache.nifi:nifi-framework-nar:1.14.0 || ./work/nar/framework/nifi-framework-nar-1.14.0.nar-unpacked
	=== End StateProvider types ===
	=== FlowFileSwapManager Type ===
	org.apache.nifi.controller.EncryptedFileSystemSwapManager
		org.apache.nifi:nifi-framework-nar:1.14.0 || ./work/nar/framework/nifi-framework-nar-1.14.0.nar-unpacked
	org.apache.nifi.controller.FileSystemSwapManager
		org.apache.nifi:nifi-framework-nar:1.14.0 || ./work/nar/framework/nifi-framework-nar-1.14.0.nar-unpacked
	=== End FlowFileSwapManager types ===
	=== StatusAnalyticsModel Type ===
	org.apache.nifi.controller.status.analytics.models.SimpleRegression
		org.apache.nifi:nifi-framework-nar:1.14.0 || ./work/nar/framework/nifi-framework-nar-1.14.0.nar-unpacked
	org.apache.nifi.controller.status.analytics.models.OrdinaryLeastSquares
		org.apache.nifi:nifi-framework-nar:1.14.0 || ./work/nar/framework/nifi-framework-nar-1.14.0.nar-unpacked
	=== End StatusAnalyticsModel types ===
	=== LoginIdentityProvider Type ===
	org.apache.nifi.ldap.LdapProvider
		org.apache.nifi:nifi-ldap-iaa-providers-nar:1.14.0 || ./work/nar/extensions/nifi-ldap-iaa-providers-nar-1.14.0.nar-unpacked
	org.apache.nifi.authentication.single.user.SingleUserLoginIdentityProvider
		org.apache.nifi:nifi-single-user-iaa-providers-nar:1.14.0 || ./work/nar/extensions/nifi-single-user-iaa-providers-nar-1.14.0.nar-unpacked
	org.apache.nifi.kerberos.KerberosProvider
		org.apache.nifi:nifi-kerberos-iaa-providers-nar:1.14.0 || ./work/nar/extensions/nifi-kerberos-iaa-providers-nar-1.14.0.nar-unpacked
	=== End LoginIdentityProvider types ===
	=== StatusHistoryRepository Type ===
	org.apache.nifi.controller.status.history.VolatileComponentStatusRepository
		org.apache.nifi:nifi-framework-nar:1.14.0 || ./work/nar/framework/nifi-framework-nar-1.14.0.nar-unpacked
	org.apache.nifi.controller.status.history.EmbeddedQuestDbStatusHistoryRepository
		org.apache.nifi:nifi-framework-nar:1.14.0 || ./work/nar/framework/nifi-framework-nar-1.14.0.nar-unpacked
	=== End StatusHistoryRepository types ===
	=== Processor Type ===
	org.apache.nifi.processors.mongodb.RunMongoAggregation
		org.apache.nifi:nifi-mongodb-nar:1.14.0 || ./work/nar/extensions/nifi-mongodb-nar-1.14.0.nar-unpacked
	org.apache.nifi.processors.hl7.RouteHL7
		org.apache.nifi:nifi-hl7-nar:1.14.0 || ./work/nar/extensions/nifi-hl7-nar-1.14.0.nar-unpacked
	org.apache.nifi.processors.mongodb.gridfs.DeleteGridFS
		org.apache.nifi:nifi-mongodb-nar:1.14.0 || ./work/nar/extensions/nifi-mongodb-nar-1.14.0.nar-unpacked
	org.apache.nifi.processors.standard.ListenTCPRecord
		org.apache.nifi:nifi-standard-nar:1.14.0 || ./work/nar/extensions/nifi-standard-nar-1.14.0.nar-unpacked
	org.apache.nifi.processors.standard.ExtractGrok
		org.apache.nifi:nifi-standard-nar:1.14.0 || ./work/nar/extensions/nifi-standard-nar-1.14.0.nar-unpacked
	org.apache.nifi.hbase.DeleteHBaseRow
		org.apache.nifi:nifi-hbase-nar:1.14.0 || ./work/nar/extensions/nifi-hbase-nar-1.14.0.nar-unpacked
	org.apache.nifi.processors.standard.FetchFTP
		org.apache.nifi:nifi-standard-nar:1.14.0 || ./work/nar/extensions/nifi-standard-nar-1.14.0.nar-unpacked
	org.apache.nifi.processors.hadoop.PutHDFS
		org.apache.nifi:nifi-hadoop-nar:1.14.0 || ./work/nar/extensions/nifi-hadoop-nar-1.14.0.nar-unpacked
	org.apache.nifi.processors.gcp.storage.FetchGCSObject
		org.apache.nifi:nifi-gcp-nar:1.14.0 || ./work/nar/extensions/nifi-gcp-nar-1.14.0.nar-unpacked
	org.apache.nifi.processors.hadoop.MoveHDFS
		org.apache.nifi:nifi-hadoop-nar:1.14.0 || ./work/nar/extensions/nifi-hadoop-nar-1.14.0.nar-unpacked
	org.apache.nifi.processors.standard.PutEmail
		org.apache.nifi:nifi-standard-nar:1.14.0 || ./work/nar/extensions/nifi-standard-nar-1.14.0.nar-unpacked
	org.apache.nifi.processors.standard.MergeRecord
		org.apache.nifi:nifi-standard-nar:1.14.0 || ./work/nar/extensions/nifi-standard-nar-1.14.0.nar-unpacked
	org.apache.nifi.processors.standard.PutRecord
		org.apache.nifi:nifi-standard-nar:1.14.0 || ./work/nar/extensions/nifi-standard-nar-1.14.0.nar-unpacked
	org.apache.nifi.processors.email.ConsumePOP3
		org.apache.nifi:nifi-email-nar:1.14.0 || ./work/nar/extensions/nifi-email-nar-1.14.0.nar-unpacked
	org.apache.nifi.processors.standard.Notify
		org.apache.nifi:nifi-standard-nar:1.14.0 || ./work/nar/extensions/nifi-standard-nar-1.14.0.nar-unpacked
	org.apache.nifi.spring.SpringContextProcessor
		org.apache.nifi:nifi-spring-nar:1.14.0 || ./work/nar/extensions/nifi-spring-nar-1.14.0.nar-unpacked
	org.apache.nifi.processors.rethinkdb.DeleteRethinkDB
		org.apache.nifi:nifi-rethinkdb-nar:1.14.0 || ./work/nar/extensions/nifi-rethinkdb-nar-1.14.0.nar-unpacked
	org.apache.nifi.processors.aws.sqs.PutSQS
		org.apache.nifi:nifi-aws-nar:1.14.0 || ./work/nar/extensions/nifi-aws-nar-1.14.0.nar-unpacked
	org.apache.nifi.processors.standard.DuplicateFlowFile
		org.apache.nifi:nifi-standard-nar:1.14.0 || ./work/nar/extensions/nifi-standard-nar-1.14.0.nar-unpacked
	org.apache.nifi.GetHTMLElement
		org.apache.nifi:nifi-html-nar:1.14.0 || ./work/nar/extensions/nifi-html-nar-1.14.0.nar-unpacked
	org.apache.nifi.processors.standard.DebugFlow
		org.apache.nifi:nifi-standard-nar:1.14.0 || ./work/nar/extensions/nifi-standard-nar-1.14.0.nar-unpacked
	org.apache.nifi.processors.elasticsearch.PutElasticsearchHttpRecord
		org.apache.nifi:nifi-elasticsearch-nar:1.14.0 || ./work/nar/extensions/nifi-elasticsearch-nar-1.14.0.nar-unpacked
	org.apache.nifi.processors.standard.SampleRecord
		org.apache.nifi:nifi-standard-nar:1.14.0 || ./work/nar/extensions/nifi-standard-nar-1.14.0.nar-unpacked
	org.apache.nifi.processors.standard.SegmentContent
		org.apache.nifi:nifi-standard-nar:1.14.0 || ./work/nar/extensions/nifi-standard-nar-1.14.0.nar-unpacked
	org.apache.nifi.processors.standard.EvaluateXQuery
		org.apache.nifi:nifi-standard-nar:1.14.0 || ./work/nar/extensions/nifi-standard-nar-1.14.0.nar-unpacked
	org.apache.nifi.processors.kafka.pubsub.PublishKafka_1_0
		org.apache.nifi:nifi-kafka-1-0-nar:1.14.0 || ./work/nar/extensions/nifi-kafka-1-0-nar-1.14.0.nar-unpacked
	org.apache.nifi.processors.standard.ForkRecord
		org.apache.nifi:nifi-standard-nar:1.14.0 || ./work/nar/extensions/nifi-standard-nar-1.14.0.nar-unpacked
	org.apache.nifi.processors.pgp.EncryptContentPGP
		org.apache.nifi:nifi-pgp-nar:1.14.0 || ./work/nar/extensions/nifi-pgp-nar-1.14.0.nar-unpacked
	org.apache.nifi.processors.standard.ValidateXml
		org.apache.nifi:nifi-standard-nar:1.14.0 || ./work/nar/extensions/nifi-standard-nar-1.14.0.nar-unpacked
	org.apache.nifi.processors.aws.kinesis.stream.PutKinesisStream
		org.apache.nifi:nifi-aws-nar:1.14.0 || ./work/nar/extensions/nifi-aws-nar-1.14.0.nar-unpacked
	org.apache.nifi.processors.standard.ListFTP
		org.apache.nifi:nifi-standard-nar:1.14.0 || ./work/nar/extensions/nifi-standard-nar-1.14.0.nar-unpacked
	org.apache.nifi.hbase.GetHBase
		org.apache.nifi:nifi-hbase-nar:1.14.0 || ./work/nar/extensions/nifi-hbase-nar-1.14.0.nar-unpacked
	org.apache.nifi.processors.standard.ConvertJSONToSQL
		org.apache.nifi:nifi-standard-nar:1.14.0 || ./work/nar/extensions/nifi-standard-nar-1.14.0.nar-unpacked
	org.apache.nifi.processors.email.ConsumeEWS
		org.apache.nifi:nifi-email-nar:1.14.0 || ./work/nar/extensions/nifi-email-nar-1.14.0.nar-unpacked
	org.apache.nifi.processors.standard.FetchDistributedMapCache
		org.apache.nifi:nifi-standard-nar:1.14.0 || ./work/nar/extensions/nifi-standard-nar-1.14.0.nar-unpacked
	org.apache.nifi.processors.solr.GetSolr
		org.apache.nifi:nifi-solr-nar:1.14.0 || ./work/nar/extensions/nifi-solr-nar-1.14.0.nar-unpacked
	org.apache.nifi.processors.standard.PostHTTP
		org.apache.nifi:nifi-standard-nar:1.14.0 || ./work/nar/extensions/nifi-standard-nar-1.14.0.nar-unpacked
	org.apache.nifi.processors.standard.GetJMSTopic
		org.apache.nifi:nifi-standard-nar:1.14.0 || ./work/nar/extensions/nifi-standard-nar-1.14.0.nar-unpacked
	org.apache.nifi.processors.azure.storage.ListAzureBlobStorage
		org.apache.nifi:nifi-azure-nar:1.14.0 || ./work/nar/extensions/nifi-azure-nar-1.14.0.nar-unpacked
	org.apache.nifi.processors.azure.eventhub.PutAzureEventHub
		org.apache.nifi:nifi-azure-nar:1.14.0 || ./work/nar/extensions/nifi-azure-nar-1.14.0.nar-unpacked
	org.apache.nifi.processors.standard.FetchSFTP
		org.apache.nifi:nifi-standard-nar:1.14.0 || ./work/nar/extensions/nifi-standard-nar-1.14.0.nar-unpacked
	org.apache.nifi.processors.standard.TailFile
		org.apache.nifi:nifi-standard-nar:1.14.0 || ./work/nar/extensions/nifi-standard-nar-1.14.0.nar-unpacked
	org.apache.nifi.processors.standard.Wait
		org.apache.nifi:nifi-standard-nar:1.14.0 || ./work/nar/extensions/nifi-standard-nar-1.14.0.nar-unpacked
	org.apache.nifi.processors.websocket.ConnectWebSocket
		org.apache.nifi:nifi-websocket-processors-nar:1.14.0 || ./work/nar/extensions/nifi-websocket-processors-nar-1.14.0.nar-unpacked
	org.apache.nifi.processors.standard.RouteOnContent
		org.apache.nifi:nifi-standard-nar:1.14.0 || ./work/nar/extensions/nifi-standard-nar-1.14.0.nar-unpacked
	org.apache.nifi.processors.email.ListenSMTP
		org.apache.nifi:nifi-email-nar:1.14.0 || ./work/nar/extensions/nifi-email-nar-1.14.0.nar-unpacked
	org.apache.nifi.processors.script.ExecuteScript
		org.apache.nifi:nifi-scripting-nar:1.14.0 || ./work/nar/extensions/nifi-scripting-nar-1.14.0.nar-unpacked
	org.apache.nifi.processors.splunk.PutSplunkHTTP
		org.apache.nifi:nifi-splunk-nar:1.14.0 || ./work/nar/extensions/nifi-splunk-nar-1.14.0.nar-unpacked
	org.apache.nifi.processors.standard.RouteOnAttribute
		org.apache.nifi:nifi-standard-nar:1.14.0 || ./work/nar/extensions/nifi-standard-nar-1.14.0.nar-unpacked
	org.apache.nifi.processors.standard.ParseSyslog
		org.apache.nifi:nifi-standard-nar:1.14.0 || ./work/nar/extensions/nifi-standard-nar-1.14.0.nar-unpacked
	org.apache.nifi.processors.standard.InvokeHTTP
		org.apache.nifi:nifi-standard-nar:1.14.0 || ./work/nar/extensions/nifi-standard-nar-1.14.0.nar-unpacked
	org.apache.nifi.processors.ISPEnrichIP
		org.apache.nifi:nifi-enrich-nar:1.14.0 || ./work/nar/extensions/nifi-enrich-nar-1.14.0.nar-unpacked
	org.apache.nifi.processors.standard.ValidateRecord
		org.apache.nifi:nifi-standard-nar:1.14.0 || ./work/nar/extensions/nifi-standard-nar-1.14.0.nar-unpacked
	org.apache.nifi.processors.standard.ListenTCP
		org.apache.nifi:nifi-standard-nar:1.14.0 || ./work/nar/extensions/nifi-standard-nar-1.14.0.nar-unpacked
	org.apache.nifi.processors.slack.PutSlack
		org.apache.nifi:nifi-slack-nar:1.14.0 || ./work/nar/extensions/nifi-slack-nar-1.14.0.nar-unpacked
	org.apache.nifi.processors.elasticsearch.PutElasticsearchRecord
		org.apache.nifi:nifi-elasticsearch-restapi-nar:1.14.0 || ./work/nar/extensions/nifi-elasticsearch-restapi-nar-1.14.0.nar-unpacked
	org.apache.nifi.processors.couchbase.PutCouchbaseKey
		org.apache.nifi:nifi-couchbase-nar:1.14.0 || ./work/nar/extensions/nifi-couchbase-nar-1.14.0.nar-unpacked
	org.apache.nifi.jms.processors.PublishJMS
		org.apache.nifi:nifi-jms-processors-nar:1.14.0 || ./work/nar/extensions/nifi-jms-processors-nar-1.14.0.nar-unpacked
	org.apache.nifi.processors.standard.CalculateRecordStats
		org.apache.nifi:nifi-standard-nar:1.14.0 || ./work/nar/extensions/nifi-standard-nar-1.14.0.nar-unpacked
	org.apache.nifi.processors.email.ExtractEmailHeaders
		org.apache.nifi:nifi-email-nar:1.14.0 || ./work/nar/extensions/nifi-email-nar-1.14.0.nar-unpacked
	org.apache.nifi.processors.email.ConsumeIMAP
		org.apache.nifi:nifi-email-nar:1.14.0 || ./work/nar/extensions/nifi-email-nar-1.14.0.nar-unpacked
	org.apache.nifi.processors.standard.ListenUDP
		org.apache.nifi:nifi-standard-nar:1.14.0 || ./work/nar/extensions/nifi-standard-nar-1.14.0.nar-unpacked
	org.apache.nifi.processors.elasticsearch.FetchElasticsearchHttp
		org.apache.nifi:nifi-elasticsearch-nar:1.14.0 || ./work/nar/extensions/nifi-elasticsearch-nar-1.14.0.nar-unpacked
	org.apache.nifi.processors.standard.ReplaceText
		org.apache.nifi:nifi-standard-nar:1.14.0 || ./work/nar/extensions/nifi-standard-nar-1.14.0.nar-unpacked
	org.apache.nifi.processors.gcp.pubsub.PublishGCPubSub
		org.apache.nifi:nifi-gcp-nar:1.14.0 || ./work/nar/extensions/nifi-gcp-nar-1.14.0.nar-unpacked
	org.apache.nifi.processors.standard.EvaluateJsonPath
		org.apache.nifi:nifi-standard-nar:1.14.0 || ./work/nar/extensions/nifi-standard-nar-1.14.0.nar-unpacked
	org.apache.nifi.processors.standard.ReplaceTextWithMapping
		org.apache.nifi:nifi-standard-nar:1.14.0 || ./work/nar/extensions/nifi-standard-nar-1.14.0.nar-unpacked
	org.apache.nifi.processors.influxdb.ExecuteInfluxDBQuery
		org.apache.nifi:nifi-influxdb-nar:1.14.0 || ./work/nar/extensions/nifi-influxdb-nar-1.14.0.nar-unpacked
	org.apache.nifi.processors.standard.IdentifyMimeType
		org.apache.nifi:nifi-standard-nar:1.14.0 || ./work/nar/extensions/nifi-standard-nar-1.14.0.nar-unpacked
	org.apache.nifi.processors.standard.ListenSyslog
		org.apache.nifi:nifi-standard-nar:1.14.0 || ./work/nar/extensions/nifi-standard-nar-1.14.0.nar-unpacked
	org.apache.nifi.processors.mongodb.DeleteMongo
		org.apache.nifi:nifi-mongodb-nar:1.14.0 || ./work/nar/extensions/nifi-mongodb-nar-1.14.0.nar-unpacked
	org.apache.nifi.processors.aws.s3.PutS3Object
		org.apache.nifi:nifi-aws-nar:1.14.0 || ./work/nar/extensions/nifi-aws-nar-1.14.0.nar-unpacked
	org.apache.nifi.processors.standard.PutDatabaseRecord
		org.apache.nifi:nifi-standard-nar:1.14.0 || ./work/nar/extensions/nifi-standard-nar-1.14.0.nar-unpacked
	org.apache.nifi.snmp.processors.GetSNMP
		org.apache.nifi:nifi-snmp-nar:1.14.0 || ./work/nar/extensions/nifi-snmp-nar-1.14.0.nar-unpacked
	org.apache.nifi.processors.hadoop.inotify.GetHDFSEvents
		org.apache.nifi:nifi-hadoop-nar:1.14.0 || ./work/nar/extensions/nifi-hadoop-nar-1.14.0.nar-unpacked
	org.apache.nifi.processors.standard.ExecuteSQL
		org.apache.nifi:nifi-standard-nar:1.14.0 || ./work/nar/extensions/nifi-standard-nar-1.14.0.nar-unpacked
	org.apache.nifi.processors.windows.event.log.ConsumeWindowsEventLog
		org.apache.nifi:nifi-windows-event-log-nar:1.14.0 || ./work/nar/extensions/nifi-windows-event-log-nar-1.14.0.nar-unpacked
	org.apache.nifi.processors.aws.dynamodb.DeleteDynamoDB
		org.apache.nifi:nifi-aws-nar:1.14.0 || ./work/nar/extensions/nifi-aws-nar-1.14.0.nar-unpacked
	org.apache.nifi.processors.cassandra.PutCassandraRecord
		org.apache.nifi:nifi-cassandra-nar:1.14.0 || ./work/nar/extensions/nifi-cassandra-nar-1.14.0.nar-unpacked
	org.apache.nifi.processors.standard.QueryDatabaseTableRecord
		org.apache.nifi:nifi-standard-nar:1.14.0 || ./work/nar/extensions/nifi-standard-nar-1.14.0.nar-unpacked
	org.apache.nifi.processors.standard.TransformXml
		org.apache.nifi:nifi-standard-nar:1.14.0 || ./work/nar/extensions/nifi-standard-nar-1.14.0.nar-unpacked
	org.apache.nifi.processors.hive.ConvertAvroToORC
		org.apache.nifi:nifi-hive-nar:1.14.0 || ./work/nar/extensions/nifi-hive-nar-1.14.0.nar-unpacked
	org.apache.nifi.processors.standard.FetchFile
		org.apache.nifi:nifi-standard-nar:1.14.0 || ./work/nar/extensions/nifi-standard-nar-1.14.0.nar-unpacked
	org.apache.nifi.processors.azure.cosmos.document.PutAzureCosmosDBRecord
		org.apache.nifi:nifi-azure-nar:1.14.0 || ./work/nar/extensions/nifi-azure-nar-1.14.0.nar-unpacked
	org.apache.nifi.processors.kafka.pubsub.ConsumeKafka_2_6
		org.apache.nifi:nifi-kafka-2-6-nar:1.14.0 || ./work/nar/extensions/nifi-kafka-2-6-nar-1.14.0.nar-unpacked
	org.apache.nifi.processors.mongodb.PutMongoRecord
		org.apache.nifi:nifi-mongodb-nar:1.14.0 || ./work/nar/extensions/nifi-mongodb-nar-1.14.0.nar-unpacked
	org.apache.nifi.processors.elasticsearch.FetchElasticsearch
		org.apache.nifi:nifi-elasticsearch-nar:1.14.0 || ./work/nar/extensions/nifi-elasticsearch-nar-1.14.0.nar-unpacked
	org.apache.nifi.processors.aws.cloudwatch.PutCloudWatchMetric
		org.apache.nifi:nifi-aws-nar:1.14.0 || ./work/nar/extensions/nifi-aws-nar-1.14.0.nar-unpacked
	org.apache.nifi.processors.standard.RouteText
		org.apache.nifi:nifi-standard-nar:1.14.0 || ./work/nar/extensions/nifi-standard-nar-1.14.0.nar-unpacked
	org.apache.nifi.processors.gcp.bigquery.PutBigQueryBatch
		org.apache.nifi:nifi-gcp-nar:1.14.0 || ./work/nar/extensions/nifi-gcp-nar-1.14.0.nar-unpacked
	org.apache.nifi.processors.solr.QuerySolr
		org.apache.nifi:nifi-solr-nar:1.14.0 || ./work/nar/extensions/nifi-solr-nar-1.14.0.nar-unpacked
	org.apache.nifi.processors.standard.ModifyBytes
		org.apache.nifi:nifi-standard-nar:1.14.0 || ./work/nar/extensions/nifi-standard-nar-1.14.0.nar-unpacked
	org.apache.nifi.processors.parquet.PutParquet
		org.apache.nifi:nifi-parquet-nar:1.14.0 || ./work/nar/extensions/nifi-parquet-nar-1.14.0.nar-unpacked
	org.apache.nifi.processors.aws.kinesis.stream.ConsumeKinesisStream
		org.apache.nifi:nifi-aws-nar:1.14.0 || ./work/nar/extensions/nifi-aws-nar-1.14.0.nar-unpacked
	org.apache.nifi.processors.splunk.QuerySplunkIndexingStatus
		org.apache.nifi:nifi-splunk-nar:1.14.0 || ./work/nar/extensions/nifi-splunk-nar-1.14.0.nar-unpacked
	org.apache.nifi.processors.evtx.ParseEvtx
		org.apache.nifi:nifi-evtx-nar:1.14.0 || ./work/nar/extensions/nifi-evtx-nar-1.14.0.nar-unpacked
	org.apache.nifi.processors.standard.EvaluateXPath
		org.apache.nifi:nifi-standard-nar:1.14.0 || ./work/nar/extensions/nifi-standard-nar-1.14.0.nar-unpacked
	org.apache.nifi.processors.standard.EnforceOrder
		org.apache.nifi:nifi-standard-nar:1.14.0 || ./work/nar/extensions/nifi-standard-nar-1.14.0.nar-unpacked
	org.apache.nifi.processors.standard.LogMessage
		org.apache.nifi:nifi-standard-nar:1.14.0 || ./work/nar/extensions/nifi-standard-nar-1.14.0.nar-unpacked
	org.apache.nifi.processors.splunk.PutSplunk
		org.apache.nifi:nifi-splunk-nar:1.14.0 || ./work/nar/extensions/nifi-splunk-nar-1.14.0.nar-unpacked
	org.apache.nifi.processors.azure.storage.FetchAzureBlobStorage
		org.apache.nifi:nifi-azure-nar:1.14.0 || ./work/nar/extensions/nifi-azure-nar-1.14.0.nar-unpacked
	org.apache.nifi.processors.kafka.pubsub.ConsumeKafkaRecord_1_0
		org.apache.nifi:nifi-kafka-1-0-nar:1.14.0 || ./work/nar/extensions/nifi-kafka-1-0-nar-1.14.0.nar-unpacked
	org.apache.nifi.processors.standard.ListSFTP
		org.apache.nifi:nifi-standard-nar:1.14.0 || ./work/nar/extensions/nifi-standard-nar-1.14.0.nar-unpacked
	org.apache.nifi.processors.standard.SplitText
		org.apache.nifi:nifi-standard-nar:1.14.0 || ./work/nar/extensions/nifi-standard-nar-1.14.0.nar-unpacked
	org.apache.nifi.processors.parquet.ConvertAvroToParquet
		org.apache.nifi:nifi-parquet-nar:1.14.0 || ./work/nar/extensions/nifi-parquet-nar-1.14.0.nar-unpacked
	org.apache.nifi.processors.standard.GetFTP
		org.apache.nifi:nifi-standard-nar:1.14.0 || ./work/nar/extensions/nifi-standard-nar-1.14.0.nar-unpacked
	org.apache.nifi.processors.gcp.storage.DeleteGCSObject
		org.apache.nifi:nifi-gcp-nar:1.14.0 || ./work/nar/extensions/nifi-gcp-nar-1.14.0.nar-unpacked
	org.apache.nifi.processors.kafka.pubsub.PublishKafkaRecord_1_0
		org.apache.nifi:nifi-kafka-1-0-nar:1.14.0 || ./work/nar/extensions/nifi-kafka-1-0-nar-1.14.0.nar-unpacked
	org.apache.nifi.hbase.ScanHBase
		org.apache.nifi:nifi-hbase-nar:1.14.0 || ./work/nar/extensions/nifi-hbase-nar-1.14.0.nar-unpacked
	org.apache.nifi.processors.kudu.PutKudu
		org.apache.nifi:nifi-kudu-nar:1.14.0 || ./work/nar/extensions/nifi-kudu-nar-1.14.0.nar-unpacked
	org.apache.nifi.processors.email.ExtractTNEFAttachments
		org.apache.nifi:nifi-email-nar:1.14.0 || ./work/nar/extensions/nifi-email-nar-1.14.0.nar-unpacked
	org.apache.nifi.processors.standard.ListenUDPRecord
		org.apache.nifi:nifi-standard-nar:1.14.0 || ./work/nar/extensions/nifi-standard-nar-1.14.0.nar-unpacked
	org.apache.nifi.processors.standard.DistributeLoad
		org.apache.nifi:nifi-standard-nar:1.14.0 || ./work/nar/extensions/nifi-standard-nar-1.14.0.nar-unpacked
	org.apache.nifi.processors.yandex.YandexTranslate
		org.apache.nifi:nifi-language-translation-nar:1.14.0 || ./work/nar/extensions/nifi-language-translation-nar-1.14.0.nar-unpacked
	org.apache.nifi.processors.aws.sqs.GetSQS
		org.apache.nifi:nifi-aws-nar:1.14.0 || ./work/nar/extensions/nifi-aws-nar-1.14.0.nar-unpacked
	org.apache.nifi.processors.enrich.QueryWhois
		org.apache.nifi:nifi-enrich-nar:1.14.0 || ./work/nar/extensions/nifi-enrich-nar-1.14.0.nar-unpacked
	org.apache.nifi.processors.kafka.pubsub.PublishKafkaRecord_2_6
		org.apache.nifi:nifi-kafka-2-6-nar:1.14.0 || ./work/nar/extensions/nifi-kafka-2-6-nar-1.14.0.nar-unpacked
	org.apache.nifi.processors.standard.PutJMS
		org.apache.nifi:nifi-standard-nar:1.14.0 || ./work/nar/extensions/nifi-standard-nar-1.14.0.nar-unpacked
	org.apache.nifi.processors.standard.ExecuteStreamCommand
		org.apache.nifi:nifi-standard-nar:1.14.0 || ./work/nar/extensions/nifi-standard-nar-1.14.0.nar-unpacked
	org.apache.nifi.processors.kafka.pubsub.PublishKafka_2_6
		org.apache.nifi:nifi-kafka-2-6-nar:1.14.0 || ./work/nar/extensions/nifi-kafka-2-6-nar-1.14.0.nar-unpacked
	org.apache.nifi.processors.pgp.DecryptContentPGP
		org.apache.nifi:nifi-pgp-nar:1.14.0 || ./work/nar/extensions/nifi-pgp-nar-1.14.0.nar-unpacked
	org.apache.nifi.processors.standard.PutDistributedMapCache
		org.apache.nifi:nifi-standard-nar:1.14.0 || ./work/nar/extensions/nifi-standard-nar-1.14.0.nar-unpacked
	org.apache.nifi.processors.kafka.pubsub.ConsumeKafka_1_0
		org.apache.nifi:nifi-kafka-1-0-nar:1.14.0 || ./work/nar/extensions/nifi-kafka-1-0-nar-1.14.0.nar-unpacked
	org.apache.nifi.processors.influxdb.PutInfluxDB
		org.apache.nifi:nifi-influxdb-nar:1.14.0 || ./work/nar/extensions/nifi-influxdb-nar-1.14.0.nar-unpacked
	org.apache.nifi.processors.gcp.storage.PutGCSObject
		org.apache.nifi:nifi-gcp-nar:1.14.0 || ./work/nar/extensions/nifi-gcp-nar-1.14.0.nar-unpacked
	org.apache.nifi.processors.standard.ListFile
		org.apache.nifi:nifi-standard-nar:1.14.0 || ./work/nar/extensions/nifi-standard-nar-1.14.0.nar-unpacked
	org.apache.nifi.processors.twitter.GetTwitter
		org.apache.nifi:nifi-social-media-nar:1.14.0 || ./work/nar/extensions/nifi-social-media-nar-1.14.0.nar-unpacked
	org.apache.nifi.processors.mongodb.gridfs.FetchGridFS
		org.apache.nifi:nifi-mongodb-nar:1.14.0 || ./work/nar/extensions/nifi-mongodb-nar-1.14.0.nar-unpacked
	org.apache.nifi.processors.standard.SplitRecord
		org.apache.nifi:nifi-standard-nar:1.14.0 || ./work/nar/extensions/nifi-standard-nar-1.14.0.nar-unpacked
	org.apache.nifi.processors.avro.SplitAvro
		org.apache.nifi:nifi-avro-nar:1.14.0 || ./work/nar/extensions/nifi-avro-nar-1.14.0.nar-unpacked
	org.apache.nifi.processors.aws.sqs.DeleteSQS
		org.apache.nifi:nifi-aws-nar:1.14.0 || ./work/nar/extensions/nifi-aws-nar-1.14.0.nar-unpacked
	org.apache.nifi.processors.mongodb.PutMongo
		org.apache.nifi:nifi-mongodb-nar:1.14.0 || ./work/nar/extensions/nifi-mongodb-nar-1.14.0.nar-unpacked
	org.apache.nifi.processors.standard.FlattenJson
		org.apache.nifi:nifi-standard-nar:1.14.0 || ./work/nar/extensions/nifi-standard-nar-1.14.0.nar-unpacked
	org.apache.nifi.processors.standard.GetFile
		org.apache.nifi:nifi-standard-nar:1.14.0 || ./work/nar/extensions/nifi-standard-nar-1.14.0.nar-unpacked
	org.apache.nifi.processors.standard.ListenRELP
		org.apache.nifi:nifi-standard-nar:1.14.0 || ./work/nar/extensions/nifi-standard-nar-1.14.0.nar-unpacked
	org.apache.nifi.processors.elasticsearch.QueryElasticsearchHttp
		org.apache.nifi:nifi-elasticsearch-nar:1.14.0 || ./work/nar/extensions/nifi-elasticsearch-nar-1.14.0.nar-unpacked
	org.apache.nifi.hbase.DeleteHBaseCells
		org.apache.nifi:nifi-hbase-nar:1.14.0 || ./work/nar/extensions/nifi-hbase-nar-1.14.0.nar-unpacked
	org.apache.nifi.processors.jolt.record.JoltTransformRecord
		org.apache.nifi:nifi-jolt-record-nar:1.14.0 || ./work/nar/extensions/nifi-jolt-record-nar-1.14.0.nar-unpacked
	org.apache.nifi.processors.standard.AttributesToJSON
		org.apache.nifi:nifi-standard-nar:1.14.0 || ./work/nar/extensions/nifi-standard-nar-1.14.0.nar-unpacked
	org.apache.nifi.processors.standard.CryptographicHashAttribute
		org.apache.nifi:nifi-standard-nar:1.14.0 || ./work/nar/extensions/nifi-standard-nar-1.14.0.nar-unpacked
	org.apache.nifi.processors.aws.s3.DeleteS3Object
		org.apache.nifi:nifi-aws-nar:1.14.0 || ./work/nar/extensions/nifi-aws-nar-1.14.0.nar-unpacked
	org.apache.nifi.processors.standard.PutSFTP
		org.apache.nifi:nifi-standard-nar:1.14.0 || ./work/nar/extensions/nifi-standard-nar-1.14.0.nar-unpacked
	org.apache.nifi.processors.hadoop.ListHDFS
		org.apache.nifi:nifi-hadoop-nar:1.14.0 || ./work/nar/extensions/nifi-hadoop-nar-1.14.0.nar-unpacked
	org.apache.nifi.processors.standard.ParseCEF
		org.apache.nifi:nifi-standard-nar:1.14.0 || ./work/nar/extensions/nifi-standard-nar-1.14.0.nar-unpacked
	org.apache.nifi.processors.standard.AttributesToCSV
		org.apache.nifi:nifi-standard-nar:1.14.0 || ./work/nar/extensions/nifi-standard-nar-1.14.0.nar-unpacked
	org.apache.nifi.processors.standard.UpdateRecord
		org.apache.nifi:nifi-standard-nar:1.14.0 || ./work/nar/extensions/nifi-standard-nar-1.14.0.nar-unpacked
	org.apache.nifi.processors.standard.HandleHttpResponse
		org.apache.nifi:nifi-standard-nar:1.14.0 || ./work/nar/extensions/nifi-standard-nar-1.14.0.nar-unpacked
	org.apache.nifi.processors.standard.ExecuteProcess
		org.apache.nifi:nifi-standard-nar:1.14.0 || ./work/nar/extensions/nifi-standard-nar-1.14.0.nar-unpacked
	org.apache.nifi.processors.standard.PutTCP
		org.apache.nifi:nifi-standard-nar:1.14.0 || ./work/nar/extensions/nifi-standard-nar-1.14.0.nar-unpacked
	org.apache.nifi.processors.hadoop.CreateHadoopSequenceFile
		org.apache.nifi:nifi-hadoop-nar:1.14.0 || ./work/nar/extensions/nifi-hadoop-nar-1.14.0.nar-unpacked
	org.apache.nifi.processors.standard.PutFTP
		org.apache.nifi:nifi-standard-nar:1.14.0 || ./work/nar/extensions/nifi-standard-nar-1.14.0.nar-unpacked
	org.apache.nifi.processors.standard.LookupAttribute
		org.apache.nifi:nifi-standard-nar:1.14.0 || ./work/nar/extensions/nifi-standard-nar-1.14.0.nar-unpacked
	org.apache.nifi.processors.standard.DetectDuplicate
		org.apache.nifi:nifi-standard-nar:1.14.0 || ./work/nar/extensions/nifi-standard-nar-1.14.0.nar-unpacked
	org.apache.nifi.processors.standard.SplitJson
		org.apache.nifi:nifi-standard-nar:1.14.0 || ./work/nar/extensions/nifi-standard-nar-1.14.0.nar-unpacked
	org.apache.nifi.processors.gcp.bigquery.PutBigQueryStreaming
		org.apache.nifi:nifi-gcp-nar:1.14.0 || ./work/nar/extensions/nifi-gcp-nar-1.14.0.nar-unpacked
	org.apache.nifi.processors.azure.storage.DeleteAzureDataLakeStorage
		org.apache.nifi:nifi-azure-nar:1.14.0 || ./work/nar/extensions/nifi-azure-nar-1.14.0.nar-unpacked
	org.apache.nifi.ModifyHTMLElement
		org.apache.nifi:nifi-html-nar:1.14.0 || ./work/nar/extensions/nifi-html-nar-1.14.0.nar-unpacked
	org.apache.nifi.processors.standard.RetryFlowFile
		org.apache.nifi:nifi-standard-nar:1.14.0 || ./work/nar/extensions/nifi-standard-nar-1.14.0.nar-unpacked
	org.apache.nifi.processors.aws.wag.InvokeAWSGatewayApi
		org.apache.nifi:nifi-aws-nar:1.14.0 || ./work/nar/extensions/nifi-aws-nar-1.14.0.nar-unpacked
	org.apache.nifi.processors.groovyx.ExecuteGroovyScript
		org.apache.nifi:nifi-groovyx-nar:1.14.0 || ./work/nar/extensions/nifi-groovyx-nar-1.14.0.nar-unpacked
	org.apache.nifi.processors.avro.ExtractAvroMetadata
		org.apache.nifi:nifi-avro-nar:1.14.0 || ./work/nar/extensions/nifi-avro-nar-1.14.0.nar-unpacked
	org.apache.nifi.processors.elasticsearch.PutElasticsearchHttp
		org.apache.nifi:nifi-elasticsearch-nar:1.14.0 || ./work/nar/extensions/nifi-elasticsearch-nar-1.14.0.nar-unpacked
	org.apache.nifi.processors.hive.SelectHiveQL
		org.apache.nifi:nifi-hive-nar:1.14.0 || ./work/nar/extensions/nifi-hive-nar-1.14.0.nar-unpacked
	org.apache.nifi.processors.aws.lambda.PutLambda
		org.apache.nifi:nifi-aws-nar:1.14.0 || ./work/nar/extensions/nifi-aws-nar-1.14.0.nar-unpacked
	org.apache.nifi.processors.standard.LogAttribute
		org.apache.nifi:nifi-standard-nar:1.14.0 || ./work/nar/extensions/nifi-standard-nar-1.14.0.nar-unpacked
	org.apache.nifi.processors.aws.sns.PutSNS
		org.apache.nifi:nifi-aws-nar:1.14.0 || ./work/nar/extensions/nifi-aws-nar-1.14.0.nar-unpacked
	org.apache.nifi.processors.kafka.pubsub.ConsumeKafkaRecord_2_0
		org.apache.nifi:nifi-kafka-2-0-nar:1.14.0 || ./work/nar/extensions/nifi-kafka-2-0-nar-1.14.0.nar-unpacked
	org.apache.nifi.processors.riemann.PutRiemann
		org.apache.nifi:nifi-riemann-nar:1.14.0 || ./work/nar/extensions/nifi-riemann-nar-1.14.0.nar-unpacked
	org.apache.nifi.processors.GeoEnrichIPRecord
		org.apache.nifi:nifi-enrich-nar:1.14.0 || ./work/nar/extensions/nifi-enrich-nar-1.14.0.nar-unpacked
	org.apache.nifi.processors.aws.s3.TagS3Object
		org.apache.nifi:nifi-aws-nar:1.14.0 || ./work/nar/extensions/nifi-aws-nar-1.14.0.nar-unpacked
	org.apache.nifi.processors.cassandra.PutCassandraQL
		org.apache.nifi:nifi-cassandra-nar:1.14.0 || ./work/nar/extensions/nifi-cassandra-nar-1.14.0.nar-unpacked
	org.apache.nifi.processors.script.InvokeScriptedProcessor
		org.apache.nifi:nifi-scripting-nar:1.14.0 || ./work/nar/extensions/nifi-scripting-nar-1.14.0.nar-unpacked
	org.apache.nifi.processors.gcp.storage.ListGCSBucket
		org.apache.nifi:nifi-gcp-nar:1.14.0 || ./work/nar/extensions/nifi-gcp-nar-1.14.0.nar-unpacked
	org.apache.nifi.processors.hadoop.FetchHDFS
		org.apache.nifi:nifi-hadoop-nar:1.14.0 || ./work/nar/extensions/nifi-hadoop-nar-1.14.0.nar-unpacked
	org.apache.nifi.processors.aws.s3.FetchS3Object
		org.apache.nifi:nifi-aws-nar:1.14.0 || ./work/nar/extensions/nifi-aws-nar-1.14.0.nar-unpacked
	org.apache.nifi.processors.kafka.pubsub.ConsumeKafkaRecord_2_6
		org.apache.nifi:nifi-kafka-2-6-nar:1.14.0 || ./work/nar/extensions/nifi-kafka-2-6-nar-1.14.0.nar-unpacked
	org.apache.nifi.processors.standard.Base64EncodeContent
		org.apache.nifi:nifi-standard-nar:1.14.0 || ./work/nar/extensions/nifi-standard-nar-1.14.0.nar-unpacked
	org.apache.nifi.hbase.PutHBaseJSON
		org.apache.nifi:nifi-hbase-nar:1.14.0 || ./work/nar/extensions/nifi-hbase-nar-1.14.0.nar-unpacked
	org.apache.nifi.processors.standard.ValidateCsv
		org.apache.nifi:nifi-standard-nar:1.14.0 || ./work/nar/extensions/nifi-standard-nar-1.14.0.nar-unpacked
	org.apache.nifi.processors.gettcp.GetTCP
		org.apache.nifi:nifi-tcp-nar:1.14.0 || ./work/nar/extensions/nifi-tcp-nar-1.14.0.nar-unpacked
	org.apache.nifi.processors.slack.PostSlack
		org.apache.nifi:nifi-slack-nar:1.14.0 || ./work/nar/extensions/nifi-slack-nar-1.14.0.nar-unpacked
	org.apache.nifi.processors.enrich.QueryDNS
		org.apache.nifi:nifi-enrich-nar:1.14.0 || ./work/nar/extensions/nifi-enrich-nar-1.14.0.nar-unpacked
	org.apache.nifi.processors.standard.PutUDP
		org.apache.nifi:nifi-standard-nar:1.14.0 || ./work/nar/extensions/nifi-standard-nar-1.14.0.nar-unpacked
	org.apache.nifi.hbase.PutHBaseRecord
		org.apache.nifi:nifi-hbase-nar:1.14.0 || ./work/nar/extensions/nifi-hbase-nar-1.14.0.nar-unpacked
	org.apache.nifi.processors.azure.storage.DeleteAzureBlobStorage
		org.apache.nifi:nifi-azure-nar:1.14.0 || ./work/nar/extensions/nifi-azure-nar-1.14.0.nar-unpacked
	org.apache.nifi.processors.standard.ExecuteSQLRecord
		org.apache.nifi:nifi-standard-nar:1.14.0 || ./work/nar/extensions/nifi-standard-nar-1.14.0.nar-unpacked
	org.apache.nifi.processors.stateful.analysis.AttributeRollingWindow
		org.apache.nifi:nifi-stateful-analysis-nar:1.14.0 || ./work/nar/extensions/nifi-stateful-analysis-nar-1.14.0.nar-unpacked
	org.apache.nifi.processors.standard.HashAttribute
		org.apache.nifi:nifi-standard-nar:1.14.0 || ./work/nar/extensions/nifi-standard-nar-1.14.0.nar-unpacked
	org.apache.nifi.processors.standard.HashContent
		org.apache.nifi:nifi-standard-nar:1.14.0 || ./work/nar/extensions/nifi-standard-nar-1.14.0.nar-unpacked
	org.apache.nifi.processors.standard.CountText
		org.apache.nifi:nifi-standard-nar:1.14.0 || ./work/nar/extensions/nifi-standard-nar-1.14.0.nar-unpacked
	org.apache.nifi.processors.azure.eventhub.GetAzureEventHub
		org.apache.nifi:nifi-azure-nar:1.14.0 || ./work/nar/extensions/nifi-azure-nar-1.14.0.nar-unpacked
	org.apache.nifi.processors.azure.storage.FetchAzureDataLakeStorage
		org.apache.nifi:nifi-azure-nar:1.14.0 || ./work/nar/extensions/nifi-azure-nar-1.14.0.nar-unpacked
	org.apache.nifi.processors.standard.UpdateCounter
		org.apache.nifi:nifi-standard-nar:1.14.0 || ./work/nar/extensions/nifi-standard-nar-1.14.0.nar-unpacked
	org.apache.nifi.processors.standard.QueryDatabaseTable
		org.apache.nifi:nifi-standard-nar:1.14.0 || ./work/nar/extensions/nifi-standard-nar-1.14.0.nar-unpacked
	org.apache.nifi.processors.parquet.FetchParquet
		org.apache.nifi:nifi-parquet-nar:1.14.0 || ./work/nar/extensions/nifi-parquet-nar-1.14.0.nar-unpacked
	org.apache.nifi.processors.ccda.ExtractCCDAAttributes
		org.apache.nifi:nifi-ccda-nar:1.14.0 || ./work/nar/extensions/nifi-ccda-nar-1.14.0.nar-unpacked
	org.apache.nifi.PutHTMLElement
		org.apache.nifi:nifi-html-nar:1.14.0 || ./work/nar/extensions/nifi-html-nar-1.14.0.nar-unpacked
	org.apache.nifi.processors.splunk.GetSplunk
		org.apache.nifi:nifi-splunk-nar:1.14.0 || ./work/nar/extensions/nifi-splunk-nar-1.14.0.nar-unpacked
	org.apache.nifi.amqp.processors.PublishAMQP
		org.apache.nifi:nifi-amqp-nar:1.14.0 || ./work/nar/extensions/nifi-amqp-nar-1.14.0.nar-unpacked
	org.apache.nifi.processors.standard.GetHTTP
		org.apache.nifi:nifi-standard-nar:1.14.0 || ./work/nar/extensions/nifi-standard-nar-1.14.0.nar-unpacked
	org.apache.nifi.hbase.FetchHBaseRow
		org.apache.nifi:nifi-hbase-nar:1.14.0 || ./work/nar/extensions/nifi-hbase-nar-1.14.0.nar-unpacked
	org.apache.nifi.processors.hadoop.GetHDFSFileInfo
		org.apache.nifi:nifi-hadoop-nar:1.14.0 || ./work/nar/extensions/nifi-hadoop-nar-1.14.0.nar-unpacked
	org.apache.nifi.processors.standard.ScanContent
		org.apache.nifi:nifi-standard-nar:1.14.0 || ./work/nar/extensions/nifi-standard-nar-1.14.0.nar-unpacked
	org.apache.nifi.processors.standard.ListenHTTP
		org.apache.nifi:nifi-standard-nar:1.14.0 || ./work/nar/extensions/nifi-standard-nar-1.14.0.nar-unpacked
	org.apache.nifi.processors.cybersecurity.FuzzyHashContent
		org.apache.nifi:nifi-cybersecurity-nar:1.14.0 || ./work/nar/extensions/nifi-cybersecurity-nar-1.14.0.nar-unpacked
	org.apache.nifi.processors.standard.CompressContent
		org.apache.nifi:nifi-standard-nar:1.14.0 || ./work/nar/extensions/nifi-standard-nar-1.14.0.nar-unpacked
	org.apache.nifi.processors.email.ExtractEmailAttachments
		org.apache.nifi:nifi-email-nar:1.14.0 || ./work/nar/extensions/nifi-email-nar-1.14.0.nar-unpacked
	org.apache.nifi.processors.rethinkdb.GetRethinkDB
		org.apache.nifi:nifi-rethinkdb-nar:1.14.0 || ./work/nar/extensions/nifi-rethinkdb-nar-1.14.0.nar-unpacked
	org.apache.nifi.processors.standard.UnpackContent
		org.apache.nifi:nifi-standard-nar:1.14.0 || ./work/nar/extensions/nifi-standard-nar-1.14.0.nar-unpacked
	org.apache.nifi.processors.network.ParseNetflowv5
		org.apache.nifi:nifi-network-processors-nar:1.14.0 || ./work/nar/extensions/nifi-network-processors-nar-1.14.0.nar-unpacked
	org.apache.nifi.processors.elasticsearch.PutElasticsearch
		org.apache.nifi:nifi-elasticsearch-nar:1.14.0 || ./work/nar/extensions/nifi-elasticsearch-nar-1.14.0.nar-unpacked
	org.apache.nifi.processors.websocket.ListenWebSocket
		org.apache.nifi:nifi-websocket-processors-nar:1.14.0 || ./work/nar/extensions/nifi-websocket-processors-nar-1.14.0.nar-unpacked
	org.apache.nifi.processors.grpc.ListenGRPC
		org.apache.nifi:nifi-grpc-nar:1.14.0 || ./work/nar/extensions/nifi-grpc-nar-1.14.0.nar-unpacked
	org.apache.nifi.processors.standard.PutFile
		org.apache.nifi:nifi-standard-nar:1.14.0 || ./work/nar/extensions/nifi-standard-nar-1.14.0.nar-unpacked
	org.apache.nifi.processors.hadoop.DeleteHDFS
		org.apache.nifi:nifi-hadoop-nar:1.14.0 || ./work/nar/extensions/nifi-hadoop-nar-1.14.0.nar-unpacked
	org.apache.nifi.processors.couchbase.GetCouchbaseKey
		org.apache.nifi:nifi-couchbase-nar:1.14.0 || ./work/nar/extensions/nifi-couchbase-nar-1.14.0.nar-unpacked
	org.apache.nifi.processors.elasticsearch.DeleteByQueryElasticsearch
		org.apache.nifi:nifi-elasticsearch-restapi-nar:1.14.0 || ./work/nar/extensions/nifi-elasticsearch-restapi-nar-1.14.0.nar-unpacked
	org.apache.nifi.processors.standard.ListDatabaseTables
		org.apache.nifi:nifi-standard-nar:1.14.0 || ./work/nar/extensions/nifi-standard-nar-1.14.0.nar-unpacked
	org.apache.nifi.processors.standard.CryptographicHashContent
		org.apache.nifi:nifi-standard-nar:1.14.0 || ./work/nar/extensions/nifi-standard-nar-1.14.0.nar-unpacked
	org.apache.nifi.processors.script.ScriptedTransformRecord
		org.apache.nifi:nifi-scripting-nar:1.14.0 || ./work/nar/extensions/nifi-scripting-nar-1.14.0.nar-unpacked
	org.apache.nifi.processors.mqtt.ConsumeMQTT
		org.apache.nifi:nifi-mqtt-nar:1.14.0 || ./work/nar/extensions/nifi-mqtt-nar-1.14.0.nar-unpacked
	org.apache.nifi.processors.standard.GenerateTableFetch
		org.apache.nifi:nifi-standard-nar:1.14.0 || ./work/nar/extensions/nifi-standard-nar-1.14.0.nar-unpacked
	org.apache.nifi.processors.cassandra.QueryCassandra
		org.apache.nifi:nifi-cassandra-nar:1.14.0 || ./work/nar/extensions/nifi-cassandra-nar-1.14.0.nar-unpacked
	org.apache.nifi.jms.processors.ConsumeJMS
		org.apache.nifi:nifi-jms-processors-nar:1.14.0 || ./work/nar/extensions/nifi-jms-processors-nar-1.14.0.nar-unpacked
	org.apache.nifi.processors.hadoop.GetHDFS
		org.apache.nifi:nifi-hadoop-nar:1.14.0 || ./work/nar/extensions/nifi-hadoop-nar-1.14.0.nar-unpacked
	org.apache.nifi.processors.rethinkdb.PutRethinkDB
		org.apache.nifi:nifi-rethinkdb-nar:1.14.0 || ./work/nar/extensions/nifi-rethinkdb-nar-1.14.0.nar-unpacked
	org.apache.nifi.processors.mongodb.GetMongoRecord
		org.apache.nifi:nifi-mongodb-nar:1.14.0 || ./work/nar/extensions/nifi-mongodb-nar-1.14.0.nar-unpacked
	org.apache.nifi.processors.kafka.pubsub.PublishKafka_2_0
		org.apache.nifi:nifi-kafka-2-0-nar:1.14.0 || ./work/nar/extensions/nifi-kafka-2-0-nar-1.14.0.nar-unpacked
	org.apache.nifi.processors.mqtt.PublishMQTT
		org.apache.nifi:nifi-mqtt-nar:1.14.0 || ./work/nar/extensions/nifi-mqtt-nar-1.14.0.nar-unpacked
	org.apache.nifi.processors.standard.PutSyslog
		org.apache.nifi:nifi-standard-nar:1.14.0 || ./work/nar/extensions/nifi-standard-nar-1.14.0.nar-unpacked
	org.apache.nifi.processors.standard.PutSQL
		org.apache.nifi:nifi-standard-nar:1.14.0 || ./work/nar/extensions/nifi-standard-nar-1.14.0.nar-unpacked
	org.apache.nifi.processors.grpc.InvokeGRPC
		org.apache.nifi:nifi-grpc-nar:1.14.0 || ./work/nar/extensions/nifi-grpc-nar-1.14.0.nar-unpacked
	org.apache.nifi.processors.avro.ConvertAvroToJSON
		org.apache.nifi:nifi-avro-nar:1.14.0 || ./work/nar/extensions/nifi-avro-nar-1.14.0.nar-unpacked
	org.apache.nifi.processors.standard.GenerateFlowFile
		org.apache.nifi:nifi-standard-nar:1.14.0 || ./work/nar/extensions/nifi-standard-nar-1.14.0.nar-unpacked
	org.apache.nifi.snmp.processors.SetSNMP
		org.apache.nifi:nifi-snmp-nar:1.14.0 || ./work/nar/extensions/nifi-snmp-nar-1.14.0.nar-unpacked
	org.apache.nifi.processors.standard.PartitionRecord
		org.apache.nifi:nifi-standard-nar:1.14.0 || ./work/nar/extensions/nifi-standard-nar-1.14.0.nar-unpacked
	org.apache.nifi.processors.azure.eventhub.ConsumeAzureEventHub
		org.apache.nifi:nifi-azure-nar:1.14.0 || ./work/nar/extensions/nifi-azure-nar-1.14.0.nar-unpacked
	org.apache.nifi.processors.hl7.ExtractHL7Attributes
		org.apache.nifi:nifi-hl7-nar:1.14.0 || ./work/nar/extensions/nifi-hl7-nar-1.14.0.nar-unpacked
	org.apache.nifi.processors.kafka.pubsub.ConsumeKafka_2_0
		org.apache.nifi:nifi-kafka-2-0-nar:1.14.0 || ./work/nar/extensions/nifi-kafka-2-0-nar-1.14.0.nar-unpacked
	org.apache.nifi.processors.standard.QueryRecord
		org.apache.nifi:nifi-standard-nar:1.14.0 || ./work/nar/extensions/nifi-standard-nar-1.14.0.nar-unpacked
	org.apache.nifi.processors.solr.PutSolrRecord
		org.apache.nifi:nifi-solr-nar:1.14.0 || ./work/nar/extensions/nifi-solr-nar-1.14.0.nar-unpacked
	org.apache.nifi.amqp.processors.ConsumeAMQP
		org.apache.nifi:nifi-amqp-nar:1.14.0 || ./work/nar/extensions/nifi-amqp-nar-1.14.0.nar-unpacked
	org.apache.nifi.processors.standard.GetSFTP
		org.apache.nifi:nifi-standard-nar:1.14.0 || ./work/nar/extensions/nifi-standard-nar-1.14.0.nar-unpacked
	org.apache.nifi.processors.gcp.pubsub.ConsumeGCPubSub
		org.apache.nifi:nifi-gcp-nar:1.14.0 || ./work/nar/extensions/nifi-gcp-nar-1.14.0.nar-unpacked
	org.apache.nifi.processors.hive.PutHiveQL
		org.apache.nifi:nifi-hive-nar:1.14.0 || ./work/nar/extensions/nifi-hive-nar-1.14.0.nar-unpacked
	org.apache.nifi.processors.aws.kinesis.firehose.PutKinesisFirehose
		org.apache.nifi:nifi-aws-nar:1.14.0 || ./work/nar/extensions/nifi-aws-nar-1.14.0.nar-unpacked
	org.apache.nifi.processors.mongodb.gridfs.PutGridFS
		org.apache.nifi:nifi-mongodb-nar:1.14.0 || ./work/nar/extensions/nifi-mongodb-nar-1.14.0.nar-unpacked
	org.apache.nifi.processors.hadoop.GetHDFSSequenceFile
		org.apache.nifi:nifi-hadoop-nar:1.14.0 || ./work/nar/extensions/nifi-hadoop-nar-1.14.0.nar-unpacked
	org.apache.nifi.processors.azure.storage.queue.GetAzureQueueStorage
		org.apache.nifi:nifi-azure-nar:1.14.0 || ./work/nar/extensions/nifi-azure-nar-1.14.0.nar-unpacked
	org.apache.nifi.hbase.PutHBaseCell
		org.apache.nifi:nifi-hbase-nar:1.14.0 || ./work/nar/extensions/nifi-hbase-nar-1.14.0.nar-unpacked
	org.apache.nifi.processors.hive.UpdateHiveTable
		org.apache.nifi:nifi-hive-nar:1.14.0 || ./work/nar/extensions/nifi-hive-nar-1.14.0.nar-unpacked
	org.apache.nifi.cdc.mysql.processors.CaptureChangeMySQL
		org.apache.nifi:nifi-cdc-mysql-nar:1.14.0 || ./work/nar/extensions/nifi-cdc-mysql-nar-1.14.0.nar-unpacked
	org.apache.nifi.processors.standard.ScanAttribute
		org.apache.nifi:nifi-standard-nar:1.14.0 || ./work/nar/extensions/nifi-standard-nar-1.14.0.nar-unpacked
	org.apache.nifi.processors.GeoEnrichIP
		org.apache.nifi:nifi-enrich-nar:1.14.0 || ./work/nar/extensions/nifi-enrich-nar-1.14.0.nar-unpacked
	org.apache.nifi.processors.websocket.PutWebSocket
		org.apache.nifi:nifi-websocket-processors-nar:1.14.0 || ./work/nar/extensions/nifi-websocket-processors-nar-1.14.0.nar-unpacked
	org.apache.nifi.processors.standard.SplitContent
		org.apache.nifi:nifi-standard-nar:1.14.0 || ./work/nar/extensions/nifi-standard-nar-1.14.0.nar-unpacked
	org.apache.nifi.processors.standard.ControlRate
		org.apache.nifi:nifi-standard-nar:1.14.0 || ./work/nar/extensions/nifi-standard-nar-1.14.0.nar-unpacked
	org.apache.nifi.processors.azure.storage.PutAzureDataLakeStorage
		org.apache.nifi:nifi-azure-nar:1.14.0 || ./work/nar/extensions/nifi-azure-nar-1.14.0.nar-unpacked
	org.apache.nifi.processors.smb.GetSmbFile
		org.apache.nifi:nifi-smb-nar:1.14.0 || ./work/nar/extensions/nifi-smb-nar-1.14.0.nar-unpacked
	org.apache.nifi.processors.standard.ExtractText
		org.apache.nifi:nifi-standard-nar:1.14.0 || ./work/nar/extensions/nifi-standard-nar-1.14.0.nar-unpacked
	org.apache.nifi.processors.standard.EncryptContent
		org.apache.nifi:nifi-standard-nar:1.14.0 || ./work/nar/extensions/nifi-standard-nar-1.14.0.nar-unpacked
	org.apache.nifi.processors.aws.dynamodb.PutDynamoDB
		org.apache.nifi:nifi-aws-nar:1.14.0 || ./work/nar/extensions/nifi-aws-nar-1.14.0.nar-unpacked
	org.apache.nifi.processors.standard.GetJMSQueue
		org.apache.nifi:nifi-standard-nar:1.14.0 || ./work/nar/extensions/nifi-standard-nar-1.14.0.nar-unpacked
	org.apache.nifi.processors.elasticsearch.ScrollElasticsearchHttp
		org.apache.nifi:nifi-elasticsearch-nar:1.14.0 || ./work/nar/extensions/nifi-elasticsearch-nar-1.14.0.nar-unpacked
	org.apache.nifi.processors.azure.storage.ListAzureDataLakeStorage
		org.apache.nifi:nifi-azure-nar:1.14.0 || ./work/nar/extensions/nifi-azure-nar-1.14.0.nar-unpacked
	org.apache.nifi.processors.mongodb.GetMongo
		org.apache.nifi:nifi-mongodb-nar:1.14.0 || ./work/nar/extensions/nifi-mongodb-nar-1.14.0.nar-unpacked
	org.apache.nifi.processors.standard.ListenFTP
		org.apache.nifi:nifi-standard-nar:1.14.0 || ./work/nar/extensions/nifi-standard-nar-1.14.0.nar-unpacked
	org.apache.nifi.processors.standard.MonitorActivity
		org.apache.nifi:nifi-standard-nar:1.14.0 || ./work/nar/extensions/nifi-standard-nar-1.14.0.nar-unpacked
	org.apache.nifi.processors.solr.PutSolrContentStream
		org.apache.nifi:nifi-solr-nar:1.14.0 || ./work/nar/extensions/nifi-solr-nar-1.14.0.nar-unpacked
	org.apache.nifi.processors.standard.LookupRecord
		org.apache.nifi:nifi-standard-nar:1.14.0 || ./work/nar/extensions/nifi-standard-nar-1.14.0.nar-unpacked
	org.apache.nifi.processors.azure.storage.queue.PutAzureQueueStorage
		org.apache.nifi:nifi-azure-nar:1.14.0 || ./work/nar/extensions/nifi-azure-nar-1.14.0.nar-unpacked
	org.apache.nifi.processors.standard.ConvertRecord
		org.apache.nifi:nifi-standard-nar:1.14.0 || ./work/nar/extensions/nifi-standard-nar-1.14.0.nar-unpacked
	org.apache.nifi.processors.attributes.UpdateAttribute
		org.apache.nifi:nifi-update-attribute-nar:1.14.0 || ./work/nar/extensions/nifi-update-attribute-nar-1.14.0.nar-unpacked
	org.apache.nifi.processors.standard.ParseSyslog5424
		org.apache.nifi:nifi-standard-nar:1.14.0 || ./work/nar/extensions/nifi-standard-nar-1.14.0.nar-unpacked
	org.apache.nifi.processors.standard.HandleHttpRequest
		org.apache.nifi:nifi-standard-nar:1.14.0 || ./work/nar/extensions/nifi-standard-nar-1.14.0.nar-unpacked
	org.apache.nifi.processors.standard.ConvertCharacterSet
		org.apache.nifi:nifi-standard-nar:1.14.0 || ./work/nar/extensions/nifi-standard-nar-1.14.0.nar-unpacked
	org.apache.nifi.processors.standard.SplitXml
		org.apache.nifi:nifi-standard-nar:1.14.0 || ./work/nar/extensions/nifi-standard-nar-1.14.0.nar-unpacked
	org.apache.nifi.processors.hive.PutHiveStreaming
		org.apache.nifi:nifi-hive-nar:1.14.0 || ./work/nar/extensions/nifi-hive-nar-1.14.0.nar-unpacked
	org.apache.nifi.processors.aws.s3.ListS3
		org.apache.nifi:nifi-aws-nar:1.14.0 || ./work/nar/extensions/nifi-aws-nar-1.14.0.nar-unpacked
	org.apache.nifi.processors.kafka.pubsub.PublishKafkaRecord_2_0
		org.apache.nifi:nifi-kafka-2-0-nar:1.14.0 || ./work/nar/extensions/nifi-kafka-2-0-nar-1.14.0.nar-unpacked
	org.apache.nifi.processors.standard.MergeContent
		org.apache.nifi:nifi-standard-nar:1.14.0 || ./work/nar/extensions/nifi-standard-nar-1.14.0.nar-unpacked
	org.apache.nifi.processors.aws.dynamodb.GetDynamoDB
		org.apache.nifi:nifi-aws-nar:1.14.0 || ./work/nar/extensions/nifi-aws-nar-1.14.0.nar-unpacked
	org.apache.nifi.processors.azure.storage.PutAzureBlobStorage
		org.apache.nifi:nifi-azure-nar:1.14.0 || ./work/nar/extensions/nifi-azure-nar-1.14.0.nar-unpacked
	org.apache.nifi.processors.smb.PutSmbFile
		org.apache.nifi:nifi-smb-nar:1.14.0 || ./work/nar/extensions/nifi-smb-nar-1.14.0.nar-unpacked
	org.apache.nifi.processors.standard.JoltTransformJSON
		org.apache.nifi:nifi-standard-nar:1.14.0 || ./work/nar/extensions/nifi-standard-nar-1.14.0.nar-unpacked
	org.apache.nifi.processors.poi.ConvertExcelToCSVProcessor
		org.apache.nifi:nifi-poi-nar:1.14.0 || ./work/nar/extensions/nifi-poi-nar-1.14.0.nar-unpacked
	org.apache.nifi.processors.elasticsearch.JsonQueryElasticsearch
		org.apache.nifi:nifi-elasticsearch-restapi-nar:1.14.0 || ./work/nar/extensions/nifi-elasticsearch-restapi-nar-1.14.0.nar-unpacked
	org.apache.nifi.processors.cybersecurity.CompareFuzzyHash
		org.apache.nifi:nifi-cybersecurity-nar:1.14.0 || ./work/nar/extensions/nifi-cybersecurity-nar-1.14.0.nar-unpacked
	=== End Processor types ===
	=== NarProvider Type ===
	org.apache.nifi.nar.hadoop.HDFSNarProvider
		org.apache.nifi:nifi-hadoop-nar:1.14.0 || ./work/nar/extensions/nifi-hadoop-nar-1.14.0.nar-unpacked
	=== End NarProvider types ===
2024-10-18 11:35:18,446 WARN [main] o.a.n.d.html.HtmlDocumentationWriter Could not link to org.apache.nifi.ssl.SSLContextService because no bundles were found for HandleHttpResponse
2024-10-18 11:35:19,399 WARN [main] o.a.n.d.html.HtmlDocumentationWriter Could not link to org.apache.nifi.ssl.RestrictedSSLContextService because no bundles were found for ListenFTP
2024-10-18 11:35:19,399 WARN [main] o.a.n.d.html.HtmlDocumentationWriter Could not link to org.apache.nifi.ssl.SSLContextService because no bundles were found for ListenFTP
2024-10-18 11:35:19,839 INFO [main] org.eclipse.jetty.server.Server jetty-9.4.42.v20210604; built: 2021-06-04T17:33:38.939Z; git: 5cd5e6d2375eeab146813b0de9f19eda6ab6e6cb; jvm 1.8.0_292-b10
2024-10-18 11:35:20,206 INFO [main] o.e.j.a.AnnotationConfiguration Scanning elapsed time=160ms
2024-10-18 11:35:20,276 INFO [main] org.eclipse.jetty.server.session DefaultSessionIdManager workerName=node0
2024-10-18 11:35:20,276 INFO [main] org.eclipse.jetty.server.session No SessionScavenger set, using defaults
2024-10-18 11:35:20,277 INFO [main] org.eclipse.jetty.server.session node0 Scavenging every 660000ms
2024-10-18 11:35:20,311 INFO [main] o.e.jetty.server.handler.ContextHandler Started o.e.j.w.WebAppContext@7a36c83a{/nifi-update-attribute-ui-1.14.0,/nifi-update-attribute-ui-1.14.0,file:///opt/nifi/nifi-current/work/jetty/nifi-update-attribute-ui-1.14.0.war/webapp/,AVAILABLE}{./work/nar/extensions/nifi-update-attribute-nar-1.14.0.nar-unpacked/NAR-INF/bundled-dependencies/nifi-update-attribute-ui-1.14.0.war}
2024-10-18 11:35:20,461 INFO [main] o.e.j.a.AnnotationConfiguration Scanning elapsed time=81ms
2024-10-18 11:35:20,487 INFO [main] o.e.jetty.server.handler.ContextHandler Started o.e.j.w.WebAppContext@154b8cb6{nifi-standard-content-viewer,/nifi-standard-content-viewer-1.14.0,file:///opt/nifi/nifi-current/work/jetty/nifi-standard-content-viewer-1.14.0.war/webapp/,AVAILABLE}{./work/nar/extensions/nifi-standard-nar-1.14.0.nar-unpacked/NAR-INF/bundled-dependencies/nifi-standard-content-viewer-1.14.0.war}
2024-10-18 11:35:20,765 INFO [main] o.e.j.a.AnnotationConfiguration Scanning elapsed time=144ms
2024-10-18 11:35:20,795 INFO [main] o.e.jetty.server.handler.ContextHandler Started o.e.j.w.WebAppContext@7b297740{/nifi-jolt-transform-json-ui-1.14.0,/nifi-jolt-transform-json-ui-1.14.0,file:///opt/nifi/nifi-current/work/jetty/nifi-jolt-transform-json-ui-1.14.0.war/webapp/,AVAILABLE}{./work/nar/extensions/nifi-standard-nar-1.14.0.nar-unpacked/NAR-INF/bundled-dependencies/nifi-jolt-transform-json-ui-1.14.0.war}
2024-10-18 11:35:20,954 INFO [main] o.e.j.a.AnnotationConfiguration Scanning elapsed time=54ms
2024-10-18 11:35:20,959 INFO [main] o.e.j.s.handler.ContextHandler._nifi No Spring WebApplicationInitializer types detected on classpath
2024-10-18 11:35:20,981 INFO [main] o.e.jetty.server.handler.ContextHandler Started o.e.j.w.WebAppContext@1b7554d4{nifi,/nifi,file:///opt/nifi/nifi-current/work/jetty/nifi-web-ui-1.14.0.war/webapp/,AVAILABLE}{./work/nar/extensions/nifi-server-nar-1.14.0.nar-unpacked/NAR-INF/bundled-dependencies/nifi-web-ui-1.14.0.war}
2024-10-18 11:35:21,144 INFO [main] o.e.j.a.AnnotationConfiguration Scanning elapsed time=82ms
2024-10-18 11:35:21,163 INFO [main] o.e.j.s.handler.ContextHandler._nifi_api No Spring WebApplicationInitializer types detected on classpath
2024-10-18 11:35:21,186 INFO [main] o.e.j.s.handler.ContextHandler._nifi_api Initializing Spring root WebApplicationContext
2024-10-18 11:35:22,652 INFO [main] o.a.n.p.AbstractBootstrapPropertiesLoader Determined default application properties path to be '/opt/nifi/nifi-current/./conf/nifi.properties'
2024-10-18 11:35:22,653 INFO [main] o.a.nifi.properties.NiFiPropertiesLoader Loaded 202 properties from /opt/nifi/nifi-current/./conf/nifi.properties
2024-10-18 11:35:24,560 INFO [main] org.wali.MinimalLockingWriteAheadLog org.wali.MinimalLockingWriteAheadLog@3d7fc4b3 finished recovering records. Performing Checkpoint to ensure proper state of Partitions before updates
2024-10-18 11:35:24,560 INFO [main] org.wali.MinimalLockingWriteAheadLog Successfully recovered 2 records in 3 milliseconds
2024-10-18 11:35:24,565 INFO [main] org.wali.MinimalLockingWriteAheadLog org.wali.MinimalLockingWriteAheadLog@3d7fc4b3 checkpointed with 2 Records and 0 Swap Files in 4 milliseconds (Stop-the-world time = 1 milliseconds, Clear Edit Logs time = 1 millis), max Transaction ID 3
2024-10-18 11:35:24,774 INFO [main] o.a.n.c.c.node.NodeClusterCoordinator Resetting cluster node statuses from {} to {mynifi:8080=NodeConnectionStatus[nodeId=mynifi:8080, state=DISCONNECTED, Disconnect Code=Has Not Yet Connected to Cluster, Disconnect Reason=Has Not Yet Connected to Cluster, updateId=0]}
2024-10-18 11:35:24,798 INFO [main] o.a.n.r.v.FileBasedVariableRegistry Loaded 92 properties from system properties and environment variables
2024-10-18 11:35:24,798 INFO [main] o.a.n.r.v.FileBasedVariableRegistry Loaded a total of 92 properties.  Including precedence overrides effective accessible registry key size is 92
2024-10-18 11:35:25,032 INFO [main] o.a.n.c.r.WriteAheadFlowFileRepository Initialized FlowFile Repository
2024-10-18 11:35:25,064 INFO [main] o.a.n.p.store.WriteAheadStorePartition After recovering ./provenance_repository, next Event ID to be generated will be 0
2024-10-18 11:35:25,066 INFO [main] o.a.n.p.index.lucene.LuceneEventIndex Will avoid re-indexing Provenance Events because the newest index is defunct, so it will be re-indexed in the background
2024-10-18 11:35:25,071 INFO [main] o.a.n.c.repository.FileSystemRepository Maximum Threshold for Container default set to 510764813844 bytes; if volume exceeds this size, archived data will be deleted until it no longer exceeds this size
2024-10-18 11:35:25,072 INFO [main] o.a.n.c.repository.FileSystemRepository Initializing FileSystemRepository with 'Always Sync' set to false
2024-10-18 11:35:25,173 INFO [main] o.apache.nifi.controller.FlowController Checking if there is already a Cluster Coordinator Elected...
2024-10-18 11:35:25,213 INFO [main] org.apache.curator.utils.Compatibility Using emulated InjectSessionExpiration
2024-10-18 11:35:25,239 INFO [main] o.a.c.f.imps.CuratorFrameworkImpl Starting
2024-10-18 11:35:25,246 INFO [main] org.apache.zookeeper.common.X509Util Setting -D jdk.tls.rejectClientInitiatedRenegotiation=true to disable client-initiated TLS renegotiation
2024-10-18 11:35:25,251 INFO [main] org.apache.zookeeper.ClientCnxnSocket jute.maxbuffer value is 4194304 Bytes
2024-10-18 11:35:25,283 INFO [main] o.a.c.f.imps.CuratorFrameworkImpl Default schema
2024-10-18 11:35:25,318 INFO [main-EventThread] o.a.c.f.state.ConnectionStateManager State change: CONNECTED
2024-10-18 11:35:25,335 INFO [main-EventThread] o.a.c.framework.imps.EnsembleTracker New config event received: {}
2024-10-18 11:35:25,336 INFO [main-EventThread] o.a.c.framework.imps.EnsembleTracker New config event received: {}
2024-10-18 11:35:25,338 INFO [Curator-Framework-0] o.a.c.f.imps.CuratorFrameworkImpl backgroundOperationsLoop exiting
2024-10-18 11:35:25,450 INFO [main] o.apache.nifi.controller.FlowController It appears that no Cluster Coordinator has been Elected yet. Registering for Cluster Coordinator Role.
2024-10-18 11:35:25,451 INFO [main] o.a.n.c.l.e.CuratorLeaderElectionManager CuratorLeaderElectionManager[stopped=true] Registered new Leader Selector for role Cluster Coordinator; this node is an active participant in the election.
2024-10-18 11:35:25,451 INFO [main] o.a.c.f.imps.CuratorFrameworkImpl Starting
2024-10-18 11:35:25,452 INFO [main] org.apache.zookeeper.ClientCnxnSocket jute.maxbuffer value is 4194304 Bytes
2024-10-18 11:35:25,452 INFO [main] o.a.c.f.imps.CuratorFrameworkImpl Default schema
2024-10-18 11:35:25,454 INFO [main] o.a.n.c.l.e.CuratorLeaderElectionManager CuratorLeaderElectionManager[stopped=false] Registered new Leader Selector for role Cluster Coordinator; this node is an active participant in the election.
2024-10-18 11:35:25,454 INFO [main] o.a.n.c.l.e.CuratorLeaderElectionManager CuratorLeaderElectionManager[stopped=false] started
2024-10-18 11:35:25,454 INFO [main] o.a.n.c.c.h.AbstractHeartbeatMonitor Heartbeat Monitor started
2024-10-18 11:35:25,455 INFO [main-EventThread] o.a.c.f.state.ConnectionStateManager State change: CONNECTED
2024-10-18 11:35:25,456 INFO [Curator-ConnectionStateManager-0] o.a.n.c.l.e.CuratorLeaderElectionManager org.apache.nifi.controller.leader.election.CuratorLeaderElectionManager$ElectionListener@23f377e9 Connection State changed to CONNECTED
2024-10-18 11:35:25,457 INFO [main-EventThread] o.a.c.framework.imps.EnsembleTracker New config event received: {}
2024-10-18 11:35:25,457 INFO [main-EventThread] o.a.c.framework.imps.EnsembleTracker New config event received: {}
2024-10-18 11:35:25,502 INFO [Leader Election Notification Thread-1] o.a.n.c.l.e.CuratorLeaderElectionManager org.apache.nifi.controller.leader.election.CuratorLeaderElectionManager$ElectionListener@23f377e9 This node has been elected Leader for Role 'Cluster Coordinator'
2024-10-18 11:35:25,502 INFO [Leader Election Notification Thread-1] o.apache.nifi.controller.FlowController This node elected Active Cluster Coordinator
2024-10-18 11:35:26,960 INFO [main] o.e.jetty.server.handler.ContextHandler Started o.e.j.w.WebAppContext@57ce2898{nifi-api,/nifi-api,file:///opt/nifi/nifi-current/work/jetty/nifi-web-api-1.14.0.war/webapp/,AVAILABLE}{./work/nar/extensions/nifi-server-nar-1.14.0.nar-unpacked/NAR-INF/bundled-dependencies/nifi-web-api-1.14.0.war}
2024-10-18 11:35:27,128 INFO [main] o.e.j.a.AnnotationConfiguration Scanning elapsed time=80ms
2024-10-18 11:35:27,143 INFO [main] o.e.j.s.h.C._nifi_content_viewer No Spring WebApplicationInitializer types detected on classpath
2024-10-18 11:35:27,145 INFO [main] o.e.jetty.server.handler.ContextHandler Started o.e.j.w.WebAppContext@1ea930eb{nifi-content-viewer,/nifi-content-viewer,file:///opt/nifi/nifi-current/work/jetty/nifi-web-content-viewer-1.14.0.war/webapp/,AVAILABLE}{./work/nar/extensions/nifi-server-nar-1.14.0.nar-unpacked/NAR-INF/bundled-dependencies/nifi-web-content-viewer-1.14.0.war}
2024-10-18 11:35:27,160 INFO [main] o.e.j.a.AnnotationConfiguration Scanning elapsed time=6ms
2024-10-18 11:35:27,161 WARN [main] o.e.j.webapp.StandardDescriptorProcessor Duplicate mapping from / to default
2024-10-18 11:35:27,161 INFO [main] o.e.j.s.h.ContextHandler._nifi_docs No Spring WebApplicationInitializer types detected on classpath
2024-10-18 11:35:27,175 INFO [main] o.e.jetty.server.handler.ContextHandler Started o.e.j.w.WebAppContext@2e0ad709{nifi-docs,/nifi-docs,file:///opt/nifi/nifi-current/work/jetty/nifi-web-docs-1.14.0.war/webapp/,AVAILABLE}{./work/nar/extensions/nifi-server-nar-1.14.0.nar-unpacked/NAR-INF/bundled-dependencies/nifi-web-docs-1.14.0.war}
2024-10-18 11:35:27,186 INFO [main] o.e.j.a.AnnotationConfiguration Scanning elapsed time=4ms
2024-10-18 11:35:27,199 INFO [main] o.e.j.server.handler.ContextHandler._ No Spring WebApplicationInitializer types detected on classpath
2024-10-18 11:35:27,201 INFO [main] o.e.jetty.server.handler.ContextHandler Started o.e.j.w.WebAppContext@1fe8f5e8{nifi-error,/,file:///opt/nifi/nifi-current/work/jetty/nifi-web-error-1.14.0.war/webapp/,AVAILABLE}{./work/nar/extensions/nifi-server-nar-1.14.0.nar-unpacked/NAR-INF/bundled-dependencies/nifi-web-error-1.14.0.war}
2024-10-18 11:35:27,209 INFO [main] o.eclipse.jetty.server.AbstractConnector Started ServerConnector@6b4a4e40{HTTP/1.1, (http/1.1)}{mynifi:8080}
2024-10-18 11:35:27,209 INFO [main] org.eclipse.jetty.server.Server Started @24364ms
2024-10-18 11:35:27,223 INFO [main] org.apache.nifi.web.server.JettyServer Loading Flow...
2024-10-18 11:35:27,226 INFO [main] org.apache.nifi.io.socket.SocketListener Now listening for connections from nodes on port 8082
2024-10-18 11:35:27,303 INFO [main] o.apache.nifi.controller.FlowController Successfully synchronized controller with proposed flow. Flow contains the following number of components: {Processors=0, Controller Services=0, Reporting Tasks=0, Process Groups=0, Remote Process Groups=0, Local Input Ports=0, Local Output Ports=0, Public Input Ports=0, Public Output Ports=0}
2024-10-18 11:35:27,313 INFO [main] o.a.nifi.controller.StandardFlowService Connecting Node: mynifi:8080
2024-10-18 11:35:27,319 INFO [main] o.a.n.c.c.n.LeaderElectionNodeProtocolSender Determined that Cluster Coordinator is located at mynifi:8082; will use this address for sending heartbeat messages
2024-10-18 11:35:27,319 INFO [main] o.a.n.c.p.AbstractNodeProtocolSender Cluster Coordinator is located at mynifi:8082. Will send Cluster Connection Request to this address
2024-10-18 11:35:27,342 INFO [Process Cluster Protocol Request-1] o.a.n.c.c.flow.PopularVoteFlowElection Vote cast by mynifi:8080; this flow now has 1 votes
2024-10-18 11:35:27,342 INFO [Process Cluster Protocol Request-1] o.a.n.c.c.node.NodeClusterCoordinator Received Connection Request from mynifi:8080; responding with Flow Election In Progress message
2024-10-18 11:35:27,344 INFO [Process Cluster Protocol Request-1] o.a.n.c.p.impl.SocketProtocolListener Finished processing request ac51cb8e-f138-464e-9d87-903f32cd630a (type=CONNECTION_REQUEST, length=1779 bytes) from mynifi:8080 in 21 millis
2024-10-18 11:35:27,345 INFO [main] o.a.nifi.controller.StandardFlowService Requested by cluster coordinator to retry connection in 5 seconds with explanation: Cluster is still voting on which Flow is the correct flow for the cluster. Election will complete in 29 seconds
2024-10-18 11:35:32,348 INFO [main] o.a.n.c.c.n.LeaderElectionNodeProtocolSender Determined that Cluster Coordinator is located at mynifi:8082; will use this address for sending heartbeat messages
2024-10-18 11:35:32,348 INFO [main] o.a.n.c.p.AbstractNodeProtocolSender Cluster Coordinator is located at mynifi:8082. Will send Cluster Connection Request to this address
2024-10-18 11:35:32,354 INFO [Process Cluster Protocol Request-2] o.a.n.c.c.node.NodeClusterCoordinator Received Connection Request from mynifi:8080; responding with Flow Election In Progress message
2024-10-18 11:35:32,354 INFO [Process Cluster Protocol Request-2] o.a.n.c.p.impl.SocketProtocolListener Finished processing request 160c111d-7e4f-4df8-882c-79352d984a73 (type=CONNECTION_REQUEST, length=1779 bytes) from mynifi:8080 in 2 millis
2024-10-18 11:35:32,355 INFO [main] o.a.nifi.controller.StandardFlowService Requested by cluster coordinator to retry connection in 5 seconds with explanation: Cluster is still voting on which Flow is the correct flow for the cluster. Election will complete in 24 seconds
2024-10-18 11:35:37,358 INFO [main] o.a.n.c.c.n.LeaderElectionNodeProtocolSender Determined that Cluster Coordinator is located at mynifi:8082; will use this address for sending heartbeat messages
2024-10-18 11:35:37,358 INFO [main] o.a.n.c.p.AbstractNodeProtocolSender Cluster Coordinator is located at mynifi:8082. Will send Cluster Connection Request to this address
2024-10-18 11:35:37,360 INFO [Process Cluster Protocol Request-3] o.a.n.c.c.node.NodeClusterCoordinator Received Connection Request from mynifi:8080; responding with Flow Election In Progress message
2024-10-18 11:35:37,360 INFO [Process Cluster Protocol Request-3] o.a.n.c.p.impl.SocketProtocolListener Finished processing request df1abd2c-389c-4936-9674-49d2deb074e8 (type=CONNECTION_REQUEST, length=1779 bytes) from mynifi:8080 in 1 millis
2024-10-18 11:35:37,362 INFO [main] o.a.nifi.controller.StandardFlowService Requested by cluster coordinator to retry connection in 5 seconds with explanation: Cluster is still voting on which Flow is the correct flow for the cluster. Election will complete in 19 seconds
2024-10-18 11:35:42,364 INFO [main] o.a.n.c.c.n.LeaderElectionNodeProtocolSender Determined that Cluster Coordinator is located at mynifi:8082; will use this address for sending heartbeat messages
2024-10-18 11:35:42,364 INFO [main] o.a.n.c.p.AbstractNodeProtocolSender Cluster Coordinator is located at mynifi:8082. Will send Cluster Connection Request to this address
2024-10-18 11:35:42,367 INFO [Process Cluster Protocol Request-4] o.a.n.c.c.node.NodeClusterCoordinator Received Connection Request from mynifi:8080; responding with Flow Election In Progress message
2024-10-18 11:35:42,367 INFO [Process Cluster Protocol Request-4] o.a.n.c.p.impl.SocketProtocolListener Finished processing request d4e27ead-33c4-436b-b842-d6fc41ab6226 (type=CONNECTION_REQUEST, length=1779 bytes) from mynifi:8080 in 2 millis
2024-10-18 11:35:42,368 INFO [main] o.a.nifi.controller.StandardFlowService Requested by cluster coordinator to retry connection in 5 seconds with explanation: Cluster is still voting on which Flow is the correct flow for the cluster. Election will complete in 14 seconds
2024-10-18 11:35:47,375 INFO [main] o.a.n.c.c.n.LeaderElectionNodeProtocolSender Determined that Cluster Coordinator is located at mynifi:8082; will use this address for sending heartbeat messages
2024-10-18 11:35:47,376 INFO [main] o.a.n.c.p.AbstractNodeProtocolSender Cluster Coordinator is located at mynifi:8082. Will send Cluster Connection Request to this address
2024-10-18 11:35:47,382 INFO [Process Cluster Protocol Request-5] o.a.n.c.c.node.NodeClusterCoordinator Received Connection Request from mynifi:8080; responding with Flow Election In Progress message
2024-10-18 11:35:47,383 INFO [Process Cluster Protocol Request-5] o.a.n.c.p.impl.SocketProtocolListener Finished processing request 70938192-ac3f-487f-a0f4-952aaa7bb7f9 (type=CONNECTION_REQUEST, length=1779 bytes) from mynifi:8080 in 5 millis
2024-10-18 11:35:47,386 INFO [main] o.a.nifi.controller.StandardFlowService Requested by cluster coordinator to retry connection in 5 seconds with explanation: Cluster is still voting on which Flow is the correct flow for the cluster. Election will complete in 9 seconds
2024-10-18 11:35:52,393 INFO [main] o.a.n.c.c.n.LeaderElectionNodeProtocolSender Determined that Cluster Coordinator is located at mynifi:8082; will use this address for sending heartbeat messages
2024-10-18 11:35:52,393 INFO [main] o.a.n.c.p.AbstractNodeProtocolSender Cluster Coordinator is located at mynifi:8082. Will send Cluster Connection Request to this address
2024-10-18 11:35:52,400 INFO [Process Cluster Protocol Request-6] o.a.n.c.c.node.NodeClusterCoordinator Received Connection Request from mynifi:8080; responding with Flow Election In Progress message
2024-10-18 11:35:52,401 INFO [Process Cluster Protocol Request-6] o.a.n.c.p.impl.SocketProtocolListener Finished processing request 06c119ea-d5b5-46d9-bbe9-2274aca11ddb (type=CONNECTION_REQUEST, length=1779 bytes) from mynifi:8080 in 6 millis
2024-10-18 11:35:52,404 INFO [main] o.a.nifi.controller.StandardFlowService Requested by cluster coordinator to retry connection in 5 seconds with explanation: Cluster is still voting on which Flow is the correct flow for the cluster. Election will complete in 4 seconds
2024-10-18 11:35:57,410 INFO [main] o.a.n.c.c.n.LeaderElectionNodeProtocolSender Determined that Cluster Coordinator is located at mynifi:8082; will use this address for sending heartbeat messages
2024-10-18 11:35:57,411 INFO [main] o.a.n.c.p.AbstractNodeProtocolSender Cluster Coordinator is located at mynifi:8082. Will send Cluster Connection Request to this address
2024-10-18 11:35:57,429 INFO [Process Cluster Protocol Request-7] o.a.n.c.c.flow.PopularVoteFlowElection Election is complete because the maximum allowed time has elapsed. The elected dataflow is held by the following nodes: [mynifi:8080]
2024-10-18 11:35:57,429 INFO [Process Cluster Protocol Request-7] o.a.n.c.c.node.NodeClusterCoordinator Received Connection Request from mynifi:8080; responding with DataFlow that was elected
2024-10-18 11:35:57,433 INFO [Process Cluster Protocol Request-7] o.a.n.c.c.node.NodeClusterCoordinator Status of mynifi:8080 changed from NodeConnectionStatus[nodeId=mynifi:8080, state=DISCONNECTED, Disconnect Code=Has Not Yet Connected to Cluster, Disconnect Reason=Has Not Yet Connected to Cluster, updateId=0] to NodeConnectionStatus[nodeId=mynifi:8080, state=CONNECTING, updateId=9]
2024-10-18 11:35:57,439 INFO [Process Cluster Protocol Request-7] o.a.n.c.p.impl.SocketProtocolListener Finished processing request c0c06a84-2d82-40e5-b300-6b61caf36d64 (type=CONNECTION_REQUEST, length=1779 bytes) from mynifi:8080 in 27 millis
2024-10-18 11:35:57,444 INFO [main] o.a.nifi.controller.StandardFlowService Received successful response from Cluster Coordinator to Connection Request
2024-10-18 11:35:57,447 INFO [main] o.a.n.c.c.node.NodeClusterCoordinator Resetting cluster node statuses from {2370eba1-2890-41f3-88cd-209a1afefa8d=NodeConnectionStatus[nodeId=mynifi:8080, state=CONNECTING, updateId=9]} to {mynifi:8080=NodeConnectionStatus[nodeId=mynifi:8080, state=CONNECTING, updateId=9]}
2024-10-18 11:35:57,453 INFO [main] o.a.nifi.controller.StandardFlowService Setting Flow Controller's Node ID: mynifi:8080
2024-10-18 11:35:57,473 INFO [main] o.apache.nifi.controller.FlowController Successfully synchronized controller with proposed flow. Flow contains the following number of components: {Processors=0, Controller Services=0, Reporting Tasks=0, Process Groups=0, Remote Process Groups=0, Local Input Ports=0, Local Output Ports=0, Public Input Ports=0, Public Output Ports=0}
2024-10-18 11:35:57,478 INFO [main] o.a.n.c.c.node.NodeClusterCoordinator This node is now connected to the cluster. Will no longer require election of DataFlow.
2024-10-18 11:35:57,478 INFO [main] o.a.n.web.revision.NaiveRevisionManager Resetting Revisions for all components. 0 revisions will be removed, 0 will be added
2024-10-18 11:35:57,478 INFO [main] o.apache.nifi.controller.FlowController Cluster State changed from Not Clustered to Clustered
2024-10-18 11:35:57,479 INFO [main] o.a.n.c.l.e.CuratorLeaderElectionManager CuratorLeaderElectionManager[stopped=false] Registered new Leader Selector for role Primary Node; this node is an active participant in the election.
2024-10-18 11:35:57,479 INFO [main] o.a.n.c.l.e.CuratorLeaderElectionManager CuratorLeaderElectionManager[stopped=false] Attempted to register Leader Election for role 'Cluster Coordinator' but this role is already registered
2024-10-18 11:35:57,482 INFO [main] o.a.n.wali.SequentialAccessWriteAheadLog Recovering records from Write-Ahead Log at ./flowfile_repository
2024-10-18 11:35:57,491 INFO [Leader Election Notification Thread-2] o.a.n.c.l.e.CuratorLeaderElectionManager org.apache.nifi.controller.leader.election.CuratorLeaderElectionManager$ElectionListener@43668563 This node has been elected Leader for Role 'Primary Node'
2024-10-18 11:35:57,491 INFO [Leader Election Notification Thread-2] o.apache.nifi.controller.FlowController This node has been elected Primary Node
2024-10-18 11:35:57,492 INFO [main] org.apache.nifi.wali.HashMapSnapshot org.apache.nifi.wali.HashMapSnapshot@7fda2507 restored 0 Records and 0 Swap Files from Snapshot, ending with Transaction ID -1
2024-10-18 11:35:57,493 INFO [main] o.a.n.wali.SequentialAccessWriteAheadLog Successfully recovered 0 records and 0 swap files from Snapshot at ./flowfile_repository/checkpoint with Max Transaction ID of -1 in 9 milliseconds. Now recovering records from 1 journal files
2024-10-18 11:35:57,496 INFO [main] o.a.nifi.wali.LengthDelimitedJournal Recovering records from journal ./flowfile_repository/journals/0.journal
2024-10-18 11:35:57,498 INFO [main] o.a.nifi.wali.LengthDelimitedJournal Successfully recovered 0 updates from journal ./flowfile_repository/journals/0.journal
2024-10-18 11:35:57,498 INFO [main] o.a.n.wali.SequentialAccessWriteAheadLog Successfully recovered 0 records in 15 milliseconds. Now checkpointing to ensure that Write-Ahead Log is in a consistent state
2024-10-18 11:35:57,501 INFO [main] o.a.n.wali.SequentialAccessWriteAheadLog Checkpointed Write-Ahead Log with 0 Records and 0 Swap Files in 2 milliseconds (Stop-the-world time = 0 milliseconds), max Transaction ID -1
2024-10-18 11:35:57,502 INFO [main] o.a.n.c.r.WriteAheadFlowFileRepository Successfully restored 0 FlowFiles and 0 Swap Files
2024-10-18 11:35:57,518 INFO [main] o.apache.nifi.controller.FlowController Performed initial validation of all components in 0 milliseconds
2024-10-18 11:35:57,518 INFO [main] o.apache.nifi.controller.FlowController Starting 0 processors/ports/funnels
2024-10-18 11:35:57,518 INFO [main] o.apache.nifi.controller.FlowController Started 0 Remote Group Ports transmitting
2024-10-18 11:35:57,519 INFO [main] o.apache.nifi.controller.FlowController Will no longer send heartbeats
2024-10-18 11:35:57,526 INFO [main] org.apache.nifi.web.server.JettyServer Flow loaded successfully.
2024-10-18 11:35:57,531 INFO [main] org.apache.nifi.nar.NarAutoLoader Starting NAR Auto-Loader for directory ./extensions ...
2024-10-18 11:35:57,532 INFO [main] org.apache.nifi.web.server.JettyServer NiFi has started. The UI is available at the following URLs:
2024-10-18 11:35:57,532 INFO [main] org.apache.nifi.web.server.JettyServer http://mynifi:8080/nifi
2024-10-18 11:35:57,533 INFO [Process Cluster Protocol Request-8] o.a.n.c.p.impl.SocketProtocolListener Finished processing request 8945301e-e274-4d3a-aba9-861972326a4a (type=HEARTBEAT, length=2315 bytes) from mynifi:8080 in 2 millis
2024-10-18 11:35:57,533 INFO [main] org.apache.nifi.BootstrapListener Successfully initiated communication with Bootstrap
2024-10-18 11:35:57,533 INFO [main] org.apache.nifi.NiFi Controller initialization took 41424456288 nanoseconds (41 seconds).
2024-10-18 11:35:57,534 INFO [Clustering Tasks Thread-1] o.a.n.c.c.ClusterProtocolHeartbeater Heartbeat created at 2024-10-18 11:35:57,528 and sent to mynifi:8082 at 2024-10-18 11:35:57,534; send took 6 millis
2024-10-18 11:36:00,460 INFO [Heartbeat Monitor Thread-1] o.a.n.c.c.node.NodeClusterCoordinator mynifi:8080 is now connected
2024-10-18 11:36:00,460 INFO [Heartbeat Monitor Thread-1] o.a.n.c.c.node.NodeClusterCoordinator Status of mynifi:8080 changed from NodeConnectionStatus[nodeId=mynifi:8080, state=CONNECTING, updateId=9] to NodeConnectionStatus[nodeId=mynifi:8080, state=CONNECTED, updateId=11]
2024-10-18 11:36:00,461 INFO [Heartbeat Monitor Thread-1] o.a.n.c.c.node.NodeClusterCoordinator Event Reported for mynifi:8080 -- Received first heartbeat from connecting node. Node connected.
2024-10-18 11:36:00,461 INFO [Heartbeat Monitor Thread-1] o.a.n.c.c.h.AbstractHeartbeatMonitor Finished processing 1 heartbeats in 1 millis
2024-10-18 11:36:02,539 INFO [Process Cluster Protocol Request-9] o.a.n.c.p.impl.SocketProtocolListener Finished processing request cb112e91-4421-4065-aa08-a9945e3fa73b (type=HEARTBEAT, length=2235 bytes) from mynifi:8080 in 1 millis
2024-10-18 11:36:02,540 INFO [Clustering Tasks Thread-1] o.a.n.c.c.ClusterProtocolHeartbeater Heartbeat created at 2024-10-18 11:36:02,535 and sent to mynifi:8082 at 2024-10-18 11:36:02,540; send took 5 millis
2024-10-18 11:36:05,462 INFO [Heartbeat Monitor Thread-1] o.a.n.c.c.h.AbstractHeartbeatMonitor Finished processing 1 heartbeats in 51192 nanos
2024-10-18 11:36:07,557 INFO [Process Cluster Protocol Request-10] o.a.n.c.p.impl.SocketProtocolListener Finished processing request a7d4a698-e23e-4bc1-908f-a546e44f2134 (type=HEARTBEAT, length=2235 bytes) from mynifi:8080 in 6 millis
2024-10-18 11:36:07,558 INFO [Clustering Tasks Thread-2] o.a.n.c.c.ClusterProtocolHeartbeater Heartbeat created at 2024-10-18 11:36:07,542 and sent to mynifi:8082 at 2024-10-18 11:36:07,558; send took 15 millis
2024-10-18 11:36:10,463 INFO [Heartbeat Monitor Thread-1] o.a.n.c.c.h.AbstractHeartbeatMonitor Finished processing 1 heartbeats in 36847 nanos
2024-10-18 11:36:12,572 INFO [Process Cluster Protocol Request-1] o.a.n.c.p.impl.SocketProtocolListener Finished processing request 16e59dd8-b658-4f34-9048-44315debee13 (type=HEARTBEAT, length=2235 bytes) from mynifi:8080 in 7 millis
2024-10-18 11:36:12,576 INFO [Clustering Tasks Thread-2] o.a.n.c.c.ClusterProtocolHeartbeater Heartbeat created at 2024-10-18 11:36:12,559 and sent to mynifi:8082 at 2024-10-18 11:36:12,576; send took 17 millis
2024-10-18 11:36:15,463 INFO [Heartbeat Monitor Thread-1] o.a.n.c.c.h.AbstractHeartbeatMonitor Finished processing 1 heartbeats in 35689 nanos
2024-10-18 11:36:17,503 INFO [pool-13-thread-1] o.a.n.c.r.WriteAheadFlowFileRepository Initiating checkpoint of FlowFile Repository
2024-10-18 11:36:17,503 INFO [pool-13-thread-1] o.a.n.c.r.WriteAheadFlowFileRepository Successfully checkpointed FlowFile Repository with 0 records in 0 milliseconds
2024-10-18 11:36:17,583 INFO [Process Cluster Protocol Request-2] o.a.n.c.p.impl.SocketProtocolListener Finished processing request 52969141-68fd-4ab5-9e7a-2b208dda5349 (type=HEARTBEAT, length=2235 bytes) from mynifi:8080 in 2 millis
2024-10-18 11:36:17,586 INFO [Clustering Tasks Thread-2] o.a.n.c.c.ClusterProtocolHeartbeater Heartbeat created at 2024-10-18 11:36:17,577 and sent to mynifi:8082 at 2024-10-18 11:36:17,586; send took 8 millis
2024-10-18 11:36:20,464 INFO [Heartbeat Monitor Thread-1] o.a.n.c.c.h.AbstractHeartbeatMonitor Finished processing 1 heartbeats in 36499 nanos
2024-10-18 11:36:22,599 INFO [Process Cluster Protocol Request-3] o.a.n.c.p.impl.SocketProtocolListener Finished processing request 8f00cb03-bfe6-4d61-94b2-23e67aaa34b6 (type=HEARTBEAT, length=2235 bytes) from mynifi:8080 in 6 millis
2024-10-18 11:36:22,601 INFO [Clustering Tasks Thread-2] o.a.n.c.c.ClusterProtocolHeartbeater Heartbeat created at 2024-10-18 11:36:22,587 and sent to mynifi:8082 at 2024-10-18 11:36:22,601; send took 13 millis
2024-10-18 11:36:25,131 INFO [Cleanup Archive for default] o.a.n.c.repository.FileSystemRepository Successfully deleted 0 files (0 bytes) from archive
2024-10-18 11:36:25,465 INFO [Heartbeat Monitor Thread-1] o.a.n.c.c.h.AbstractHeartbeatMonitor Finished processing 1 heartbeats in 37935 nanos
2024-10-18 11:36:27,615 INFO [Process Cluster Protocol Request-4] o.a.n.c.p.impl.SocketProtocolListener Finished processing request fa5da3a6-0905-4618-b2cb-16454e131eb5 (type=HEARTBEAT, length=2235 bytes) from mynifi:8080 in 6 millis
2024-10-18 11:36:27,620 INFO [Clustering Tasks Thread-2] o.a.n.c.c.ClusterProtocolHeartbeater Heartbeat created at 2024-10-18 11:36:27,602 and sent to mynifi:8082 at 2024-10-18 11:36:27,620; send took 17 millis
2024-10-18 11:36:30,465 INFO [Heartbeat Monitor Thread-1] o.a.n.c.c.h.AbstractHeartbeatMonitor Finished processing 1 heartbeats in 36660 nanos
2024-10-18 11:36:32,624 INFO [Process Cluster Protocol Request-5] o.a.n.c.p.impl.SocketProtocolListener Finished processing request e3e0848f-5647-495c-a6d6-e7fe0c657c86 (type=HEARTBEAT, length=2235 bytes) from mynifi:8080 in 2 millis
2024-10-18 11:36:32,625 INFO [Clustering Tasks Thread-2] o.a.n.c.c.ClusterProtocolHeartbeater Heartbeat created at 2024-10-18 11:36:32,620 and sent to mynifi:8082 at 2024-10-18 11:36:32,625; send took 5 millis
2024-10-18 11:36:35,466 INFO [Heartbeat Monitor Thread-1] o.a.n.c.c.h.AbstractHeartbeatMonitor Finished processing 1 heartbeats in 36461 nanos
2024-10-18 11:36:37,503 INFO [pool-13-thread-1] o.a.n.c.r.WriteAheadFlowFileRepository Initiating checkpoint of FlowFile Repository
2024-10-18 11:36:37,504 INFO [pool-13-thread-1] o.a.n.c.r.WriteAheadFlowFileRepository Successfully checkpointed FlowFile Repository with 0 records in 0 milliseconds
2024-10-18 11:36:37,634 INFO [Process Cluster Protocol Request-6] o.a.n.c.p.impl.SocketProtocolListener Finished processing request 1f8b97d3-d767-42e1-b68c-5caa5a022549 (type=HEARTBEAT, length=2235 bytes) from mynifi:8080 in 1 millis
2024-10-18 11:36:37,635 INFO [Clustering Tasks Thread-2] o.a.n.c.c.ClusterProtocolHeartbeater Heartbeat created at 2024-10-18 11:36:37,626 and sent to mynifi:8082 at 2024-10-18 11:36:37,635; send took 8 millis
2024-10-18 11:36:40,467 INFO [Heartbeat Monitor Thread-1] o.a.n.c.c.h.AbstractHeartbeatMonitor Finished processing 1 heartbeats in 19126 nanos
2024-10-18 11:36:42,642 INFO [Process Cluster Protocol Request-7] o.a.n.c.p.impl.SocketProtocolListener Finished processing request 6a0cd3aa-83f3-4712-b2e0-7e1d2ce2aa75 (type=HEARTBEAT, length=2235 bytes) from mynifi:8080 in 3 millis
2024-10-18 11:36:42,644 INFO [Clustering Tasks Thread-2] o.a.n.c.c.ClusterProtocolHeartbeater Heartbeat created at 2024-10-18 11:36:42,635 and sent to mynifi:8082 at 2024-10-18 11:36:42,644; send took 9 millis
2024-10-18 11:36:45,467 INFO [Heartbeat Monitor Thread-1] o.a.n.c.c.h.AbstractHeartbeatMonitor Finished processing 1 heartbeats in 36480 nanos
2024-10-18 11:36:47,651 INFO [Process Cluster Protocol Request-8] o.a.n.c.p.impl.SocketProtocolListener Finished processing request 6dcc3885-0d98-4a39-9d44-82e72018e8bc (type=HEARTBEAT, length=2235 bytes) from mynifi:8080 in 2 millis
2024-10-18 11:36:47,652 INFO [Clustering Tasks Thread-2] o.a.n.c.c.ClusterProtocolHeartbeater Heartbeat created at 2024-10-18 11:36:47,645 and sent to mynifi:8082 at 2024-10-18 11:36:47,652; send took 7 millis
2024-10-18 11:36:50,468 INFO [Heartbeat Monitor Thread-1] o.a.n.c.c.h.AbstractHeartbeatMonitor Finished processing 1 heartbeats in 35696 nanos
2024-10-18 11:36:52,663 INFO [Process Cluster Protocol Request-9] o.a.n.c.p.impl.SocketProtocolListener Finished processing request 9b4ba0fc-83d8-47a7-b9f0-ca327281c839 (type=HEARTBEAT, length=2235 bytes) from mynifi:8080 in 3 millis
2024-10-18 11:36:52,664 INFO [Clustering Tasks Thread-2] o.a.n.c.c.ClusterProtocolHeartbeater Heartbeat created at 2024-10-18 11:36:52,654 and sent to mynifi:8082 at 2024-10-18 11:36:52,664; send took 10 millis
2024-10-18 11:36:55,468 INFO [Heartbeat Monitor Thread-1] o.a.n.c.c.h.AbstractHeartbeatMonitor Finished processing 1 heartbeats in 37609 nanos
2024-10-18 11:36:57,504 INFO [pool-13-thread-1] o.a.n.c.r.WriteAheadFlowFileRepository Initiating checkpoint of FlowFile Repository
2024-10-18 11:36:57,504 INFO [pool-13-thread-1] o.a.n.c.r.WriteAheadFlowFileRepository Successfully checkpointed FlowFile Repository with 0 records in 0 milliseconds
2024-10-18 11:36:57,676 INFO [Process Cluster Protocol Request-10] o.a.n.c.p.impl.SocketProtocolListener Finished processing request 91a77f0b-bc09-4957-9ee3-538038323d51 (type=HEARTBEAT, length=2235 bytes) from mynifi:8080 in 5 millis
2024-10-18 11:36:57,682 INFO [Clustering Tasks Thread-2] o.a.n.c.c.ClusterProtocolHeartbeater Heartbeat created at 2024-10-18 11:36:57,665 and sent to mynifi:8082 at 2024-10-18 11:36:57,682; send took 16 millis
2024-10-18 11:37:00,469 INFO [Heartbeat Monitor Thread-1] o.a.n.c.c.h.AbstractHeartbeatMonitor Finished processing 1 heartbeats in 17763 nanos
2024-10-18 11:37:02,694 INFO [Process Cluster Protocol Request-1] o.a.n.c.p.impl.SocketProtocolListener Finished processing request 536d0596-834a-49b2-8a13-2dbab1647ebb (type=HEARTBEAT, length=2235 bytes) from mynifi:8080 in 5 millis
2024-10-18 11:37:02,698 INFO [Clustering Tasks Thread-2] o.a.n.c.c.ClusterProtocolHeartbeater Heartbeat created at 2024-10-18 11:37:02,683 and sent to mynifi:8082 at 2024-10-18 11:37:02,698; send took 14 millis
2024-10-18 11:37:05,469 INFO [Heartbeat Monitor Thread-1] o.a.n.c.c.h.AbstractHeartbeatMonitor Finished processing 1 heartbeats in 37296 nanos
2024-10-18 11:37:07,708 INFO [Process Cluster Protocol Request-2] o.a.n.c.p.impl.SocketProtocolListener Finished processing request d6ae696b-b10d-45a8-9908-92c70dd0466c (type=HEARTBEAT, length=2235 bytes) from mynifi:8080 in 5 millis
2024-10-18 11:37:07,709 INFO [Clustering Tasks Thread-2] o.a.n.c.c.ClusterProtocolHeartbeater Heartbeat created at 2024-10-18 11:37:07,698 and sent to mynifi:8082 at 2024-10-18 11:37:07,709; send took 10 millis
2024-10-18 11:37:10,470 INFO [Heartbeat Monitor Thread-1] o.a.n.c.c.h.AbstractHeartbeatMonitor Finished processing 1 heartbeats in 38124 nanos
2024-10-18 11:37:12,726 INFO [Process Cluster Protocol Request-3] o.a.n.c.p.impl.SocketProtocolListener Finished processing request 9e71b3ea-96e0-4c6d-a9eb-7c6249cf448e (type=HEARTBEAT, length=2235 bytes) from mynifi:8080 in 10 millis
2024-10-18 11:37:12,731 INFO [Clustering Tasks Thread-2] o.a.n.c.c.ClusterProtocolHeartbeater Heartbeat created at 2024-10-18 11:37:12,710 and sent to mynifi:8082 at 2024-10-18 11:37:12,730; send took 20 millis
2024-10-18 11:37:15,470 INFO [Heartbeat Monitor Thread-1] o.a.n.c.c.h.AbstractHeartbeatMonitor Finished processing 1 heartbeats in 38008 nanos
2024-10-18 11:37:17,505 INFO [pool-13-thread-1] o.a.n.c.r.WriteAheadFlowFileRepository Initiating checkpoint of FlowFile Repository
2024-10-18 11:37:17,505 INFO [pool-13-thread-1] o.a.n.c.r.WriteAheadFlowFileRepository Successfully checkpointed FlowFile Repository with 0 records in 0 milliseconds
2024-10-18 11:37:17,742 INFO [Process Cluster Protocol Request-4] o.a.n.c.p.impl.SocketProtocolListener Finished processing request c963f941-8e51-4a36-98ab-099f08cc712b (type=HEARTBEAT, length=2235 bytes) from mynifi:8080 in 5 millis
2024-10-18 11:37:17,746 INFO [Clustering Tasks Thread-2] o.a.n.c.c.ClusterProtocolHeartbeater Heartbeat created at 2024-10-18 11:37:17,731 and sent to mynifi:8082 at 2024-10-18 11:37:17,746; send took 14 millis
2024-10-18 11:37:20,471 INFO [Heartbeat Monitor Thread-1] o.a.n.c.c.h.AbstractHeartbeatMonitor Finished processing 1 heartbeats in 15208 nanos
2024-10-18 11:37:22,758 INFO [Process Cluster Protocol Request-5] o.a.n.c.p.impl.SocketProtocolListener Finished processing request 1492c931-e767-414f-95b0-dcf63cf5a4b0 (type=HEARTBEAT, length=2235 bytes) from mynifi:8080 in 5 millis
2024-10-18 11:37:22,762 INFO [Clustering Tasks Thread-2] o.a.n.c.c.ClusterProtocolHeartbeater Heartbeat created at 2024-10-18 11:37:22,747 and sent to mynifi:8082 at 2024-10-18 11:37:22,762; send took 14 millis
2024-10-18 11:37:24,571 INFO [Write-Ahead Local State Provider Maintenance] org.wali.MinimalLockingWriteAheadLog org.wali.MinimalLockingWriteAheadLog@3d7fc4b3 checkpointed with 2 Records and 0 Swap Files in 4 milliseconds (Stop-the-world time = 1 milliseconds, Clear Edit Logs time = 1 millis), max Transaction ID 7
2024-10-18 11:37:25,144 INFO [Cleanup Archive for default] o.a.n.c.repository.FileSystemRepository Successfully deleted 0 files (0 bytes) from archive
2024-10-18 11:37:25,471 INFO [Heartbeat Monitor Thread-1] o.a.n.c.c.h.AbstractHeartbeatMonitor Finished processing 1 heartbeats in 36710 nanos
2024-10-18 11:37:27,774 INFO [Process Cluster Protocol Request-6] o.a.n.c.p.impl.SocketProtocolListener Finished processing request 20ce3994-9385-436d-9c65-ca3324c8e58c (type=HEARTBEAT, length=2235 bytes) from mynifi:8080 in 5 millis
2024-10-18 11:37:27,777 INFO [Clustering Tasks Thread-2] o.a.n.c.c.ClusterProtocolHeartbeater Heartbeat created at 2024-10-18 11:37:27,763 and sent to mynifi:8082 at 2024-10-18 11:37:27,777; send took 14 millis
2024-10-18 11:37:28,148 INFO [pool-2-thread-2] org.apache.nifi.BootstrapListener Received SHUTDOWN request from Bootstrap
2024-10-18 11:37:28,148 INFO [pool-2-thread-2] org.apache.nifi.NiFi Initiating shutdown of Jetty web server...
2024-10-18 11:37:28,151 INFO [pool-2-thread-2] o.eclipse.jetty.server.AbstractConnector Stopped ServerConnector@6b4a4e40{HTTP/1.1, (http/1.1)}{mynifi:8080}
2024-10-18 11:37:28,152 INFO [pool-2-thread-2] org.eclipse.jetty.server.session node0 Stopped scavenging
2024-10-18 11:37:43,530 INFO [main] org.apache.nifi.NiFi Launching NiFi...
2024-10-18 11:37:43,721 INFO [main] o.a.n.p.AbstractBootstrapPropertiesLoader Determined default application properties path to be '/opt/nifi/nifi-current/./conf/nifi.properties'
2024-10-18 11:37:43,723 INFO [main] o.a.nifi.properties.NiFiPropertiesLoader Loaded 202 properties from /opt/nifi/nifi-current/./conf/nifi.properties
2024-10-18 11:37:43,730 INFO [main] org.apache.nifi.NiFi Loaded 202 properties
2024-10-18 11:37:43,735 INFO [main] org.apache.nifi.BootstrapListener Started Bootstrap Listener, Listening for incoming requests on port 46311
2024-10-18 11:37:43,742 INFO [main] org.apache.nifi.BootstrapListener Successfully initiated communication with Bootstrap
2024-10-18 11:37:43,750 INFO [main] org.apache.nifi.nar.NarUnpacker Expanding 104 NAR files with all processors...
2024-10-18 11:37:53,892 INFO [pool-2-thread-2] org.apache.nifi.BootstrapListener Received SHUTDOWN request from Bootstrap
2024-10-18 11:37:53,893 INFO [pool-2-thread-2] org.apache.nifi.NiFi Initiating shutdown of Jetty web server...
2024-10-18 11:37:53,893 INFO [pool-2-thread-2] org.apache.nifi.NiFi Jetty web server shutdown completed (nicely or otherwise).
2024-10-18 11:37:55,831 INFO [main] org.apache.nifi.nar.NarUnpacker NAR loading process took 12080975855 nanoseconds (12 seconds).
2024-10-18 11:37:56,071 INFO [main] org.apache.nifi.nar.NarClassLoaders Loaded NAR file: /opt/nifi/nifi-current/./work/nar/extensions/nifi-jetty-bundle-1.14.0.nar-unpacked as class loader org.apache.nifi.nar.NarClassLoader[./work/nar/extensions/nifi-jetty-bundle-1.14.0.nar-unpacked]
2024-10-18 11:37:56,078 INFO [main] org.apache.nifi.nar.NarClassLoaders Loaded NAR file: /opt/nifi/nifi-current/./work/nar/framework/nifi-framework-nar-1.14.0.nar-unpacked as class loader org.apache.nifi.nar.NarClassLoader[./work/nar/framework/nifi-framework-nar-1.14.0.nar-unpacked]
2024-10-18 11:37:56,123 INFO [main] org.apache.nifi.nar.NarClassLoaders Loaded NAR file: /opt/nifi/nifi-current/./work/nar/extensions/nifi-language-translation-nar-1.14.0.nar-unpacked as class loader org.apache.nifi.nar.NarClassLoader[./work/nar/extensions/nifi-language-translation-nar-1.14.0.nar-unpacked]
2024-10-18 11:37:56,126 INFO [main] org.apache.nifi.nar.NarClassLoaders Loaded NAR file: /opt/nifi/nifi-current/./work/nar/extensions/nifi-cybersecurity-nar-1.14.0.nar-unpacked as class loader org.apache.nifi.nar.NarClassLoader[./work/nar/extensions/nifi-cybersecurity-nar-1.14.0.nar-unpacked]
2024-10-18 11:37:56,127 INFO [main] org.apache.nifi.nar.NarClassLoaders Loaded NAR file: /opt/nifi/nifi-current/./work/nar/extensions/nifi-avro-nar-1.14.0.nar-unpacked as class loader org.apache.nifi.nar.NarClassLoader[./work/nar/extensions/nifi-avro-nar-1.14.0.nar-unpacked]
2024-10-18 11:37:56,129 INFO [main] org.apache.nifi.nar.NarClassLoaders Loaded NAR file: /opt/nifi/nifi-current/./work/nar/extensions/nifi-poi-nar-1.14.0.nar-unpacked as class loader org.apache.nifi.nar.NarClassLoader[./work/nar/extensions/nifi-poi-nar-1.14.0.nar-unpacked]
2024-10-18 11:37:56,135 INFO [main] org.apache.nifi.nar.NarClassLoaders Loaded NAR file: /opt/nifi/nifi-current/./work/nar/extensions/nifi-hl7-nar-1.14.0.nar-unpacked as class loader org.apache.nifi.nar.NarClassLoader[./work/nar/extensions/nifi-hl7-nar-1.14.0.nar-unpacked]
2024-10-18 11:37:56,137 INFO [main] org.apache.nifi.nar.NarClassLoaders Loaded NAR file: /opt/nifi/nifi-current/./work/nar/extensions/nifi-smb-nar-1.14.0.nar-unpacked as class loader org.apache.nifi.nar.NarClassLoader[./work/nar/extensions/nifi-smb-nar-1.14.0.nar-unpacked]
2024-10-18 11:37:56,141 INFO [main] org.apache.nifi.nar.NarClassLoaders Loaded NAR file: /opt/nifi/nifi-current/./work/nar/extensions/nifi-network-processors-nar-1.14.0.nar-unpacked as class loader org.apache.nifi.nar.NarClassLoader[./work/nar/extensions/nifi-network-processors-nar-1.14.0.nar-unpacked]
2024-10-18 11:37:56,142 INFO [main] org.apache.nifi.nar.NarClassLoaders Loaded NAR file: /opt/nifi/nifi-current/./work/nar/extensions/nifi-tcp-nar-1.14.0.nar-unpacked as class loader org.apache.nifi.nar.NarClassLoader[./work/nar/extensions/nifi-tcp-nar-1.14.0.nar-unpacked]
2024-10-18 11:37:56,144 INFO [main] org.apache.nifi.nar.NarClassLoaders Loaded NAR file: /opt/nifi/nifi-current/./work/nar/extensions/nifi-standard-services-api-nar-1.14.0.nar-unpacked as class loader org.apache.nifi.nar.NarClassLoader[./work/nar/extensions/nifi-standard-services-api-nar-1.14.0.nar-unpacked]
2024-10-18 11:37:56,146 INFO [main] org.apache.nifi.nar.NarClassLoaders Loaded NAR file: /opt/nifi/nifi-current/./work/nar/extensions/nifi-grpc-nar-1.14.0.nar-unpacked as class loader org.apache.nifi.nar.NarClassLoader[./work/nar/extensions/nifi-grpc-nar-1.14.0.nar-unpacked]
2024-10-18 11:37:56,154 INFO [main] org.apache.nifi.nar.NarClassLoaders Loaded NAR file: /opt/nifi/nifi-current/./work/nar/extensions/nifi-distributed-cache-services-nar-1.14.0.nar-unpacked as class loader org.apache.nifi.nar.NarClassLoader[./work/nar/extensions/nifi-distributed-cache-services-nar-1.14.0.nar-unpacked]
2024-10-18 11:37:56,157 INFO [main] org.apache.nifi.nar.NarClassLoaders Loaded NAR file: /opt/nifi/nifi-current/./work/nar/extensions/nifi-kafka-2-6-nar-1.14.0.nar-unpacked as class loader org.apache.nifi.nar.NarClassLoader[./work/nar/extensions/nifi-kafka-2-6-nar-1.14.0.nar-unpacked]
2024-10-18 11:37:56,160 INFO [main] org.apache.nifi.nar.NarClassLoaders Loaded NAR file: /opt/nifi/nifi-current/./work/nar/extensions/nifi-riemann-nar-1.14.0.nar-unpacked as class loader org.apache.nifi.nar.NarClassLoader[./work/nar/extensions/nifi-riemann-nar-1.14.0.nar-unpacked]
2024-10-18 11:37:56,161 INFO [main] org.apache.nifi.nar.NarClassLoaders Loaded NAR file: /opt/nifi/nifi-current/./work/nar/extensions/nifi-amqp-nar-1.14.0.nar-unpacked as class loader org.apache.nifi.nar.NarClassLoader[./work/nar/extensions/nifi-amqp-nar-1.14.0.nar-unpacked]
2024-10-18 11:37:56,174 INFO [main] org.apache.nifi.nar.NarClassLoaders Loaded NAR file: /opt/nifi/nifi-current/./work/nar/extensions/nifi-kafka-1-0-nar-1.14.0.nar-unpacked as class loader org.apache.nifi.nar.NarClassLoader[./work/nar/extensions/nifi-kafka-1-0-nar-1.14.0.nar-unpacked]
2024-10-18 11:37:56,177 INFO [main] org.apache.nifi.nar.NarClassLoaders Loaded NAR file: /opt/nifi/nifi-current/./work/nar/extensions/nifi-update-attribute-nar-1.14.0.nar-unpacked as class loader org.apache.nifi.nar.NarClassLoader[./work/nar/extensions/nifi-update-attribute-nar-1.14.0.nar-unpacked]
2024-10-18 11:37:56,183 INFO [main] org.apache.nifi.nar.NarClassLoaders Loaded NAR file: /opt/nifi/nifi-current/./work/nar/extensions/nifi-snmp-nar-1.14.0.nar-unpacked as class loader org.apache.nifi.nar.NarClassLoader[./work/nar/extensions/nifi-snmp-nar-1.14.0.nar-unpacked]
2024-10-18 11:37:56,185 INFO [main] org.apache.nifi.nar.NarClassLoaders Loaded NAR file: /opt/nifi/nifi-current/./work/nar/extensions/nifi-datadog-nar-1.14.0.nar-unpacked as class loader org.apache.nifi.nar.NarClassLoader[./work/nar/extensions/nifi-datadog-nar-1.14.0.nar-unpacked]
2024-10-18 11:37:56,189 INFO [main] org.apache.nifi.nar.NarClassLoaders Loaded NAR file: /opt/nifi/nifi-current/./work/nar/extensions/nifi-kerberos-iaa-providers-nar-1.14.0.nar-unpacked as class loader org.apache.nifi.nar.NarClassLoader[./work/nar/extensions/nifi-kerberos-iaa-providers-nar-1.14.0.nar-unpacked]
2024-10-18 11:37:56,190 INFO [main] org.apache.nifi.nar.NarClassLoaders Loaded NAR file: /opt/nifi/nifi-current/./work/nar/extensions/nifi-hive-services-api-nar-1.14.0.nar-unpacked as class loader org.apache.nifi.nar.NarClassLoader[./work/nar/extensions/nifi-hive-services-api-nar-1.14.0.nar-unpacked]
2024-10-18 11:37:56,193 INFO [main] org.apache.nifi.nar.NarClassLoaders Loaded NAR file: /opt/nifi/nifi-current/./work/nar/extensions/nifi-standard-nar-1.14.0.nar-unpacked as class loader org.apache.nifi.nar.NarClassLoader[./work/nar/extensions/nifi-standard-nar-1.14.0.nar-unpacked]
2024-10-18 11:37:56,208 INFO [main] org.apache.nifi.nar.NarClassLoaders Loaded NAR file: /opt/nifi/nifi-current/./work/nar/extensions/nifi-prometheus-nar-1.14.0.nar-unpacked as class loader org.apache.nifi.nar.NarClassLoader[./work/nar/extensions/nifi-prometheus-nar-1.14.0.nar-unpacked]
2024-10-18 11:37:56,213 INFO [main] org.apache.nifi.nar.NarClassLoaders Loaded NAR file: /opt/nifi/nifi-current/./work/nar/extensions/nifi-windows-event-log-nar-1.14.0.nar-unpacked as class loader org.apache.nifi.nar.NarClassLoader[./work/nar/extensions/nifi-windows-event-log-nar-1.14.0.nar-unpacked]
2024-10-18 11:37:56,214 INFO [main] org.apache.nifi.nar.NarClassLoaders Loaded NAR file: /opt/nifi/nifi-current/./work/nar/extensions/nifi-ambari-nar-1.14.0.nar-unpacked as class loader org.apache.nifi.nar.NarClassLoader[./work/nar/extensions/nifi-ambari-nar-1.14.0.nar-unpacked]
2024-10-18 11:37:56,217 INFO [main] org.apache.nifi.nar.NarClassLoaders Loaded NAR file: /opt/nifi/nifi-current/./work/nar/extensions/nifi-hadoop-dbcp-service-nar-1.14.0.nar-unpacked as class loader org.apache.nifi.nar.NarClassLoader[./work/nar/extensions/nifi-hadoop-dbcp-service-nar-1.14.0.nar-unpacked]
2024-10-18 11:37:56,218 INFO [main] org.apache.nifi.nar.NarClassLoaders Loaded NAR file: /opt/nifi/nifi-current/./work/nar/extensions/nifi-slack-nar-1.14.0.nar-unpacked as class loader org.apache.nifi.nar.NarClassLoader[./work/nar/extensions/nifi-slack-nar-1.14.0.nar-unpacked]
2024-10-18 11:37:56,219 INFO [main] org.apache.nifi.nar.NarClassLoaders Loaded NAR file: /opt/nifi/nifi-current/./work/nar/extensions/nifi-evtx-nar-1.14.0.nar-unpacked as class loader org.apache.nifi.nar.NarClassLoader[./work/nar/extensions/nifi-evtx-nar-1.14.0.nar-unpacked]
2024-10-18 11:37:56,221 INFO [main] org.apache.nifi.nar.NarClassLoaders Loaded NAR file: /opt/nifi/nifi-current/./work/nar/extensions/nifi-server-nar-1.14.0.nar-unpacked as class loader org.apache.nifi.nar.NarClassLoader[./work/nar/extensions/nifi-server-nar-1.14.0.nar-unpacked]
2024-10-18 11:37:56,243 INFO [main] org.apache.nifi.nar.NarClassLoaders Loaded NAR file: /opt/nifi/nifi-current/./work/nar/extensions/nifi-mqtt-nar-1.14.0.nar-unpacked as class loader org.apache.nifi.nar.NarClassLoader[./work/nar/extensions/nifi-mqtt-nar-1.14.0.nar-unpacked]
2024-10-18 11:37:56,246 INFO [main] org.apache.nifi.nar.NarClassLoaders Loaded NAR file: /opt/nifi/nifi-current/./work/nar/extensions/nifi-influxdb-nar-1.14.0.nar-unpacked as class loader org.apache.nifi.nar.NarClassLoader[./work/nar/extensions/nifi-influxdb-nar-1.14.0.nar-unpacked]
2024-10-18 11:37:56,248 INFO [main] org.apache.nifi.nar.NarClassLoaders Loaded NAR file: /opt/nifi/nifi-current/./work/nar/extensions/nifi-enrich-nar-1.14.0.nar-unpacked as class loader org.apache.nifi.nar.NarClassLoader[./work/nar/extensions/nifi-enrich-nar-1.14.0.nar-unpacked]
2024-10-18 11:37:56,251 INFO [main] org.apache.nifi.nar.NarClassLoaders Loaded NAR file: /opt/nifi/nifi-current/./work/nar/extensions/nifi-kafka-2-0-nar-1.14.0.nar-unpacked as class loader org.apache.nifi.nar.NarClassLoader[./work/nar/extensions/nifi-kafka-2-0-nar-1.14.0.nar-unpacked]
2024-10-18 11:37:56,255 INFO [main] org.apache.nifi.nar.NarClassLoaders Loaded NAR file: /opt/nifi/nifi-current/./work/nar/extensions/nifi-hwx-schema-registry-nar-1.14.0.nar-unpacked as class loader org.apache.nifi.nar.NarClassLoader[./work/nar/extensions/nifi-hwx-schema-registry-nar-1.14.0.nar-unpacked]
2024-10-18 11:37:56,275 INFO [main] org.apache.nifi.nar.NarClassLoaders Loaded NAR file: /opt/nifi/nifi-current/./work/nar/extensions/nifi-email-nar-1.14.0.nar-unpacked as class loader org.apache.nifi.nar.NarClassLoader[./work/nar/extensions/nifi-email-nar-1.14.0.nar-unpacked]
2024-10-18 11:37:56,281 INFO [main] org.apache.nifi.nar.NarClassLoaders Loaded NAR file: /opt/nifi/nifi-current/./work/nar/extensions/nifi-redis-service-api-nar-1.14.0.nar-unpacked as class loader org.apache.nifi.nar.NarClassLoader[./work/nar/extensions/nifi-redis-service-api-nar-1.14.0.nar-unpacked]
2024-10-18 11:37:56,284 INFO [main] org.apache.nifi.nar.NarClassLoaders Loaded NAR file: /opt/nifi/nifi-current/./work/nar/extensions/nifi-stateless-nar-1.14.0.nar-unpacked as class loader org.apache.nifi.nar.NarClassLoader[./work/nar/extensions/nifi-stateless-nar-1.14.0.nar-unpacked]
2024-10-18 11:37:56,296 INFO [main] org.apache.nifi.nar.NarClassLoaders Loaded NAR file: /opt/nifi/nifi-current/./work/nar/extensions/nifi-ldap-iaa-providers-nar-1.14.0.nar-unpacked as class loader org.apache.nifi.nar.NarClassLoader[./work/nar/extensions/nifi-ldap-iaa-providers-nar-1.14.0.nar-unpacked]
2024-10-18 11:37:56,303 INFO [main] org.apache.nifi.nar.NarClassLoaders Loaded NAR file: /opt/nifi/nifi-current/./work/nar/extensions/nifi-stateful-analysis-nar-1.14.0.nar-unpacked as class loader org.apache.nifi.nar.NarClassLoader[./work/nar/extensions/nifi-stateful-analysis-nar-1.14.0.nar-unpacked]
2024-10-18 11:37:56,305 INFO [main] org.apache.nifi.nar.NarClassLoaders Loaded NAR file: /opt/nifi/nifi-current/./work/nar/extensions/nifi-metrics-reporter-service-api-nar-1.14.0.nar-unpacked as class loader org.apache.nifi.nar.NarClassLoader[./work/nar/extensions/nifi-metrics-reporter-service-api-nar-1.14.0.nar-unpacked]
2024-10-18 11:37:56,306 INFO [main] org.apache.nifi.nar.NarClassLoaders Loaded NAR file: /opt/nifi/nifi-current/./work/nar/extensions/nifi-social-media-nar-1.14.0.nar-unpacked as class loader org.apache.nifi.nar.NarClassLoader[./work/nar/extensions/nifi-social-media-nar-1.14.0.nar-unpacked]
2024-10-18 11:37:56,308 INFO [main] org.apache.nifi.nar.NarClassLoaders Loaded NAR file: /opt/nifi/nifi-current/./work/nar/extensions/nifi-elasticsearch-nar-1.14.0.nar-unpacked as class loader org.apache.nifi.nar.NarClassLoader[./work/nar/extensions/nifi-elasticsearch-nar-1.14.0.nar-unpacked]
2024-10-18 11:37:56,314 INFO [main] org.apache.nifi.nar.NarClassLoaders Loaded NAR file: /opt/nifi/nifi-current/./work/nar/extensions/nifi-gcp-services-api-nar-1.14.0.nar-unpacked as class loader org.apache.nifi.nar.NarClassLoader[./work/nar/extensions/nifi-gcp-services-api-nar-1.14.0.nar-unpacked]
2024-10-18 11:37:56,317 INFO [main] org.apache.nifi.nar.NarClassLoaders Loaded NAR file: /opt/nifi/nifi-current/./work/nar/extensions/nifi-single-user-iaa-providers-nar-1.14.0.nar-unpacked as class loader org.apache.nifi.nar.NarClassLoader[./work/nar/extensions/nifi-single-user-iaa-providers-nar-1.14.0.nar-unpacked]
2024-10-18 11:37:56,319 INFO [main] org.apache.nifi.nar.NarClassLoaders Loaded NAR file: /opt/nifi/nifi-current/./work/nar/extensions/nifi-lookup-services-nar-1.14.0.nar-unpacked as class loader org.apache.nifi.nar.NarClassLoader[./work/nar/extensions/nifi-lookup-services-nar-1.14.0.nar-unpacked]
2024-10-18 11:37:56,330 INFO [main] org.apache.nifi.nar.NarClassLoaders Loaded NAR file: /opt/nifi/nifi-current/./work/nar/extensions/nifi-hbase_1_1_2-client-service-nar-1.14.0.nar-unpacked as class loader org.apache.nifi.nar.NarClassLoader[./work/nar/extensions/nifi-hbase_1_1_2-client-service-nar-1.14.0.nar-unpacked]
2024-10-18 11:37:56,339 INFO [main] org.apache.nifi.nar.NarClassLoaders Loaded NAR file: /opt/nifi/nifi-current/./work/nar/extensions/nifi-oauth2-provider-nar-1.14.0.nar-unpacked as class loader org.apache.nifi.nar.NarClassLoader[./work/nar/extensions/nifi-oauth2-provider-nar-1.14.0.nar-unpacked]
2024-10-18 11:37:56,340 INFO [main] org.apache.nifi.nar.NarClassLoaders Loaded NAR file: /opt/nifi/nifi-current/./work/nar/extensions/nifi-html-nar-1.14.0.nar-unpacked as class loader org.apache.nifi.nar.NarClassLoader[./work/nar/extensions/nifi-html-nar-1.14.0.nar-unpacked]
2024-10-18 11:37:56,341 INFO [main] org.apache.nifi.nar.NarClassLoaders Loaded NAR file: /opt/nifi/nifi-current/./work/nar/extensions/nifi-http-context-map-nar-1.14.0.nar-unpacked as class loader org.apache.nifi.nar.NarClassLoader[./work/nar/extensions/nifi-http-context-map-nar-1.14.0.nar-unpacked]
2024-10-18 11:37:56,342 INFO [main] org.apache.nifi.nar.NarClassLoaders Loaded NAR file: /opt/nifi/nifi-current/./work/nar/extensions/nifi-ccda-nar-1.14.0.nar-unpacked as class loader org.apache.nifi.nar.NarClassLoader[./work/nar/extensions/nifi-ccda-nar-1.14.0.nar-unpacked]
2024-10-18 11:37:56,347 INFO [main] org.apache.nifi.nar.NarClassLoaders Loaded NAR file: /opt/nifi/nifi-current/./work/nar/extensions/nifi-spring-nar-1.14.0.nar-unpacked as class loader org.apache.nifi.nar.NarClassLoader[./work/nar/extensions/nifi-spring-nar-1.14.0.nar-unpacked]
2024-10-18 11:37:56,349 INFO [main] org.apache.nifi.nar.NarClassLoaders Loaded NAR file: /opt/nifi/nifi-current/./work/nar/extensions/nifi-jms-cf-service-nar-1.14.0.nar-unpacked as class loader org.apache.nifi.nar.NarClassLoader[./work/nar/extensions/nifi-jms-cf-service-nar-1.14.0.nar-unpacked]
2024-10-18 11:37:56,350 INFO [main] org.apache.nifi.nar.NarClassLoaders Loaded NAR file: /opt/nifi/nifi-current/./work/nar/extensions/nifi-cdc-mysql-nar-1.14.0.nar-unpacked as class loader org.apache.nifi.nar.NarClassLoader[./work/nar/extensions/nifi-cdc-mysql-nar-1.14.0.nar-unpacked]
2024-10-18 11:37:56,352 INFO [main] org.apache.nifi.nar.NarClassLoaders Loaded NAR file: /opt/nifi/nifi-current/./work/nar/extensions/nifi-solr-nar-1.14.0.nar-unpacked as class loader org.apache.nifi.nar.NarClassLoader[./work/nar/extensions/nifi-solr-nar-1.14.0.nar-unpacked]
2024-10-18 11:37:56,358 INFO [main] org.apache.nifi.nar.NarClassLoaders Loaded NAR file: /opt/nifi/nifi-current/./work/nar/extensions/nifi-scripting-nar-1.14.0.nar-unpacked as class loader org.apache.nifi.nar.NarClassLoader[./work/nar/extensions/nifi-scripting-nar-1.14.0.nar-unpacked]
2024-10-18 11:37:56,370 INFO [main] org.apache.nifi.nar.NarClassLoaders Loaded NAR file: /opt/nifi/nifi-current/./work/nar/extensions/nifi-provenance-repository-nar-1.14.0.nar-unpacked as class loader org.apache.nifi.nar.NarClassLoader[./work/nar/extensions/nifi-provenance-repository-nar-1.14.0.nar-unpacked]
2024-10-18 11:37:56,379 INFO [main] org.apache.nifi.nar.NarClassLoaders Loaded NAR file: /opt/nifi/nifi-current/./work/nar/extensions/nifi-hbase_2-client-service-nar-1.14.0.nar-unpacked as class loader org.apache.nifi.nar.NarClassLoader[./work/nar/extensions/nifi-hbase_2-client-service-nar-1.14.0.nar-unpacked]
2024-10-18 11:37:56,396 INFO [main] org.apache.nifi.nar.NarClassLoaders Loaded NAR file: /opt/nifi/nifi-current/./work/nar/extensions/nifi-hbase-nar-1.14.0.nar-unpacked as class loader org.apache.nifi.nar.NarClassLoader[./work/nar/extensions/nifi-hbase-nar-1.14.0.nar-unpacked]
2024-10-18 11:37:56,400 INFO [main] org.apache.nifi.nar.NarClassLoaders Loaded NAR file: /opt/nifi/nifi-current/./work/nar/extensions/nifi-groovyx-nar-1.14.0.nar-unpacked as class loader org.apache.nifi.nar.NarClassLoader[./work/nar/extensions/nifi-groovyx-nar-1.14.0.nar-unpacked]
2024-10-18 11:37:56,408 INFO [main] org.apache.nifi.nar.NarClassLoaders Loaded NAR file: /opt/nifi/nifi-current/./work/nar/extensions/nifi-jolt-record-nar-1.14.0.nar-unpacked as class loader org.apache.nifi.nar.NarClassLoader[./work/nar/extensions/nifi-jolt-record-nar-1.14.0.nar-unpacked]
2024-10-18 11:37:56,410 INFO [main] org.apache.nifi.nar.NarClassLoaders Loaded NAR file: /opt/nifi/nifi-current/./work/nar/extensions/nifi-aws-service-api-nar-1.14.0.nar-unpacked as class loader org.apache.nifi.nar.NarClassLoader[./work/nar/extensions/nifi-aws-service-api-nar-1.14.0.nar-unpacked]
2024-10-18 11:37:56,413 INFO [main] org.apache.nifi.nar.NarClassLoaders Loaded NAR file: /opt/nifi/nifi-current/./work/nar/extensions/nifi-ssl-context-service-nar-1.14.0.nar-unpacked as class loader org.apache.nifi.nar.NarClassLoader[./work/nar/extensions/nifi-ssl-context-service-nar-1.14.0.nar-unpacked]
2024-10-18 11:37:56,418 INFO [main] org.apache.nifi.nar.NarClassLoaders Loaded NAR file: /opt/nifi/nifi-current/./work/nar/extensions/nifi-dbcp-service-nar-1.14.0.nar-unpacked as class loader org.apache.nifi.nar.NarClassLoader[./work/nar/extensions/nifi-dbcp-service-nar-1.14.0.nar-unpacked]
2024-10-18 11:37:56,421 INFO [main] org.apache.nifi.nar.NarClassLoaders Loaded NAR file: /opt/nifi/nifi-current/./work/nar/extensions/nifi-confluent-platform-nar-1.14.0.nar-unpacked as class loader org.apache.nifi.nar.NarClassLoader[./work/nar/extensions/nifi-confluent-platform-nar-1.14.0.nar-unpacked]
2024-10-18 11:37:56,427 INFO [main] org.apache.nifi.nar.NarClassLoaders Loaded NAR file: /opt/nifi/nifi-current/./work/nar/extensions/nifi-record-serialization-services-nar-1.14.0.nar-unpacked as class loader org.apache.nifi.nar.NarClassLoader[./work/nar/extensions/nifi-record-serialization-services-nar-1.14.0.nar-unpacked]
2024-10-18 11:37:56,434 INFO [main] org.apache.nifi.nar.NarClassLoaders Loaded NAR file: /opt/nifi/nifi-current/./work/nar/extensions/nifi-site-to-site-reporting-nar-1.14.0.nar-unpacked as class loader org.apache.nifi.nar.NarClassLoader[./work/nar/extensions/nifi-site-to-site-reporting-nar-1.14.0.nar-unpacked]
2024-10-18 11:37:56,445 INFO [main] org.apache.nifi.nar.NarClassLoaders Loaded NAR file: /opt/nifi/nifi-current/./work/nar/extensions/nifi-hazelcast-services-api-nar-1.14.0.nar-unpacked as class loader org.apache.nifi.nar.NarClassLoader[./work/nar/extensions/nifi-hazelcast-services-api-nar-1.14.0.nar-unpacked]
2024-10-18 11:37:56,447 INFO [main] org.apache.nifi.nar.NarClassLoaders Loaded NAR file: /opt/nifi/nifi-current/./work/nar/extensions/nifi-azure-services-api-nar-1.14.0.nar-unpacked as class loader org.apache.nifi.nar.NarClassLoader[./work/nar/extensions/nifi-azure-services-api-nar-1.14.0.nar-unpacked]
2024-10-18 11:37:56,471 INFO [main] org.apache.nifi.nar.NarClassLoaders Loaded NAR file: /opt/nifi/nifi-current/./work/nar/extensions/nifi-hive-nar-1.14.0.nar-unpacked as class loader org.apache.nifi.nar.NarClassLoader[./work/nar/extensions/nifi-hive-nar-1.14.0.nar-unpacked]
2024-10-18 11:37:56,499 INFO [main] org.apache.nifi.nar.NarClassLoaders Loaded NAR file: /opt/nifi/nifi-current/./work/nar/extensions/nifi-registry-nar-1.14.0.nar-unpacked as class loader org.apache.nifi.nar.NarClassLoader[./work/nar/extensions/nifi-registry-nar-1.14.0.nar-unpacked]
2024-10-18 11:37:56,502 INFO [main] org.apache.nifi.nar.NarClassLoaders Loaded NAR file: /opt/nifi/nifi-current/./work/nar/extensions/nifi-mongodb-client-service-api-nar-1.14.0.nar-unpacked as class loader org.apache.nifi.nar.NarClassLoader[./work/nar/extensions/nifi-mongodb-client-service-api-nar-1.14.0.nar-unpacked]
2024-10-18 11:37:56,503 INFO [main] org.apache.nifi.nar.NarClassLoaders Loaded NAR file: /opt/nifi/nifi-current/./work/nar/extensions/nifi-elasticsearch-client-service-api-nar-1.14.0.nar-unpacked as class loader org.apache.nifi.nar.NarClassLoader[./work/nar/extensions/nifi-elasticsearch-client-service-api-nar-1.14.0.nar-unpacked]
2024-10-18 11:37:56,504 INFO [main] org.apache.nifi.nar.NarClassLoaders Loaded NAR file: /opt/nifi/nifi-current/./work/nar/extensions/nifi-metrics-reporting-nar-1.14.0.nar-unpacked as class loader org.apache.nifi.nar.NarClassLoader[./work/nar/extensions/nifi-metrics-reporting-nar-1.14.0.nar-unpacked]
2024-10-18 11:37:56,506 INFO [main] org.apache.nifi.nar.NarClassLoaders Loaded NAR file: /opt/nifi/nifi-current/./work/nar/extensions/nifi-aws-nar-1.14.0.nar-unpacked as class loader org.apache.nifi.nar.NarClassLoader[./work/nar/extensions/nifi-aws-nar-1.14.0.nar-unpacked]
2024-10-18 11:37:56,513 INFO [main] org.apache.nifi.nar.NarClassLoaders Loaded NAR file: /opt/nifi/nifi-current/./work/nar/extensions/nifi-kerberos-credentials-service-nar-1.14.0.nar-unpacked as class loader org.apache.nifi.nar.NarClassLoader[./work/nar/extensions/nifi-kerberos-credentials-service-nar-1.14.0.nar-unpacked]
2024-10-18 11:37:56,514 INFO [main] org.apache.nifi.nar.NarClassLoaders Loaded NAR file: /opt/nifi/nifi-current/./work/nar/extensions/nifi-jms-processors-nar-1.14.0.nar-unpacked as class loader org.apache.nifi.nar.NarClassLoader[./work/nar/extensions/nifi-jms-processors-nar-1.14.0.nar-unpacked]
2024-10-18 11:37:56,518 INFO [main] org.apache.nifi.nar.NarClassLoaders Loaded NAR file: /opt/nifi/nifi-current/./work/nar/extensions/nifi-record-sink-service-nar-1.14.0.nar-unpacked as class loader org.apache.nifi.nar.NarClassLoader[./work/nar/extensions/nifi-record-sink-service-nar-1.14.0.nar-unpacked]
2024-10-18 11:37:56,520 INFO [main] org.apache.nifi.nar.NarClassLoaders Loaded NAR file: /opt/nifi/nifi-current/./work/nar/extensions/nifi-hadoop-libraries-nar-1.14.0.nar-unpacked as class loader org.apache.nifi.nar.NarClassLoader[./work/nar/extensions/nifi-hadoop-libraries-nar-1.14.0.nar-unpacked]
2024-10-18 11:37:56,536 INFO [main] org.apache.nifi.nar.NarClassLoaders Loaded NAR file: /opt/nifi/nifi-current/./work/nar/extensions/nifi-splunk-nar-1.14.0.nar-unpacked as class loader org.apache.nifi.nar.NarClassLoader[./work/nar/extensions/nifi-splunk-nar-1.14.0.nar-unpacked]
2024-10-18 11:37:56,539 INFO [main] org.apache.nifi.nar.NarClassLoaders Loaded NAR file: /opt/nifi/nifi-current/./work/nar/extensions/nifi-hazelcast-services-nar-1.14.0.nar-unpacked as class loader org.apache.nifi.nar.NarClassLoader[./work/nar/extensions/nifi-hazelcast-services-nar-1.14.0.nar-unpacked]
2024-10-18 11:37:56,541 INFO [main] org.apache.nifi.nar.NarClassLoaders Loaded NAR file: /opt/nifi/nifi-current/./work/nar/extensions/nifi-websocket-services-api-nar-1.14.0.nar-unpacked as class loader org.apache.nifi.nar.NarClassLoader[./work/nar/extensions/nifi-websocket-services-api-nar-1.14.0.nar-unpacked]
2024-10-18 11:37:56,544 INFO [main] org.apache.nifi.nar.NarClassLoaders Loaded NAR file: /opt/nifi/nifi-current/./work/nar/extensions/nifi-proxy-configuration-nar-1.14.0.nar-unpacked as class loader org.apache.nifi.nar.NarClassLoader[./work/nar/extensions/nifi-proxy-configuration-nar-1.14.0.nar-unpacked]
2024-10-18 11:37:56,547 INFO [main] org.apache.nifi.nar.NarClassLoaders Loaded NAR file: /opt/nifi/nifi-current/./work/nar/extensions/nifi-gcp-nar-1.14.0.nar-unpacked as class loader org.apache.nifi.nar.NarClassLoader[./work/nar/extensions/nifi-gcp-nar-1.14.0.nar-unpacked]
2024-10-18 11:37:56,561 INFO [main] org.apache.nifi.nar.NarClassLoaders Loaded NAR file: /opt/nifi/nifi-current/./work/nar/extensions/nifi-pgp-service-api-nar-1.14.0.nar-unpacked as class loader org.apache.nifi.nar.NarClassLoader[./work/nar/extensions/nifi-pgp-service-api-nar-1.14.0.nar-unpacked]
2024-10-18 11:37:56,565 INFO [main] org.apache.nifi.nar.NarClassLoaders Loaded NAR file: /opt/nifi/nifi-current/./work/nar/extensions/nifi-cassandra-services-api-nar-1.14.0.nar-unpacked as class loader org.apache.nifi.nar.NarClassLoader[./work/nar/extensions/nifi-cassandra-services-api-nar-1.14.0.nar-unpacked]
2024-10-18 11:37:56,569 INFO [main] org.apache.nifi.nar.NarClassLoaders Loaded NAR file: /opt/nifi/nifi-current/./work/nar/extensions/nifi-couchbase-services-api-nar-1.14.0.nar-unpacked as class loader org.apache.nifi.nar.NarClassLoader[./work/nar/extensions/nifi-couchbase-services-api-nar-1.14.0.nar-unpacked]
2024-10-18 11:37:56,570 INFO [main] org.apache.nifi.nar.NarClassLoaders Loaded NAR file: /opt/nifi/nifi-current/./work/nar/extensions/nifi-pgp-service-nar-1.14.0.nar-unpacked as class loader org.apache.nifi.nar.NarClassLoader[./work/nar/extensions/nifi-pgp-service-nar-1.14.0.nar-unpacked]
2024-10-18 11:37:56,571 INFO [main] org.apache.nifi.nar.NarClassLoaders Loaded NAR file: /opt/nifi/nifi-current/./work/nar/extensions/nifi-mongodb-services-nar-1.14.0.nar-unpacked as class loader org.apache.nifi.nar.NarClassLoader[./work/nar/extensions/nifi-mongodb-services-nar-1.14.0.nar-unpacked]
2024-10-18 11:37:56,577 INFO [main] org.apache.nifi.nar.NarClassLoaders Loaded NAR file: /opt/nifi/nifi-current/./work/nar/extensions/nifi-rethinkdb-nar-1.14.0.nar-unpacked as class loader org.apache.nifi.nar.NarClassLoader[./work/nar/extensions/nifi-rethinkdb-nar-1.14.0.nar-unpacked]
2024-10-18 11:37:56,579 INFO [main] org.apache.nifi.nar.NarClassLoaders Loaded NAR file: /opt/nifi/nifi-current/./work/nar/extensions/nifi-hadoop-nar-1.14.0.nar-unpacked as class loader org.apache.nifi.nar.NarClassLoader[./work/nar/extensions/nifi-hadoop-nar-1.14.0.nar-unpacked]
2024-10-18 11:37:56,581 INFO [main] org.apache.nifi.nar.NarClassLoaders Loaded NAR file: /opt/nifi/nifi-current/./work/nar/extensions/nifi-elasticsearch-restapi-nar-1.14.0.nar-unpacked as class loader org.apache.nifi.nar.NarClassLoader[./work/nar/extensions/nifi-elasticsearch-restapi-nar-1.14.0.nar-unpacked]
2024-10-18 11:37:56,585 INFO [main] org.apache.nifi.nar.NarClassLoaders Loaded NAR file: /opt/nifi/nifi-current/./work/nar/extensions/nifi-websocket-services-jetty-nar-1.14.0.nar-unpacked as class loader org.apache.nifi.nar.NarClassLoader[./work/nar/extensions/nifi-websocket-services-jetty-nar-1.14.0.nar-unpacked]
2024-10-18 11:37:56,590 INFO [main] org.apache.nifi.nar.NarClassLoaders Loaded NAR file: /opt/nifi/nifi-current/./work/nar/extensions/nifi-websocket-processors-nar-1.14.0.nar-unpacked as class loader org.apache.nifi.nar.NarClassLoader[./work/nar/extensions/nifi-websocket-processors-nar-1.14.0.nar-unpacked]
2024-10-18 11:37:56,593 INFO [main] org.apache.nifi.nar.NarClassLoaders Loaded NAR file: /opt/nifi/nifi-current/./work/nar/extensions/nifi-redis-nar-1.14.0.nar-unpacked as class loader org.apache.nifi.nar.NarClassLoader[./work/nar/extensions/nifi-redis-nar-1.14.0.nar-unpacked]
2024-10-18 11:37:56,595 INFO [main] org.apache.nifi.nar.NarClassLoaders Loaded NAR file: /opt/nifi/nifi-current/./work/nar/extensions/nifi-couchbase-nar-1.14.0.nar-unpacked as class loader org.apache.nifi.nar.NarClassLoader[./work/nar/extensions/nifi-couchbase-nar-1.14.0.nar-unpacked]
2024-10-18 11:37:56,596 INFO [main] org.apache.nifi.nar.NarClassLoaders Loaded NAR file: /opt/nifi/nifi-current/./work/nar/extensions/nifi-cassandra-nar-1.14.0.nar-unpacked as class loader org.apache.nifi.nar.NarClassLoader[./work/nar/extensions/nifi-cassandra-nar-1.14.0.nar-unpacked]
2024-10-18 11:37:56,604 INFO [main] org.apache.nifi.nar.NarClassLoaders Loaded NAR file: /opt/nifi/nifi-current/./work/nar/extensions/nifi-elasticsearch-client-service-nar-1.14.0.nar-unpacked as class loader org.apache.nifi.nar.NarClassLoader[./work/nar/extensions/nifi-elasticsearch-client-service-nar-1.14.0.nar-unpacked]
2024-10-18 11:37:56,616 INFO [main] org.apache.nifi.nar.NarClassLoaders Loaded NAR file: /opt/nifi/nifi-current/./work/nar/extensions/nifi-kudu-nar-1.14.0.nar-unpacked as class loader org.apache.nifi.nar.NarClassLoader[./work/nar/extensions/nifi-kudu-nar-1.14.0.nar-unpacked]
2024-10-18 11:37:56,622 INFO [main] org.apache.nifi.nar.NarClassLoaders Loaded NAR file: /opt/nifi/nifi-current/./work/nar/extensions/nifi-pgp-nar-1.14.0.nar-unpacked as class loader org.apache.nifi.nar.NarClassLoader[./work/nar/extensions/nifi-pgp-nar-1.14.0.nar-unpacked]
2024-10-18 11:37:56,624 INFO [main] org.apache.nifi.nar.NarClassLoaders Loaded NAR file: /opt/nifi/nifi-current/./work/nar/extensions/nifi-azure-nar-1.14.0.nar-unpacked as class loader org.apache.nifi.nar.NarClassLoader[./work/nar/extensions/nifi-azure-nar-1.14.0.nar-unpacked]
2024-10-18 11:37:56,645 INFO [main] org.apache.nifi.nar.NarClassLoaders Loaded NAR file: /opt/nifi/nifi-current/./work/nar/extensions/nifi-cassandra-services-nar-1.14.0.nar-unpacked as class loader org.apache.nifi.nar.NarClassLoader[./work/nar/extensions/nifi-cassandra-services-nar-1.14.0.nar-unpacked]
2024-10-18 11:37:56,654 INFO [main] org.apache.nifi.nar.NarClassLoaders Loaded NAR file: /opt/nifi/nifi-current/./work/nar/extensions/nifi-mongodb-nar-1.14.0.nar-unpacked as class loader org.apache.nifi.nar.NarClassLoader[./work/nar/extensions/nifi-mongodb-nar-1.14.0.nar-unpacked]
2024-10-18 11:37:56,658 INFO [main] org.apache.nifi.nar.NarClassLoaders Loaded NAR file: /opt/nifi/nifi-current/./work/nar/extensions/nifi-parquet-nar-1.14.0.nar-unpacked as class loader org.apache.nifi.nar.NarClassLoader[./work/nar/extensions/nifi-parquet-nar-1.14.0.nar-unpacked]
2024-10-18 11:37:56,664 INFO [main] org.apache.nifi.nar.NarClassLoaders Found NiFiServer implementation org.apache.nifi.web.server.JettyServer in org.apache.nifi:nifi-server-nar:1.14.0
2024-10-18 11:37:56,672 INFO [main] org.eclipse.jetty.util.log Logging initialized @13360ms to org.eclipse.jetty.util.log.Slf4jLog
2024-10-18 11:37:56,704 INFO [main] org.apache.nifi.web.server.JettyServer Configuring Jetty for HTTP on port: 8080
2024-10-18 11:37:56,762 INFO [main] org.apache.nifi.web.server.JettyServer Loading WAR: /opt/nifi/nifi-current/./work/nar/extensions/nifi-update-attribute-nar-1.14.0.nar-unpacked/NAR-INF/bundled-dependencies/nifi-update-attribute-ui-1.14.0.war with context path set to /nifi-update-attribute-ui-1.14.0
2024-10-18 11:37:56,762 INFO [main] org.apache.nifi.web.server.JettyServer Loading UI extension [ProcessorConfiguration, /nifi-update-attribute-ui-1.14.0] for org.apache.nifi.processors.attributes.UpdateAttribute:org.apache.nifi:nifi-update-attribute-nar:1.14.0
2024-10-18 11:37:56,764 INFO [main] org.apache.nifi.web.server.JettyServer Loading WAR: /opt/nifi/nifi-current/./work/nar/extensions/nifi-standard-nar-1.14.0.nar-unpacked/NAR-INF/bundled-dependencies/nifi-standard-content-viewer-1.14.0.war with context path set to /nifi-standard-content-viewer-1.14.0
2024-10-18 11:37:56,765 INFO [main] org.apache.nifi.web.server.JettyServer Loading WAR: /opt/nifi/nifi-current/./work/nar/extensions/nifi-standard-nar-1.14.0.nar-unpacked/NAR-INF/bundled-dependencies/nifi-jolt-transform-json-ui-1.14.0.war with context path set to /nifi-jolt-transform-json-ui-1.14.0
2024-10-18 11:37:56,765 INFO [main] org.apache.nifi.web.server.JettyServer Loading UI extension [ProcessorConfiguration, /nifi-jolt-transform-json-ui-1.14.0] for org.apache.nifi.processors.standard.JoltTransformJSON:org.apache.nifi:nifi-standard-nar:1.14.0
2024-10-18 11:37:56,768 INFO [main] org.apache.nifi.web.server.JettyServer Loading WAR: /opt/nifi/nifi-current/./work/nar/extensions/nifi-server-nar-1.14.0.nar-unpacked/NAR-INF/bundled-dependencies/nifi-web-ui-1.14.0.war with context path set to /nifi
2024-10-18 11:37:56,768 INFO [main] org.apache.nifi.web.server.JettyServer Loading WAR: /opt/nifi/nifi-current/./work/nar/extensions/nifi-server-nar-1.14.0.nar-unpacked/NAR-INF/bundled-dependencies/nifi-web-api-1.14.0.war with context path set to /nifi-api
2024-10-18 11:37:56,769 INFO [main] org.apache.nifi.web.server.JettyServer Loading WAR: /opt/nifi/nifi-current/./work/nar/extensions/nifi-server-nar-1.14.0.nar-unpacked/NAR-INF/bundled-dependencies/nifi-web-content-viewer-1.14.0.war with context path set to /nifi-content-viewer
2024-10-18 11:37:56,770 INFO [main] org.apache.nifi.web.server.JettyServer Loading WAR: /opt/nifi/nifi-current/./work/nar/extensions/nifi-server-nar-1.14.0.nar-unpacked/NAR-INF/bundled-dependencies/nifi-web-docs-1.14.0.war with context path set to /nifi-docs
2024-10-18 11:37:56,772 INFO [main] org.apache.nifi.web.server.JettyServer Loading documents web app with context path set to /nifi-docs
2024-10-18 11:37:56,772 INFO [main] org.apache.nifi.web.server.JettyServer Loading WAR: /opt/nifi/nifi-current/./work/nar/extensions/nifi-server-nar-1.14.0.nar-unpacked/NAR-INF/bundled-dependencies/nifi-web-error-1.14.0.war with context path set to /
2024-10-18 11:37:56,776 INFO [main] org.apache.nifi.web.server.JettyServer Running in HTTP mode; host headers not restricted
2024-10-18 11:37:56,779 INFO [main] org.apache.nifi.NiFi NiFi has been shutdown via NiFi Bootstrap. Will not start Controller
2024-10-18 11:37:56,780 INFO [Thread-1] org.apache.nifi.NiFi Initiating shutdown of Jetty web server...
2024-10-18 11:37:56,780 INFO [Thread-1] org.apache.nifi.NiFi Jetty web server shutdown completed (nicely or otherwise).
2024-10-18 11:38:14,082 INFO [main] org.apache.nifi.NiFi Launching NiFi...
2024-10-18 11:38:14,262 INFO [main] o.a.n.p.AbstractBootstrapPropertiesLoader Determined default application properties path to be '/opt/nifi/nifi-current/./conf/nifi.properties'
2024-10-18 11:38:14,264 INFO [main] o.a.nifi.properties.NiFiPropertiesLoader Loaded 202 properties from /opt/nifi/nifi-current/./conf/nifi.properties
2024-10-18 11:38:14,270 INFO [main] org.apache.nifi.NiFi Loaded 202 properties
2024-10-18 11:38:14,275 INFO [main] org.apache.nifi.BootstrapListener Started Bootstrap Listener, Listening for incoming requests on port 40009
2024-10-18 11:38:14,282 INFO [main] org.apache.nifi.BootstrapListener Successfully initiated communication with Bootstrap
2024-10-18 11:38:14,290 INFO [main] org.apache.nifi.nar.NarUnpacker Expanding 104 NAR files with all processors...
2024-10-18 11:38:26,408 INFO [main] org.apache.nifi.nar.NarUnpacker NAR loading process took 12117553109 nanoseconds (12 seconds).
2024-10-18 11:38:26,650 INFO [main] org.apache.nifi.nar.NarClassLoaders Loaded NAR file: /opt/nifi/nifi-current/./work/nar/extensions/nifi-jetty-bundle-1.14.0.nar-unpacked as class loader org.apache.nifi.nar.NarClassLoader[./work/nar/extensions/nifi-jetty-bundle-1.14.0.nar-unpacked]
2024-10-18 11:38:26,657 INFO [main] org.apache.nifi.nar.NarClassLoaders Loaded NAR file: /opt/nifi/nifi-current/./work/nar/framework/nifi-framework-nar-1.14.0.nar-unpacked as class loader org.apache.nifi.nar.NarClassLoader[./work/nar/framework/nifi-framework-nar-1.14.0.nar-unpacked]
2024-10-18 11:38:26,697 INFO [main] org.apache.nifi.nar.NarClassLoaders Loaded NAR file: /opt/nifi/nifi-current/./work/nar/extensions/nifi-language-translation-nar-1.14.0.nar-unpacked as class loader org.apache.nifi.nar.NarClassLoader[./work/nar/extensions/nifi-language-translation-nar-1.14.0.nar-unpacked]
2024-10-18 11:38:26,700 INFO [main] org.apache.nifi.nar.NarClassLoaders Loaded NAR file: /opt/nifi/nifi-current/./work/nar/extensions/nifi-cybersecurity-nar-1.14.0.nar-unpacked as class loader org.apache.nifi.nar.NarClassLoader[./work/nar/extensions/nifi-cybersecurity-nar-1.14.0.nar-unpacked]
2024-10-18 11:38:26,701 INFO [main] org.apache.nifi.nar.NarClassLoaders Loaded NAR file: /opt/nifi/nifi-current/./work/nar/extensions/nifi-avro-nar-1.14.0.nar-unpacked as class loader org.apache.nifi.nar.NarClassLoader[./work/nar/extensions/nifi-avro-nar-1.14.0.nar-unpacked]
2024-10-18 11:38:26,704 INFO [main] org.apache.nifi.nar.NarClassLoaders Loaded NAR file: /opt/nifi/nifi-current/./work/nar/extensions/nifi-poi-nar-1.14.0.nar-unpacked as class loader org.apache.nifi.nar.NarClassLoader[./work/nar/extensions/nifi-poi-nar-1.14.0.nar-unpacked]
2024-10-18 11:38:26,710 INFO [main] org.apache.nifi.nar.NarClassLoaders Loaded NAR file: /opt/nifi/nifi-current/./work/nar/extensions/nifi-hl7-nar-1.14.0.nar-unpacked as class loader org.apache.nifi.nar.NarClassLoader[./work/nar/extensions/nifi-hl7-nar-1.14.0.nar-unpacked]
2024-10-18 11:38:26,712 INFO [main] org.apache.nifi.nar.NarClassLoaders Loaded NAR file: /opt/nifi/nifi-current/./work/nar/extensions/nifi-smb-nar-1.14.0.nar-unpacked as class loader org.apache.nifi.nar.NarClassLoader[./work/nar/extensions/nifi-smb-nar-1.14.0.nar-unpacked]
2024-10-18 11:38:26,716 INFO [main] org.apache.nifi.nar.NarClassLoaders Loaded NAR file: /opt/nifi/nifi-current/./work/nar/extensions/nifi-network-processors-nar-1.14.0.nar-unpacked as class loader org.apache.nifi.nar.NarClassLoader[./work/nar/extensions/nifi-network-processors-nar-1.14.0.nar-unpacked]
2024-10-18 11:38:26,717 INFO [main] org.apache.nifi.nar.NarClassLoaders Loaded NAR file: /opt/nifi/nifi-current/./work/nar/extensions/nifi-tcp-nar-1.14.0.nar-unpacked as class loader org.apache.nifi.nar.NarClassLoader[./work/nar/extensions/nifi-tcp-nar-1.14.0.nar-unpacked]
2024-10-18 11:38:26,720 INFO [main] org.apache.nifi.nar.NarClassLoaders Loaded NAR file: /opt/nifi/nifi-current/./work/nar/extensions/nifi-standard-services-api-nar-1.14.0.nar-unpacked as class loader org.apache.nifi.nar.NarClassLoader[./work/nar/extensions/nifi-standard-services-api-nar-1.14.0.nar-unpacked]
2024-10-18 11:38:26,722 INFO [main] org.apache.nifi.nar.NarClassLoaders Loaded NAR file: /opt/nifi/nifi-current/./work/nar/extensions/nifi-grpc-nar-1.14.0.nar-unpacked as class loader org.apache.nifi.nar.NarClassLoader[./work/nar/extensions/nifi-grpc-nar-1.14.0.nar-unpacked]
2024-10-18 11:38:26,730 INFO [main] org.apache.nifi.nar.NarClassLoaders Loaded NAR file: /opt/nifi/nifi-current/./work/nar/extensions/nifi-distributed-cache-services-nar-1.14.0.nar-unpacked as class loader org.apache.nifi.nar.NarClassLoader[./work/nar/extensions/nifi-distributed-cache-services-nar-1.14.0.nar-unpacked]
2024-10-18 11:38:26,733 INFO [main] org.apache.nifi.nar.NarClassLoaders Loaded NAR file: /opt/nifi/nifi-current/./work/nar/extensions/nifi-kafka-2-6-nar-1.14.0.nar-unpacked as class loader org.apache.nifi.nar.NarClassLoader[./work/nar/extensions/nifi-kafka-2-6-nar-1.14.0.nar-unpacked]
2024-10-18 11:38:26,736 INFO [main] org.apache.nifi.nar.NarClassLoaders Loaded NAR file: /opt/nifi/nifi-current/./work/nar/extensions/nifi-riemann-nar-1.14.0.nar-unpacked as class loader org.apache.nifi.nar.NarClassLoader[./work/nar/extensions/nifi-riemann-nar-1.14.0.nar-unpacked]
2024-10-18 11:38:26,738 INFO [main] org.apache.nifi.nar.NarClassLoaders Loaded NAR file: /opt/nifi/nifi-current/./work/nar/extensions/nifi-amqp-nar-1.14.0.nar-unpacked as class loader org.apache.nifi.nar.NarClassLoader[./work/nar/extensions/nifi-amqp-nar-1.14.0.nar-unpacked]
2024-10-18 11:38:26,751 INFO [main] org.apache.nifi.nar.NarClassLoaders Loaded NAR file: /opt/nifi/nifi-current/./work/nar/extensions/nifi-kafka-1-0-nar-1.14.0.nar-unpacked as class loader org.apache.nifi.nar.NarClassLoader[./work/nar/extensions/nifi-kafka-1-0-nar-1.14.0.nar-unpacked]
2024-10-18 11:38:26,754 INFO [main] org.apache.nifi.nar.NarClassLoaders Loaded NAR file: /opt/nifi/nifi-current/./work/nar/extensions/nifi-update-attribute-nar-1.14.0.nar-unpacked as class loader org.apache.nifi.nar.NarClassLoader[./work/nar/extensions/nifi-update-attribute-nar-1.14.0.nar-unpacked]
2024-10-18 11:38:26,761 INFO [main] org.apache.nifi.nar.NarClassLoaders Loaded NAR file: /opt/nifi/nifi-current/./work/nar/extensions/nifi-snmp-nar-1.14.0.nar-unpacked as class loader org.apache.nifi.nar.NarClassLoader[./work/nar/extensions/nifi-snmp-nar-1.14.0.nar-unpacked]
2024-10-18 11:38:26,762 INFO [main] org.apache.nifi.nar.NarClassLoaders Loaded NAR file: /opt/nifi/nifi-current/./work/nar/extensions/nifi-datadog-nar-1.14.0.nar-unpacked as class loader org.apache.nifi.nar.NarClassLoader[./work/nar/extensions/nifi-datadog-nar-1.14.0.nar-unpacked]
2024-10-18 11:38:26,767 INFO [main] org.apache.nifi.nar.NarClassLoaders Loaded NAR file: /opt/nifi/nifi-current/./work/nar/extensions/nifi-kerberos-iaa-providers-nar-1.14.0.nar-unpacked as class loader org.apache.nifi.nar.NarClassLoader[./work/nar/extensions/nifi-kerberos-iaa-providers-nar-1.14.0.nar-unpacked]
2024-10-18 11:38:26,769 INFO [main] org.apache.nifi.nar.NarClassLoaders Loaded NAR file: /opt/nifi/nifi-current/./work/nar/extensions/nifi-hive-services-api-nar-1.14.0.nar-unpacked as class loader org.apache.nifi.nar.NarClassLoader[./work/nar/extensions/nifi-hive-services-api-nar-1.14.0.nar-unpacked]
2024-10-18 11:38:26,771 INFO [main] org.apache.nifi.nar.NarClassLoaders Loaded NAR file: /opt/nifi/nifi-current/./work/nar/extensions/nifi-standard-nar-1.14.0.nar-unpacked as class loader org.apache.nifi.nar.NarClassLoader[./work/nar/extensions/nifi-standard-nar-1.14.0.nar-unpacked]
2024-10-18 11:38:26,788 INFO [main] org.apache.nifi.nar.NarClassLoaders Loaded NAR file: /opt/nifi/nifi-current/./work/nar/extensions/nifi-prometheus-nar-1.14.0.nar-unpacked as class loader org.apache.nifi.nar.NarClassLoader[./work/nar/extensions/nifi-prometheus-nar-1.14.0.nar-unpacked]
2024-10-18 11:38:26,793 INFO [main] org.apache.nifi.nar.NarClassLoaders Loaded NAR file: /opt/nifi/nifi-current/./work/nar/extensions/nifi-windows-event-log-nar-1.14.0.nar-unpacked as class loader org.apache.nifi.nar.NarClassLoader[./work/nar/extensions/nifi-windows-event-log-nar-1.14.0.nar-unpacked]
2024-10-18 11:38:26,794 INFO [main] org.apache.nifi.nar.NarClassLoaders Loaded NAR file: /opt/nifi/nifi-current/./work/nar/extensions/nifi-ambari-nar-1.14.0.nar-unpacked as class loader org.apache.nifi.nar.NarClassLoader[./work/nar/extensions/nifi-ambari-nar-1.14.0.nar-unpacked]
2024-10-18 11:38:26,797 INFO [main] org.apache.nifi.nar.NarClassLoaders Loaded NAR file: /opt/nifi/nifi-current/./work/nar/extensions/nifi-hadoop-dbcp-service-nar-1.14.0.nar-unpacked as class loader org.apache.nifi.nar.NarClassLoader[./work/nar/extensions/nifi-hadoop-dbcp-service-nar-1.14.0.nar-unpacked]
2024-10-18 11:38:26,798 INFO [main] org.apache.nifi.nar.NarClassLoaders Loaded NAR file: /opt/nifi/nifi-current/./work/nar/extensions/nifi-slack-nar-1.14.0.nar-unpacked as class loader org.apache.nifi.nar.NarClassLoader[./work/nar/extensions/nifi-slack-nar-1.14.0.nar-unpacked]
2024-10-18 11:38:26,799 INFO [main] org.apache.nifi.nar.NarClassLoaders Loaded NAR file: /opt/nifi/nifi-current/./work/nar/extensions/nifi-evtx-nar-1.14.0.nar-unpacked as class loader org.apache.nifi.nar.NarClassLoader[./work/nar/extensions/nifi-evtx-nar-1.14.0.nar-unpacked]
2024-10-18 11:38:26,801 INFO [main] org.apache.nifi.nar.NarClassLoaders Loaded NAR file: /opt/nifi/nifi-current/./work/nar/extensions/nifi-server-nar-1.14.0.nar-unpacked as class loader org.apache.nifi.nar.NarClassLoader[./work/nar/extensions/nifi-server-nar-1.14.0.nar-unpacked]
2024-10-18 11:38:26,825 INFO [main] org.apache.nifi.nar.NarClassLoaders Loaded NAR file: /opt/nifi/nifi-current/./work/nar/extensions/nifi-mqtt-nar-1.14.0.nar-unpacked as class loader org.apache.nifi.nar.NarClassLoader[./work/nar/extensions/nifi-mqtt-nar-1.14.0.nar-unpacked]
2024-10-18 11:38:26,828 INFO [main] org.apache.nifi.nar.NarClassLoaders Loaded NAR file: /opt/nifi/nifi-current/./work/nar/extensions/nifi-influxdb-nar-1.14.0.nar-unpacked as class loader org.apache.nifi.nar.NarClassLoader[./work/nar/extensions/nifi-influxdb-nar-1.14.0.nar-unpacked]
2024-10-18 11:38:26,829 INFO [main] org.apache.nifi.nar.NarClassLoaders Loaded NAR file: /opt/nifi/nifi-current/./work/nar/extensions/nifi-enrich-nar-1.14.0.nar-unpacked as class loader org.apache.nifi.nar.NarClassLoader[./work/nar/extensions/nifi-enrich-nar-1.14.0.nar-unpacked]
2024-10-18 11:38:26,833 INFO [main] org.apache.nifi.nar.NarClassLoaders Loaded NAR file: /opt/nifi/nifi-current/./work/nar/extensions/nifi-kafka-2-0-nar-1.14.0.nar-unpacked as class loader org.apache.nifi.nar.NarClassLoader[./work/nar/extensions/nifi-kafka-2-0-nar-1.14.0.nar-unpacked]
2024-10-18 11:38:26,838 INFO [main] org.apache.nifi.nar.NarClassLoaders Loaded NAR file: /opt/nifi/nifi-current/./work/nar/extensions/nifi-hwx-schema-registry-nar-1.14.0.nar-unpacked as class loader org.apache.nifi.nar.NarClassLoader[./work/nar/extensions/nifi-hwx-schema-registry-nar-1.14.0.nar-unpacked]
2024-10-18 11:38:26,854 INFO [main] org.apache.nifi.nar.NarClassLoaders Loaded NAR file: /opt/nifi/nifi-current/./work/nar/extensions/nifi-email-nar-1.14.0.nar-unpacked as class loader org.apache.nifi.nar.NarClassLoader[./work/nar/extensions/nifi-email-nar-1.14.0.nar-unpacked]
2024-10-18 11:38:26,860 INFO [main] org.apache.nifi.nar.NarClassLoaders Loaded NAR file: /opt/nifi/nifi-current/./work/nar/extensions/nifi-redis-service-api-nar-1.14.0.nar-unpacked as class loader org.apache.nifi.nar.NarClassLoader[./work/nar/extensions/nifi-redis-service-api-nar-1.14.0.nar-unpacked]
2024-10-18 11:38:26,864 INFO [main] org.apache.nifi.nar.NarClassLoaders Loaded NAR file: /opt/nifi/nifi-current/./work/nar/extensions/nifi-stateless-nar-1.14.0.nar-unpacked as class loader org.apache.nifi.nar.NarClassLoader[./work/nar/extensions/nifi-stateless-nar-1.14.0.nar-unpacked]
2024-10-18 11:38:26,878 INFO [main] org.apache.nifi.nar.NarClassLoaders Loaded NAR file: /opt/nifi/nifi-current/./work/nar/extensions/nifi-ldap-iaa-providers-nar-1.14.0.nar-unpacked as class loader org.apache.nifi.nar.NarClassLoader[./work/nar/extensions/nifi-ldap-iaa-providers-nar-1.14.0.nar-unpacked]
2024-10-18 11:38:26,885 INFO [main] org.apache.nifi.nar.NarClassLoaders Loaded NAR file: /opt/nifi/nifi-current/./work/nar/extensions/nifi-stateful-analysis-nar-1.14.0.nar-unpacked as class loader org.apache.nifi.nar.NarClassLoader[./work/nar/extensions/nifi-stateful-analysis-nar-1.14.0.nar-unpacked]
2024-10-18 11:38:26,887 INFO [main] org.apache.nifi.nar.NarClassLoaders Loaded NAR file: /opt/nifi/nifi-current/./work/nar/extensions/nifi-metrics-reporter-service-api-nar-1.14.0.nar-unpacked as class loader org.apache.nifi.nar.NarClassLoader[./work/nar/extensions/nifi-metrics-reporter-service-api-nar-1.14.0.nar-unpacked]
2024-10-18 11:38:26,888 INFO [main] org.apache.nifi.nar.NarClassLoaders Loaded NAR file: /opt/nifi/nifi-current/./work/nar/extensions/nifi-social-media-nar-1.14.0.nar-unpacked as class loader org.apache.nifi.nar.NarClassLoader[./work/nar/extensions/nifi-social-media-nar-1.14.0.nar-unpacked]
2024-10-18 11:38:26,890 INFO [main] org.apache.nifi.nar.NarClassLoaders Loaded NAR file: /opt/nifi/nifi-current/./work/nar/extensions/nifi-elasticsearch-nar-1.14.0.nar-unpacked as class loader org.apache.nifi.nar.NarClassLoader[./work/nar/extensions/nifi-elasticsearch-nar-1.14.0.nar-unpacked]
2024-10-18 11:38:26,897 INFO [main] org.apache.nifi.nar.NarClassLoaders Loaded NAR file: /opt/nifi/nifi-current/./work/nar/extensions/nifi-gcp-services-api-nar-1.14.0.nar-unpacked as class loader org.apache.nifi.nar.NarClassLoader[./work/nar/extensions/nifi-gcp-services-api-nar-1.14.0.nar-unpacked]
2024-10-18 11:38:26,900 INFO [main] org.apache.nifi.nar.NarClassLoaders Loaded NAR file: /opt/nifi/nifi-current/./work/nar/extensions/nifi-single-user-iaa-providers-nar-1.14.0.nar-unpacked as class loader org.apache.nifi.nar.NarClassLoader[./work/nar/extensions/nifi-single-user-iaa-providers-nar-1.14.0.nar-unpacked]
2024-10-18 11:38:26,902 INFO [main] org.apache.nifi.nar.NarClassLoaders Loaded NAR file: /opt/nifi/nifi-current/./work/nar/extensions/nifi-lookup-services-nar-1.14.0.nar-unpacked as class loader org.apache.nifi.nar.NarClassLoader[./work/nar/extensions/nifi-lookup-services-nar-1.14.0.nar-unpacked]
2024-10-18 11:38:26,914 INFO [main] org.apache.nifi.nar.NarClassLoaders Loaded NAR file: /opt/nifi/nifi-current/./work/nar/extensions/nifi-hbase_1_1_2-client-service-nar-1.14.0.nar-unpacked as class loader org.apache.nifi.nar.NarClassLoader[./work/nar/extensions/nifi-hbase_1_1_2-client-service-nar-1.14.0.nar-unpacked]
2024-10-18 11:38:26,923 INFO [main] org.apache.nifi.nar.NarClassLoaders Loaded NAR file: /opt/nifi/nifi-current/./work/nar/extensions/nifi-oauth2-provider-nar-1.14.0.nar-unpacked as class loader org.apache.nifi.nar.NarClassLoader[./work/nar/extensions/nifi-oauth2-provider-nar-1.14.0.nar-unpacked]
2024-10-18 11:38:26,925 INFO [main] org.apache.nifi.nar.NarClassLoaders Loaded NAR file: /opt/nifi/nifi-current/./work/nar/extensions/nifi-html-nar-1.14.0.nar-unpacked as class loader org.apache.nifi.nar.NarClassLoader[./work/nar/extensions/nifi-html-nar-1.14.0.nar-unpacked]
2024-10-18 11:38:26,926 INFO [main] org.apache.nifi.nar.NarClassLoaders Loaded NAR file: /opt/nifi/nifi-current/./work/nar/extensions/nifi-http-context-map-nar-1.14.0.nar-unpacked as class loader org.apache.nifi.nar.NarClassLoader[./work/nar/extensions/nifi-http-context-map-nar-1.14.0.nar-unpacked]
2024-10-18 11:38:26,927 INFO [main] org.apache.nifi.nar.NarClassLoaders Loaded NAR file: /opt/nifi/nifi-current/./work/nar/extensions/nifi-ccda-nar-1.14.0.nar-unpacked as class loader org.apache.nifi.nar.NarClassLoader[./work/nar/extensions/nifi-ccda-nar-1.14.0.nar-unpacked]
2024-10-18 11:38:26,932 INFO [main] org.apache.nifi.nar.NarClassLoaders Loaded NAR file: /opt/nifi/nifi-current/./work/nar/extensions/nifi-spring-nar-1.14.0.nar-unpacked as class loader org.apache.nifi.nar.NarClassLoader[./work/nar/extensions/nifi-spring-nar-1.14.0.nar-unpacked]
2024-10-18 11:38:26,934 INFO [main] org.apache.nifi.nar.NarClassLoaders Loaded NAR file: /opt/nifi/nifi-current/./work/nar/extensions/nifi-jms-cf-service-nar-1.14.0.nar-unpacked as class loader org.apache.nifi.nar.NarClassLoader[./work/nar/extensions/nifi-jms-cf-service-nar-1.14.0.nar-unpacked]
2024-10-18 11:38:26,934 INFO [main] org.apache.nifi.nar.NarClassLoaders Loaded NAR file: /opt/nifi/nifi-current/./work/nar/extensions/nifi-cdc-mysql-nar-1.14.0.nar-unpacked as class loader org.apache.nifi.nar.NarClassLoader[./work/nar/extensions/nifi-cdc-mysql-nar-1.14.0.nar-unpacked]
2024-10-18 11:38:26,936 INFO [main] org.apache.nifi.nar.NarClassLoaders Loaded NAR file: /opt/nifi/nifi-current/./work/nar/extensions/nifi-solr-nar-1.14.0.nar-unpacked as class loader org.apache.nifi.nar.NarClassLoader[./work/nar/extensions/nifi-solr-nar-1.14.0.nar-unpacked]
2024-10-18 11:38:26,944 INFO [main] org.apache.nifi.nar.NarClassLoaders Loaded NAR file: /opt/nifi/nifi-current/./work/nar/extensions/nifi-scripting-nar-1.14.0.nar-unpacked as class loader org.apache.nifi.nar.NarClassLoader[./work/nar/extensions/nifi-scripting-nar-1.14.0.nar-unpacked]
2024-10-18 11:38:26,956 INFO [main] org.apache.nifi.nar.NarClassLoaders Loaded NAR file: /opt/nifi/nifi-current/./work/nar/extensions/nifi-provenance-repository-nar-1.14.0.nar-unpacked as class loader org.apache.nifi.nar.NarClassLoader[./work/nar/extensions/nifi-provenance-repository-nar-1.14.0.nar-unpacked]
2024-10-18 11:38:26,966 INFO [main] org.apache.nifi.nar.NarClassLoaders Loaded NAR file: /opt/nifi/nifi-current/./work/nar/extensions/nifi-hbase_2-client-service-nar-1.14.0.nar-unpacked as class loader org.apache.nifi.nar.NarClassLoader[./work/nar/extensions/nifi-hbase_2-client-service-nar-1.14.0.nar-unpacked]
2024-10-18 11:38:26,976 INFO [main] org.apache.nifi.nar.NarClassLoaders Loaded NAR file: /opt/nifi/nifi-current/./work/nar/extensions/nifi-hbase-nar-1.14.0.nar-unpacked as class loader org.apache.nifi.nar.NarClassLoader[./work/nar/extensions/nifi-hbase-nar-1.14.0.nar-unpacked]
2024-10-18 11:38:26,980 INFO [main] org.apache.nifi.nar.NarClassLoaders Loaded NAR file: /opt/nifi/nifi-current/./work/nar/extensions/nifi-groovyx-nar-1.14.0.nar-unpacked as class loader org.apache.nifi.nar.NarClassLoader[./work/nar/extensions/nifi-groovyx-nar-1.14.0.nar-unpacked]
2024-10-18 11:38:26,988 INFO [main] org.apache.nifi.nar.NarClassLoaders Loaded NAR file: /opt/nifi/nifi-current/./work/nar/extensions/nifi-jolt-record-nar-1.14.0.nar-unpacked as class loader org.apache.nifi.nar.NarClassLoader[./work/nar/extensions/nifi-jolt-record-nar-1.14.0.nar-unpacked]
2024-10-18 11:38:26,990 INFO [main] org.apache.nifi.nar.NarClassLoaders Loaded NAR file: /opt/nifi/nifi-current/./work/nar/extensions/nifi-aws-service-api-nar-1.14.0.nar-unpacked as class loader org.apache.nifi.nar.NarClassLoader[./work/nar/extensions/nifi-aws-service-api-nar-1.14.0.nar-unpacked]
2024-10-18 11:38:27,001 INFO [main] org.apache.nifi.nar.NarClassLoaders Loaded NAR file: /opt/nifi/nifi-current/./work/nar/extensions/nifi-ssl-context-service-nar-1.14.0.nar-unpacked as class loader org.apache.nifi.nar.NarClassLoader[./work/nar/extensions/nifi-ssl-context-service-nar-1.14.0.nar-unpacked]
2024-10-18 11:38:27,006 INFO [main] org.apache.nifi.nar.NarClassLoaders Loaded NAR file: /opt/nifi/nifi-current/./work/nar/extensions/nifi-dbcp-service-nar-1.14.0.nar-unpacked as class loader org.apache.nifi.nar.NarClassLoader[./work/nar/extensions/nifi-dbcp-service-nar-1.14.0.nar-unpacked]
2024-10-18 11:38:27,009 INFO [main] org.apache.nifi.nar.NarClassLoaders Loaded NAR file: /opt/nifi/nifi-current/./work/nar/extensions/nifi-confluent-platform-nar-1.14.0.nar-unpacked as class loader org.apache.nifi.nar.NarClassLoader[./work/nar/extensions/nifi-confluent-platform-nar-1.14.0.nar-unpacked]
2024-10-18 11:38:27,015 INFO [main] org.apache.nifi.nar.NarClassLoaders Loaded NAR file: /opt/nifi/nifi-current/./work/nar/extensions/nifi-record-serialization-services-nar-1.14.0.nar-unpacked as class loader org.apache.nifi.nar.NarClassLoader[./work/nar/extensions/nifi-record-serialization-services-nar-1.14.0.nar-unpacked]
2024-10-18 11:38:27,021 INFO [main] org.apache.nifi.nar.NarClassLoaders Loaded NAR file: /opt/nifi/nifi-current/./work/nar/extensions/nifi-site-to-site-reporting-nar-1.14.0.nar-unpacked as class loader org.apache.nifi.nar.NarClassLoader[./work/nar/extensions/nifi-site-to-site-reporting-nar-1.14.0.nar-unpacked]
2024-10-18 11:38:27,032 INFO [main] org.apache.nifi.nar.NarClassLoaders Loaded NAR file: /opt/nifi/nifi-current/./work/nar/extensions/nifi-hazelcast-services-api-nar-1.14.0.nar-unpacked as class loader org.apache.nifi.nar.NarClassLoader[./work/nar/extensions/nifi-hazelcast-services-api-nar-1.14.0.nar-unpacked]
2024-10-18 11:38:27,033 INFO [main] org.apache.nifi.nar.NarClassLoaders Loaded NAR file: /opt/nifi/nifi-current/./work/nar/extensions/nifi-azure-services-api-nar-1.14.0.nar-unpacked as class loader org.apache.nifi.nar.NarClassLoader[./work/nar/extensions/nifi-azure-services-api-nar-1.14.0.nar-unpacked]
2024-10-18 11:38:27,052 INFO [main] org.apache.nifi.nar.NarClassLoaders Loaded NAR file: /opt/nifi/nifi-current/./work/nar/extensions/nifi-hive-nar-1.14.0.nar-unpacked as class loader org.apache.nifi.nar.NarClassLoader[./work/nar/extensions/nifi-hive-nar-1.14.0.nar-unpacked]
2024-10-18 11:38:27,079 INFO [main] org.apache.nifi.nar.NarClassLoaders Loaded NAR file: /opt/nifi/nifi-current/./work/nar/extensions/nifi-registry-nar-1.14.0.nar-unpacked as class loader org.apache.nifi.nar.NarClassLoader[./work/nar/extensions/nifi-registry-nar-1.14.0.nar-unpacked]
2024-10-18 11:38:27,082 INFO [main] org.apache.nifi.nar.NarClassLoaders Loaded NAR file: /opt/nifi/nifi-current/./work/nar/extensions/nifi-mongodb-client-service-api-nar-1.14.0.nar-unpacked as class loader org.apache.nifi.nar.NarClassLoader[./work/nar/extensions/nifi-mongodb-client-service-api-nar-1.14.0.nar-unpacked]
2024-10-18 11:38:27,083 INFO [main] org.apache.nifi.nar.NarClassLoaders Loaded NAR file: /opt/nifi/nifi-current/./work/nar/extensions/nifi-elasticsearch-client-service-api-nar-1.14.0.nar-unpacked as class loader org.apache.nifi.nar.NarClassLoader[./work/nar/extensions/nifi-elasticsearch-client-service-api-nar-1.14.0.nar-unpacked]
2024-10-18 11:38:27,084 INFO [main] org.apache.nifi.nar.NarClassLoaders Loaded NAR file: /opt/nifi/nifi-current/./work/nar/extensions/nifi-metrics-reporting-nar-1.14.0.nar-unpacked as class loader org.apache.nifi.nar.NarClassLoader[./work/nar/extensions/nifi-metrics-reporting-nar-1.14.0.nar-unpacked]
2024-10-18 11:38:27,086 INFO [main] org.apache.nifi.nar.NarClassLoaders Loaded NAR file: /opt/nifi/nifi-current/./work/nar/extensions/nifi-aws-nar-1.14.0.nar-unpacked as class loader org.apache.nifi.nar.NarClassLoader[./work/nar/extensions/nifi-aws-nar-1.14.0.nar-unpacked]
2024-10-18 11:38:27,093 INFO [main] org.apache.nifi.nar.NarClassLoaders Loaded NAR file: /opt/nifi/nifi-current/./work/nar/extensions/nifi-kerberos-credentials-service-nar-1.14.0.nar-unpacked as class loader org.apache.nifi.nar.NarClassLoader[./work/nar/extensions/nifi-kerberos-credentials-service-nar-1.14.0.nar-unpacked]
2024-10-18 11:38:27,094 INFO [main] org.apache.nifi.nar.NarClassLoaders Loaded NAR file: /opt/nifi/nifi-current/./work/nar/extensions/nifi-jms-processors-nar-1.14.0.nar-unpacked as class loader org.apache.nifi.nar.NarClassLoader[./work/nar/extensions/nifi-jms-processors-nar-1.14.0.nar-unpacked]
2024-10-18 11:38:27,098 INFO [main] org.apache.nifi.nar.NarClassLoaders Loaded NAR file: /opt/nifi/nifi-current/./work/nar/extensions/nifi-record-sink-service-nar-1.14.0.nar-unpacked as class loader org.apache.nifi.nar.NarClassLoader[./work/nar/extensions/nifi-record-sink-service-nar-1.14.0.nar-unpacked]
2024-10-18 11:38:27,100 INFO [main] org.apache.nifi.nar.NarClassLoaders Loaded NAR file: /opt/nifi/nifi-current/./work/nar/extensions/nifi-hadoop-libraries-nar-1.14.0.nar-unpacked as class loader org.apache.nifi.nar.NarClassLoader[./work/nar/extensions/nifi-hadoop-libraries-nar-1.14.0.nar-unpacked]
2024-10-18 11:38:27,115 INFO [main] org.apache.nifi.nar.NarClassLoaders Loaded NAR file: /opt/nifi/nifi-current/./work/nar/extensions/nifi-splunk-nar-1.14.0.nar-unpacked as class loader org.apache.nifi.nar.NarClassLoader[./work/nar/extensions/nifi-splunk-nar-1.14.0.nar-unpacked]
2024-10-18 11:38:27,118 INFO [main] org.apache.nifi.nar.NarClassLoaders Loaded NAR file: /opt/nifi/nifi-current/./work/nar/extensions/nifi-hazelcast-services-nar-1.14.0.nar-unpacked as class loader org.apache.nifi.nar.NarClassLoader[./work/nar/extensions/nifi-hazelcast-services-nar-1.14.0.nar-unpacked]
2024-10-18 11:38:27,120 INFO [main] org.apache.nifi.nar.NarClassLoaders Loaded NAR file: /opt/nifi/nifi-current/./work/nar/extensions/nifi-websocket-services-api-nar-1.14.0.nar-unpacked as class loader org.apache.nifi.nar.NarClassLoader[./work/nar/extensions/nifi-websocket-services-api-nar-1.14.0.nar-unpacked]
2024-10-18 11:38:27,123 INFO [main] org.apache.nifi.nar.NarClassLoaders Loaded NAR file: /opt/nifi/nifi-current/./work/nar/extensions/nifi-proxy-configuration-nar-1.14.0.nar-unpacked as class loader org.apache.nifi.nar.NarClassLoader[./work/nar/extensions/nifi-proxy-configuration-nar-1.14.0.nar-unpacked]
2024-10-18 11:38:27,126 INFO [main] org.apache.nifi.nar.NarClassLoaders Loaded NAR file: /opt/nifi/nifi-current/./work/nar/extensions/nifi-gcp-nar-1.14.0.nar-unpacked as class loader org.apache.nifi.nar.NarClassLoader[./work/nar/extensions/nifi-gcp-nar-1.14.0.nar-unpacked]
2024-10-18 11:38:27,139 INFO [main] org.apache.nifi.nar.NarClassLoaders Loaded NAR file: /opt/nifi/nifi-current/./work/nar/extensions/nifi-pgp-service-api-nar-1.14.0.nar-unpacked as class loader org.apache.nifi.nar.NarClassLoader[./work/nar/extensions/nifi-pgp-service-api-nar-1.14.0.nar-unpacked]
2024-10-18 11:38:27,143 INFO [main] org.apache.nifi.nar.NarClassLoaders Loaded NAR file: /opt/nifi/nifi-current/./work/nar/extensions/nifi-cassandra-services-api-nar-1.14.0.nar-unpacked as class loader org.apache.nifi.nar.NarClassLoader[./work/nar/extensions/nifi-cassandra-services-api-nar-1.14.0.nar-unpacked]
2024-10-18 11:38:27,147 INFO [main] org.apache.nifi.nar.NarClassLoaders Loaded NAR file: /opt/nifi/nifi-current/./work/nar/extensions/nifi-couchbase-services-api-nar-1.14.0.nar-unpacked as class loader org.apache.nifi.nar.NarClassLoader[./work/nar/extensions/nifi-couchbase-services-api-nar-1.14.0.nar-unpacked]
2024-10-18 11:38:27,148 INFO [main] org.apache.nifi.nar.NarClassLoaders Loaded NAR file: /opt/nifi/nifi-current/./work/nar/extensions/nifi-pgp-service-nar-1.14.0.nar-unpacked as class loader org.apache.nifi.nar.NarClassLoader[./work/nar/extensions/nifi-pgp-service-nar-1.14.0.nar-unpacked]
2024-10-18 11:38:27,149 INFO [main] org.apache.nifi.nar.NarClassLoaders Loaded NAR file: /opt/nifi/nifi-current/./work/nar/extensions/nifi-mongodb-services-nar-1.14.0.nar-unpacked as class loader org.apache.nifi.nar.NarClassLoader[./work/nar/extensions/nifi-mongodb-services-nar-1.14.0.nar-unpacked]
2024-10-18 11:38:27,155 INFO [main] org.apache.nifi.nar.NarClassLoaders Loaded NAR file: /opt/nifi/nifi-current/./work/nar/extensions/nifi-rethinkdb-nar-1.14.0.nar-unpacked as class loader org.apache.nifi.nar.NarClassLoader[./work/nar/extensions/nifi-rethinkdb-nar-1.14.0.nar-unpacked]
2024-10-18 11:38:27,157 INFO [main] org.apache.nifi.nar.NarClassLoaders Loaded NAR file: /opt/nifi/nifi-current/./work/nar/extensions/nifi-hadoop-nar-1.14.0.nar-unpacked as class loader org.apache.nifi.nar.NarClassLoader[./work/nar/extensions/nifi-hadoop-nar-1.14.0.nar-unpacked]
2024-10-18 11:38:27,159 INFO [main] org.apache.nifi.nar.NarClassLoaders Loaded NAR file: /opt/nifi/nifi-current/./work/nar/extensions/nifi-elasticsearch-restapi-nar-1.14.0.nar-unpacked as class loader org.apache.nifi.nar.NarClassLoader[./work/nar/extensions/nifi-elasticsearch-restapi-nar-1.14.0.nar-unpacked]
2024-10-18 11:38:27,163 INFO [main] org.apache.nifi.nar.NarClassLoaders Loaded NAR file: /opt/nifi/nifi-current/./work/nar/extensions/nifi-websocket-services-jetty-nar-1.14.0.nar-unpacked as class loader org.apache.nifi.nar.NarClassLoader[./work/nar/extensions/nifi-websocket-services-jetty-nar-1.14.0.nar-unpacked]
2024-10-18 11:38:27,168 INFO [main] org.apache.nifi.nar.NarClassLoaders Loaded NAR file: /opt/nifi/nifi-current/./work/nar/extensions/nifi-websocket-processors-nar-1.14.0.nar-unpacked as class loader org.apache.nifi.nar.NarClassLoader[./work/nar/extensions/nifi-websocket-processors-nar-1.14.0.nar-unpacked]
2024-10-18 11:38:27,172 INFO [main] org.apache.nifi.nar.NarClassLoaders Loaded NAR file: /opt/nifi/nifi-current/./work/nar/extensions/nifi-redis-nar-1.14.0.nar-unpacked as class loader org.apache.nifi.nar.NarClassLoader[./work/nar/extensions/nifi-redis-nar-1.14.0.nar-unpacked]
2024-10-18 11:38:27,174 INFO [main] org.apache.nifi.nar.NarClassLoaders Loaded NAR file: /opt/nifi/nifi-current/./work/nar/extensions/nifi-couchbase-nar-1.14.0.nar-unpacked as class loader org.apache.nifi.nar.NarClassLoader[./work/nar/extensions/nifi-couchbase-nar-1.14.0.nar-unpacked]
2024-10-18 11:38:27,176 INFO [main] org.apache.nifi.nar.NarClassLoaders Loaded NAR file: /opt/nifi/nifi-current/./work/nar/extensions/nifi-cassandra-nar-1.14.0.nar-unpacked as class loader org.apache.nifi.nar.NarClassLoader[./work/nar/extensions/nifi-cassandra-nar-1.14.0.nar-unpacked]
2024-10-18 11:38:27,184 INFO [main] org.apache.nifi.nar.NarClassLoaders Loaded NAR file: /opt/nifi/nifi-current/./work/nar/extensions/nifi-elasticsearch-client-service-nar-1.14.0.nar-unpacked as class loader org.apache.nifi.nar.NarClassLoader[./work/nar/extensions/nifi-elasticsearch-client-service-nar-1.14.0.nar-unpacked]
2024-10-18 11:38:27,197 INFO [main] org.apache.nifi.nar.NarClassLoaders Loaded NAR file: /opt/nifi/nifi-current/./work/nar/extensions/nifi-kudu-nar-1.14.0.nar-unpacked as class loader org.apache.nifi.nar.NarClassLoader[./work/nar/extensions/nifi-kudu-nar-1.14.0.nar-unpacked]
2024-10-18 11:38:27,203 INFO [main] org.apache.nifi.nar.NarClassLoaders Loaded NAR file: /opt/nifi/nifi-current/./work/nar/extensions/nifi-pgp-nar-1.14.0.nar-unpacked as class loader org.apache.nifi.nar.NarClassLoader[./work/nar/extensions/nifi-pgp-nar-1.14.0.nar-unpacked]
2024-10-18 11:38:27,205 INFO [main] org.apache.nifi.nar.NarClassLoaders Loaded NAR file: /opt/nifi/nifi-current/./work/nar/extensions/nifi-azure-nar-1.14.0.nar-unpacked as class loader org.apache.nifi.nar.NarClassLoader[./work/nar/extensions/nifi-azure-nar-1.14.0.nar-unpacked]
2024-10-18 11:38:27,229 INFO [main] org.apache.nifi.nar.NarClassLoaders Loaded NAR file: /opt/nifi/nifi-current/./work/nar/extensions/nifi-cassandra-services-nar-1.14.0.nar-unpacked as class loader org.apache.nifi.nar.NarClassLoader[./work/nar/extensions/nifi-cassandra-services-nar-1.14.0.nar-unpacked]
2024-10-18 11:38:27,237 INFO [main] org.apache.nifi.nar.NarClassLoaders Loaded NAR file: /opt/nifi/nifi-current/./work/nar/extensions/nifi-mongodb-nar-1.14.0.nar-unpacked as class loader org.apache.nifi.nar.NarClassLoader[./work/nar/extensions/nifi-mongodb-nar-1.14.0.nar-unpacked]
2024-10-18 11:38:27,241 INFO [main] org.apache.nifi.nar.NarClassLoaders Loaded NAR file: /opt/nifi/nifi-current/./work/nar/extensions/nifi-parquet-nar-1.14.0.nar-unpacked as class loader org.apache.nifi.nar.NarClassLoader[./work/nar/extensions/nifi-parquet-nar-1.14.0.nar-unpacked]
2024-10-18 11:38:27,248 INFO [main] org.apache.nifi.nar.NarClassLoaders Found NiFiServer implementation org.apache.nifi.web.server.JettyServer in org.apache.nifi:nifi-server-nar:1.14.0
2024-10-18 11:38:27,256 INFO [main] org.eclipse.jetty.util.log Logging initialized @13392ms to org.eclipse.jetty.util.log.Slf4jLog
2024-10-18 11:38:27,290 INFO [main] org.apache.nifi.web.server.JettyServer Configuring Jetty for HTTP on port: 8080
2024-10-18 11:38:27,349 INFO [main] org.apache.nifi.web.server.JettyServer Loading WAR: /opt/nifi/nifi-current/./work/nar/extensions/nifi-update-attribute-nar-1.14.0.nar-unpacked/NAR-INF/bundled-dependencies/nifi-update-attribute-ui-1.14.0.war with context path set to /nifi-update-attribute-ui-1.14.0
2024-10-18 11:38:27,349 INFO [main] org.apache.nifi.web.server.JettyServer Loading UI extension [ProcessorConfiguration, /nifi-update-attribute-ui-1.14.0] for org.apache.nifi.processors.attributes.UpdateAttribute:org.apache.nifi:nifi-update-attribute-nar:1.14.0
2024-10-18 11:38:27,351 INFO [main] org.apache.nifi.web.server.JettyServer Loading WAR: /opt/nifi/nifi-current/./work/nar/extensions/nifi-standard-nar-1.14.0.nar-unpacked/NAR-INF/bundled-dependencies/nifi-standard-content-viewer-1.14.0.war with context path set to /nifi-standard-content-viewer-1.14.0
2024-10-18 11:38:27,352 INFO [main] org.apache.nifi.web.server.JettyServer Loading WAR: /opt/nifi/nifi-current/./work/nar/extensions/nifi-standard-nar-1.14.0.nar-unpacked/NAR-INF/bundled-dependencies/nifi-jolt-transform-json-ui-1.14.0.war with context path set to /nifi-jolt-transform-json-ui-1.14.0
2024-10-18 11:38:27,352 INFO [main] org.apache.nifi.web.server.JettyServer Loading UI extension [ProcessorConfiguration, /nifi-jolt-transform-json-ui-1.14.0] for org.apache.nifi.processors.standard.JoltTransformJSON:org.apache.nifi:nifi-standard-nar:1.14.0
2024-10-18 11:38:27,355 INFO [main] org.apache.nifi.web.server.JettyServer Loading WAR: /opt/nifi/nifi-current/./work/nar/extensions/nifi-server-nar-1.14.0.nar-unpacked/NAR-INF/bundled-dependencies/nifi-web-ui-1.14.0.war with context path set to /nifi
2024-10-18 11:38:27,356 INFO [main] org.apache.nifi.web.server.JettyServer Loading WAR: /opt/nifi/nifi-current/./work/nar/extensions/nifi-server-nar-1.14.0.nar-unpacked/NAR-INF/bundled-dependencies/nifi-web-api-1.14.0.war with context path set to /nifi-api
2024-10-18 11:38:27,357 INFO [main] org.apache.nifi.web.server.JettyServer Loading WAR: /opt/nifi/nifi-current/./work/nar/extensions/nifi-server-nar-1.14.0.nar-unpacked/NAR-INF/bundled-dependencies/nifi-web-content-viewer-1.14.0.war with context path set to /nifi-content-viewer
2024-10-18 11:38:27,357 INFO [main] org.apache.nifi.web.server.JettyServer Loading WAR: /opt/nifi/nifi-current/./work/nar/extensions/nifi-server-nar-1.14.0.nar-unpacked/NAR-INF/bundled-dependencies/nifi-web-docs-1.14.0.war with context path set to /nifi-docs
2024-10-18 11:38:27,360 INFO [main] org.apache.nifi.web.server.JettyServer Loading documents web app with context path set to /nifi-docs
2024-10-18 11:38:27,361 INFO [main] org.apache.nifi.web.server.JettyServer Loading WAR: /opt/nifi/nifi-current/./work/nar/extensions/nifi-server-nar-1.14.0.nar-unpacked/NAR-INF/bundled-dependencies/nifi-web-error-1.14.0.war with context path set to /
2024-10-18 11:38:27,365 INFO [main] org.apache.nifi.web.server.JettyServer Running in HTTP mode; host headers not restricted
2024-10-18 11:38:27,375 INFO [main] o.a.n.n.StandardExtensionDiscoveringManager Loaded extensions for org.apache.nifi:nifi-jetty-bundle:1.14.0 in 1 millis
2024-10-18 11:38:27,383 INFO [main] o.a.n.n.StandardExtensionDiscoveringManager Loaded extensions for org.apache.nifi:nifi-framework-nar:1.14.0 in 8 millis
2024-10-18 11:38:27,386 INFO [main] o.a.n.n.StandardExtensionDiscoveringManager Loaded extensions for org.apache.nifi:nifi-language-translation-nar:1.14.0 in 3 millis
2024-10-18 11:38:27,388 INFO [main] o.a.n.n.StandardExtensionDiscoveringManager Loaded extensions for org.apache.nifi:nifi-cybersecurity-nar:1.14.0 in 2 millis
2024-10-18 11:38:27,390 INFO [main] o.a.n.n.StandardExtensionDiscoveringManager Loaded extensions for org.apache.nifi:nifi-avro-nar:1.14.0 in 2 millis
2024-10-18 11:38:27,393 INFO [main] o.a.n.n.StandardExtensionDiscoveringManager Loaded extensions for org.apache.nifi:nifi-poi-nar:1.14.0 in 3 millis
2024-10-18 11:38:27,395 INFO [main] o.a.n.n.StandardExtensionDiscoveringManager Loaded extensions for org.apache.nifi:nifi-hl7-nar:1.14.0 in 2 millis
2024-10-18 11:38:27,397 INFO [main] o.a.n.n.StandardExtensionDiscoveringManager Loaded extensions for org.apache.nifi:nifi-smb-nar:1.14.0 in 2 millis
2024-10-18 11:38:27,398 INFO [main] o.a.n.n.StandardExtensionDiscoveringManager Loaded extensions for org.apache.nifi:nifi-network-processors-nar:1.14.0 in 1 millis
2024-10-18 11:38:27,400 INFO [main] o.a.n.n.StandardExtensionDiscoveringManager Loaded extensions for org.apache.nifi:nifi-tcp-nar:1.14.0 in 2 millis
2024-10-18 11:38:27,401 INFO [main] o.a.n.n.StandardExtensionDiscoveringManager Loaded extensions for org.apache.nifi:nifi-standard-services-api-nar:1.14.0 in 1 millis
2024-10-18 11:38:27,404 INFO [main] o.a.n.n.StandardExtensionDiscoveringManager Loaded extensions for org.apache.nifi:nifi-grpc-nar:1.14.0 in 3 millis
2024-10-18 11:38:27,406 INFO [main] o.a.n.n.StandardExtensionDiscoveringManager Loaded extensions for org.apache.nifi:nifi-distributed-cache-services-nar:1.14.0 in 2 millis
2024-10-18 11:38:27,409 INFO [main] o.a.n.n.StandardExtensionDiscoveringManager Loaded extensions for org.apache.nifi:nifi-kafka-2-6-nar:1.14.0 in 3 millis
2024-10-18 11:38:27,410 INFO [main] o.a.n.n.StandardExtensionDiscoveringManager Loaded extensions for org.apache.nifi:nifi-riemann-nar:1.14.0 in 1 millis
2024-10-18 11:38:27,413 INFO [main] o.a.n.n.StandardExtensionDiscoveringManager Loaded extensions for org.apache.nifi:nifi-amqp-nar:1.14.0 in 3 millis
2024-10-18 11:38:27,415 INFO [main] o.a.n.n.StandardExtensionDiscoveringManager Loaded extensions for org.apache.nifi:nifi-kafka-1-0-nar:1.14.0 in 2 millis
2024-10-18 11:38:27,417 INFO [main] o.a.n.n.StandardExtensionDiscoveringManager Loaded extensions for org.apache.nifi:nifi-update-attribute-nar:1.14.0 in 2 millis
2024-10-18 11:38:27,418 INFO [main] o.a.n.n.StandardExtensionDiscoveringManager Loaded extensions for org.apache.nifi:nifi-snmp-nar:1.14.0 in 1 millis
2024-10-18 11:38:27,420 INFO [main] o.a.n.n.StandardExtensionDiscoveringManager Loaded extensions for org.apache.nifi:nifi-datadog-nar:1.14.0 in 2 millis
2024-10-18 11:38:27,421 INFO [main] o.a.n.n.StandardExtensionDiscoveringManager Loaded extensions for org.apache.nifi:nifi-kerberos-iaa-providers-nar:1.14.0 in 1 millis
2024-10-18 11:38:27,423 INFO [main] o.a.n.n.StandardExtensionDiscoveringManager Loaded extensions for org.apache.nifi:nifi-hive-services-api-nar:1.14.0 in 2 millis
2024-10-18 11:38:27,426 INFO [main] o.a.n.n.StandardExtensionDiscoveringManager Loaded extensions for org.apache.nifi:nifi-standard-nar:1.14.0 in 3 millis
2024-10-18 11:38:27,428 INFO [main] o.a.n.n.StandardExtensionDiscoveringManager Loaded extensions for org.apache.nifi:nifi-prometheus-nar:1.14.0 in 2 millis
2024-10-18 11:38:27,430 INFO [main] o.a.n.n.StandardExtensionDiscoveringManager Loaded extensions for org.apache.nifi:nifi-windows-event-log-nar:1.14.0 in 1 millis
2024-10-18 11:38:27,432 INFO [main] o.a.n.n.StandardExtensionDiscoveringManager Loaded extensions for org.apache.nifi:nifi-ambari-nar:1.14.0 in 2 millis
2024-10-18 11:38:27,434 INFO [main] o.a.n.n.StandardExtensionDiscoveringManager Loaded extensions for org.apache.nifi:nifi-hadoop-dbcp-service-nar:1.14.0 in 2 millis
2024-10-18 11:38:27,435 INFO [main] o.a.n.n.StandardExtensionDiscoveringManager Loaded extensions for org.apache.nifi:nifi-slack-nar:1.14.0 in 1 millis
2024-10-18 11:38:27,437 INFO [main] o.a.n.n.StandardExtensionDiscoveringManager Loaded extensions for org.apache.nifi:nifi-evtx-nar:1.14.0 in 2 millis
2024-10-18 11:38:27,441 INFO [main] o.a.n.n.StandardExtensionDiscoveringManager Loaded extensions for org.apache.nifi:nifi-server-nar:1.14.0 in 4 millis
2024-10-18 11:38:27,443 INFO [main] o.a.n.n.StandardExtensionDiscoveringManager Loaded extensions for org.apache.nifi:nifi-mqtt-nar:1.14.0 in 2 millis
2024-10-18 11:38:27,445 INFO [main] o.a.n.n.StandardExtensionDiscoveringManager Loaded extensions for org.apache.nifi:nifi-influxdb-nar:1.14.0 in 2 millis
2024-10-18 11:38:27,447 INFO [main] o.a.n.n.StandardExtensionDiscoveringManager Loaded extensions for org.apache.nifi:nifi-enrich-nar:1.14.0 in 2 millis
2024-10-18 11:38:27,449 INFO [main] o.a.n.n.StandardExtensionDiscoveringManager Loaded extensions for org.apache.nifi:nifi-kafka-2-0-nar:1.14.0 in 2 millis
2024-10-18 11:38:27,460 INFO [main] o.a.n.n.StandardExtensionDiscoveringManager Loaded extensions for org.apache.nifi:nifi-hwx-schema-registry-nar:1.14.0 in 11 millis
2024-10-18 11:38:27,462 INFO [main] o.a.n.n.StandardExtensionDiscoveringManager Loaded extensions for org.apache.nifi:nifi-email-nar:1.14.0 in 2 millis
2024-10-18 11:38:27,464 INFO [main] o.a.n.n.StandardExtensionDiscoveringManager Loaded extensions for org.apache.nifi:nifi-redis-service-api-nar:1.14.0 in 2 millis
2024-10-18 11:38:27,465 INFO [main] o.a.n.n.StandardExtensionDiscoveringManager Loaded extensions for org.apache.nifi:nifi-stateless-nar:1.14.0 in 1 millis
2024-10-18 11:38:27,467 INFO [main] o.a.n.n.StandardExtensionDiscoveringManager Loaded extensions for org.apache.nifi:nifi-ldap-iaa-providers-nar:1.14.0 in 2 millis
2024-10-18 11:38:27,469 INFO [main] o.a.n.n.StandardExtensionDiscoveringManager Loaded extensions for org.apache.nifi:nifi-stateful-analysis-nar:1.14.0 in 2 millis
2024-10-18 11:38:27,471 INFO [main] o.a.n.n.StandardExtensionDiscoveringManager Loaded extensions for org.apache.nifi:nifi-metrics-reporter-service-api-nar:1.14.0 in 2 millis
2024-10-18 11:38:27,472 INFO [main] o.a.n.n.StandardExtensionDiscoveringManager Loaded extensions for org.apache.nifi:nifi-social-media-nar:1.14.0 in 1 millis
2024-10-18 11:38:27,474 INFO [main] o.a.n.n.StandardExtensionDiscoveringManager Loaded extensions for org.apache.nifi:nifi-elasticsearch-nar:1.14.0 in 2 millis
2024-10-18 11:38:27,476 INFO [main] o.a.n.n.StandardExtensionDiscoveringManager Loaded extensions for org.apache.nifi:nifi-gcp-services-api-nar:1.14.0 in 2 millis
2024-10-18 11:38:27,477 INFO [main] o.a.n.n.StandardExtensionDiscoveringManager Loaded extensions for org.apache.nifi:nifi-single-user-iaa-providers-nar:1.14.0 in 1 millis
2024-10-18 11:38:27,479 INFO [main] o.a.n.n.StandardExtensionDiscoveringManager Loaded extensions for org.apache.nifi:nifi-lookup-services-nar:1.14.0 in 2 millis
2024-10-18 11:38:27,482 INFO [main] o.a.n.n.StandardExtensionDiscoveringManager Loaded extensions for org.apache.nifi:nifi-hbase_1_1_2-client-service-nar:1.14.0 in 2 millis
2024-10-18 11:38:27,484 INFO [main] o.a.n.n.StandardExtensionDiscoveringManager Loaded extensions for org.apache.nifi:nifi-oauth2-provider-nar:1.14.0 in 2 millis
2024-10-18 11:38:27,485 INFO [main] o.a.n.n.StandardExtensionDiscoveringManager Loaded extensions for org.apache.nifi:nifi-html-nar:1.14.0 in 1 millis
2024-10-18 11:38:27,487 INFO [main] o.a.n.n.StandardExtensionDiscoveringManager Loaded extensions for org.apache.nifi:nifi-http-context-map-nar:1.14.0 in 1 millis
2024-10-18 11:38:27,489 INFO [main] o.a.n.n.StandardExtensionDiscoveringManager Loaded extensions for org.apache.nifi:nifi-ccda-nar:1.14.0 in 2 millis
2024-10-18 11:38:27,490 INFO [main] o.a.n.n.StandardExtensionDiscoveringManager Loaded extensions for org.apache.nifi:nifi-spring-nar:1.14.0 in 1 millis
2024-10-18 11:38:27,491 INFO [main] o.a.n.n.StandardExtensionDiscoveringManager Loaded extensions for org.apache.nifi:nifi-jms-cf-service-nar:1.14.0 in 1 millis
2024-10-18 11:38:27,493 INFO [main] o.a.n.n.StandardExtensionDiscoveringManager Loaded extensions for org.apache.nifi:nifi-cdc-mysql-nar:1.14.0 in 1 millis
2024-10-18 11:38:27,495 INFO [main] o.a.n.n.StandardExtensionDiscoveringManager Loaded extensions for org.apache.nifi:nifi-solr-nar:1.14.0 in 2 millis
2024-10-18 11:38:27,498 INFO [main] o.a.n.n.StandardExtensionDiscoveringManager Loaded extensions for org.apache.nifi:nifi-scripting-nar:1.14.0 in 3 millis
2024-10-18 11:38:27,500 INFO [main] o.a.n.n.StandardExtensionDiscoveringManager Loaded extensions for org.apache.nifi:nifi-provenance-repository-nar:1.14.0 in 2 millis
2024-10-18 11:38:27,502 INFO [main] o.a.n.n.StandardExtensionDiscoveringManager Loaded extensions for org.apache.nifi:nifi-hbase_2-client-service-nar:1.14.0 in 2 millis
2024-10-18 11:38:27,504 INFO [main] o.a.n.n.StandardExtensionDiscoveringManager Loaded extensions for org.apache.nifi:nifi-hbase-nar:1.14.0 in 1 millis
2024-10-18 11:38:27,506 INFO [main] o.a.n.n.StandardExtensionDiscoveringManager Loaded extensions for org.apache.nifi:nifi-groovyx-nar:1.14.0 in 2 millis
2024-10-18 11:38:27,507 INFO [main] o.a.n.n.StandardExtensionDiscoveringManager Loaded extensions for org.apache.nifi:nifi-jolt-record-nar:1.14.0 in 1 millis
2024-10-18 11:38:27,509 INFO [main] o.a.n.n.StandardExtensionDiscoveringManager Loaded extensions for org.apache.nifi:nifi-aws-service-api-nar:1.14.0 in 2 millis
2024-10-18 11:38:27,511 INFO [main] o.a.n.n.StandardExtensionDiscoveringManager Loaded extensions for org.apache.nifi:nifi-ssl-context-service-nar:1.14.0 in 2 millis
2024-10-18 11:38:27,512 INFO [main] o.a.n.n.StandardExtensionDiscoveringManager Loaded extensions for org.apache.nifi:nifi-dbcp-service-nar:1.14.0 in 1 millis
2024-10-18 11:38:27,514 INFO [main] o.a.n.n.StandardExtensionDiscoveringManager Loaded extensions for org.apache.nifi:nifi-confluent-platform-nar:1.14.0 in 2 millis
2024-10-18 11:38:27,516 INFO [main] o.a.n.n.StandardExtensionDiscoveringManager Loaded extensions for org.apache.nifi:nifi-record-serialization-services-nar:1.14.0 in 2 millis
2024-10-18 11:38:27,518 INFO [main] o.a.n.n.StandardExtensionDiscoveringManager Loaded extensions for org.apache.nifi:nifi-site-to-site-reporting-nar:1.14.0 in 2 millis
2024-10-18 11:38:27,520 INFO [main] o.a.n.n.StandardExtensionDiscoveringManager Loaded extensions for org.apache.nifi:nifi-hazelcast-services-api-nar:1.14.0 in 2 millis
2024-10-18 11:38:27,521 INFO [main] o.a.n.n.StandardExtensionDiscoveringManager Loaded extensions for org.apache.nifi:nifi-azure-services-api-nar:1.14.0 in 1 millis
2024-10-18 11:38:27,524 INFO [main] o.a.n.n.StandardExtensionDiscoveringManager Loaded extensions for org.apache.nifi:nifi-hive-nar:1.14.0 in 3 millis
2024-10-18 11:38:27,526 INFO [main] o.a.n.n.StandardExtensionDiscoveringManager Loaded extensions for org.apache.nifi:nifi-registry-nar:1.14.0 in 2 millis
2024-10-18 11:38:27,527 INFO [main] o.a.n.n.StandardExtensionDiscoveringManager Loaded extensions for org.apache.nifi:nifi-mongodb-client-service-api-nar:1.14.0 in 1 millis
2024-10-18 11:38:27,529 INFO [main] o.a.n.n.StandardExtensionDiscoveringManager Loaded extensions for org.apache.nifi:nifi-elasticsearch-client-service-api-nar:1.14.0 in 1 millis
2024-10-18 11:38:27,531 INFO [main] o.a.n.n.StandardExtensionDiscoveringManager Loaded extensions for org.apache.nifi:nifi-metrics-reporting-nar:1.14.0 in 2 millis
2024-10-18 11:38:27,533 INFO [main] o.a.n.n.StandardExtensionDiscoveringManager Loaded extensions for org.apache.nifi:nifi-aws-nar:1.14.0 in 2 millis
2024-10-18 11:38:27,535 INFO [main] o.a.n.n.StandardExtensionDiscoveringManager Loaded extensions for org.apache.nifi:nifi-kerberos-credentials-service-nar:1.14.0 in 2 millis
2024-10-18 11:38:27,537 INFO [main] o.a.n.n.StandardExtensionDiscoveringManager Loaded extensions for org.apache.nifi:nifi-jms-processors-nar:1.14.0 in 2 millis
2024-10-18 11:38:27,539 INFO [main] o.a.n.n.StandardExtensionDiscoveringManager Loaded extensions for org.apache.nifi:nifi-record-sink-service-nar:1.14.0 in 2 millis
2024-10-18 11:38:27,541 INFO [main] o.a.n.n.StandardExtensionDiscoveringManager Loaded extensions for org.apache.nifi:nifi-hadoop-libraries-nar:1.14.0 in 2 millis
2024-10-18 11:38:27,542 INFO [main] o.a.n.n.StandardExtensionDiscoveringManager Loaded extensions for org.apache.nifi:nifi-splunk-nar:1.14.0 in 1 millis
2024-10-18 11:38:27,544 INFO [main] o.a.n.n.StandardExtensionDiscoveringManager Loaded extensions for org.apache.nifi:nifi-hazelcast-services-nar:1.14.0 in 1 millis
2024-10-18 11:38:27,546 INFO [main] o.a.n.n.StandardExtensionDiscoveringManager Loaded extensions for org.apache.nifi:nifi-websocket-services-api-nar:1.14.0 in 2 millis
2024-10-18 11:38:27,547 INFO [main] o.a.n.n.StandardExtensionDiscoveringManager Loaded extensions for org.apache.nifi:nifi-proxy-configuration-nar:1.14.0 in 1 millis
2024-10-18 11:38:27,550 INFO [main] o.a.n.n.StandardExtensionDiscoveringManager Loaded extensions for org.apache.nifi:nifi-gcp-nar:1.14.0 in 2 millis
2024-10-18 11:38:27,552 INFO [main] o.a.n.n.StandardExtensionDiscoveringManager Loaded extensions for org.apache.nifi:nifi-pgp-service-api-nar:1.14.0 in 2 millis
2024-10-18 11:38:27,553 INFO [main] o.a.n.n.StandardExtensionDiscoveringManager Loaded extensions for org.apache.nifi:nifi-cassandra-services-api-nar:1.14.0 in 1 millis
2024-10-18 11:38:27,554 INFO [main] o.a.n.n.StandardExtensionDiscoveringManager Loaded extensions for org.apache.nifi:nifi-couchbase-services-api-nar:1.14.0 in 1 millis
2024-10-18 11:38:27,556 INFO [main] o.a.n.n.StandardExtensionDiscoveringManager Loaded extensions for org.apache.nifi:nifi-pgp-service-nar:1.14.0 in 1 millis
2024-10-18 11:38:27,559 INFO [main] o.a.n.n.StandardExtensionDiscoveringManager Loaded extensions for org.apache.nifi:nifi-mongodb-services-nar:1.14.0 in 3 millis
2024-10-18 11:38:27,560 INFO [main] o.a.n.n.StandardExtensionDiscoveringManager Loaded extensions for org.apache.nifi:nifi-rethinkdb-nar:1.14.0 in 1 millis
2024-10-18 11:38:27,571 INFO [main] o.a.n.n.StandardExtensionDiscoveringManager Loaded extensions for org.apache.nifi:nifi-hadoop-nar:1.14.0 in 11 millis
2024-10-18 11:38:27,573 INFO [main] o.a.n.n.StandardExtensionDiscoveringManager Loaded extensions for org.apache.nifi:nifi-elasticsearch-restapi-nar:1.14.0 in 2 millis
2024-10-18 11:38:27,575 INFO [main] o.a.n.n.StandardExtensionDiscoveringManager Loaded extensions for org.apache.nifi:nifi-websocket-services-jetty-nar:1.14.0 in 2 millis
2024-10-18 11:38:27,577 INFO [main] o.a.n.n.StandardExtensionDiscoveringManager Loaded extensions for org.apache.nifi:nifi-websocket-processors-nar:1.14.0 in 2 millis
2024-10-18 11:38:27,579 INFO [main] o.a.n.n.StandardExtensionDiscoveringManager Loaded extensions for org.apache.nifi:nifi-redis-nar:1.14.0 in 2 millis
2024-10-18 11:38:27,581 INFO [main] o.a.n.n.StandardExtensionDiscoveringManager Loaded extensions for org.apache.nifi:nifi-couchbase-nar:1.14.0 in 2 millis
2024-10-18 11:38:27,584 INFO [main] o.a.n.n.StandardExtensionDiscoveringManager Loaded extensions for org.apache.nifi:nifi-cassandra-nar:1.14.0 in 3 millis
2024-10-18 11:38:27,586 INFO [main] o.a.n.n.StandardExtensionDiscoveringManager Loaded extensions for org.apache.nifi:nifi-elasticsearch-client-service-nar:1.14.0 in 2 millis
2024-10-18 11:38:27,589 INFO [main] o.a.n.n.StandardExtensionDiscoveringManager Loaded extensions for org.apache.nifi:nifi-kudu-nar:1.14.0 in 3 millis
2024-10-18 11:38:27,591 INFO [main] o.a.n.n.StandardExtensionDiscoveringManager Loaded extensions for org.apache.nifi:nifi-pgp-nar:1.14.0 in 2 millis
2024-10-18 11:38:27,595 INFO [main] o.a.n.n.StandardExtensionDiscoveringManager Loaded extensions for org.apache.nifi:nifi-azure-nar:1.14.0 in 4 millis
2024-10-18 11:38:27,597 INFO [main] o.a.n.n.StandardExtensionDiscoveringManager Loaded extensions for org.apache.nifi:nifi-cassandra-services-nar:1.14.0 in 2 millis
2024-10-18 11:38:27,599 INFO [main] o.a.n.n.StandardExtensionDiscoveringManager Loaded extensions for org.apache.nifi:nifi-mongodb-nar:1.14.0 in 2 millis
2024-10-18 11:38:27,603 INFO [main] o.a.n.n.StandardExtensionDiscoveringManager Loaded extensions for org.apache.nifi:nifi-parquet-nar:1.14.0 in 3 millis
2024-10-18 11:38:27,603 INFO [main] o.a.n.n.StandardExtensionDiscoveringManager Extension Type Mapping to Bundle:
	=== ContentRepository Type ===
	org.apache.nifi.controller.repository.VolatileContentRepository
		org.apache.nifi:nifi-framework-nar:1.14.0 || ./work/nar/framework/nifi-framework-nar-1.14.0.nar-unpacked
	org.apache.nifi.controller.repository.crypto.EncryptedFileSystemRepository
		org.apache.nifi:nifi-framework-nar:1.14.0 || ./work/nar/framework/nifi-framework-nar-1.14.0.nar-unpacked
	org.apache.nifi.controller.repository.FileSystemRepository
		org.apache.nifi:nifi-framework-nar:1.14.0 || ./work/nar/framework/nifi-framework-nar-1.14.0.nar-unpacked
	=== End ContentRepository types ===
	=== Authorizer Type ===
	org.apache.nifi.authorization.single.user.SingleUserAuthorizer
		org.apache.nifi:nifi-single-user-iaa-providers-nar:1.14.0 || ./work/nar/extensions/nifi-single-user-iaa-providers-nar-1.14.0.nar-unpacked
	org.apache.nifi.authorization.FileAuthorizer
		org.apache.nifi:nifi-framework-nar:1.14.0 || ./work/nar/framework/nifi-framework-nar-1.14.0.nar-unpacked
	org.apache.nifi.authorization.StandardManagedAuthorizer
		org.apache.nifi:nifi-framework-nar:1.14.0 || ./work/nar/framework/nifi-framework-nar-1.14.0.nar-unpacked
	=== End Authorizer types ===
	=== ControllerService Type ===
	org.apache.nifi.hbase.HBase_2_RecordLookupService
		org.apache.nifi:nifi-hbase_2-client-service-nar:1.14.0 || ./work/nar/extensions/nifi-hbase_2-client-service-nar-1.14.0.nar-unpacked
	org.apache.nifi.record.script.ScriptedRecordSetWriter
		org.apache.nifi:nifi-scripting-nar:1.14.0 || ./work/nar/extensions/nifi-scripting-nar-1.14.0.nar-unpacked
	org.apache.nifi.record.sink.script.ScriptedRecordSink
		org.apache.nifi:nifi-scripting-nar:1.14.0 || ./work/nar/extensions/nifi-scripting-nar-1.14.0.nar-unpacked
	org.apache.nifi.lookup.db.SimpleDatabaseLookupService
		org.apache.nifi:nifi-lookup-services-nar:1.14.0 || ./work/nar/extensions/nifi-lookup-services-nar-1.14.0.nar-unpacked
	org.apache.nifi.processors.aws.credentials.provider.service.AWSCredentialsProviderControllerService
		org.apache.nifi:nifi-aws-nar:1.14.0 || ./work/nar/extensions/nifi-aws-nar-1.14.0.nar-unpacked
	org.apache.nifi.json.JsonPathReader
		org.apache.nifi:nifi-record-serialization-services-nar:1.14.0 || ./work/nar/extensions/nifi-record-serialization-services-nar-1.14.0.nar-unpacked
	org.apache.nifi.controller.kudu.KuduLookupService
		org.apache.nifi:nifi-kudu-nar:1.14.0 || ./work/nar/extensions/nifi-kudu-nar-1.14.0.nar-unpacked
	org.apache.nifi.couchbase.CouchbaseRecordLookupService
		org.apache.nifi:nifi-couchbase-nar:1.14.0 || ./work/nar/extensions/nifi-couchbase-nar-1.14.0.nar-unpacked
	org.apache.nifi.services.azure.storage.AzureStorageCredentialsControllerService
		org.apache.nifi:nifi-azure-nar:1.14.0 || ./work/nar/extensions/nifi-azure-nar-1.14.0.nar-unpacked
	org.apache.nifi.lookup.maxmind.IPLookupService
		org.apache.nifi:nifi-lookup-services-nar:1.14.0 || ./work/nar/extensions/nifi-lookup-services-nar-1.14.0.nar-unpacked
	org.apache.nifi.service.CassandraSessionProvider
		org.apache.nifi:nifi-cassandra-services-nar:1.14.0 || ./work/nar/extensions/nifi-cassandra-services-nar-1.14.0.nar-unpacked
	org.apache.nifi.hazelcast.services.cacheclient.HazelcastMapCacheClient
		org.apache.nifi:nifi-hazelcast-services-nar:1.14.0 || ./work/nar/extensions/nifi-hazelcast-services-nar-1.14.0.nar-unpacked
	org.apache.nifi.jms.cf.JndiJmsConnectionFactoryProvider
		org.apache.nifi:nifi-jms-processors-nar:1.14.0 || ./work/nar/extensions/nifi-jms-processors-nar-1.14.0.nar-unpacked
	org.apache.nifi.xml.XMLReader
		org.apache.nifi:nifi-record-serialization-services-nar:1.14.0 || ./work/nar/extensions/nifi-record-serialization-services-nar-1.14.0.nar-unpacked
	org.apache.nifi.dbcp.DBCPConnectionPool
		org.apache.nifi:nifi-dbcp-service-nar:1.14.0 || ./work/nar/extensions/nifi-dbcp-service-nar-1.14.0.nar-unpacked
	org.apache.nifi.record.sink.LoggingRecordSink
		org.apache.nifi:nifi-record-sink-service-nar:1.14.0 || ./work/nar/extensions/nifi-record-sink-service-nar-1.14.0.nar-unpacked
	org.apache.nifi.avro.AvroRecordSetWriter
		org.apache.nifi:nifi-record-serialization-services-nar:1.14.0 || ./work/nar/extensions/nifi-record-serialization-services-nar-1.14.0.nar-unpacked
	org.apache.nifi.reporting.sink.SiteToSiteReportingRecordSink
		org.apache.nifi:nifi-site-to-site-reporting-nar:1.14.0 || ./work/nar/extensions/nifi-site-to-site-reporting-nar-1.14.0.nar-unpacked
	org.apache.nifi.ssl.StandardRestrictedSSLContextService
		org.apache.nifi:nifi-ssl-context-service-nar:1.14.0 || ./work/nar/extensions/nifi-ssl-context-service-nar-1.14.0.nar-unpacked
	org.apache.nifi.avro.AvroReader
		org.apache.nifi:nifi-record-serialization-services-nar:1.14.0 || ./work/nar/extensions/nifi-record-serialization-services-nar-1.14.0.nar-unpacked
	org.apache.nifi.pgp.service.standard.StandardPGPPublicKeyService
		org.apache.nifi:nifi-pgp-service-nar:1.14.0 || ./work/nar/extensions/nifi-pgp-service-nar-1.14.0.nar-unpacked
	org.apache.nifi.distributed.cache.server.DistributedSetCacheServer
		org.apache.nifi:nifi-distributed-cache-services-nar:1.14.0 || ./work/nar/extensions/nifi-distributed-cache-services-nar-1.14.0.nar-unpacked
	org.apache.nifi.couchbase.CouchbaseKeyValueLookupService
		org.apache.nifi:nifi-couchbase-nar:1.14.0 || ./work/nar/extensions/nifi-couchbase-nar-1.14.0.nar-unpacked
	org.apache.nifi.http.StandardHttpContextMap
		org.apache.nifi:nifi-http-context-map-nar:1.14.0 || ./work/nar/extensions/nifi-http-context-map-nar-1.14.0.nar-unpacked
	org.apache.nifi.services.azure.storage.ADLSCredentialsControllerService
		org.apache.nifi:nifi-azure-nar:1.14.0 || ./work/nar/extensions/nifi-azure-nar-1.14.0.nar-unpacked
	org.apache.nifi.schema.inference.VolatileSchemaCache
		org.apache.nifi:nifi-record-serialization-services-nar:1.14.0 || ./work/nar/extensions/nifi-record-serialization-services-nar-1.14.0.nar-unpacked
	org.apache.nifi.lookup.RecordSetWriterLookup
		org.apache.nifi:nifi-record-serialization-services-nar:1.14.0 || ./work/nar/extensions/nifi-record-serialization-services-nar-1.14.0.nar-unpacked
	org.apache.nifi.elasticsearch.ElasticSearchLookupService
		org.apache.nifi:nifi-elasticsearch-client-service-nar:1.14.0 || ./work/nar/extensions/nifi-elasticsearch-client-service-nar-1.14.0.nar-unpacked
	org.apache.nifi.dbcp.DBCPConnectionPoolLookup
		org.apache.nifi:nifi-dbcp-service-nar:1.14.0 || ./work/nar/extensions/nifi-dbcp-service-nar-1.14.0.nar-unpacked
	org.apache.nifi.hbase.HBase_1_1_2_RecordLookupService
		org.apache.nifi:nifi-hbase_1_1_2-client-service-nar:1.14.0 || ./work/nar/extensions/nifi-hbase_1_1_2-client-service-nar-1.14.0.nar-unpacked
	org.apache.nifi.parquet.ParquetReader
		org.apache.nifi:nifi-parquet-nar:1.14.0 || ./work/nar/extensions/nifi-parquet-nar-1.14.0.nar-unpacked
	org.apache.nifi.reporting.prometheus.PrometheusRecordSink
		org.apache.nifi:nifi-prometheus-nar:1.14.0 || ./work/nar/extensions/nifi-prometheus-nar-1.14.0.nar-unpacked
	org.apache.nifi.confluent.schemaregistry.ConfluentSchemaRegistry
		org.apache.nifi:nifi-confluent-platform-nar:1.14.0 || ./work/nar/extensions/nifi-confluent-platform-nar-1.14.0.nar-unpacked
	org.apache.nifi.schemaregistry.hortonworks.HortonworksSchemaRegistry
		org.apache.nifi:nifi-hwx-schema-registry-nar:1.14.0 || ./work/nar/extensions/nifi-hwx-schema-registry-nar-1.14.0.nar-unpacked
	org.apache.nifi.dbcp.hive.HiveConnectionPool
		org.apache.nifi:nifi-hive-nar:1.14.0 || ./work/nar/extensions/nifi-hive-nar-1.14.0.nar-unpacked
	org.apache.nifi.mongodb.MongoDBControllerService
		org.apache.nifi:nifi-mongodb-services-nar:1.14.0 || ./work/nar/extensions/nifi-mongodb-services-nar-1.14.0.nar-unpacked
	org.apache.nifi.hbase.HBase_1_1_2_ClientService
		org.apache.nifi:nifi-hbase_1_1_2-client-service-nar:1.14.0 || ./work/nar/extensions/nifi-hbase_1_1_2-client-service-nar-1.14.0.nar-unpacked
	org.apache.nifi.redis.service.RedisConnectionPoolService
		org.apache.nifi:nifi-redis-nar:1.14.0 || ./work/nar/extensions/nifi-redis-nar-1.14.0.nar-unpacked
	org.apache.nifi.distributed.cache.client.DistributedMapCacheClientService
		org.apache.nifi:nifi-distributed-cache-services-nar:1.14.0 || ./work/nar/extensions/nifi-distributed-cache-services-nar-1.14.0.nar-unpacked
	org.apache.nifi.controller.cassandra.CassandraDistributedMapCache
		org.apache.nifi:nifi-cassandra-services-nar:1.14.0 || ./work/nar/extensions/nifi-cassandra-services-nar-1.14.0.nar-unpacked
	org.apache.nifi.websocket.jetty.JettyWebSocketServer
		org.apache.nifi:nifi-websocket-services-jetty-nar:1.14.0 || ./work/nar/extensions/nifi-websocket-services-jetty-nar-1.14.0.nar-unpacked
	org.apache.nifi.elasticsearch.ElasticSearchClientServiceImpl
		org.apache.nifi:nifi-elasticsearch-client-service-nar:1.14.0 || ./work/nar/extensions/nifi-elasticsearch-client-service-nar-1.14.0.nar-unpacked
	org.apache.nifi.record.sink.kafka.KafkaRecordSink_2_0
		org.apache.nifi:nifi-kafka-2-0-nar:1.14.0 || ./work/nar/extensions/nifi-kafka-2-0-nar-1.14.0.nar-unpacked
	org.apache.nifi.pgp.service.standard.StandardPGPPrivateKeyService
		org.apache.nifi:nifi-pgp-service-nar:1.14.0 || ./work/nar/extensions/nifi-pgp-service-nar-1.14.0.nar-unpacked
	org.apache.nifi.parquet.ParquetRecordSetWriter
		org.apache.nifi:nifi-parquet-nar:1.14.0 || ./work/nar/extensions/nifi-parquet-nar-1.14.0.nar-unpacked
	org.apache.nifi.lookup.XMLFileLookupService
		org.apache.nifi:nifi-lookup-services-nar:1.14.0 || ./work/nar/extensions/nifi-lookup-services-nar-1.14.0.nar-unpacked
	org.apache.nifi.oauth2.OAuth2TokenProviderImpl
		org.apache.nifi:nifi-oauth2-provider-nar:1.14.0 || ./work/nar/extensions/nifi-oauth2-provider-nar-1.14.0.nar-unpacked
	org.apache.nifi.record.sink.db.DatabaseRecordSink
		org.apache.nifi:nifi-dbcp-service-nar:1.14.0 || ./work/nar/extensions/nifi-dbcp-service-nar-1.14.0.nar-unpacked
	org.apache.nifi.jms.cf.JMSConnectionFactoryProvider
		org.apache.nifi:nifi-jms-processors-nar:1.14.0 || ./work/nar/extensions/nifi-jms-processors-nar-1.14.0.nar-unpacked
	org.apache.nifi.lookup.DistributedMapCacheLookupService
		org.apache.nifi:nifi-lookup-services-nar:1.14.0 || ./work/nar/extensions/nifi-lookup-services-nar-1.14.0.nar-unpacked
	org.apache.nifi.hbase.HBase_2_ClientMapCacheService
		org.apache.nifi:nifi-hbase_2-client-service-nar:1.14.0 || ./work/nar/extensions/nifi-hbase_2-client-service-nar-1.14.0.nar-unpacked
	org.apache.nifi.processors.aws.s3.encryption.StandardS3EncryptionService
		org.apache.nifi:nifi-aws-nar:1.14.0 || ./work/nar/extensions/nifi-aws-nar-1.14.0.nar-unpacked
	org.apache.nifi.record.sink.kafka.KafkaRecordSink_2_6
		org.apache.nifi:nifi-kafka-2-6-nar:1.14.0 || ./work/nar/extensions/nifi-kafka-2-6-nar-1.14.0.nar-unpacked
	org.apache.nifi.hbase.HBase_2_ClientService
		org.apache.nifi:nifi-hbase_2-client-service-nar:1.14.0 || ./work/nar/extensions/nifi-hbase_2-client-service-nar-1.14.0.nar-unpacked
	org.apache.nifi.lookup.ReaderLookup
		org.apache.nifi:nifi-record-serialization-services-nar:1.14.0 || ./work/nar/extensions/nifi-record-serialization-services-nar-1.14.0.nar-unpacked
	org.apache.nifi.rules.engine.script.ScriptedRulesEngine
		org.apache.nifi:nifi-scripting-nar:1.14.0 || ./work/nar/extensions/nifi-scripting-nar-1.14.0.nar-unpacked
	org.apache.nifi.record.script.ScriptedReader
		org.apache.nifi:nifi-scripting-nar:1.14.0 || ./work/nar/extensions/nifi-scripting-nar-1.14.0.nar-unpacked
	org.apache.nifi.elasticsearch.ElasticSearchStringLookupService
		org.apache.nifi:nifi-elasticsearch-client-service-nar:1.14.0 || ./work/nar/extensions/nifi-elasticsearch-client-service-nar-1.14.0.nar-unpacked
	org.apache.nifi.windowsevent.WindowsEventLogReader
		org.apache.nifi:nifi-record-serialization-services-nar:1.14.0 || ./work/nar/extensions/nifi-record-serialization-services-nar-1.14.0.nar-unpacked
	org.apache.nifi.proxy.StandardProxyConfigurationService
		org.apache.nifi:nifi-proxy-configuration-nar:1.14.0 || ./work/nar/extensions/nifi-proxy-configuration-nar-1.14.0.nar-unpacked
	org.apache.nifi.lookup.PropertiesFileLookupService
		org.apache.nifi:nifi-lookup-services-nar:1.14.0 || ./work/nar/extensions/nifi-lookup-services-nar-1.14.0.nar-unpacked
	org.apache.nifi.mongodb.MongoDBLookupService
		org.apache.nifi:nifi-mongodb-services-nar:1.14.0 || ./work/nar/extensions/nifi-mongodb-services-nar-1.14.0.nar-unpacked
	org.apache.nifi.kerberos.KeytabCredentialsService
		org.apache.nifi:nifi-kerberos-credentials-service-nar:1.14.0 || ./work/nar/extensions/nifi-kerberos-credentials-service-nar-1.14.0.nar-unpacked
	org.apache.nifi.json.JsonRecordSetWriter
		org.apache.nifi:nifi-record-serialization-services-nar:1.14.0 || ./work/nar/extensions/nifi-record-serialization-services-nar-1.14.0.nar-unpacked
	org.apache.nifi.schemaregistry.services.AvroSchemaRegistry
		org.apache.nifi:nifi-registry-nar:1.14.0 || ./work/nar/extensions/nifi-registry-nar-1.14.0.nar-unpacked
	org.apache.nifi.websocket.jetty.JettyWebSocketClient
		org.apache.nifi:nifi-websocket-services-jetty-nar:1.14.0 || ./work/nar/extensions/nifi-websocket-services-jetty-nar-1.14.0.nar-unpacked
	org.apache.nifi.services.azure.storage.AzureStorageCredentialsControllerServiceLookup
		org.apache.nifi:nifi-azure-nar:1.14.0 || ./work/nar/extensions/nifi-azure-nar-1.14.0.nar-unpacked
	org.apache.nifi.csv.CSVReader
		org.apache.nifi:nifi-record-serialization-services-nar:1.14.0 || ./work/nar/extensions/nifi-record-serialization-services-nar-1.14.0.nar-unpacked
	org.apache.nifi.syslog.Syslog5424Reader
		org.apache.nifi:nifi-record-serialization-services-nar:1.14.0 || ./work/nar/extensions/nifi-record-serialization-services-nar-1.14.0.nar-unpacked
	org.apache.nifi.couchbase.CouchbaseMapCacheClient
		org.apache.nifi:nifi-couchbase-nar:1.14.0 || ./work/nar/extensions/nifi-couchbase-nar-1.14.0.nar-unpacked
	org.apache.nifi.grok.GrokReader
		org.apache.nifi:nifi-record-serialization-services-nar:1.14.0 || ./work/nar/extensions/nifi-record-serialization-services-nar-1.14.0.nar-unpacked
	org.apache.nifi.record.sink.kafka.KafkaRecordSink_1_0
		org.apache.nifi:nifi-kafka-1-0-nar:1.14.0 || ./work/nar/extensions/nifi-kafka-1-0-nar-1.14.0.nar-unpacked
	org.apache.nifi.hbase.HBase_1_1_2_ClientMapCacheService
		org.apache.nifi:nifi-hbase_1_1_2-client-service-nar:1.14.0 || ./work/nar/extensions/nifi-hbase_1_1_2-client-service-nar-1.14.0.nar-unpacked
	org.apache.nifi.record.sink.lookup.RecordSinkServiceLookup
		org.apache.nifi:nifi-record-sink-service-nar:1.14.0 || ./work/nar/extensions/nifi-record-sink-service-nar-1.14.0.nar-unpacked
	org.apache.nifi.lookup.SimpleCsvFileLookupService
		org.apache.nifi:nifi-lookup-services-nar:1.14.0 || ./work/nar/extensions/nifi-lookup-services-nar-1.14.0.nar-unpacked
	org.apache.nifi.hbase.HBase_1_1_2_ListLookupService
		org.apache.nifi:nifi-hbase_1_1_2-client-service-nar:1.14.0 || ./work/nar/extensions/nifi-hbase_1_1_2-client-service-nar-1.14.0.nar-unpacked
	org.apache.nifi.redis.service.RedisDistributedMapCacheClientService
		org.apache.nifi:nifi-redis-nar:1.14.0 || ./work/nar/extensions/nifi-redis-nar-1.14.0.nar-unpacked
	org.apache.nifi.metrics.reporting.reporter.service.GraphiteMetricReporterService
		org.apache.nifi:nifi-metrics-reporting-nar:1.14.0 || ./work/nar/extensions/nifi-metrics-reporting-nar-1.14.0.nar-unpacked
	org.apache.nifi.lookup.RestLookupService
		org.apache.nifi:nifi-lookup-services-nar:1.14.0 || ./work/nar/extensions/nifi-lookup-services-nar-1.14.0.nar-unpacked
	org.apache.nifi.lookup.script.SimpleScriptedLookupService
		org.apache.nifi:nifi-scripting-nar:1.14.0 || ./work/nar/extensions/nifi-scripting-nar-1.14.0.nar-unpacked
	org.apache.nifi.text.FreeFormTextRecordSetWriter
		org.apache.nifi:nifi-record-serialization-services-nar:1.14.0 || ./work/nar/extensions/nifi-record-serialization-services-nar-1.14.0.nar-unpacked
	org.apache.nifi.hazelcast.services.cachemanager.ExternalHazelcastCacheManager
		org.apache.nifi:nifi-hazelcast-services-nar:1.14.0 || ./work/nar/extensions/nifi-hazelcast-services-nar-1.14.0.nar-unpacked
	org.apache.nifi.services.azure.storage.AzureStorageEmulatorCredentialsControllerService
		org.apache.nifi:nifi-azure-nar:1.14.0 || ./work/nar/extensions/nifi-azure-nar-1.14.0.nar-unpacked
	org.apache.nifi.rules.handlers.script.ScriptedActionHandler
		org.apache.nifi:nifi-scripting-nar:1.14.0 || ./work/nar/extensions/nifi-scripting-nar-1.14.0.nar-unpacked
	org.apache.nifi.lookup.CSVRecordLookupService
		org.apache.nifi:nifi-lookup-services-nar:1.14.0 || ./work/nar/extensions/nifi-lookup-services-nar-1.14.0.nar-unpacked
	org.apache.nifi.ssl.StandardSSLContextService
		org.apache.nifi:nifi-ssl-context-service-nar:1.14.0 || ./work/nar/extensions/nifi-ssl-context-service-nar-1.14.0.nar-unpacked
	org.apache.nifi.distributed.cache.client.DistributedSetCacheClientService
		org.apache.nifi:nifi-distributed-cache-services-nar:1.14.0 || ./work/nar/extensions/nifi-distributed-cache-services-nar-1.14.0.nar-unpacked
	org.apache.nifi.csv.CSVRecordSetWriter
		org.apache.nifi:nifi-record-serialization-services-nar:1.14.0 || ./work/nar/extensions/nifi-record-serialization-services-nar-1.14.0.nar-unpacked
	org.apache.nifi.lookup.db.DatabaseRecordLookupService
		org.apache.nifi:nifi-lookup-services-nar:1.14.0 || ./work/nar/extensions/nifi-lookup-services-nar-1.14.0.nar-unpacked
	org.apache.nifi.processors.gcp.credentials.service.GCPCredentialsControllerService
		org.apache.nifi:nifi-gcp-nar:1.14.0 || ./work/nar/extensions/nifi-gcp-nar-1.14.0.nar-unpacked
	org.apache.nifi.syslog.SyslogReader
		org.apache.nifi:nifi-record-serialization-services-nar:1.14.0 || ./work/nar/extensions/nifi-record-serialization-services-nar-1.14.0.nar-unpacked
	org.apache.nifi.services.azure.cosmos.document.AzureCosmosDBClientService
		org.apache.nifi:nifi-azure-nar:1.14.0 || ./work/nar/extensions/nifi-azure-nar-1.14.0.nar-unpacked
	org.apache.nifi.dbcp.HadoopDBCPConnectionPool
		org.apache.nifi:nifi-hadoop-dbcp-service-nar:1.14.0 || ./work/nar/extensions/nifi-hadoop-dbcp-service-nar-1.14.0.nar-unpacked
	org.apache.nifi.lookup.script.ScriptedLookupService
		org.apache.nifi:nifi-scripting-nar:1.14.0 || ./work/nar/extensions/nifi-scripting-nar-1.14.0.nar-unpacked
	org.apache.nifi.lookup.SimpleKeyValueLookupService
		org.apache.nifi:nifi-lookup-services-nar:1.14.0 || ./work/nar/extensions/nifi-lookup-services-nar-1.14.0.nar-unpacked
	org.apache.nifi.hazelcast.services.cachemanager.EmbeddedHazelcastCacheManager
		org.apache.nifi:nifi-hazelcast-services-nar:1.14.0 || ./work/nar/extensions/nifi-hazelcast-services-nar-1.14.0.nar-unpacked
	org.apache.nifi.xml.XMLRecordSetWriter
		org.apache.nifi:nifi-record-serialization-services-nar:1.14.0 || ./work/nar/extensions/nifi-record-serialization-services-nar-1.14.0.nar-unpacked
	org.apache.nifi.json.JsonTreeReader
		org.apache.nifi:nifi-record-serialization-services-nar:1.14.0 || ./work/nar/extensions/nifi-record-serialization-services-nar-1.14.0.nar-unpacked
	org.apache.nifi.distributed.cache.server.map.DistributedMapCacheServer
		org.apache.nifi:nifi-distributed-cache-services-nar:1.14.0 || ./work/nar/extensions/nifi-distributed-cache-services-nar-1.14.0.nar-unpacked
	org.apache.nifi.couchbase.CouchbaseClusterService
		org.apache.nifi:nifi-couchbase-nar:1.14.0 || ./work/nar/extensions/nifi-couchbase-nar-1.14.0.nar-unpacked
	=== End ControllerService types ===
	=== AccessPolicyProvider Type ===
	org.apache.nifi.authorization.FileAccessPolicyProvider
		org.apache.nifi:nifi-framework-nar:1.14.0 || ./work/nar/framework/nifi-framework-nar-1.14.0.nar-unpacked
	=== End AccessPolicyProvider types ===
	=== FlowFileRepository Type ===
	org.apache.nifi.controller.repository.VolatileFlowFileRepository
		org.apache.nifi:nifi-framework-nar:1.14.0 || ./work/nar/framework/nifi-framework-nar-1.14.0.nar-unpacked
	org.apache.nifi.controller.repository.WriteAheadFlowFileRepository
		org.apache.nifi:nifi-framework-nar:1.14.0 || ./work/nar/framework/nifi-framework-nar-1.14.0.nar-unpacked
	org.apache.nifi.controller.repository.RocksDBFlowFileRepository
		org.apache.nifi:nifi-framework-nar:1.14.0 || ./work/nar/framework/nifi-framework-nar-1.14.0.nar-unpacked
	=== End FlowFileRepository types ===
	=== ReportingTask Type ===
	org.apache.nifi.controller.MonitorMemory
		org.apache.nifi:nifi-standard-nar:1.14.0 || ./work/nar/extensions/nifi-standard-nar-1.14.0.nar-unpacked
	org.apache.nifi.reporting.ambari.AmbariReportingTask
		org.apache.nifi:nifi-ambari-nar:1.14.0 || ./work/nar/extensions/nifi-ambari-nar-1.14.0.nar-unpacked
	org.apache.nifi.reporting.prometheus.PrometheusReportingTask
		org.apache.nifi:nifi-prometheus-nar:1.14.0 || ./work/nar/extensions/nifi-prometheus-nar-1.14.0.nar-unpacked
	org.apache.nifi.reporting.SiteToSiteStatusReportingTask
		org.apache.nifi:nifi-site-to-site-reporting-nar:1.14.0 || ./work/nar/extensions/nifi-site-to-site-reporting-nar-1.14.0.nar-unpacked
	org.apache.nifi.controller.ControllerStatusReportingTask
		org.apache.nifi:nifi-standard-nar:1.14.0 || ./work/nar/extensions/nifi-standard-nar-1.14.0.nar-unpacked
	org.apache.nifi.metrics.reporting.task.MetricsReportingTask
		org.apache.nifi:nifi-metrics-reporting-nar:1.14.0 || ./work/nar/extensions/nifi-metrics-reporting-nar-1.14.0.nar-unpacked
	org.apache.nifi.controller.MonitorDiskUsage
		org.apache.nifi:nifi-standard-nar:1.14.0 || ./work/nar/extensions/nifi-standard-nar-1.14.0.nar-unpacked
	org.apache.nifi.reporting.azure.loganalytics.AzureLogAnalyticsReportingTask
		org.apache.nifi:nifi-azure-nar:1.14.0 || ./work/nar/extensions/nifi-azure-nar-1.14.0.nar-unpacked
	org.apache.nifi.reporting.azure.loganalytics.AzureLogAnalyticsProvenanceReportingTask
		org.apache.nifi:nifi-azure-nar:1.14.0 || ./work/nar/extensions/nifi-azure-nar-1.14.0.nar-unpacked
	org.apache.nifi.reporting.SiteToSiteBulletinReportingTask
		org.apache.nifi:nifi-site-to-site-reporting-nar:1.14.0 || ./work/nar/extensions/nifi-site-to-site-reporting-nar-1.14.0.nar-unpacked
	org.apache.nifi.reporting.SiteToSiteMetricsReportingTask
		org.apache.nifi:nifi-site-to-site-reporting-nar:1.14.0 || ./work/nar/extensions/nifi-site-to-site-reporting-nar-1.14.0.nar-unpacked
	org.apache.nifi.reporting.datadog.DataDogReportingTask
		org.apache.nifi:nifi-datadog-nar:1.14.0 || ./work/nar/extensions/nifi-datadog-nar-1.14.0.nar-unpacked
	org.apache.nifi.reporting.SiteToSiteProvenanceReportingTask
		org.apache.nifi:nifi-site-to-site-reporting-nar:1.14.0 || ./work/nar/extensions/nifi-site-to-site-reporting-nar-1.14.0.nar-unpacked
	org.apache.nifi.reporting.ganglia.StandardGangliaReporter
		org.apache.nifi:nifi-standard-nar:1.14.0 || ./work/nar/extensions/nifi-standard-nar-1.14.0.nar-unpacked
	org.apache.nifi.reporting.script.ScriptedReportingTask
		org.apache.nifi:nifi-scripting-nar:1.14.0 || ./work/nar/extensions/nifi-scripting-nar-1.14.0.nar-unpacked
	=== End ReportingTask types ===
	=== FlowFilePrioritizer Type ===
	org.apache.nifi.prioritizer.PriorityAttributePrioritizer
		org.apache.nifi:nifi-framework-nar:1.14.0 || ./work/nar/framework/nifi-framework-nar-1.14.0.nar-unpacked
	org.apache.nifi.prioritizer.NewestFlowFileFirstPrioritizer
		org.apache.nifi:nifi-framework-nar:1.14.0 || ./work/nar/framework/nifi-framework-nar-1.14.0.nar-unpacked
	org.apache.nifi.prioritizer.OldestFlowFileFirstPrioritizer
		org.apache.nifi:nifi-framework-nar:1.14.0 || ./work/nar/framework/nifi-framework-nar-1.14.0.nar-unpacked
	org.apache.nifi.prioritizer.FirstInFirstOutPrioritizer
		org.apache.nifi:nifi-framework-nar:1.14.0 || ./work/nar/framework/nifi-framework-nar-1.14.0.nar-unpacked
	=== End FlowFilePrioritizer types ===
	=== ProvenanceRepository Type ===
	org.apache.nifi.provenance.WriteAheadProvenanceRepository
		org.apache.nifi:nifi-provenance-repository-nar:1.14.0 || ./work/nar/extensions/nifi-provenance-repository-nar-1.14.0.nar-unpacked
	org.apache.nifi.provenance.VolatileProvenanceRepository
		org.apache.nifi:nifi-provenance-repository-nar:1.14.0 || ./work/nar/extensions/nifi-provenance-repository-nar-1.14.0.nar-unpacked
	org.apache.nifi.provenance.PersistentProvenanceRepository
		org.apache.nifi:nifi-provenance-repository-nar:1.14.0 || ./work/nar/extensions/nifi-provenance-repository-nar-1.14.0.nar-unpacked
	org.apache.nifi.provenance.EncryptedWriteAheadProvenanceRepository
		org.apache.nifi:nifi-provenance-repository-nar:1.14.0 || ./work/nar/extensions/nifi-provenance-repository-nar-1.14.0.nar-unpacked
	=== End ProvenanceRepository types ===
	=== UserGroupProvider Type ===
	org.apache.nifi.authorization.azure.AzureGraphUserGroupProvider
		org.apache.nifi:nifi-azure-nar:1.14.0 || ./work/nar/extensions/nifi-azure-nar-1.14.0.nar-unpacked
	org.apache.nifi.authorization.CompositeConfigurableUserGroupProvider
		org.apache.nifi:nifi-framework-nar:1.14.0 || ./work/nar/framework/nifi-framework-nar-1.14.0.nar-unpacked
	org.apache.nifi.authorization.FileUserGroupProvider
		org.apache.nifi:nifi-framework-nar:1.14.0 || ./work/nar/framework/nifi-framework-nar-1.14.0.nar-unpacked
	org.apache.nifi.authorization.ShellUserGroupProvider
		org.apache.nifi:nifi-framework-nar:1.14.0 || ./work/nar/framework/nifi-framework-nar-1.14.0.nar-unpacked
	org.apache.nifi.ldap.tenants.LdapUserGroupProvider
		org.apache.nifi:nifi-ldap-iaa-providers-nar:1.14.0 || ./work/nar/extensions/nifi-ldap-iaa-providers-nar-1.14.0.nar-unpacked
	org.apache.nifi.authorization.CompositeUserGroupProvider
		org.apache.nifi:nifi-framework-nar:1.14.0 || ./work/nar/framework/nifi-framework-nar-1.14.0.nar-unpacked
	=== End UserGroupProvider types ===
	=== StateProvider Type ===
	org.apache.nifi.controller.state.providers.zookeeper.ZooKeeperStateProvider
		org.apache.nifi:nifi-framework-nar:1.14.0 || ./work/nar/framework/nifi-framework-nar-1.14.0.nar-unpacked
	org.apache.nifi.redis.state.RedisStateProvider
		org.apache.nifi:nifi-redis-nar:1.14.0 || ./work/nar/extensions/nifi-redis-nar-1.14.0.nar-unpacked
	org.apache.nifi.controller.state.providers.local.WriteAheadLocalStateProvider
		org.apache.nifi:nifi-framework-nar:1.14.0 || ./work/nar/framework/nifi-framework-nar-1.14.0.nar-unpacked
	=== End StateProvider types ===
	=== FlowFileSwapManager Type ===
	org.apache.nifi.controller.EncryptedFileSystemSwapManager
		org.apache.nifi:nifi-framework-nar:1.14.0 || ./work/nar/framework/nifi-framework-nar-1.14.0.nar-unpacked
	org.apache.nifi.controller.FileSystemSwapManager
		org.apache.nifi:nifi-framework-nar:1.14.0 || ./work/nar/framework/nifi-framework-nar-1.14.0.nar-unpacked
	=== End FlowFileSwapManager types ===
	=== StatusAnalyticsModel Type ===
	org.apache.nifi.controller.status.analytics.models.SimpleRegression
		org.apache.nifi:nifi-framework-nar:1.14.0 || ./work/nar/framework/nifi-framework-nar-1.14.0.nar-unpacked
	org.apache.nifi.controller.status.analytics.models.OrdinaryLeastSquares
		org.apache.nifi:nifi-framework-nar:1.14.0 || ./work/nar/framework/nifi-framework-nar-1.14.0.nar-unpacked
	=== End StatusAnalyticsModel types ===
	=== LoginIdentityProvider Type ===
	org.apache.nifi.ldap.LdapProvider
		org.apache.nifi:nifi-ldap-iaa-providers-nar:1.14.0 || ./work/nar/extensions/nifi-ldap-iaa-providers-nar-1.14.0.nar-unpacked
	org.apache.nifi.authentication.single.user.SingleUserLoginIdentityProvider
		org.apache.nifi:nifi-single-user-iaa-providers-nar:1.14.0 || ./work/nar/extensions/nifi-single-user-iaa-providers-nar-1.14.0.nar-unpacked
	org.apache.nifi.kerberos.KerberosProvider
		org.apache.nifi:nifi-kerberos-iaa-providers-nar:1.14.0 || ./work/nar/extensions/nifi-kerberos-iaa-providers-nar-1.14.0.nar-unpacked
	=== End LoginIdentityProvider types ===
	=== StatusHistoryRepository Type ===
	org.apache.nifi.controller.status.history.VolatileComponentStatusRepository
		org.apache.nifi:nifi-framework-nar:1.14.0 || ./work/nar/framework/nifi-framework-nar-1.14.0.nar-unpacked
	org.apache.nifi.controller.status.history.EmbeddedQuestDbStatusHistoryRepository
		org.apache.nifi:nifi-framework-nar:1.14.0 || ./work/nar/framework/nifi-framework-nar-1.14.0.nar-unpacked
	=== End StatusHistoryRepository types ===
	=== Processor Type ===
	org.apache.nifi.processors.mongodb.RunMongoAggregation
		org.apache.nifi:nifi-mongodb-nar:1.14.0 || ./work/nar/extensions/nifi-mongodb-nar-1.14.0.nar-unpacked
	org.apache.nifi.processors.hl7.RouteHL7
		org.apache.nifi:nifi-hl7-nar:1.14.0 || ./work/nar/extensions/nifi-hl7-nar-1.14.0.nar-unpacked
	org.apache.nifi.processors.mongodb.gridfs.DeleteGridFS
		org.apache.nifi:nifi-mongodb-nar:1.14.0 || ./work/nar/extensions/nifi-mongodb-nar-1.14.0.nar-unpacked
	org.apache.nifi.processors.standard.ListenTCPRecord
		org.apache.nifi:nifi-standard-nar:1.14.0 || ./work/nar/extensions/nifi-standard-nar-1.14.0.nar-unpacked
	org.apache.nifi.processors.standard.ExtractGrok
		org.apache.nifi:nifi-standard-nar:1.14.0 || ./work/nar/extensions/nifi-standard-nar-1.14.0.nar-unpacked
	org.apache.nifi.hbase.DeleteHBaseRow
		org.apache.nifi:nifi-hbase-nar:1.14.0 || ./work/nar/extensions/nifi-hbase-nar-1.14.0.nar-unpacked
	org.apache.nifi.processors.standard.FetchFTP
		org.apache.nifi:nifi-standard-nar:1.14.0 || ./work/nar/extensions/nifi-standard-nar-1.14.0.nar-unpacked
	org.apache.nifi.processors.hadoop.PutHDFS
		org.apache.nifi:nifi-hadoop-nar:1.14.0 || ./work/nar/extensions/nifi-hadoop-nar-1.14.0.nar-unpacked
	org.apache.nifi.processors.gcp.storage.FetchGCSObject
		org.apache.nifi:nifi-gcp-nar:1.14.0 || ./work/nar/extensions/nifi-gcp-nar-1.14.0.nar-unpacked
	org.apache.nifi.processors.hadoop.MoveHDFS
		org.apache.nifi:nifi-hadoop-nar:1.14.0 || ./work/nar/extensions/nifi-hadoop-nar-1.14.0.nar-unpacked
	org.apache.nifi.processors.standard.PutEmail
		org.apache.nifi:nifi-standard-nar:1.14.0 || ./work/nar/extensions/nifi-standard-nar-1.14.0.nar-unpacked
	org.apache.nifi.processors.standard.MergeRecord
		org.apache.nifi:nifi-standard-nar:1.14.0 || ./work/nar/extensions/nifi-standard-nar-1.14.0.nar-unpacked
	org.apache.nifi.processors.standard.PutRecord
		org.apache.nifi:nifi-standard-nar:1.14.0 || ./work/nar/extensions/nifi-standard-nar-1.14.0.nar-unpacked
	org.apache.nifi.processors.email.ConsumePOP3
		org.apache.nifi:nifi-email-nar:1.14.0 || ./work/nar/extensions/nifi-email-nar-1.14.0.nar-unpacked
	org.apache.nifi.processors.standard.Notify
		org.apache.nifi:nifi-standard-nar:1.14.0 || ./work/nar/extensions/nifi-standard-nar-1.14.0.nar-unpacked
	org.apache.nifi.spring.SpringContextProcessor
		org.apache.nifi:nifi-spring-nar:1.14.0 || ./work/nar/extensions/nifi-spring-nar-1.14.0.nar-unpacked
	org.apache.nifi.processors.rethinkdb.DeleteRethinkDB
		org.apache.nifi:nifi-rethinkdb-nar:1.14.0 || ./work/nar/extensions/nifi-rethinkdb-nar-1.14.0.nar-unpacked
	org.apache.nifi.processors.aws.sqs.PutSQS
		org.apache.nifi:nifi-aws-nar:1.14.0 || ./work/nar/extensions/nifi-aws-nar-1.14.0.nar-unpacked
	org.apache.nifi.processors.standard.DuplicateFlowFile
		org.apache.nifi:nifi-standard-nar:1.14.0 || ./work/nar/extensions/nifi-standard-nar-1.14.0.nar-unpacked
	org.apache.nifi.GetHTMLElement
		org.apache.nifi:nifi-html-nar:1.14.0 || ./work/nar/extensions/nifi-html-nar-1.14.0.nar-unpacked
	org.apache.nifi.processors.standard.DebugFlow
		org.apache.nifi:nifi-standard-nar:1.14.0 || ./work/nar/extensions/nifi-standard-nar-1.14.0.nar-unpacked
	org.apache.nifi.processors.elasticsearch.PutElasticsearchHttpRecord
		org.apache.nifi:nifi-elasticsearch-nar:1.14.0 || ./work/nar/extensions/nifi-elasticsearch-nar-1.14.0.nar-unpacked
	org.apache.nifi.processors.standard.SampleRecord
		org.apache.nifi:nifi-standard-nar:1.14.0 || ./work/nar/extensions/nifi-standard-nar-1.14.0.nar-unpacked
	org.apache.nifi.processors.standard.SegmentContent
		org.apache.nifi:nifi-standard-nar:1.14.0 || ./work/nar/extensions/nifi-standard-nar-1.14.0.nar-unpacked
	org.apache.nifi.processors.standard.EvaluateXQuery
		org.apache.nifi:nifi-standard-nar:1.14.0 || ./work/nar/extensions/nifi-standard-nar-1.14.0.nar-unpacked
	org.apache.nifi.processors.kafka.pubsub.PublishKafka_1_0
		org.apache.nifi:nifi-kafka-1-0-nar:1.14.0 || ./work/nar/extensions/nifi-kafka-1-0-nar-1.14.0.nar-unpacked
	org.apache.nifi.processors.standard.ForkRecord
		org.apache.nifi:nifi-standard-nar:1.14.0 || ./work/nar/extensions/nifi-standard-nar-1.14.0.nar-unpacked
	org.apache.nifi.processors.pgp.EncryptContentPGP
		org.apache.nifi:nifi-pgp-nar:1.14.0 || ./work/nar/extensions/nifi-pgp-nar-1.14.0.nar-unpacked
	org.apache.nifi.processors.standard.ValidateXml
		org.apache.nifi:nifi-standard-nar:1.14.0 || ./work/nar/extensions/nifi-standard-nar-1.14.0.nar-unpacked
	org.apache.nifi.processors.aws.kinesis.stream.PutKinesisStream
		org.apache.nifi:nifi-aws-nar:1.14.0 || ./work/nar/extensions/nifi-aws-nar-1.14.0.nar-unpacked
	org.apache.nifi.processors.standard.ListFTP
		org.apache.nifi:nifi-standard-nar:1.14.0 || ./work/nar/extensions/nifi-standard-nar-1.14.0.nar-unpacked
	org.apache.nifi.hbase.GetHBase
		org.apache.nifi:nifi-hbase-nar:1.14.0 || ./work/nar/extensions/nifi-hbase-nar-1.14.0.nar-unpacked
	org.apache.nifi.processors.standard.ConvertJSONToSQL
		org.apache.nifi:nifi-standard-nar:1.14.0 || ./work/nar/extensions/nifi-standard-nar-1.14.0.nar-unpacked
	org.apache.nifi.processors.email.ConsumeEWS
		org.apache.nifi:nifi-email-nar:1.14.0 || ./work/nar/extensions/nifi-email-nar-1.14.0.nar-unpacked
	org.apache.nifi.processors.standard.FetchDistributedMapCache
		org.apache.nifi:nifi-standard-nar:1.14.0 || ./work/nar/extensions/nifi-standard-nar-1.14.0.nar-unpacked
	org.apache.nifi.processors.solr.GetSolr
		org.apache.nifi:nifi-solr-nar:1.14.0 || ./work/nar/extensions/nifi-solr-nar-1.14.0.nar-unpacked
	org.apache.nifi.processors.standard.PostHTTP
		org.apache.nifi:nifi-standard-nar:1.14.0 || ./work/nar/extensions/nifi-standard-nar-1.14.0.nar-unpacked
	org.apache.nifi.processors.standard.GetJMSTopic
		org.apache.nifi:nifi-standard-nar:1.14.0 || ./work/nar/extensions/nifi-standard-nar-1.14.0.nar-unpacked
	org.apache.nifi.processors.azure.storage.ListAzureBlobStorage
		org.apache.nifi:nifi-azure-nar:1.14.0 || ./work/nar/extensions/nifi-azure-nar-1.14.0.nar-unpacked
	org.apache.nifi.processors.azure.eventhub.PutAzureEventHub
		org.apache.nifi:nifi-azure-nar:1.14.0 || ./work/nar/extensions/nifi-azure-nar-1.14.0.nar-unpacked
	org.apache.nifi.processors.standard.FetchSFTP
		org.apache.nifi:nifi-standard-nar:1.14.0 || ./work/nar/extensions/nifi-standard-nar-1.14.0.nar-unpacked
	org.apache.nifi.processors.standard.TailFile
		org.apache.nifi:nifi-standard-nar:1.14.0 || ./work/nar/extensions/nifi-standard-nar-1.14.0.nar-unpacked
	org.apache.nifi.processors.standard.Wait
		org.apache.nifi:nifi-standard-nar:1.14.0 || ./work/nar/extensions/nifi-standard-nar-1.14.0.nar-unpacked
	org.apache.nifi.processors.websocket.ConnectWebSocket
		org.apache.nifi:nifi-websocket-processors-nar:1.14.0 || ./work/nar/extensions/nifi-websocket-processors-nar-1.14.0.nar-unpacked
	org.apache.nifi.processors.standard.RouteOnContent
		org.apache.nifi:nifi-standard-nar:1.14.0 || ./work/nar/extensions/nifi-standard-nar-1.14.0.nar-unpacked
	org.apache.nifi.processors.email.ListenSMTP
		org.apache.nifi:nifi-email-nar:1.14.0 || ./work/nar/extensions/nifi-email-nar-1.14.0.nar-unpacked
	org.apache.nifi.processors.script.ExecuteScript
		org.apache.nifi:nifi-scripting-nar:1.14.0 || ./work/nar/extensions/nifi-scripting-nar-1.14.0.nar-unpacked
	org.apache.nifi.processors.splunk.PutSplunkHTTP
		org.apache.nifi:nifi-splunk-nar:1.14.0 || ./work/nar/extensions/nifi-splunk-nar-1.14.0.nar-unpacked
	org.apache.nifi.processors.standard.RouteOnAttribute
		org.apache.nifi:nifi-standard-nar:1.14.0 || ./work/nar/extensions/nifi-standard-nar-1.14.0.nar-unpacked
	org.apache.nifi.processors.standard.ParseSyslog
		org.apache.nifi:nifi-standard-nar:1.14.0 || ./work/nar/extensions/nifi-standard-nar-1.14.0.nar-unpacked
	org.apache.nifi.processors.standard.InvokeHTTP
		org.apache.nifi:nifi-standard-nar:1.14.0 || ./work/nar/extensions/nifi-standard-nar-1.14.0.nar-unpacked
	org.apache.nifi.processors.ISPEnrichIP
		org.apache.nifi:nifi-enrich-nar:1.14.0 || ./work/nar/extensions/nifi-enrich-nar-1.14.0.nar-unpacked
	org.apache.nifi.processors.standard.ValidateRecord
		org.apache.nifi:nifi-standard-nar:1.14.0 || ./work/nar/extensions/nifi-standard-nar-1.14.0.nar-unpacked
	org.apache.nifi.processors.standard.ListenTCP
		org.apache.nifi:nifi-standard-nar:1.14.0 || ./work/nar/extensions/nifi-standard-nar-1.14.0.nar-unpacked
	org.apache.nifi.processors.slack.PutSlack
		org.apache.nifi:nifi-slack-nar:1.14.0 || ./work/nar/extensions/nifi-slack-nar-1.14.0.nar-unpacked
	org.apache.nifi.processors.elasticsearch.PutElasticsearchRecord
		org.apache.nifi:nifi-elasticsearch-restapi-nar:1.14.0 || ./work/nar/extensions/nifi-elasticsearch-restapi-nar-1.14.0.nar-unpacked
	org.apache.nifi.processors.couchbase.PutCouchbaseKey
		org.apache.nifi:nifi-couchbase-nar:1.14.0 || ./work/nar/extensions/nifi-couchbase-nar-1.14.0.nar-unpacked
	org.apache.nifi.jms.processors.PublishJMS
		org.apache.nifi:nifi-jms-processors-nar:1.14.0 || ./work/nar/extensions/nifi-jms-processors-nar-1.14.0.nar-unpacked
	org.apache.nifi.processors.standard.CalculateRecordStats
		org.apache.nifi:nifi-standard-nar:1.14.0 || ./work/nar/extensions/nifi-standard-nar-1.14.0.nar-unpacked
	org.apache.nifi.processors.email.ExtractEmailHeaders
		org.apache.nifi:nifi-email-nar:1.14.0 || ./work/nar/extensions/nifi-email-nar-1.14.0.nar-unpacked
	org.apache.nifi.processors.email.ConsumeIMAP
		org.apache.nifi:nifi-email-nar:1.14.0 || ./work/nar/extensions/nifi-email-nar-1.14.0.nar-unpacked
	org.apache.nifi.processors.standard.ListenUDP
		org.apache.nifi:nifi-standard-nar:1.14.0 || ./work/nar/extensions/nifi-standard-nar-1.14.0.nar-unpacked
	org.apache.nifi.processors.elasticsearch.FetchElasticsearchHttp
		org.apache.nifi:nifi-elasticsearch-nar:1.14.0 || ./work/nar/extensions/nifi-elasticsearch-nar-1.14.0.nar-unpacked
	org.apache.nifi.processors.standard.ReplaceText
		org.apache.nifi:nifi-standard-nar:1.14.0 || ./work/nar/extensions/nifi-standard-nar-1.14.0.nar-unpacked
	org.apache.nifi.processors.gcp.pubsub.PublishGCPubSub
		org.apache.nifi:nifi-gcp-nar:1.14.0 || ./work/nar/extensions/nifi-gcp-nar-1.14.0.nar-unpacked
	org.apache.nifi.processors.standard.EvaluateJsonPath
		org.apache.nifi:nifi-standard-nar:1.14.0 || ./work/nar/extensions/nifi-standard-nar-1.14.0.nar-unpacked
	org.apache.nifi.processors.standard.ReplaceTextWithMapping
		org.apache.nifi:nifi-standard-nar:1.14.0 || ./work/nar/extensions/nifi-standard-nar-1.14.0.nar-unpacked
	org.apache.nifi.processors.influxdb.ExecuteInfluxDBQuery
		org.apache.nifi:nifi-influxdb-nar:1.14.0 || ./work/nar/extensions/nifi-influxdb-nar-1.14.0.nar-unpacked
	org.apache.nifi.processors.standard.IdentifyMimeType
		org.apache.nifi:nifi-standard-nar:1.14.0 || ./work/nar/extensions/nifi-standard-nar-1.14.0.nar-unpacked
	org.apache.nifi.processors.standard.ListenSyslog
		org.apache.nifi:nifi-standard-nar:1.14.0 || ./work/nar/extensions/nifi-standard-nar-1.14.0.nar-unpacked
	org.apache.nifi.processors.mongodb.DeleteMongo
		org.apache.nifi:nifi-mongodb-nar:1.14.0 || ./work/nar/extensions/nifi-mongodb-nar-1.14.0.nar-unpacked
	org.apache.nifi.processors.aws.s3.PutS3Object
		org.apache.nifi:nifi-aws-nar:1.14.0 || ./work/nar/extensions/nifi-aws-nar-1.14.0.nar-unpacked
	org.apache.nifi.processors.standard.PutDatabaseRecord
		org.apache.nifi:nifi-standard-nar:1.14.0 || ./work/nar/extensions/nifi-standard-nar-1.14.0.nar-unpacked
	org.apache.nifi.snmp.processors.GetSNMP
		org.apache.nifi:nifi-snmp-nar:1.14.0 || ./work/nar/extensions/nifi-snmp-nar-1.14.0.nar-unpacked
	org.apache.nifi.processors.hadoop.inotify.GetHDFSEvents
		org.apache.nifi:nifi-hadoop-nar:1.14.0 || ./work/nar/extensions/nifi-hadoop-nar-1.14.0.nar-unpacked
	org.apache.nifi.processors.standard.ExecuteSQL
		org.apache.nifi:nifi-standard-nar:1.14.0 || ./work/nar/extensions/nifi-standard-nar-1.14.0.nar-unpacked
	org.apache.nifi.processors.windows.event.log.ConsumeWindowsEventLog
		org.apache.nifi:nifi-windows-event-log-nar:1.14.0 || ./work/nar/extensions/nifi-windows-event-log-nar-1.14.0.nar-unpacked
	org.apache.nifi.processors.aws.dynamodb.DeleteDynamoDB
		org.apache.nifi:nifi-aws-nar:1.14.0 || ./work/nar/extensions/nifi-aws-nar-1.14.0.nar-unpacked
	org.apache.nifi.processors.cassandra.PutCassandraRecord
		org.apache.nifi:nifi-cassandra-nar:1.14.0 || ./work/nar/extensions/nifi-cassandra-nar-1.14.0.nar-unpacked
	org.apache.nifi.processors.standard.QueryDatabaseTableRecord
		org.apache.nifi:nifi-standard-nar:1.14.0 || ./work/nar/extensions/nifi-standard-nar-1.14.0.nar-unpacked
	org.apache.nifi.processors.standard.TransformXml
		org.apache.nifi:nifi-standard-nar:1.14.0 || ./work/nar/extensions/nifi-standard-nar-1.14.0.nar-unpacked
	org.apache.nifi.processors.hive.ConvertAvroToORC
		org.apache.nifi:nifi-hive-nar:1.14.0 || ./work/nar/extensions/nifi-hive-nar-1.14.0.nar-unpacked
	org.apache.nifi.processors.standard.FetchFile
		org.apache.nifi:nifi-standard-nar:1.14.0 || ./work/nar/extensions/nifi-standard-nar-1.14.0.nar-unpacked
	org.apache.nifi.processors.azure.cosmos.document.PutAzureCosmosDBRecord
		org.apache.nifi:nifi-azure-nar:1.14.0 || ./work/nar/extensions/nifi-azure-nar-1.14.0.nar-unpacked
	org.apache.nifi.processors.kafka.pubsub.ConsumeKafka_2_6
		org.apache.nifi:nifi-kafka-2-6-nar:1.14.0 || ./work/nar/extensions/nifi-kafka-2-6-nar-1.14.0.nar-unpacked
	org.apache.nifi.processors.mongodb.PutMongoRecord
		org.apache.nifi:nifi-mongodb-nar:1.14.0 || ./work/nar/extensions/nifi-mongodb-nar-1.14.0.nar-unpacked
	org.apache.nifi.processors.elasticsearch.FetchElasticsearch
		org.apache.nifi:nifi-elasticsearch-nar:1.14.0 || ./work/nar/extensions/nifi-elasticsearch-nar-1.14.0.nar-unpacked
	org.apache.nifi.processors.aws.cloudwatch.PutCloudWatchMetric
		org.apache.nifi:nifi-aws-nar:1.14.0 || ./work/nar/extensions/nifi-aws-nar-1.14.0.nar-unpacked
	org.apache.nifi.processors.standard.RouteText
		org.apache.nifi:nifi-standard-nar:1.14.0 || ./work/nar/extensions/nifi-standard-nar-1.14.0.nar-unpacked
	org.apache.nifi.processors.gcp.bigquery.PutBigQueryBatch
		org.apache.nifi:nifi-gcp-nar:1.14.0 || ./work/nar/extensions/nifi-gcp-nar-1.14.0.nar-unpacked
	org.apache.nifi.processors.solr.QuerySolr
		org.apache.nifi:nifi-solr-nar:1.14.0 || ./work/nar/extensions/nifi-solr-nar-1.14.0.nar-unpacked
	org.apache.nifi.processors.standard.ModifyBytes
		org.apache.nifi:nifi-standard-nar:1.14.0 || ./work/nar/extensions/nifi-standard-nar-1.14.0.nar-unpacked
	org.apache.nifi.processors.parquet.PutParquet
		org.apache.nifi:nifi-parquet-nar:1.14.0 || ./work/nar/extensions/nifi-parquet-nar-1.14.0.nar-unpacked
	org.apache.nifi.processors.aws.kinesis.stream.ConsumeKinesisStream
		org.apache.nifi:nifi-aws-nar:1.14.0 || ./work/nar/extensions/nifi-aws-nar-1.14.0.nar-unpacked
	org.apache.nifi.processors.splunk.QuerySplunkIndexingStatus
		org.apache.nifi:nifi-splunk-nar:1.14.0 || ./work/nar/extensions/nifi-splunk-nar-1.14.0.nar-unpacked
	org.apache.nifi.processors.evtx.ParseEvtx
		org.apache.nifi:nifi-evtx-nar:1.14.0 || ./work/nar/extensions/nifi-evtx-nar-1.14.0.nar-unpacked
	org.apache.nifi.processors.standard.EvaluateXPath
		org.apache.nifi:nifi-standard-nar:1.14.0 || ./work/nar/extensions/nifi-standard-nar-1.14.0.nar-unpacked
	org.apache.nifi.processors.standard.EnforceOrder
		org.apache.nifi:nifi-standard-nar:1.14.0 || ./work/nar/extensions/nifi-standard-nar-1.14.0.nar-unpacked
	org.apache.nifi.processors.standard.LogMessage
		org.apache.nifi:nifi-standard-nar:1.14.0 || ./work/nar/extensions/nifi-standard-nar-1.14.0.nar-unpacked
	org.apache.nifi.processors.splunk.PutSplunk
		org.apache.nifi:nifi-splunk-nar:1.14.0 || ./work/nar/extensions/nifi-splunk-nar-1.14.0.nar-unpacked
	org.apache.nifi.processors.azure.storage.FetchAzureBlobStorage
		org.apache.nifi:nifi-azure-nar:1.14.0 || ./work/nar/extensions/nifi-azure-nar-1.14.0.nar-unpacked
	org.apache.nifi.processors.kafka.pubsub.ConsumeKafkaRecord_1_0
		org.apache.nifi:nifi-kafka-1-0-nar:1.14.0 || ./work/nar/extensions/nifi-kafka-1-0-nar-1.14.0.nar-unpacked
	org.apache.nifi.processors.standard.ListSFTP
		org.apache.nifi:nifi-standard-nar:1.14.0 || ./work/nar/extensions/nifi-standard-nar-1.14.0.nar-unpacked
	org.apache.nifi.processors.standard.SplitText
		org.apache.nifi:nifi-standard-nar:1.14.0 || ./work/nar/extensions/nifi-standard-nar-1.14.0.nar-unpacked
	org.apache.nifi.processors.parquet.ConvertAvroToParquet
		org.apache.nifi:nifi-parquet-nar:1.14.0 || ./work/nar/extensions/nifi-parquet-nar-1.14.0.nar-unpacked
	org.apache.nifi.processors.standard.GetFTP
		org.apache.nifi:nifi-standard-nar:1.14.0 || ./work/nar/extensions/nifi-standard-nar-1.14.0.nar-unpacked
	org.apache.nifi.processors.gcp.storage.DeleteGCSObject
		org.apache.nifi:nifi-gcp-nar:1.14.0 || ./work/nar/extensions/nifi-gcp-nar-1.14.0.nar-unpacked
	org.apache.nifi.processors.kafka.pubsub.PublishKafkaRecord_1_0
		org.apache.nifi:nifi-kafka-1-0-nar:1.14.0 || ./work/nar/extensions/nifi-kafka-1-0-nar-1.14.0.nar-unpacked
	org.apache.nifi.hbase.ScanHBase
		org.apache.nifi:nifi-hbase-nar:1.14.0 || ./work/nar/extensions/nifi-hbase-nar-1.14.0.nar-unpacked
	org.apache.nifi.processors.kudu.PutKudu
		org.apache.nifi:nifi-kudu-nar:1.14.0 || ./work/nar/extensions/nifi-kudu-nar-1.14.0.nar-unpacked
	org.apache.nifi.processors.email.ExtractTNEFAttachments
		org.apache.nifi:nifi-email-nar:1.14.0 || ./work/nar/extensions/nifi-email-nar-1.14.0.nar-unpacked
	org.apache.nifi.processors.standard.ListenUDPRecord
		org.apache.nifi:nifi-standard-nar:1.14.0 || ./work/nar/extensions/nifi-standard-nar-1.14.0.nar-unpacked
	org.apache.nifi.processors.standard.DistributeLoad
		org.apache.nifi:nifi-standard-nar:1.14.0 || ./work/nar/extensions/nifi-standard-nar-1.14.0.nar-unpacked
	org.apache.nifi.processors.yandex.YandexTranslate
		org.apache.nifi:nifi-language-translation-nar:1.14.0 || ./work/nar/extensions/nifi-language-translation-nar-1.14.0.nar-unpacked
	org.apache.nifi.processors.aws.sqs.GetSQS
		org.apache.nifi:nifi-aws-nar:1.14.0 || ./work/nar/extensions/nifi-aws-nar-1.14.0.nar-unpacked
	org.apache.nifi.processors.enrich.QueryWhois
		org.apache.nifi:nifi-enrich-nar:1.14.0 || ./work/nar/extensions/nifi-enrich-nar-1.14.0.nar-unpacked
	org.apache.nifi.processors.kafka.pubsub.PublishKafkaRecord_2_6
		org.apache.nifi:nifi-kafka-2-6-nar:1.14.0 || ./work/nar/extensions/nifi-kafka-2-6-nar-1.14.0.nar-unpacked
	org.apache.nifi.processors.standard.PutJMS
		org.apache.nifi:nifi-standard-nar:1.14.0 || ./work/nar/extensions/nifi-standard-nar-1.14.0.nar-unpacked
	org.apache.nifi.processors.standard.ExecuteStreamCommand
		org.apache.nifi:nifi-standard-nar:1.14.0 || ./work/nar/extensions/nifi-standard-nar-1.14.0.nar-unpacked
	org.apache.nifi.processors.kafka.pubsub.PublishKafka_2_6
		org.apache.nifi:nifi-kafka-2-6-nar:1.14.0 || ./work/nar/extensions/nifi-kafka-2-6-nar-1.14.0.nar-unpacked
	org.apache.nifi.processors.pgp.DecryptContentPGP
		org.apache.nifi:nifi-pgp-nar:1.14.0 || ./work/nar/extensions/nifi-pgp-nar-1.14.0.nar-unpacked
	org.apache.nifi.processors.standard.PutDistributedMapCache
		org.apache.nifi:nifi-standard-nar:1.14.0 || ./work/nar/extensions/nifi-standard-nar-1.14.0.nar-unpacked
	org.apache.nifi.processors.kafka.pubsub.ConsumeKafka_1_0
		org.apache.nifi:nifi-kafka-1-0-nar:1.14.0 || ./work/nar/extensions/nifi-kafka-1-0-nar-1.14.0.nar-unpacked
	org.apache.nifi.processors.influxdb.PutInfluxDB
		org.apache.nifi:nifi-influxdb-nar:1.14.0 || ./work/nar/extensions/nifi-influxdb-nar-1.14.0.nar-unpacked
	org.apache.nifi.processors.gcp.storage.PutGCSObject
		org.apache.nifi:nifi-gcp-nar:1.14.0 || ./work/nar/extensions/nifi-gcp-nar-1.14.0.nar-unpacked
	org.apache.nifi.processors.standard.ListFile
		org.apache.nifi:nifi-standard-nar:1.14.0 || ./work/nar/extensions/nifi-standard-nar-1.14.0.nar-unpacked
	org.apache.nifi.processors.twitter.GetTwitter
		org.apache.nifi:nifi-social-media-nar:1.14.0 || ./work/nar/extensions/nifi-social-media-nar-1.14.0.nar-unpacked
	org.apache.nifi.processors.mongodb.gridfs.FetchGridFS
		org.apache.nifi:nifi-mongodb-nar:1.14.0 || ./work/nar/extensions/nifi-mongodb-nar-1.14.0.nar-unpacked
	org.apache.nifi.processors.standard.SplitRecord
		org.apache.nifi:nifi-standard-nar:1.14.0 || ./work/nar/extensions/nifi-standard-nar-1.14.0.nar-unpacked
	org.apache.nifi.processors.avro.SplitAvro
		org.apache.nifi:nifi-avro-nar:1.14.0 || ./work/nar/extensions/nifi-avro-nar-1.14.0.nar-unpacked
	org.apache.nifi.processors.aws.sqs.DeleteSQS
		org.apache.nifi:nifi-aws-nar:1.14.0 || ./work/nar/extensions/nifi-aws-nar-1.14.0.nar-unpacked
	org.apache.nifi.processors.mongodb.PutMongo
		org.apache.nifi:nifi-mongodb-nar:1.14.0 || ./work/nar/extensions/nifi-mongodb-nar-1.14.0.nar-unpacked
	org.apache.nifi.processors.standard.FlattenJson
		org.apache.nifi:nifi-standard-nar:1.14.0 || ./work/nar/extensions/nifi-standard-nar-1.14.0.nar-unpacked
	org.apache.nifi.processors.standard.GetFile
		org.apache.nifi:nifi-standard-nar:1.14.0 || ./work/nar/extensions/nifi-standard-nar-1.14.0.nar-unpacked
	org.apache.nifi.processors.standard.ListenRELP
		org.apache.nifi:nifi-standard-nar:1.14.0 || ./work/nar/extensions/nifi-standard-nar-1.14.0.nar-unpacked
	org.apache.nifi.processors.elasticsearch.QueryElasticsearchHttp
		org.apache.nifi:nifi-elasticsearch-nar:1.14.0 || ./work/nar/extensions/nifi-elasticsearch-nar-1.14.0.nar-unpacked
	org.apache.nifi.hbase.DeleteHBaseCells
		org.apache.nifi:nifi-hbase-nar:1.14.0 || ./work/nar/extensions/nifi-hbase-nar-1.14.0.nar-unpacked
	org.apache.nifi.processors.jolt.record.JoltTransformRecord
		org.apache.nifi:nifi-jolt-record-nar:1.14.0 || ./work/nar/extensions/nifi-jolt-record-nar-1.14.0.nar-unpacked
	org.apache.nifi.processors.standard.AttributesToJSON
		org.apache.nifi:nifi-standard-nar:1.14.0 || ./work/nar/extensions/nifi-standard-nar-1.14.0.nar-unpacked
	org.apache.nifi.processors.standard.CryptographicHashAttribute
		org.apache.nifi:nifi-standard-nar:1.14.0 || ./work/nar/extensions/nifi-standard-nar-1.14.0.nar-unpacked
	org.apache.nifi.processors.aws.s3.DeleteS3Object
		org.apache.nifi:nifi-aws-nar:1.14.0 || ./work/nar/extensions/nifi-aws-nar-1.14.0.nar-unpacked
	org.apache.nifi.processors.standard.PutSFTP
		org.apache.nifi:nifi-standard-nar:1.14.0 || ./work/nar/extensions/nifi-standard-nar-1.14.0.nar-unpacked
	org.apache.nifi.processors.hadoop.ListHDFS
		org.apache.nifi:nifi-hadoop-nar:1.14.0 || ./work/nar/extensions/nifi-hadoop-nar-1.14.0.nar-unpacked
	org.apache.nifi.processors.standard.ParseCEF
		org.apache.nifi:nifi-standard-nar:1.14.0 || ./work/nar/extensions/nifi-standard-nar-1.14.0.nar-unpacked
	org.apache.nifi.processors.standard.AttributesToCSV
		org.apache.nifi:nifi-standard-nar:1.14.0 || ./work/nar/extensions/nifi-standard-nar-1.14.0.nar-unpacked
	org.apache.nifi.processors.standard.UpdateRecord
		org.apache.nifi:nifi-standard-nar:1.14.0 || ./work/nar/extensions/nifi-standard-nar-1.14.0.nar-unpacked
	org.apache.nifi.processors.standard.HandleHttpResponse
		org.apache.nifi:nifi-standard-nar:1.14.0 || ./work/nar/extensions/nifi-standard-nar-1.14.0.nar-unpacked
	org.apache.nifi.processors.standard.ExecuteProcess
		org.apache.nifi:nifi-standard-nar:1.14.0 || ./work/nar/extensions/nifi-standard-nar-1.14.0.nar-unpacked
	org.apache.nifi.processors.standard.PutTCP
		org.apache.nifi:nifi-standard-nar:1.14.0 || ./work/nar/extensions/nifi-standard-nar-1.14.0.nar-unpacked
	org.apache.nifi.processors.hadoop.CreateHadoopSequenceFile
		org.apache.nifi:nifi-hadoop-nar:1.14.0 || ./work/nar/extensions/nifi-hadoop-nar-1.14.0.nar-unpacked
	org.apache.nifi.processors.standard.PutFTP
		org.apache.nifi:nifi-standard-nar:1.14.0 || ./work/nar/extensions/nifi-standard-nar-1.14.0.nar-unpacked
	org.apache.nifi.processors.standard.LookupAttribute
		org.apache.nifi:nifi-standard-nar:1.14.0 || ./work/nar/extensions/nifi-standard-nar-1.14.0.nar-unpacked
	org.apache.nifi.processors.standard.DetectDuplicate
		org.apache.nifi:nifi-standard-nar:1.14.0 || ./work/nar/extensions/nifi-standard-nar-1.14.0.nar-unpacked
	org.apache.nifi.processors.standard.SplitJson
		org.apache.nifi:nifi-standard-nar:1.14.0 || ./work/nar/extensions/nifi-standard-nar-1.14.0.nar-unpacked
	org.apache.nifi.processors.gcp.bigquery.PutBigQueryStreaming
		org.apache.nifi:nifi-gcp-nar:1.14.0 || ./work/nar/extensions/nifi-gcp-nar-1.14.0.nar-unpacked
	org.apache.nifi.processors.azure.storage.DeleteAzureDataLakeStorage
		org.apache.nifi:nifi-azure-nar:1.14.0 || ./work/nar/extensions/nifi-azure-nar-1.14.0.nar-unpacked
	org.apache.nifi.ModifyHTMLElement
		org.apache.nifi:nifi-html-nar:1.14.0 || ./work/nar/extensions/nifi-html-nar-1.14.0.nar-unpacked
	org.apache.nifi.processors.standard.RetryFlowFile
		org.apache.nifi:nifi-standard-nar:1.14.0 || ./work/nar/extensions/nifi-standard-nar-1.14.0.nar-unpacked
	org.apache.nifi.processors.aws.wag.InvokeAWSGatewayApi
		org.apache.nifi:nifi-aws-nar:1.14.0 || ./work/nar/extensions/nifi-aws-nar-1.14.0.nar-unpacked
	org.apache.nifi.processors.groovyx.ExecuteGroovyScript
		org.apache.nifi:nifi-groovyx-nar:1.14.0 || ./work/nar/extensions/nifi-groovyx-nar-1.14.0.nar-unpacked
	org.apache.nifi.processors.avro.ExtractAvroMetadata
		org.apache.nifi:nifi-avro-nar:1.14.0 || ./work/nar/extensions/nifi-avro-nar-1.14.0.nar-unpacked
	org.apache.nifi.processors.elasticsearch.PutElasticsearchHttp
		org.apache.nifi:nifi-elasticsearch-nar:1.14.0 || ./work/nar/extensions/nifi-elasticsearch-nar-1.14.0.nar-unpacked
	org.apache.nifi.processors.hive.SelectHiveQL
		org.apache.nifi:nifi-hive-nar:1.14.0 || ./work/nar/extensions/nifi-hive-nar-1.14.0.nar-unpacked
	org.apache.nifi.processors.aws.lambda.PutLambda
		org.apache.nifi:nifi-aws-nar:1.14.0 || ./work/nar/extensions/nifi-aws-nar-1.14.0.nar-unpacked
	org.apache.nifi.processors.standard.LogAttribute
		org.apache.nifi:nifi-standard-nar:1.14.0 || ./work/nar/extensions/nifi-standard-nar-1.14.0.nar-unpacked
	org.apache.nifi.processors.aws.sns.PutSNS
		org.apache.nifi:nifi-aws-nar:1.14.0 || ./work/nar/extensions/nifi-aws-nar-1.14.0.nar-unpacked
	org.apache.nifi.processors.kafka.pubsub.ConsumeKafkaRecord_2_0
		org.apache.nifi:nifi-kafka-2-0-nar:1.14.0 || ./work/nar/extensions/nifi-kafka-2-0-nar-1.14.0.nar-unpacked
	org.apache.nifi.processors.riemann.PutRiemann
		org.apache.nifi:nifi-riemann-nar:1.14.0 || ./work/nar/extensions/nifi-riemann-nar-1.14.0.nar-unpacked
	org.apache.nifi.processors.GeoEnrichIPRecord
		org.apache.nifi:nifi-enrich-nar:1.14.0 || ./work/nar/extensions/nifi-enrich-nar-1.14.0.nar-unpacked
	org.apache.nifi.processors.aws.s3.TagS3Object
		org.apache.nifi:nifi-aws-nar:1.14.0 || ./work/nar/extensions/nifi-aws-nar-1.14.0.nar-unpacked
	org.apache.nifi.processors.cassandra.PutCassandraQL
		org.apache.nifi:nifi-cassandra-nar:1.14.0 || ./work/nar/extensions/nifi-cassandra-nar-1.14.0.nar-unpacked
	org.apache.nifi.processors.script.InvokeScriptedProcessor
		org.apache.nifi:nifi-scripting-nar:1.14.0 || ./work/nar/extensions/nifi-scripting-nar-1.14.0.nar-unpacked
	org.apache.nifi.processors.gcp.storage.ListGCSBucket
		org.apache.nifi:nifi-gcp-nar:1.14.0 || ./work/nar/extensions/nifi-gcp-nar-1.14.0.nar-unpacked
	org.apache.nifi.processors.hadoop.FetchHDFS
		org.apache.nifi:nifi-hadoop-nar:1.14.0 || ./work/nar/extensions/nifi-hadoop-nar-1.14.0.nar-unpacked
	org.apache.nifi.processors.aws.s3.FetchS3Object
		org.apache.nifi:nifi-aws-nar:1.14.0 || ./work/nar/extensions/nifi-aws-nar-1.14.0.nar-unpacked
	org.apache.nifi.processors.kafka.pubsub.ConsumeKafkaRecord_2_6
		org.apache.nifi:nifi-kafka-2-6-nar:1.14.0 || ./work/nar/extensions/nifi-kafka-2-6-nar-1.14.0.nar-unpacked
	org.apache.nifi.processors.standard.Base64EncodeContent
		org.apache.nifi:nifi-standard-nar:1.14.0 || ./work/nar/extensions/nifi-standard-nar-1.14.0.nar-unpacked
	org.apache.nifi.hbase.PutHBaseJSON
		org.apache.nifi:nifi-hbase-nar:1.14.0 || ./work/nar/extensions/nifi-hbase-nar-1.14.0.nar-unpacked
	org.apache.nifi.processors.standard.ValidateCsv
		org.apache.nifi:nifi-standard-nar:1.14.0 || ./work/nar/extensions/nifi-standard-nar-1.14.0.nar-unpacked
	org.apache.nifi.processors.gettcp.GetTCP
		org.apache.nifi:nifi-tcp-nar:1.14.0 || ./work/nar/extensions/nifi-tcp-nar-1.14.0.nar-unpacked
	org.apache.nifi.processors.slack.PostSlack
		org.apache.nifi:nifi-slack-nar:1.14.0 || ./work/nar/extensions/nifi-slack-nar-1.14.0.nar-unpacked
	org.apache.nifi.processors.enrich.QueryDNS
		org.apache.nifi:nifi-enrich-nar:1.14.0 || ./work/nar/extensions/nifi-enrich-nar-1.14.0.nar-unpacked
	org.apache.nifi.processors.standard.PutUDP
		org.apache.nifi:nifi-standard-nar:1.14.0 || ./work/nar/extensions/nifi-standard-nar-1.14.0.nar-unpacked
	org.apache.nifi.hbase.PutHBaseRecord
		org.apache.nifi:nifi-hbase-nar:1.14.0 || ./work/nar/extensions/nifi-hbase-nar-1.14.0.nar-unpacked
	org.apache.nifi.processors.azure.storage.DeleteAzureBlobStorage
		org.apache.nifi:nifi-azure-nar:1.14.0 || ./work/nar/extensions/nifi-azure-nar-1.14.0.nar-unpacked
	org.apache.nifi.processors.standard.ExecuteSQLRecord
		org.apache.nifi:nifi-standard-nar:1.14.0 || ./work/nar/extensions/nifi-standard-nar-1.14.0.nar-unpacked
	org.apache.nifi.processors.stateful.analysis.AttributeRollingWindow
		org.apache.nifi:nifi-stateful-analysis-nar:1.14.0 || ./work/nar/extensions/nifi-stateful-analysis-nar-1.14.0.nar-unpacked
	org.apache.nifi.processors.standard.HashAttribute
		org.apache.nifi:nifi-standard-nar:1.14.0 || ./work/nar/extensions/nifi-standard-nar-1.14.0.nar-unpacked
	org.apache.nifi.processors.standard.HashContent
		org.apache.nifi:nifi-standard-nar:1.14.0 || ./work/nar/extensions/nifi-standard-nar-1.14.0.nar-unpacked
	org.apache.nifi.processors.standard.CountText
		org.apache.nifi:nifi-standard-nar:1.14.0 || ./work/nar/extensions/nifi-standard-nar-1.14.0.nar-unpacked
	org.apache.nifi.processors.azure.eventhub.GetAzureEventHub
		org.apache.nifi:nifi-azure-nar:1.14.0 || ./work/nar/extensions/nifi-azure-nar-1.14.0.nar-unpacked
	org.apache.nifi.processors.azure.storage.FetchAzureDataLakeStorage
		org.apache.nifi:nifi-azure-nar:1.14.0 || ./work/nar/extensions/nifi-azure-nar-1.14.0.nar-unpacked
	org.apache.nifi.processors.standard.UpdateCounter
		org.apache.nifi:nifi-standard-nar:1.14.0 || ./work/nar/extensions/nifi-standard-nar-1.14.0.nar-unpacked
	org.apache.nifi.processors.standard.QueryDatabaseTable
		org.apache.nifi:nifi-standard-nar:1.14.0 || ./work/nar/extensions/nifi-standard-nar-1.14.0.nar-unpacked
	org.apache.nifi.processors.parquet.FetchParquet
		org.apache.nifi:nifi-parquet-nar:1.14.0 || ./work/nar/extensions/nifi-parquet-nar-1.14.0.nar-unpacked
	org.apache.nifi.processors.ccda.ExtractCCDAAttributes
		org.apache.nifi:nifi-ccda-nar:1.14.0 || ./work/nar/extensions/nifi-ccda-nar-1.14.0.nar-unpacked
	org.apache.nifi.PutHTMLElement
		org.apache.nifi:nifi-html-nar:1.14.0 || ./work/nar/extensions/nifi-html-nar-1.14.0.nar-unpacked
	org.apache.nifi.processors.splunk.GetSplunk
		org.apache.nifi:nifi-splunk-nar:1.14.0 || ./work/nar/extensions/nifi-splunk-nar-1.14.0.nar-unpacked
	org.apache.nifi.amqp.processors.PublishAMQP
		org.apache.nifi:nifi-amqp-nar:1.14.0 || ./work/nar/extensions/nifi-amqp-nar-1.14.0.nar-unpacked
	org.apache.nifi.processors.standard.GetHTTP
		org.apache.nifi:nifi-standard-nar:1.14.0 || ./work/nar/extensions/nifi-standard-nar-1.14.0.nar-unpacked
	org.apache.nifi.hbase.FetchHBaseRow
		org.apache.nifi:nifi-hbase-nar:1.14.0 || ./work/nar/extensions/nifi-hbase-nar-1.14.0.nar-unpacked
	org.apache.nifi.processors.hadoop.GetHDFSFileInfo
		org.apache.nifi:nifi-hadoop-nar:1.14.0 || ./work/nar/extensions/nifi-hadoop-nar-1.14.0.nar-unpacked
	org.apache.nifi.processors.standard.ScanContent
		org.apache.nifi:nifi-standard-nar:1.14.0 || ./work/nar/extensions/nifi-standard-nar-1.14.0.nar-unpacked
	org.apache.nifi.processors.standard.ListenHTTP
		org.apache.nifi:nifi-standard-nar:1.14.0 || ./work/nar/extensions/nifi-standard-nar-1.14.0.nar-unpacked
	org.apache.nifi.processors.cybersecurity.FuzzyHashContent
		org.apache.nifi:nifi-cybersecurity-nar:1.14.0 || ./work/nar/extensions/nifi-cybersecurity-nar-1.14.0.nar-unpacked
	org.apache.nifi.processors.standard.CompressContent
		org.apache.nifi:nifi-standard-nar:1.14.0 || ./work/nar/extensions/nifi-standard-nar-1.14.0.nar-unpacked
	org.apache.nifi.processors.email.ExtractEmailAttachments
		org.apache.nifi:nifi-email-nar:1.14.0 || ./work/nar/extensions/nifi-email-nar-1.14.0.nar-unpacked
	org.apache.nifi.processors.rethinkdb.GetRethinkDB
		org.apache.nifi:nifi-rethinkdb-nar:1.14.0 || ./work/nar/extensions/nifi-rethinkdb-nar-1.14.0.nar-unpacked
	org.apache.nifi.processors.standard.UnpackContent
		org.apache.nifi:nifi-standard-nar:1.14.0 || ./work/nar/extensions/nifi-standard-nar-1.14.0.nar-unpacked
	org.apache.nifi.processors.network.ParseNetflowv5
		org.apache.nifi:nifi-network-processors-nar:1.14.0 || ./work/nar/extensions/nifi-network-processors-nar-1.14.0.nar-unpacked
	org.apache.nifi.processors.elasticsearch.PutElasticsearch
		org.apache.nifi:nifi-elasticsearch-nar:1.14.0 || ./work/nar/extensions/nifi-elasticsearch-nar-1.14.0.nar-unpacked
	org.apache.nifi.processors.websocket.ListenWebSocket
		org.apache.nifi:nifi-websocket-processors-nar:1.14.0 || ./work/nar/extensions/nifi-websocket-processors-nar-1.14.0.nar-unpacked
	org.apache.nifi.processors.grpc.ListenGRPC
		org.apache.nifi:nifi-grpc-nar:1.14.0 || ./work/nar/extensions/nifi-grpc-nar-1.14.0.nar-unpacked
	org.apache.nifi.processors.standard.PutFile
		org.apache.nifi:nifi-standard-nar:1.14.0 || ./work/nar/extensions/nifi-standard-nar-1.14.0.nar-unpacked
	org.apache.nifi.processors.hadoop.DeleteHDFS
		org.apache.nifi:nifi-hadoop-nar:1.14.0 || ./work/nar/extensions/nifi-hadoop-nar-1.14.0.nar-unpacked
	org.apache.nifi.processors.couchbase.GetCouchbaseKey
		org.apache.nifi:nifi-couchbase-nar:1.14.0 || ./work/nar/extensions/nifi-couchbase-nar-1.14.0.nar-unpacked
	org.apache.nifi.processors.elasticsearch.DeleteByQueryElasticsearch
		org.apache.nifi:nifi-elasticsearch-restapi-nar:1.14.0 || ./work/nar/extensions/nifi-elasticsearch-restapi-nar-1.14.0.nar-unpacked
	org.apache.nifi.processors.standard.ListDatabaseTables
		org.apache.nifi:nifi-standard-nar:1.14.0 || ./work/nar/extensions/nifi-standard-nar-1.14.0.nar-unpacked
	org.apache.nifi.processors.standard.CryptographicHashContent
		org.apache.nifi:nifi-standard-nar:1.14.0 || ./work/nar/extensions/nifi-standard-nar-1.14.0.nar-unpacked
	org.apache.nifi.processors.script.ScriptedTransformRecord
		org.apache.nifi:nifi-scripting-nar:1.14.0 || ./work/nar/extensions/nifi-scripting-nar-1.14.0.nar-unpacked
	org.apache.nifi.processors.mqtt.ConsumeMQTT
		org.apache.nifi:nifi-mqtt-nar:1.14.0 || ./work/nar/extensions/nifi-mqtt-nar-1.14.0.nar-unpacked
	org.apache.nifi.processors.standard.GenerateTableFetch
		org.apache.nifi:nifi-standard-nar:1.14.0 || ./work/nar/extensions/nifi-standard-nar-1.14.0.nar-unpacked
	org.apache.nifi.processors.cassandra.QueryCassandra
		org.apache.nifi:nifi-cassandra-nar:1.14.0 || ./work/nar/extensions/nifi-cassandra-nar-1.14.0.nar-unpacked
	org.apache.nifi.jms.processors.ConsumeJMS
		org.apache.nifi:nifi-jms-processors-nar:1.14.0 || ./work/nar/extensions/nifi-jms-processors-nar-1.14.0.nar-unpacked
	org.apache.nifi.processors.hadoop.GetHDFS
		org.apache.nifi:nifi-hadoop-nar:1.14.0 || ./work/nar/extensions/nifi-hadoop-nar-1.14.0.nar-unpacked
	org.apache.nifi.processors.rethinkdb.PutRethinkDB
		org.apache.nifi:nifi-rethinkdb-nar:1.14.0 || ./work/nar/extensions/nifi-rethinkdb-nar-1.14.0.nar-unpacked
	org.apache.nifi.processors.mongodb.GetMongoRecord
		org.apache.nifi:nifi-mongodb-nar:1.14.0 || ./work/nar/extensions/nifi-mongodb-nar-1.14.0.nar-unpacked
	org.apache.nifi.processors.kafka.pubsub.PublishKafka_2_0
		org.apache.nifi:nifi-kafka-2-0-nar:1.14.0 || ./work/nar/extensions/nifi-kafka-2-0-nar-1.14.0.nar-unpacked
	org.apache.nifi.processors.mqtt.PublishMQTT
		org.apache.nifi:nifi-mqtt-nar:1.14.0 || ./work/nar/extensions/nifi-mqtt-nar-1.14.0.nar-unpacked
	org.apache.nifi.processors.standard.PutSyslog
		org.apache.nifi:nifi-standard-nar:1.14.0 || ./work/nar/extensions/nifi-standard-nar-1.14.0.nar-unpacked
	org.apache.nifi.processors.standard.PutSQL
		org.apache.nifi:nifi-standard-nar:1.14.0 || ./work/nar/extensions/nifi-standard-nar-1.14.0.nar-unpacked
	org.apache.nifi.processors.grpc.InvokeGRPC
		org.apache.nifi:nifi-grpc-nar:1.14.0 || ./work/nar/extensions/nifi-grpc-nar-1.14.0.nar-unpacked
	org.apache.nifi.processors.avro.ConvertAvroToJSON
		org.apache.nifi:nifi-avro-nar:1.14.0 || ./work/nar/extensions/nifi-avro-nar-1.14.0.nar-unpacked
	org.apache.nifi.processors.standard.GenerateFlowFile
		org.apache.nifi:nifi-standard-nar:1.14.0 || ./work/nar/extensions/nifi-standard-nar-1.14.0.nar-unpacked
	org.apache.nifi.snmp.processors.SetSNMP
		org.apache.nifi:nifi-snmp-nar:1.14.0 || ./work/nar/extensions/nifi-snmp-nar-1.14.0.nar-unpacked
	org.apache.nifi.processors.standard.PartitionRecord
		org.apache.nifi:nifi-standard-nar:1.14.0 || ./work/nar/extensions/nifi-standard-nar-1.14.0.nar-unpacked
	org.apache.nifi.processors.azure.eventhub.ConsumeAzureEventHub
		org.apache.nifi:nifi-azure-nar:1.14.0 || ./work/nar/extensions/nifi-azure-nar-1.14.0.nar-unpacked
	org.apache.nifi.processors.hl7.ExtractHL7Attributes
		org.apache.nifi:nifi-hl7-nar:1.14.0 || ./work/nar/extensions/nifi-hl7-nar-1.14.0.nar-unpacked
	org.apache.nifi.processors.kafka.pubsub.ConsumeKafka_2_0
		org.apache.nifi:nifi-kafka-2-0-nar:1.14.0 || ./work/nar/extensions/nifi-kafka-2-0-nar-1.14.0.nar-unpacked
	org.apache.nifi.processors.standard.QueryRecord
		org.apache.nifi:nifi-standard-nar:1.14.0 || ./work/nar/extensions/nifi-standard-nar-1.14.0.nar-unpacked
	org.apache.nifi.processors.solr.PutSolrRecord
		org.apache.nifi:nifi-solr-nar:1.14.0 || ./work/nar/extensions/nifi-solr-nar-1.14.0.nar-unpacked
	org.apache.nifi.amqp.processors.ConsumeAMQP
		org.apache.nifi:nifi-amqp-nar:1.14.0 || ./work/nar/extensions/nifi-amqp-nar-1.14.0.nar-unpacked
	org.apache.nifi.processors.standard.GetSFTP
		org.apache.nifi:nifi-standard-nar:1.14.0 || ./work/nar/extensions/nifi-standard-nar-1.14.0.nar-unpacked
	org.apache.nifi.processors.gcp.pubsub.ConsumeGCPubSub
		org.apache.nifi:nifi-gcp-nar:1.14.0 || ./work/nar/extensions/nifi-gcp-nar-1.14.0.nar-unpacked
	org.apache.nifi.processors.hive.PutHiveQL
		org.apache.nifi:nifi-hive-nar:1.14.0 || ./work/nar/extensions/nifi-hive-nar-1.14.0.nar-unpacked
	org.apache.nifi.processors.aws.kinesis.firehose.PutKinesisFirehose
		org.apache.nifi:nifi-aws-nar:1.14.0 || ./work/nar/extensions/nifi-aws-nar-1.14.0.nar-unpacked
	org.apache.nifi.processors.mongodb.gridfs.PutGridFS
		org.apache.nifi:nifi-mongodb-nar:1.14.0 || ./work/nar/extensions/nifi-mongodb-nar-1.14.0.nar-unpacked
	org.apache.nifi.processors.hadoop.GetHDFSSequenceFile
		org.apache.nifi:nifi-hadoop-nar:1.14.0 || ./work/nar/extensions/nifi-hadoop-nar-1.14.0.nar-unpacked
	org.apache.nifi.processors.azure.storage.queue.GetAzureQueueStorage
		org.apache.nifi:nifi-azure-nar:1.14.0 || ./work/nar/extensions/nifi-azure-nar-1.14.0.nar-unpacked
	org.apache.nifi.hbase.PutHBaseCell
		org.apache.nifi:nifi-hbase-nar:1.14.0 || ./work/nar/extensions/nifi-hbase-nar-1.14.0.nar-unpacked
	org.apache.nifi.processors.hive.UpdateHiveTable
		org.apache.nifi:nifi-hive-nar:1.14.0 || ./work/nar/extensions/nifi-hive-nar-1.14.0.nar-unpacked
	org.apache.nifi.cdc.mysql.processors.CaptureChangeMySQL
		org.apache.nifi:nifi-cdc-mysql-nar:1.14.0 || ./work/nar/extensions/nifi-cdc-mysql-nar-1.14.0.nar-unpacked
	org.apache.nifi.processors.standard.ScanAttribute
		org.apache.nifi:nifi-standard-nar:1.14.0 || ./work/nar/extensions/nifi-standard-nar-1.14.0.nar-unpacked
	org.apache.nifi.processors.GeoEnrichIP
		org.apache.nifi:nifi-enrich-nar:1.14.0 || ./work/nar/extensions/nifi-enrich-nar-1.14.0.nar-unpacked
	org.apache.nifi.processors.websocket.PutWebSocket
		org.apache.nifi:nifi-websocket-processors-nar:1.14.0 || ./work/nar/extensions/nifi-websocket-processors-nar-1.14.0.nar-unpacked
	org.apache.nifi.processors.standard.SplitContent
		org.apache.nifi:nifi-standard-nar:1.14.0 || ./work/nar/extensions/nifi-standard-nar-1.14.0.nar-unpacked
	org.apache.nifi.processors.standard.ControlRate
		org.apache.nifi:nifi-standard-nar:1.14.0 || ./work/nar/extensions/nifi-standard-nar-1.14.0.nar-unpacked
	org.apache.nifi.processors.azure.storage.PutAzureDataLakeStorage
		org.apache.nifi:nifi-azure-nar:1.14.0 || ./work/nar/extensions/nifi-azure-nar-1.14.0.nar-unpacked
	org.apache.nifi.processors.smb.GetSmbFile
		org.apache.nifi:nifi-smb-nar:1.14.0 || ./work/nar/extensions/nifi-smb-nar-1.14.0.nar-unpacked
	org.apache.nifi.processors.standard.ExtractText
		org.apache.nifi:nifi-standard-nar:1.14.0 || ./work/nar/extensions/nifi-standard-nar-1.14.0.nar-unpacked
	org.apache.nifi.processors.standard.EncryptContent
		org.apache.nifi:nifi-standard-nar:1.14.0 || ./work/nar/extensions/nifi-standard-nar-1.14.0.nar-unpacked
	org.apache.nifi.processors.aws.dynamodb.PutDynamoDB
		org.apache.nifi:nifi-aws-nar:1.14.0 || ./work/nar/extensions/nifi-aws-nar-1.14.0.nar-unpacked
	org.apache.nifi.processors.standard.GetJMSQueue
		org.apache.nifi:nifi-standard-nar:1.14.0 || ./work/nar/extensions/nifi-standard-nar-1.14.0.nar-unpacked
	org.apache.nifi.processors.elasticsearch.ScrollElasticsearchHttp
		org.apache.nifi:nifi-elasticsearch-nar:1.14.0 || ./work/nar/extensions/nifi-elasticsearch-nar-1.14.0.nar-unpacked
	org.apache.nifi.processors.azure.storage.ListAzureDataLakeStorage
		org.apache.nifi:nifi-azure-nar:1.14.0 || ./work/nar/extensions/nifi-azure-nar-1.14.0.nar-unpacked
	org.apache.nifi.processors.mongodb.GetMongo
		org.apache.nifi:nifi-mongodb-nar:1.14.0 || ./work/nar/extensions/nifi-mongodb-nar-1.14.0.nar-unpacked
	org.apache.nifi.processors.standard.ListenFTP
		org.apache.nifi:nifi-standard-nar:1.14.0 || ./work/nar/extensions/nifi-standard-nar-1.14.0.nar-unpacked
	org.apache.nifi.processors.standard.MonitorActivity
		org.apache.nifi:nifi-standard-nar:1.14.0 || ./work/nar/extensions/nifi-standard-nar-1.14.0.nar-unpacked
	org.apache.nifi.processors.solr.PutSolrContentStream
		org.apache.nifi:nifi-solr-nar:1.14.0 || ./work/nar/extensions/nifi-solr-nar-1.14.0.nar-unpacked
	org.apache.nifi.processors.standard.LookupRecord
		org.apache.nifi:nifi-standard-nar:1.14.0 || ./work/nar/extensions/nifi-standard-nar-1.14.0.nar-unpacked
	org.apache.nifi.processors.azure.storage.queue.PutAzureQueueStorage
		org.apache.nifi:nifi-azure-nar:1.14.0 || ./work/nar/extensions/nifi-azure-nar-1.14.0.nar-unpacked
	org.apache.nifi.processors.standard.ConvertRecord
		org.apache.nifi:nifi-standard-nar:1.14.0 || ./work/nar/extensions/nifi-standard-nar-1.14.0.nar-unpacked
	org.apache.nifi.processors.attributes.UpdateAttribute
		org.apache.nifi:nifi-update-attribute-nar:1.14.0 || ./work/nar/extensions/nifi-update-attribute-nar-1.14.0.nar-unpacked
	org.apache.nifi.processors.standard.ParseSyslog5424
		org.apache.nifi:nifi-standard-nar:1.14.0 || ./work/nar/extensions/nifi-standard-nar-1.14.0.nar-unpacked
	org.apache.nifi.processors.standard.HandleHttpRequest
		org.apache.nifi:nifi-standard-nar:1.14.0 || ./work/nar/extensions/nifi-standard-nar-1.14.0.nar-unpacked
	org.apache.nifi.processors.standard.ConvertCharacterSet
		org.apache.nifi:nifi-standard-nar:1.14.0 || ./work/nar/extensions/nifi-standard-nar-1.14.0.nar-unpacked
	org.apache.nifi.processors.standard.SplitXml
		org.apache.nifi:nifi-standard-nar:1.14.0 || ./work/nar/extensions/nifi-standard-nar-1.14.0.nar-unpacked
	org.apache.nifi.processors.hive.PutHiveStreaming
		org.apache.nifi:nifi-hive-nar:1.14.0 || ./work/nar/extensions/nifi-hive-nar-1.14.0.nar-unpacked
	org.apache.nifi.processors.aws.s3.ListS3
		org.apache.nifi:nifi-aws-nar:1.14.0 || ./work/nar/extensions/nifi-aws-nar-1.14.0.nar-unpacked
	org.apache.nifi.processors.kafka.pubsub.PublishKafkaRecord_2_0
		org.apache.nifi:nifi-kafka-2-0-nar:1.14.0 || ./work/nar/extensions/nifi-kafka-2-0-nar-1.14.0.nar-unpacked
	org.apache.nifi.processors.standard.MergeContent
		org.apache.nifi:nifi-standard-nar:1.14.0 || ./work/nar/extensions/nifi-standard-nar-1.14.0.nar-unpacked
	org.apache.nifi.processors.aws.dynamodb.GetDynamoDB
		org.apache.nifi:nifi-aws-nar:1.14.0 || ./work/nar/extensions/nifi-aws-nar-1.14.0.nar-unpacked
	org.apache.nifi.processors.azure.storage.PutAzureBlobStorage
		org.apache.nifi:nifi-azure-nar:1.14.0 || ./work/nar/extensions/nifi-azure-nar-1.14.0.nar-unpacked
	org.apache.nifi.processors.smb.PutSmbFile
		org.apache.nifi:nifi-smb-nar:1.14.0 || ./work/nar/extensions/nifi-smb-nar-1.14.0.nar-unpacked
	org.apache.nifi.processors.standard.JoltTransformJSON
		org.apache.nifi:nifi-standard-nar:1.14.0 || ./work/nar/extensions/nifi-standard-nar-1.14.0.nar-unpacked
	org.apache.nifi.processors.poi.ConvertExcelToCSVProcessor
		org.apache.nifi:nifi-poi-nar:1.14.0 || ./work/nar/extensions/nifi-poi-nar-1.14.0.nar-unpacked
	org.apache.nifi.processors.elasticsearch.JsonQueryElasticsearch
		org.apache.nifi:nifi-elasticsearch-restapi-nar:1.14.0 || ./work/nar/extensions/nifi-elasticsearch-restapi-nar-1.14.0.nar-unpacked
	org.apache.nifi.processors.cybersecurity.CompareFuzzyHash
		org.apache.nifi:nifi-cybersecurity-nar:1.14.0 || ./work/nar/extensions/nifi-cybersecurity-nar-1.14.0.nar-unpacked
	=== End Processor types ===
	=== NarProvider Type ===
	org.apache.nifi.nar.hadoop.HDFSNarProvider
		org.apache.nifi:nifi-hadoop-nar:1.14.0 || ./work/nar/extensions/nifi-hadoop-nar-1.14.0.nar-unpacked
	=== End NarProvider types ===
2024-10-18 11:38:29,669 WARN [main] o.a.n.d.html.HtmlDocumentationWriter Could not link to org.apache.nifi.ssl.SSLContextService because no bundles were found for HandleHttpResponse
2024-10-18 11:38:30,630 WARN [main] o.a.n.d.html.HtmlDocumentationWriter Could not link to org.apache.nifi.ssl.RestrictedSSLContextService because no bundles were found for ListenFTP
2024-10-18 11:38:30,631 WARN [main] o.a.n.d.html.HtmlDocumentationWriter Could not link to org.apache.nifi.ssl.SSLContextService because no bundles were found for ListenFTP
2024-10-18 11:38:31,073 INFO [main] org.eclipse.jetty.server.Server jetty-9.4.42.v20210604; built: 2021-06-04T17:33:38.939Z; git: 5cd5e6d2375eeab146813b0de9f19eda6ab6e6cb; jvm 1.8.0_292-b10
2024-10-18 11:38:31,435 INFO [main] o.e.j.a.AnnotationConfiguration Scanning elapsed time=146ms
2024-10-18 11:38:31,517 INFO [main] org.eclipse.jetty.server.session DefaultSessionIdManager workerName=node0
2024-10-18 11:38:31,517 INFO [main] org.eclipse.jetty.server.session No SessionScavenger set, using defaults
2024-10-18 11:38:31,518 INFO [main] org.eclipse.jetty.server.session node0 Scavenging every 600000ms
2024-10-18 11:38:31,555 INFO [main] o.e.jetty.server.handler.ContextHandler Started o.e.j.w.WebAppContext@7a36c83a{/nifi-update-attribute-ui-1.14.0,/nifi-update-attribute-ui-1.14.0,file:///opt/nifi/nifi-current/work/jetty/nifi-update-attribute-ui-1.14.0.war/webapp/,AVAILABLE}{./work/nar/extensions/nifi-update-attribute-nar-1.14.0.nar-unpacked/NAR-INF/bundled-dependencies/nifi-update-attribute-ui-1.14.0.war}
2024-10-18 11:38:31,737 INFO [main] o.e.j.a.AnnotationConfiguration Scanning elapsed time=102ms
2024-10-18 11:38:31,769 INFO [main] o.e.jetty.server.handler.ContextHandler Started o.e.j.w.WebAppContext@154b8cb6{nifi-standard-content-viewer,/nifi-standard-content-viewer-1.14.0,file:///opt/nifi/nifi-current/work/jetty/nifi-standard-content-viewer-1.14.0.war/webapp/,AVAILABLE}{./work/nar/extensions/nifi-standard-nar-1.14.0.nar-unpacked/NAR-INF/bundled-dependencies/nifi-standard-content-viewer-1.14.0.war}
2024-10-18 11:38:32,054 INFO [main] o.e.j.a.AnnotationConfiguration Scanning elapsed time=141ms
2024-10-18 11:38:32,087 INFO [main] o.e.jetty.server.handler.ContextHandler Started o.e.j.w.WebAppContext@7b297740{/nifi-jolt-transform-json-ui-1.14.0,/nifi-jolt-transform-json-ui-1.14.0,file:///opt/nifi/nifi-current/work/jetty/nifi-jolt-transform-json-ui-1.14.0.war/webapp/,AVAILABLE}{./work/nar/extensions/nifi-standard-nar-1.14.0.nar-unpacked/NAR-INF/bundled-dependencies/nifi-jolt-transform-json-ui-1.14.0.war}
2024-10-18 11:38:32,238 INFO [main] o.e.j.a.AnnotationConfiguration Scanning elapsed time=29ms
2024-10-18 11:38:32,243 INFO [main] o.e.j.s.handler.ContextHandler._nifi No Spring WebApplicationInitializer types detected on classpath
2024-10-18 11:38:32,265 INFO [main] o.e.jetty.server.handler.ContextHandler Started o.e.j.w.WebAppContext@1b7554d4{nifi,/nifi,file:///opt/nifi/nifi-current/work/jetty/nifi-web-ui-1.14.0.war/webapp/,AVAILABLE}{./work/nar/extensions/nifi-server-nar-1.14.0.nar-unpacked/NAR-INF/bundled-dependencies/nifi-web-ui-1.14.0.war}
2024-10-18 11:38:32,413 INFO [main] o.e.j.a.AnnotationConfiguration Scanning elapsed time=68ms
2024-10-18 11:38:32,431 INFO [main] o.e.j.s.handler.ContextHandler._nifi_api No Spring WebApplicationInitializer types detected on classpath
2024-10-18 11:38:32,448 INFO [main] o.e.j.s.handler.ContextHandler._nifi_api Initializing Spring root WebApplicationContext
2024-10-18 11:38:33,839 INFO [main] o.a.n.p.AbstractBootstrapPropertiesLoader Determined default application properties path to be '/opt/nifi/nifi-current/./conf/nifi.properties'
2024-10-18 11:38:33,840 INFO [main] o.a.nifi.properties.NiFiPropertiesLoader Loaded 202 properties from /opt/nifi/nifi-current/./conf/nifi.properties
2024-10-18 11:38:35,619 INFO [main] org.wali.MinimalLockingWriteAheadLog org.wali.MinimalLockingWriteAheadLog@3d7fc4b3 finished recovering records. Performing Checkpoint to ensure proper state of Partitions before updates
2024-10-18 11:38:35,620 INFO [main] org.wali.MinimalLockingWriteAheadLog Successfully recovered 2 records in 3 milliseconds
2024-10-18 11:38:35,625 INFO [main] org.wali.MinimalLockingWriteAheadLog org.wali.MinimalLockingWriteAheadLog@3d7fc4b3 checkpointed with 2 Records and 0 Swap Files in 5 milliseconds (Stop-the-world time = 1 milliseconds, Clear Edit Logs time = 1 millis), max Transaction ID 7
2024-10-18 11:38:35,806 INFO [main] o.a.n.c.c.node.NodeClusterCoordinator Resetting cluster node statuses from {} to {mynifi:8080=NodeConnectionStatus[nodeId=mynifi:8080, state=DISCONNECTED, Disconnect Code=Has Not Yet Connected to Cluster, Disconnect Reason=Has Not Yet Connected to Cluster, updateId=0]}
2024-10-18 11:38:35,826 INFO [main] o.a.n.r.v.FileBasedVariableRegistry Loaded 92 properties from system properties and environment variables
2024-10-18 11:38:35,826 INFO [main] o.a.n.r.v.FileBasedVariableRegistry Loaded a total of 92 properties.  Including precedence overrides effective accessible registry key size is 92
2024-10-18 11:38:36,054 INFO [main] o.a.n.c.r.WriteAheadFlowFileRepository Initialized FlowFile Repository
2024-10-18 11:38:36,082 INFO [main] o.a.n.p.store.WriteAheadStorePartition After recovering ./provenance_repository, next Event ID to be generated will be 0
2024-10-18 11:38:36,084 INFO [main] o.a.n.p.index.lucene.LuceneEventIndex Will avoid re-indexing Provenance Events because the newest index is defunct, so it will be re-indexed in the background
2024-10-18 11:38:36,089 INFO [main] o.a.n.c.repository.FileSystemRepository Maximum Threshold for Container default set to 510764813844 bytes; if volume exceeds this size, archived data will be deleted until it no longer exceeds this size
2024-10-18 11:38:36,089 INFO [main] o.a.n.c.repository.FileSystemRepository Initializing FileSystemRepository with 'Always Sync' set to false
2024-10-18 11:38:36,193 INFO [main] o.apache.nifi.controller.FlowController Checking if there is already a Cluster Coordinator Elected...
2024-10-18 11:38:36,236 INFO [main] org.apache.curator.utils.Compatibility Using emulated InjectSessionExpiration
2024-10-18 11:38:36,260 INFO [main] o.a.c.f.imps.CuratorFrameworkImpl Starting
2024-10-18 11:38:36,267 INFO [main] org.apache.zookeeper.common.X509Util Setting -D jdk.tls.rejectClientInitiatedRenegotiation=true to disable client-initiated TLS renegotiation
2024-10-18 11:38:36,270 INFO [main] org.apache.zookeeper.ClientCnxnSocket jute.maxbuffer value is 4194304 Bytes
2024-10-18 11:38:36,286 INFO [main] o.a.c.f.imps.CuratorFrameworkImpl Default schema
2024-10-18 11:38:36,311 INFO [main-EventThread] o.a.c.f.state.ConnectionStateManager State change: CONNECTED
2024-10-18 11:38:36,325 INFO [main-EventThread] o.a.c.framework.imps.EnsembleTracker New config event received: {}
2024-10-18 11:38:36,325 INFO [main-EventThread] o.a.c.framework.imps.EnsembleTracker New config event received: {}
2024-10-18 11:38:36,329 INFO [Curator-Framework-0] o.a.c.f.imps.CuratorFrameworkImpl backgroundOperationsLoop exiting
2024-10-18 11:38:36,439 INFO [main] o.apache.nifi.controller.FlowController It appears that no Cluster Coordinator has been Elected yet. Registering for Cluster Coordinator Role.
2024-10-18 11:38:36,439 INFO [main] o.a.n.c.l.e.CuratorLeaderElectionManager CuratorLeaderElectionManager[stopped=true] Registered new Leader Selector for role Cluster Coordinator; this node is an active participant in the election.
2024-10-18 11:38:36,439 INFO [main] o.a.c.f.imps.CuratorFrameworkImpl Starting
2024-10-18 11:38:36,440 INFO [main] org.apache.zookeeper.ClientCnxnSocket jute.maxbuffer value is 4194304 Bytes
2024-10-18 11:38:36,440 INFO [main] o.a.c.f.imps.CuratorFrameworkImpl Default schema
2024-10-18 11:38:36,442 INFO [main] o.a.n.c.l.e.CuratorLeaderElectionManager CuratorLeaderElectionManager[stopped=false] Registered new Leader Selector for role Cluster Coordinator; this node is an active participant in the election.
2024-10-18 11:38:36,442 INFO [main] o.a.n.c.l.e.CuratorLeaderElectionManager CuratorLeaderElectionManager[stopped=false] started
2024-10-18 11:38:36,442 INFO [main] o.a.n.c.c.h.AbstractHeartbeatMonitor Heartbeat Monitor started
2024-10-18 11:38:36,443 INFO [main-EventThread] o.a.c.f.state.ConnectionStateManager State change: CONNECTED
2024-10-18 11:38:36,444 INFO [Curator-ConnectionStateManager-0] o.a.n.c.l.e.CuratorLeaderElectionManager org.apache.nifi.controller.leader.election.CuratorLeaderElectionManager$ElectionListener@40db1384 Connection State changed to CONNECTED
2024-10-18 11:38:36,445 INFO [main-EventThread] o.a.c.framework.imps.EnsembleTracker New config event received: {}
2024-10-18 11:38:36,445 INFO [main-EventThread] o.a.c.framework.imps.EnsembleTracker New config event received: {}
2024-10-18 11:38:36,481 INFO [Leader Election Notification Thread-1] o.a.n.c.l.e.CuratorLeaderElectionManager org.apache.nifi.controller.leader.election.CuratorLeaderElectionManager$ElectionListener@40db1384 This node has been elected Leader for Role 'Cluster Coordinator'
2024-10-18 11:38:36,482 INFO [Leader Election Notification Thread-1] o.apache.nifi.controller.FlowController This node elected Active Cluster Coordinator
2024-10-18 11:38:37,999 INFO [main] o.e.jetty.server.handler.ContextHandler Started o.e.j.w.WebAppContext@57ce2898{nifi-api,/nifi-api,file:///opt/nifi/nifi-current/work/jetty/nifi-web-api-1.14.0.war/webapp/,AVAILABLE}{./work/nar/extensions/nifi-server-nar-1.14.0.nar-unpacked/NAR-INF/bundled-dependencies/nifi-web-api-1.14.0.war}
2024-10-18 11:38:38,155 INFO [main] o.e.j.a.AnnotationConfiguration Scanning elapsed time=58ms
2024-10-18 11:38:38,170 INFO [main] o.e.j.s.h.C._nifi_content_viewer No Spring WebApplicationInitializer types detected on classpath
2024-10-18 11:38:38,173 INFO [main] o.e.jetty.server.handler.ContextHandler Started o.e.j.w.WebAppContext@1ea930eb{nifi-content-viewer,/nifi-content-viewer,file:///opt/nifi/nifi-current/work/jetty/nifi-web-content-viewer-1.14.0.war/webapp/,AVAILABLE}{./work/nar/extensions/nifi-server-nar-1.14.0.nar-unpacked/NAR-INF/bundled-dependencies/nifi-web-content-viewer-1.14.0.war}
2024-10-18 11:38:38,187 INFO [main] o.e.j.a.AnnotationConfiguration Scanning elapsed time=3ms
2024-10-18 11:38:38,187 WARN [main] o.e.j.webapp.StandardDescriptorProcessor Duplicate mapping from / to default
2024-10-18 11:38:38,199 INFO [main] o.e.j.s.h.ContextHandler._nifi_docs No Spring WebApplicationInitializer types detected on classpath
2024-10-18 11:38:38,201 INFO [main] o.e.jetty.server.handler.ContextHandler Started o.e.j.w.WebAppContext@2e0ad709{nifi-docs,/nifi-docs,file:///opt/nifi/nifi-current/work/jetty/nifi-web-docs-1.14.0.war/webapp/,AVAILABLE}{./work/nar/extensions/nifi-server-nar-1.14.0.nar-unpacked/NAR-INF/bundled-dependencies/nifi-web-docs-1.14.0.war}
2024-10-18 11:38:38,241 INFO [main] o.e.j.a.AnnotationConfiguration Scanning elapsed time=30ms
2024-10-18 11:38:38,242 INFO [main] o.e.j.server.handler.ContextHandler._ No Spring WebApplicationInitializer types detected on classpath
2024-10-18 11:38:38,255 INFO [main] o.e.jetty.server.handler.ContextHandler Started o.e.j.w.WebAppContext@1fe8f5e8{nifi-error,/,file:///opt/nifi/nifi-current/work/jetty/nifi-web-error-1.14.0.war/webapp/,AVAILABLE}{./work/nar/extensions/nifi-server-nar-1.14.0.nar-unpacked/NAR-INF/bundled-dependencies/nifi-web-error-1.14.0.war}
2024-10-18 11:38:38,263 INFO [main] o.eclipse.jetty.server.AbstractConnector Started ServerConnector@6b4a4e40{HTTP/1.1, (http/1.1)}{mynifi:8080}
2024-10-18 11:38:38,263 INFO [main] org.eclipse.jetty.server.Server Started @24399ms
2024-10-18 11:38:38,276 INFO [main] org.apache.nifi.web.server.JettyServer Loading Flow...
2024-10-18 11:38:38,278 INFO [main] org.apache.nifi.io.socket.SocketListener Now listening for connections from nodes on port 8082
2024-10-18 11:38:38,306 INFO [main] o.apache.nifi.controller.FlowController Successfully synchronized controller with proposed flow. Flow contains the following number of components: {Processors=0, Controller Services=0, Reporting Tasks=0, Process Groups=0, Remote Process Groups=0, Local Input Ports=0, Local Output Ports=0, Public Input Ports=0, Public Output Ports=0}
2024-10-18 11:38:38,335 INFO [main] o.a.nifi.controller.StandardFlowService Connecting Node: mynifi:8080
2024-10-18 11:38:38,340 INFO [main] o.a.n.c.c.n.LeaderElectionNodeProtocolSender Determined that Cluster Coordinator is located at mynifi:8082; will use this address for sending heartbeat messages
2024-10-18 11:38:38,340 INFO [main] o.a.n.c.p.AbstractNodeProtocolSender Cluster Coordinator is located at mynifi:8082. Will send Cluster Connection Request to this address
2024-10-18 11:38:38,363 INFO [Process Cluster Protocol Request-1] o.a.n.c.c.flow.PopularVoteFlowElection Vote cast by mynifi:8080; this flow now has 1 votes
2024-10-18 11:38:38,364 INFO [Process Cluster Protocol Request-1] o.a.n.c.c.node.NodeClusterCoordinator Received Connection Request from mynifi:8080; responding with Flow Election In Progress message
2024-10-18 11:38:38,365 INFO [Process Cluster Protocol Request-1] o.a.n.c.p.impl.SocketProtocolListener Finished processing request 0d5f9894-3e34-453c-9614-ba913a7a0244 (type=CONNECTION_REQUEST, length=1779 bytes) from mynifi:8080 in 21 millis
2024-10-18 11:38:38,366 INFO [main] o.a.nifi.controller.StandardFlowService Requested by cluster coordinator to retry connection in 5 seconds with explanation: Cluster is still voting on which Flow is the correct flow for the cluster. Election will complete in 29 seconds
2024-10-18 11:38:43,368 INFO [main] o.a.n.c.c.n.LeaderElectionNodeProtocolSender Determined that Cluster Coordinator is located at mynifi:8082; will use this address for sending heartbeat messages
2024-10-18 11:38:43,368 INFO [main] o.a.n.c.p.AbstractNodeProtocolSender Cluster Coordinator is located at mynifi:8082. Will send Cluster Connection Request to this address
2024-10-18 11:38:43,371 INFO [Process Cluster Protocol Request-2] o.a.n.c.c.node.NodeClusterCoordinator Received Connection Request from mynifi:8080; responding with Flow Election In Progress message
2024-10-18 11:38:43,372 INFO [Process Cluster Protocol Request-2] o.a.n.c.p.impl.SocketProtocolListener Finished processing request 6b9bf04e-7229-4b90-b432-660c4bf6f24a (type=CONNECTION_REQUEST, length=1779 bytes) from mynifi:8080 in 3 millis
2024-10-18 11:38:43,372 INFO [main] o.a.nifi.controller.StandardFlowService Requested by cluster coordinator to retry connection in 5 seconds with explanation: Cluster is still voting on which Flow is the correct flow for the cluster. Election will complete in 24 seconds
2024-10-18 11:38:48,375 INFO [main] o.a.n.c.c.n.LeaderElectionNodeProtocolSender Determined that Cluster Coordinator is located at mynifi:8082; will use this address for sending heartbeat messages
2024-10-18 11:38:48,375 INFO [main] o.a.n.c.p.AbstractNodeProtocolSender Cluster Coordinator is located at mynifi:8082. Will send Cluster Connection Request to this address
2024-10-18 11:38:48,377 INFO [Process Cluster Protocol Request-3] o.a.n.c.c.node.NodeClusterCoordinator Received Connection Request from mynifi:8080; responding with Flow Election In Progress message
2024-10-18 11:38:48,378 INFO [Process Cluster Protocol Request-3] o.a.n.c.p.impl.SocketProtocolListener Finished processing request 0a625365-506e-42bf-af79-8ed5c36ab1b7 (type=CONNECTION_REQUEST, length=1779 bytes) from mynifi:8080 in 1 millis
2024-10-18 11:38:48,378 INFO [main] o.a.nifi.controller.StandardFlowService Requested by cluster coordinator to retry connection in 5 seconds with explanation: Cluster is still voting on which Flow is the correct flow for the cluster. Election will complete in 19 seconds
2024-10-18 11:38:53,385 INFO [main] o.a.n.c.c.n.LeaderElectionNodeProtocolSender Determined that Cluster Coordinator is located at mynifi:8082; will use this address for sending heartbeat messages
2024-10-18 11:38:53,385 INFO [main] o.a.n.c.p.AbstractNodeProtocolSender Cluster Coordinator is located at mynifi:8082. Will send Cluster Connection Request to this address
2024-10-18 11:38:53,393 INFO [Process Cluster Protocol Request-4] o.a.n.c.c.node.NodeClusterCoordinator Received Connection Request from mynifi:8080; responding with Flow Election In Progress message
2024-10-18 11:38:53,394 INFO [Process Cluster Protocol Request-4] o.a.n.c.p.impl.SocketProtocolListener Finished processing request f263d479-0c4d-4160-b113-54e9e632ad2c (type=CONNECTION_REQUEST, length=1779 bytes) from mynifi:8080 in 7 millis
2024-10-18 11:38:53,398 INFO [main] o.a.nifi.controller.StandardFlowService Requested by cluster coordinator to retry connection in 5 seconds with explanation: Cluster is still voting on which Flow is the correct flow for the cluster. Election will complete in 14 seconds
2024-10-18 11:38:58,401 INFO [main] o.a.n.c.c.n.LeaderElectionNodeProtocolSender Determined that Cluster Coordinator is located at mynifi:8082; will use this address for sending heartbeat messages
2024-10-18 11:38:58,401 INFO [main] o.a.n.c.p.AbstractNodeProtocolSender Cluster Coordinator is located at mynifi:8082. Will send Cluster Connection Request to this address
2024-10-18 11:38:58,404 INFO [Process Cluster Protocol Request-5] o.a.n.c.c.node.NodeClusterCoordinator Received Connection Request from mynifi:8080; responding with Flow Election In Progress message
2024-10-18 11:38:58,404 INFO [Process Cluster Protocol Request-5] o.a.n.c.p.impl.SocketProtocolListener Finished processing request a969eb94-7892-4c47-80d6-32085fdf43d7 (type=CONNECTION_REQUEST, length=1779 bytes) from mynifi:8080 in 2 millis
2024-10-18 11:38:58,406 INFO [main] o.a.nifi.controller.StandardFlowService Requested by cluster coordinator to retry connection in 5 seconds with explanation: Cluster is still voting on which Flow is the correct flow for the cluster. Election will complete in 9 seconds
2024-10-18 11:39:03,412 INFO [main] o.a.n.c.c.n.LeaderElectionNodeProtocolSender Determined that Cluster Coordinator is located at mynifi:8082; will use this address for sending heartbeat messages
2024-10-18 11:39:03,413 INFO [main] o.a.n.c.p.AbstractNodeProtocolSender Cluster Coordinator is located at mynifi:8082. Will send Cluster Connection Request to this address
2024-10-18 11:39:03,420 INFO [Process Cluster Protocol Request-6] o.a.n.c.c.node.NodeClusterCoordinator Received Connection Request from mynifi:8080; responding with Flow Election In Progress message
2024-10-18 11:39:03,421 INFO [Process Cluster Protocol Request-6] o.a.n.c.p.impl.SocketProtocolListener Finished processing request af985b94-1e57-40f5-a4a1-cb9ffb600f28 (type=CONNECTION_REQUEST, length=1779 bytes) from mynifi:8080 in 6 millis
2024-10-18 11:39:03,424 INFO [main] o.a.nifi.controller.StandardFlowService Requested by cluster coordinator to retry connection in 5 seconds with explanation: Cluster is still voting on which Flow is the correct flow for the cluster. Election will complete in 4 seconds
2024-10-18 11:39:08,430 INFO [main] o.a.n.c.c.n.LeaderElectionNodeProtocolSender Determined that Cluster Coordinator is located at mynifi:8082; will use this address for sending heartbeat messages
2024-10-18 11:39:08,430 INFO [main] o.a.n.c.p.AbstractNodeProtocolSender Cluster Coordinator is located at mynifi:8082. Will send Cluster Connection Request to this address
2024-10-18 11:39:08,440 INFO [Process Cluster Protocol Request-7] o.a.n.c.c.flow.PopularVoteFlowElection Election is complete because the maximum allowed time has elapsed. The elected dataflow is held by the following nodes: [mynifi:8080]
2024-10-18 11:39:08,440 INFO [Process Cluster Protocol Request-7] o.a.n.c.c.node.NodeClusterCoordinator Received Connection Request from mynifi:8080; responding with DataFlow that was elected
2024-10-18 11:39:08,441 INFO [Process Cluster Protocol Request-7] o.a.n.c.c.node.NodeClusterCoordinator Status of mynifi:8080 changed from NodeConnectionStatus[nodeId=mynifi:8080, state=DISCONNECTED, Disconnect Code=Has Not Yet Connected to Cluster, Disconnect Reason=Has Not Yet Connected to Cluster, updateId=0] to NodeConnectionStatus[nodeId=mynifi:8080, state=CONNECTING, updateId=9]
2024-10-18 11:39:08,442 INFO [Process Cluster Protocol Request-7] o.a.n.c.p.impl.SocketProtocolListener Finished processing request b4ca7c11-961b-4fe3-bc4b-997c32445c42 (type=CONNECTION_REQUEST, length=1779 bytes) from mynifi:8080 in 9 millis
2024-10-18 11:39:08,443 INFO [main] o.a.nifi.controller.StandardFlowService Received successful response from Cluster Coordinator to Connection Request
2024-10-18 11:39:08,444 INFO [main] o.a.n.c.c.node.NodeClusterCoordinator Resetting cluster node statuses from {2370eba1-2890-41f3-88cd-209a1afefa8d=NodeConnectionStatus[nodeId=mynifi:8080, state=CONNECTING, updateId=9]} to {mynifi:8080=NodeConnectionStatus[nodeId=mynifi:8080, state=CONNECTING, updateId=9]}
2024-10-18 11:39:08,445 INFO [main] o.a.nifi.controller.StandardFlowService Setting Flow Controller's Node ID: mynifi:8080
2024-10-18 11:39:08,451 INFO [main] o.apache.nifi.controller.FlowController Successfully synchronized controller with proposed flow. Flow contains the following number of components: {Processors=0, Controller Services=0, Reporting Tasks=0, Process Groups=0, Remote Process Groups=0, Local Input Ports=0, Local Output Ports=0, Public Input Ports=0, Public Output Ports=0}
2024-10-18 11:39:08,453 INFO [main] o.a.n.c.c.node.NodeClusterCoordinator This node is now connected to the cluster. Will no longer require election of DataFlow.
2024-10-18 11:39:08,453 INFO [main] o.a.n.web.revision.NaiveRevisionManager Resetting Revisions for all components. 0 revisions will be removed, 0 will be added
2024-10-18 11:39:08,453 INFO [main] o.apache.nifi.controller.FlowController Cluster State changed from Not Clustered to Clustered
2024-10-18 11:39:08,454 INFO [main] o.a.n.c.l.e.CuratorLeaderElectionManager CuratorLeaderElectionManager[stopped=false] Registered new Leader Selector for role Primary Node; this node is an active participant in the election.
2024-10-18 11:39:08,454 INFO [main] o.a.n.c.l.e.CuratorLeaderElectionManager CuratorLeaderElectionManager[stopped=false] Attempted to register Leader Election for role 'Cluster Coordinator' but this role is already registered
2024-10-18 11:39:08,456 INFO [main] o.a.n.wali.SequentialAccessWriteAheadLog Recovering records from Write-Ahead Log at ./flowfile_repository
2024-10-18 11:39:08,463 INFO [Leader Election Notification Thread-2] o.a.n.c.l.e.CuratorLeaderElectionManager org.apache.nifi.controller.leader.election.CuratorLeaderElectionManager$ElectionListener@782fd288 This node has been elected Leader for Role 'Primary Node'
2024-10-18 11:39:08,463 INFO [Leader Election Notification Thread-2] o.apache.nifi.controller.FlowController This node has been elected Primary Node
2024-10-18 11:39:08,464 INFO [main] org.apache.nifi.wali.HashMapSnapshot org.apache.nifi.wali.HashMapSnapshot@126aaaa5 restored 0 Records and 0 Swap Files from Snapshot, ending with Transaction ID -1
2024-10-18 11:39:08,464 INFO [main] o.a.n.wali.SequentialAccessWriteAheadLog Successfully recovered 0 records and 0 swap files from Snapshot at ./flowfile_repository/checkpoint with Max Transaction ID of -1 in 7 milliseconds. Now recovering records from 1 journal files
2024-10-18 11:39:08,467 INFO [main] o.a.nifi.wali.LengthDelimitedJournal Recovering records from journal ./flowfile_repository/journals/1.journal
2024-10-18 11:39:08,469 INFO [main] o.a.nifi.wali.LengthDelimitedJournal Successfully recovered 0 updates from journal ./flowfile_repository/journals/1.journal
2024-10-18 11:39:08,469 INFO [main] o.a.n.wali.SequentialAccessWriteAheadLog Successfully recovered 0 records in 12 milliseconds. Now checkpointing to ensure that Write-Ahead Log is in a consistent state
2024-10-18 11:39:08,471 INFO [main] o.a.n.wali.SequentialAccessWriteAheadLog Checkpointed Write-Ahead Log with 0 Records and 0 Swap Files in 1 milliseconds (Stop-the-world time = 0 milliseconds), max Transaction ID -1
2024-10-18 11:39:08,472 INFO [main] o.a.n.c.r.WriteAheadFlowFileRepository Successfully restored 0 FlowFiles and 0 Swap Files
2024-10-18 11:39:08,487 INFO [main] o.apache.nifi.controller.FlowController Performed initial validation of all components in 0 milliseconds
2024-10-18 11:39:08,487 INFO [main] o.apache.nifi.controller.FlowController Starting 0 processors/ports/funnels
2024-10-18 11:39:08,487 INFO [main] o.apache.nifi.controller.FlowController Started 0 Remote Group Ports transmitting
2024-10-18 11:39:08,488 INFO [main] o.apache.nifi.controller.FlowController Will no longer send heartbeats
2024-10-18 11:39:08,494 INFO [main] org.apache.nifi.web.server.JettyServer Flow loaded successfully.
2024-10-18 11:39:08,500 INFO [main] org.apache.nifi.nar.NarAutoLoader Starting NAR Auto-Loader for directory ./extensions ...
2024-10-18 11:39:08,501 INFO [main] org.apache.nifi.web.server.JettyServer NiFi has started. The UI is available at the following URLs:
2024-10-18 11:39:08,501 INFO [main] org.apache.nifi.web.server.JettyServer http://mynifi:8080/nifi
2024-10-18 11:39:08,501 INFO [Process Cluster Protocol Request-8] o.a.n.c.p.impl.SocketProtocolListener Finished processing request 6b9f9f9c-7461-4570-91b7-ca9ec01bf412 (type=HEARTBEAT, length=2315 bytes) from mynifi:8080 in 2 millis
2024-10-18 11:39:08,502 INFO [main] org.apache.nifi.BootstrapListener Successfully initiated communication with Bootstrap
2024-10-18 11:39:08,502 INFO [main] org.apache.nifi.NiFi Controller initialization took 41251699965 nanoseconds (41 seconds).
2024-10-18 11:39:08,503 INFO [Clustering Tasks Thread-1] o.a.n.c.c.ClusterProtocolHeartbeater Heartbeat created at 2024-10-18 11:39:08,496 and sent to mynifi:8082 at 2024-10-18 11:39:08,503; send took 6 millis
2024-10-18 11:39:11,447 INFO [Heartbeat Monitor Thread-1] o.a.n.c.c.node.NodeClusterCoordinator mynifi:8080 is now connected
2024-10-18 11:39:11,448 INFO [Heartbeat Monitor Thread-1] o.a.n.c.c.node.NodeClusterCoordinator Status of mynifi:8080 changed from NodeConnectionStatus[nodeId=mynifi:8080, state=CONNECTING, updateId=9] to NodeConnectionStatus[nodeId=mynifi:8080, state=CONNECTED, updateId=11]
2024-10-18 11:39:11,449 INFO [Heartbeat Monitor Thread-1] o.a.n.c.c.node.NodeClusterCoordinator Event Reported for mynifi:8080 -- Received first heartbeat from connecting node. Node connected.
2024-10-18 11:39:11,449 INFO [Heartbeat Monitor Thread-1] o.a.n.c.c.h.AbstractHeartbeatMonitor Finished processing 1 heartbeats in 2 millis
2024-10-18 11:39:13,518 INFO [Process Cluster Protocol Request-9] o.a.n.c.p.impl.SocketProtocolListener Finished processing request 0f47ff0c-be26-4f87-9902-f37f86793649 (type=HEARTBEAT, length=2235 bytes) from mynifi:8080 in 6 millis
2024-10-18 11:39:13,522 INFO [Clustering Tasks Thread-1] o.a.n.c.c.ClusterProtocolHeartbeater Heartbeat created at 2024-10-18 11:39:13,504 and sent to mynifi:8082 at 2024-10-18 11:39:13,522; send took 18 millis
2024-10-18 11:39:16,450 INFO [Heartbeat Monitor Thread-1] o.a.n.c.c.h.AbstractHeartbeatMonitor Finished processing 1 heartbeats in 36045 nanos
2024-10-18 11:39:18,539 INFO [Process Cluster Protocol Request-10] o.a.n.c.p.impl.SocketProtocolListener Finished processing request affa5cbe-a912-4178-93a7-9723d2f38720 (type=HEARTBEAT, length=2235 bytes) from mynifi:8080 in 6 millis
2024-10-18 11:39:18,540 INFO [Clustering Tasks Thread-2] o.a.n.c.c.ClusterProtocolHeartbeater Heartbeat created at 2024-10-18 11:39:18,524 and sent to mynifi:8082 at 2024-10-18 11:39:18,540; send took 15 millis
2024-10-18 11:39:21,451 INFO [Heartbeat Monitor Thread-1] o.a.n.c.c.h.AbstractHeartbeatMonitor Finished processing 1 heartbeats in 36602 nanos
2024-10-18 11:39:23,552 INFO [Process Cluster Protocol Request-1] o.a.n.c.p.impl.SocketProtocolListener Finished processing request 556fbf38-bf65-4f1c-9467-e18eb5711d23 (type=HEARTBEAT, length=2235 bytes) from mynifi:8080 in 5 millis
2024-10-18 11:39:23,556 INFO [Clustering Tasks Thread-2] o.a.n.c.c.ClusterProtocolHeartbeater Heartbeat created at 2024-10-18 11:39:23,541 and sent to mynifi:8082 at 2024-10-18 11:39:23,556; send took 14 millis
2024-10-18 11:39:26,451 INFO [Heartbeat Monitor Thread-1] o.a.n.c.c.h.AbstractHeartbeatMonitor Finished processing 1 heartbeats in 35981 nanos
2024-10-18 11:39:28,473 INFO [pool-13-thread-1] o.a.n.c.r.WriteAheadFlowFileRepository Initiating checkpoint of FlowFile Repository
2024-10-18 11:39:28,473 INFO [pool-13-thread-1] o.a.n.c.r.WriteAheadFlowFileRepository Successfully checkpointed FlowFile Repository with 0 records in 0 milliseconds
2024-10-18 11:39:28,570 INFO [Process Cluster Protocol Request-2] o.a.n.c.p.impl.SocketProtocolListener Finished processing request a43731b4-cca3-4879-aa74-13f7e7823819 (type=HEARTBEAT, length=2235 bytes) from mynifi:8080 in 6 millis
2024-10-18 11:39:28,576 INFO [Clustering Tasks Thread-2] o.a.n.c.c.ClusterProtocolHeartbeater Heartbeat created at 2024-10-18 11:39:28,557 and sent to mynifi:8082 at 2024-10-18 11:39:28,576; send took 19 millis
2024-10-18 11:39:31,452 INFO [Heartbeat Monitor Thread-1] o.a.n.c.c.h.AbstractHeartbeatMonitor Finished processing 1 heartbeats in 38565 nanos
2024-10-18 11:39:33,591 INFO [Process Cluster Protocol Request-3] o.a.n.c.p.impl.SocketProtocolListener Finished processing request 05328116-8c5a-4fff-92e3-476c25061418 (type=HEARTBEAT, length=2235 bytes) from mynifi:8080 in 7 millis
2024-10-18 11:39:33,595 INFO [Clustering Tasks Thread-2] o.a.n.c.c.ClusterProtocolHeartbeater Heartbeat created at 2024-10-18 11:39:33,577 and sent to mynifi:8082 at 2024-10-18 11:39:33,595; send took 17 millis
2024-10-18 11:39:36,150 INFO [Cleanup Archive for default] o.a.n.c.repository.FileSystemRepository Successfully deleted 0 files (0 bytes) from archive
2024-10-18 11:39:36,453 INFO [Heartbeat Monitor Thread-1] o.a.n.c.c.h.AbstractHeartbeatMonitor Finished processing 1 heartbeats in 37653 nanos
2024-10-18 11:39:38,609 INFO [Process Cluster Protocol Request-4] o.a.n.c.p.impl.SocketProtocolListener Finished processing request 301e488b-ad7c-467e-bbda-bc0f37578cd8 (type=HEARTBEAT, length=2235 bytes) from mynifi:8080 in 6 millis
2024-10-18 11:39:38,610 INFO [Clustering Tasks Thread-2] o.a.n.c.c.ClusterProtocolHeartbeater Heartbeat created at 2024-10-18 11:39:38,596 and sent to mynifi:8082 at 2024-10-18 11:39:38,610; send took 14 millis
2024-10-18 11:39:41,453 INFO [Heartbeat Monitor Thread-1] o.a.n.c.c.h.AbstractHeartbeatMonitor Finished processing 1 heartbeats in 12567 nanos
2024-10-18 11:39:43,626 INFO [Process Cluster Protocol Request-5] o.a.n.c.p.impl.SocketProtocolListener Finished processing request b10db931-cfb7-43d6-bf1a-dace5bbadb43 (type=HEARTBEAT, length=2235 bytes) from mynifi:8080 in 8 millis
2024-10-18 11:39:43,631 INFO [Clustering Tasks Thread-2] o.a.n.c.c.ClusterProtocolHeartbeater Heartbeat created at 2024-10-18 11:39:43,611 and sent to mynifi:8082 at 2024-10-18 11:39:43,631; send took 19 millis
2024-10-18 11:39:46,453 INFO [Heartbeat Monitor Thread-1] o.a.n.c.c.h.AbstractHeartbeatMonitor Finished processing 1 heartbeats in 18214 nanos
2024-10-18 11:39:48,473 INFO [pool-13-thread-1] o.a.n.c.r.WriteAheadFlowFileRepository Initiating checkpoint of FlowFile Repository
2024-10-18 11:39:48,474 INFO [pool-13-thread-1] o.a.n.c.r.WriteAheadFlowFileRepository Successfully checkpointed FlowFile Repository with 0 records in 0 milliseconds
2024-10-18 11:39:48,636 INFO [Process Cluster Protocol Request-6] o.a.n.c.p.impl.SocketProtocolListener Finished processing request 4f583b6d-af00-4a2f-a67c-4dbc46a3c2c6 (type=HEARTBEAT, length=2235 bytes) from mynifi:8080 in 2 millis
2024-10-18 11:39:48,638 INFO [Clustering Tasks Thread-2] o.a.n.c.c.ClusterProtocolHeartbeater Heartbeat created at 2024-10-18 11:39:48,632 and sent to mynifi:8082 at 2024-10-18 11:39:48,638; send took 5 millis
2024-10-18 11:39:51,454 INFO [Heartbeat Monitor Thread-1] o.a.n.c.c.h.AbstractHeartbeatMonitor Finished processing 1 heartbeats in 36700 nanos
2024-10-18 11:39:53,650 INFO [Process Cluster Protocol Request-7] o.a.n.c.p.impl.SocketProtocolListener Finished processing request 8d907222-81ab-4d72-af87-dbcb6af603a5 (type=HEARTBEAT, length=2235 bytes) from mynifi:8080 in 6 millis
2024-10-18 11:39:53,651 INFO [Clustering Tasks Thread-2] o.a.n.c.c.ClusterProtocolHeartbeater Heartbeat created at 2024-10-18 11:39:53,638 and sent to mynifi:8082 at 2024-10-18 11:39:53,651; send took 12 millis
2024-10-18 11:39:56,455 INFO [Heartbeat Monitor Thread-1] o.a.n.c.c.h.AbstractHeartbeatMonitor Finished processing 1 heartbeats in 17216 nanos
2024-10-18 11:39:58,660 INFO [Process Cluster Protocol Request-8] o.a.n.c.p.impl.SocketProtocolListener Finished processing request 29aa8aac-b956-4db5-afaf-bff57ccc67ed (type=HEARTBEAT, length=2235 bytes) from mynifi:8080 in 2 millis
2024-10-18 11:39:58,661 INFO [Clustering Tasks Thread-2] o.a.n.c.c.ClusterProtocolHeartbeater Heartbeat created at 2024-10-18 11:39:58,652 and sent to mynifi:8082 at 2024-10-18 11:39:58,661; send took 8 millis
2024-10-18 11:40:01,455 INFO [Heartbeat Monitor Thread-1] o.a.n.c.c.h.AbstractHeartbeatMonitor Finished processing 1 heartbeats in 56425 nanos
2024-10-18 11:40:03,675 INFO [Process Cluster Protocol Request-9] o.a.n.c.p.impl.SocketProtocolListener Finished processing request b4b8bd02-a2b9-464c-baff-2f7a1b9820ee (type=HEARTBEAT, length=2235 bytes) from mynifi:8080 in 6 millis
2024-10-18 11:40:03,679 INFO [Clustering Tasks Thread-2] o.a.n.c.c.ClusterProtocolHeartbeater Heartbeat created at 2024-10-18 11:40:03,663 and sent to mynifi:8082 at 2024-10-18 11:40:03,679; send took 15 millis
2024-10-18 11:40:06,456 INFO [Heartbeat Monitor Thread-1] o.a.n.c.c.h.AbstractHeartbeatMonitor Finished processing 1 heartbeats in 37259 nanos
2024-10-18 11:40:08,474 INFO [pool-13-thread-1] o.a.n.c.r.WriteAheadFlowFileRepository Initiating checkpoint of FlowFile Repository
2024-10-18 11:40:08,474 INFO [pool-13-thread-1] o.a.n.c.r.WriteAheadFlowFileRepository Successfully checkpointed FlowFile Repository with 0 records in 0 milliseconds
2024-10-18 11:40:08,690 INFO [Process Cluster Protocol Request-10] o.a.n.c.p.impl.SocketProtocolListener Finished processing request e8bd6848-a5cd-42e1-a11f-26d291f5ec04 (type=HEARTBEAT, length=2235 bytes) from mynifi:8080 in 5 millis
2024-10-18 11:40:08,696 INFO [Clustering Tasks Thread-2] o.a.n.c.c.ClusterProtocolHeartbeater Heartbeat created at 2024-10-18 11:40:08,680 and sent to mynifi:8082 at 2024-10-18 11:40:08,696; send took 15 millis
2024-10-18 11:40:11,456 INFO [Heartbeat Monitor Thread-1] o.a.n.c.c.h.AbstractHeartbeatMonitor Finished processing 1 heartbeats in 50513 nanos
2024-10-18 11:40:13,708 INFO [Process Cluster Protocol Request-1] o.a.n.c.p.impl.SocketProtocolListener Finished processing request c00fac52-95d4-4f7d-861d-4a285c14a950 (type=HEARTBEAT, length=2235 bytes) from mynifi:8080 in 5 millis
2024-10-18 11:40:13,712 INFO [Clustering Tasks Thread-2] o.a.n.c.c.ClusterProtocolHeartbeater Heartbeat created at 2024-10-18 11:40:13,697 and sent to mynifi:8082 at 2024-10-18 11:40:13,712; send took 14 millis
2024-10-18 11:40:16,457 INFO [Heartbeat Monitor Thread-1] o.a.n.c.c.h.AbstractHeartbeatMonitor Finished processing 1 heartbeats in 37804 nanos
2024-10-18 11:40:18,720 INFO [Process Cluster Protocol Request-2] o.a.n.c.p.impl.SocketProtocolListener Finished processing request 557da5fe-3ad1-479d-8b14-d1cbf6a13e50 (type=HEARTBEAT, length=2235 bytes) from mynifi:8080 in 4 millis
2024-10-18 11:40:18,725 INFO [Clustering Tasks Thread-2] o.a.n.c.c.ClusterProtocolHeartbeater Heartbeat created at 2024-10-18 11:40:18,712 and sent to mynifi:8082 at 2024-10-18 11:40:18,725; send took 11 millis
2024-10-18 11:40:21,457 INFO [Heartbeat Monitor Thread-1] o.a.n.c.c.h.AbstractHeartbeatMonitor Finished processing 1 heartbeats in 39831 nanos
2024-10-18 11:40:23,729 INFO [Process Cluster Protocol Request-3] o.a.n.c.p.impl.SocketProtocolListener Finished processing request 2bcab545-89c7-44a4-879c-a2fd964d5763 (type=HEARTBEAT, length=2235 bytes) from mynifi:8080 in 2 millis
2024-10-18 11:40:23,730 INFO [Clustering Tasks Thread-2] o.a.n.c.c.ClusterProtocolHeartbeater Heartbeat created at 2024-10-18 11:40:23,725 and sent to mynifi:8082 at 2024-10-18 11:40:23,730; send took 5 millis
2024-10-18 11:40:26,458 INFO [Heartbeat Monitor Thread-1] o.a.n.c.c.h.AbstractHeartbeatMonitor Finished processing 1 heartbeats in 36531 nanos
2024-10-18 11:40:28,474 INFO [pool-13-thread-1] o.a.n.c.r.WriteAheadFlowFileRepository Initiating checkpoint of FlowFile Repository
2024-10-18 11:40:28,475 INFO [pool-13-thread-1] o.a.n.c.r.WriteAheadFlowFileRepository Successfully checkpointed FlowFile Repository with 0 records in 0 milliseconds
2024-10-18 11:40:28,742 INFO [Process Cluster Protocol Request-4] o.a.n.c.p.impl.SocketProtocolListener Finished processing request c673fb51-54b3-4ca5-80fb-cf0e9d104cb6 (type=HEARTBEAT, length=2235 bytes) from mynifi:8080 in 5 millis
2024-10-18 11:40:28,746 INFO [Clustering Tasks Thread-2] o.a.n.c.c.ClusterProtocolHeartbeater Heartbeat created at 2024-10-18 11:40:28,731 and sent to mynifi:8082 at 2024-10-18 11:40:28,746; send took 14 millis
2024-10-18 11:40:31,459 INFO [Heartbeat Monitor Thread-1] o.a.n.c.c.h.AbstractHeartbeatMonitor Finished processing 1 heartbeats in 36258 nanos
2024-10-18 11:40:33,758 INFO [Process Cluster Protocol Request-5] o.a.n.c.p.impl.SocketProtocolListener Finished processing request 2c61085a-90c5-4bf5-85ba-fe6c5b094a9a (type=HEARTBEAT, length=2235 bytes) from mynifi:8080 in 5 millis
2024-10-18 11:40:33,762 INFO [Clustering Tasks Thread-2] o.a.n.c.c.ClusterProtocolHeartbeater Heartbeat created at 2024-10-18 11:40:33,747 and sent to mynifi:8082 at 2024-10-18 11:40:33,762; send took 14 millis
2024-10-18 11:40:35,644 INFO [Write-Ahead Local State Provider Maintenance] org.wali.MinimalLockingWriteAheadLog org.wali.MinimalLockingWriteAheadLog@3d7fc4b3 checkpointed with 2 Records and 0 Swap Files in 18 milliseconds (Stop-the-world time = 3 milliseconds, Clear Edit Logs time = 4 millis), max Transaction ID 11
2024-10-18 11:40:36,170 INFO [Cleanup Archive for default] o.a.n.c.repository.FileSystemRepository Successfully deleted 0 files (0 bytes) from archive
2024-10-18 11:40:36,459 INFO [Heartbeat Monitor Thread-1] o.a.n.c.c.h.AbstractHeartbeatMonitor Finished processing 1 heartbeats in 37065 nanos
2024-10-18 11:40:37,830 INFO [Flow Service Tasks Thread-1] o.a.nifi.controller.StandardFlowService Saved flow controller org.apache.nifi.controller.FlowController@4f258821 // Another save pending = false
2024-10-18 11:40:38,773 INFO [Process Cluster Protocol Request-6] o.a.n.c.p.impl.SocketProtocolListener Finished processing request 2d47b404-0714-4ce1-9330-f956bc8fdffd (type=HEARTBEAT, length=2235 bytes) from mynifi:8080 in 5 millis
2024-10-18 11:40:38,778 INFO [Clustering Tasks Thread-2] o.a.n.c.c.ClusterProtocolHeartbeater Heartbeat created at 2024-10-18 11:40:38,763 and sent to mynifi:8082 at 2024-10-18 11:40:38,778; send took 14 millis
2024-10-18 11:40:38,842 INFO [Flow Service Tasks Thread-1] o.a.nifi.controller.StandardFlowService Saved flow controller org.apache.nifi.controller.FlowController@4f258821 // Another save pending = false
2024-10-18 11:40:41,460 INFO [Heartbeat Monitor Thread-1] o.a.n.c.c.h.AbstractHeartbeatMonitor Finished processing 1 heartbeats in 15792 nanos
2024-10-18 11:40:43,784 INFO [Process Cluster Protocol Request-7] o.a.n.c.p.impl.SocketProtocolListener Finished processing request f51e1ada-4ae4-43e7-9a41-274c82364383 (type=HEARTBEAT, length=2235 bytes) from mynifi:8080 in 2 millis
2024-10-18 11:40:43,786 INFO [Clustering Tasks Thread-2] o.a.n.c.c.ClusterProtocolHeartbeater Heartbeat created at 2024-10-18 11:40:43,778 and sent to mynifi:8082 at 2024-10-18 11:40:43,786; send took 7 millis
2024-10-18 11:40:46,460 INFO [Heartbeat Monitor Thread-1] o.a.n.c.c.h.AbstractHeartbeatMonitor Finished processing 1 heartbeats in 36082 nanos
2024-10-18 11:40:48,475 INFO [pool-13-thread-1] o.a.n.c.r.WriteAheadFlowFileRepository Initiating checkpoint of FlowFile Repository
2024-10-18 11:40:48,475 INFO [pool-13-thread-1] o.a.n.c.r.WriteAheadFlowFileRepository Successfully checkpointed FlowFile Repository with 0 records in 0 milliseconds
2024-10-18 11:40:48,797 INFO [Process Cluster Protocol Request-8] o.a.n.c.p.impl.SocketProtocolListener Finished processing request bb35b920-66b4-4161-b757-84c48d259f1c (type=HEARTBEAT, length=2235 bytes) from mynifi:8080 in 5 millis
2024-10-18 11:40:48,801 INFO [Clustering Tasks Thread-2] o.a.n.c.c.ClusterProtocolHeartbeater Heartbeat created at 2024-10-18 11:40:48,787 and sent to mynifi:8082 at 2024-10-18 11:40:48,801; send took 14 millis
2024-10-18 11:40:51,461 INFO [Heartbeat Monitor Thread-1] o.a.n.c.c.h.AbstractHeartbeatMonitor Finished processing 1 heartbeats in 37590 nanos
2024-10-18 11:40:53,812 INFO [Process Cluster Protocol Request-9] o.a.n.c.p.impl.SocketProtocolListener Finished processing request b050efc8-6c00-445c-a19b-cbaa423cb51b (type=HEARTBEAT, length=2235 bytes) from mynifi:8080 in 5 millis
2024-10-18 11:40:53,816 INFO [Clustering Tasks Thread-2] o.a.n.c.c.ClusterProtocolHeartbeater Heartbeat created at 2024-10-18 11:40:53,802 and sent to mynifi:8082 at 2024-10-18 11:40:53,816; send took 14 millis
2024-10-18 11:40:56,461 INFO [Heartbeat Monitor Thread-1] o.a.n.c.c.h.AbstractHeartbeatMonitor Finished processing 1 heartbeats in 35617 nanos
2024-10-18 11:40:58,854 INFO [Process Cluster Protocol Request-10] o.a.n.c.p.impl.SocketProtocolListener Finished processing request 13d9b0ef-6f56-4ad7-87ec-dbe3f6d4ee8d (type=HEARTBEAT, length=2235 bytes) from mynifi:8080 in 31 millis
2024-10-18 11:40:58,856 INFO [Clustering Tasks Thread-2] o.a.n.c.c.ClusterProtocolHeartbeater Heartbeat created at 2024-10-18 11:40:58,817 and sent to mynifi:8082 at 2024-10-18 11:40:58,856; send took 39 millis
2024-10-18 11:41:01,462 INFO [Heartbeat Monitor Thread-1] o.a.n.c.c.h.AbstractHeartbeatMonitor Finished processing 1 heartbeats in 28844 nanos
2024-10-18 11:41:03,868 INFO [Process Cluster Protocol Request-1] o.a.n.c.p.impl.SocketProtocolListener Finished processing request 2fa439bc-bd52-492a-8992-d8a65e46bf36 (type=HEARTBEAT, length=2235 bytes) from mynifi:8080 in 6 millis
2024-10-18 11:41:03,869 INFO [Clustering Tasks Thread-2] o.a.n.c.c.ClusterProtocolHeartbeater Heartbeat created at 2024-10-18 11:41:03,857 and sent to mynifi:8082 at 2024-10-18 11:41:03,869; send took 12 millis
2024-10-18 11:41:06,462 INFO [Heartbeat Monitor Thread-1] o.a.n.c.c.h.AbstractHeartbeatMonitor Finished processing 1 heartbeats in 36695 nanos
2024-10-18 11:41:08,476 INFO [pool-13-thread-1] o.a.n.c.r.WriteAheadFlowFileRepository Initiating checkpoint of FlowFile Repository
2024-10-18 11:41:08,476 INFO [pool-13-thread-1] o.a.n.c.r.WriteAheadFlowFileRepository Successfully checkpointed FlowFile Repository with 0 records in 0 milliseconds
2024-10-18 11:41:08,881 INFO [Process Cluster Protocol Request-2] o.a.n.c.p.impl.SocketProtocolListener Finished processing request 5c0cd44f-8396-4a12-a8d1-1455023e689c (type=HEARTBEAT, length=2235 bytes) from mynifi:8080 in 5 millis
2024-10-18 11:41:08,882 INFO [Clustering Tasks Thread-2] o.a.n.c.c.ClusterProtocolHeartbeater Heartbeat created at 2024-10-18 11:41:08,870 and sent to mynifi:8082 at 2024-10-18 11:41:08,882; send took 11 millis
2024-10-18 11:41:11,463 INFO [Heartbeat Monitor Thread-1] o.a.n.c.c.h.AbstractHeartbeatMonitor Finished processing 1 heartbeats in 13560 nanos
2024-10-18 11:41:13,893 INFO [Process Cluster Protocol Request-3] o.a.n.c.p.impl.SocketProtocolListener Finished processing request 11edd19a-0aa4-406e-98ea-618a191a53a2 (type=HEARTBEAT, length=2235 bytes) from mynifi:8080 in 5 millis
2024-10-18 11:41:13,897 INFO [Clustering Tasks Thread-2] o.a.n.c.c.ClusterProtocolHeartbeater Heartbeat created at 2024-10-18 11:41:13,882 and sent to mynifi:8082 at 2024-10-18 11:41:13,897; send took 13 millis
2024-10-18 11:41:16,463 INFO [Heartbeat Monitor Thread-1] o.a.n.c.c.h.AbstractHeartbeatMonitor Finished processing 1 heartbeats in 41432 nanos
2024-10-18 11:41:18,908 INFO [Process Cluster Protocol Request-4] o.a.n.c.p.impl.SocketProtocolListener Finished processing request 9777a0da-082f-4824-bd47-c724fbd7c378 (type=HEARTBEAT, length=2235 bytes) from mynifi:8080 in 5 millis
2024-10-18 11:41:18,911 INFO [Clustering Tasks Thread-2] o.a.n.c.c.ClusterProtocolHeartbeater Heartbeat created at 2024-10-18 11:41:18,898 and sent to mynifi:8082 at 2024-10-18 11:41:18,911; send took 13 millis
2024-10-18 11:41:21,464 INFO [Heartbeat Monitor Thread-1] o.a.n.c.c.h.AbstractHeartbeatMonitor Finished processing 1 heartbeats in 38069 nanos
2024-10-18 11:41:23,915 INFO [Process Cluster Protocol Request-5] o.a.n.c.p.impl.SocketProtocolListener Finished processing request 27aa67aa-d2eb-4a07-a3c4-c0ca83e5c21f (type=HEARTBEAT, length=2235 bytes) from mynifi:8080 in 1 millis
2024-10-18 11:41:23,916 INFO [Clustering Tasks Thread-2] o.a.n.c.c.ClusterProtocolHeartbeater Heartbeat created at 2024-10-18 11:41:23,912 and sent to mynifi:8082 at 2024-10-18 11:41:23,916; send took 4 millis
2024-10-18 11:41:26,464 INFO [Heartbeat Monitor Thread-1] o.a.n.c.c.h.AbstractHeartbeatMonitor Finished processing 1 heartbeats in 13994 nanos
2024-10-18 11:41:28,476 INFO [pool-13-thread-1] o.a.n.c.r.WriteAheadFlowFileRepository Initiating checkpoint of FlowFile Repository
2024-10-18 11:41:28,476 INFO [pool-13-thread-1] o.a.n.c.r.WriteAheadFlowFileRepository Successfully checkpointed FlowFile Repository with 0 records in 0 milliseconds
2024-10-18 11:41:28,924 INFO [Process Cluster Protocol Request-6] o.a.n.c.p.impl.SocketProtocolListener Finished processing request 5f5f2fd4-2d8e-4738-911b-fb63c7d82070 (type=HEARTBEAT, length=2235 bytes) from mynifi:8080 in 2 millis
2024-10-18 11:41:28,925 INFO [Clustering Tasks Thread-2] o.a.n.c.c.ClusterProtocolHeartbeater Heartbeat created at 2024-10-18 11:41:28,917 and sent to mynifi:8082 at 2024-10-18 11:41:28,925; send took 8 millis
2024-10-18 11:41:31,464 INFO [Heartbeat Monitor Thread-1] o.a.n.c.c.h.AbstractHeartbeatMonitor Finished processing 1 heartbeats in 37606 nanos
2024-10-18 11:41:33,936 INFO [Process Cluster Protocol Request-7] o.a.n.c.p.impl.SocketProtocolListener Finished processing request abe65fa5-084f-4982-9cfd-4237dc76b7fc (type=HEARTBEAT, length=2235 bytes) from mynifi:8080 in 4 millis
2024-10-18 11:41:33,937 INFO [Clustering Tasks Thread-2] o.a.n.c.c.ClusterProtocolHeartbeater Heartbeat created at 2024-10-18 11:41:33,926 and sent to mynifi:8082 at 2024-10-18 11:41:33,937; send took 11 millis
2024-10-18 11:41:36,184 INFO [Cleanup Archive for default] o.a.n.c.repository.FileSystemRepository Successfully deleted 0 files (0 bytes) from archive
2024-10-18 11:41:36,465 INFO [Heartbeat Monitor Thread-1] o.a.n.c.c.h.AbstractHeartbeatMonitor Finished processing 1 heartbeats in 40355 nanos
2024-10-18 11:41:38,947 INFO [Process Cluster Protocol Request-8] o.a.n.c.p.impl.SocketProtocolListener Finished processing request 31f0ff0b-db4e-4508-abc8-adcf18c00c03 (type=HEARTBEAT, length=2235 bytes) from mynifi:8080 in 3 millis
2024-10-18 11:41:38,948 INFO [Clustering Tasks Thread-2] o.a.n.c.c.ClusterProtocolHeartbeater Heartbeat created at 2024-10-18 11:41:38,938 and sent to mynifi:8082 at 2024-10-18 11:41:38,948; send took 9 millis
2024-10-18 11:41:41,466 INFO [Heartbeat Monitor Thread-1] o.a.n.c.c.h.AbstractHeartbeatMonitor Finished processing 1 heartbeats in 95127 nanos
2024-10-18 11:41:43,960 INFO [Process Cluster Protocol Request-9] o.a.n.c.p.impl.SocketProtocolListener Finished processing request d1ff9d42-b959-4af1-9daa-ca2e2254985c (type=HEARTBEAT, length=2235 bytes) from mynifi:8080 in 5 millis
2024-10-18 11:41:43,963 INFO [Clustering Tasks Thread-2] o.a.n.c.c.ClusterProtocolHeartbeater Heartbeat created at 2024-10-18 11:41:43,949 and sent to mynifi:8082 at 2024-10-18 11:41:43,963; send took 14 millis
2024-10-18 11:41:46,466 INFO [Heartbeat Monitor Thread-1] o.a.n.c.c.h.AbstractHeartbeatMonitor Finished processing 1 heartbeats in 35102 nanos
2024-10-18 11:41:48,476 INFO [pool-13-thread-1] o.a.n.c.r.WriteAheadFlowFileRepository Initiating checkpoint of FlowFile Repository
2024-10-18 11:41:48,477 INFO [pool-13-thread-1] o.a.n.c.r.WriteAheadFlowFileRepository Successfully checkpointed FlowFile Repository with 0 records in 0 milliseconds
2024-10-18 11:41:48,975 INFO [Process Cluster Protocol Request-10] o.a.n.c.p.impl.SocketProtocolListener Finished processing request 17d6cec7-3429-4303-88fb-47e496d6001c (type=HEARTBEAT, length=2235 bytes) from mynifi:8080 in 5 millis
2024-10-18 11:41:48,978 INFO [Clustering Tasks Thread-2] o.a.n.c.c.ClusterProtocolHeartbeater Heartbeat created at 2024-10-18 11:41:48,964 and sent to mynifi:8082 at 2024-10-18 11:41:48,978; send took 13 millis
2024-10-18 11:41:51,467 INFO [Heartbeat Monitor Thread-1] o.a.n.c.c.h.AbstractHeartbeatMonitor Finished processing 1 heartbeats in 35822 nanos
2024-10-18 11:41:53,986 INFO [Process Cluster Protocol Request-1] o.a.n.c.p.impl.SocketProtocolListener Finished processing request 49e28fb8-4582-4cb6-bc94-07e67ca5772a (type=HEARTBEAT, length=2235 bytes) from mynifi:8080 in 3 millis
2024-10-18 11:41:53,989 INFO [Clustering Tasks Thread-2] o.a.n.c.c.ClusterProtocolHeartbeater Heartbeat created at 2024-10-18 11:41:53,979 and sent to mynifi:8082 at 2024-10-18 11:41:53,989; send took 10 millis
2024-10-18 11:41:56,468 INFO [Heartbeat Monitor Thread-1] o.a.n.c.c.h.AbstractHeartbeatMonitor Finished processing 1 heartbeats in 35973 nanos
2024-10-18 11:41:59,000 INFO [Process Cluster Protocol Request-2] o.a.n.c.p.impl.SocketProtocolListener Finished processing request 41a180bb-6561-4633-8a98-b630ebc3a6a1 (type=HEARTBEAT, length=2235 bytes) from mynifi:8080 in 4 millis
2024-10-18 11:41:59,005 INFO [Clustering Tasks Thread-2] o.a.n.c.c.ClusterProtocolHeartbeater Heartbeat created at 2024-10-18 11:41:58,990 and sent to mynifi:8082 at 2024-10-18 11:41:59,005; send took 14 millis
2024-10-18 11:42:01,468 INFO [Heartbeat Monitor Thread-1] o.a.n.c.c.h.AbstractHeartbeatMonitor Finished processing 1 heartbeats in 18367 nanos
2024-10-18 11:42:04,016 INFO [Process Cluster Protocol Request-3] o.a.n.c.p.impl.SocketProtocolListener Finished processing request e569784c-a0f3-4eec-a02a-1613e89e57a4 (type=HEARTBEAT, length=2235 bytes) from mynifi:8080 in 5 millis
2024-10-18 11:42:04,020 INFO [Clustering Tasks Thread-2] o.a.n.c.c.ClusterProtocolHeartbeater Heartbeat created at 2024-10-18 11:42:04,006 and sent to mynifi:8082 at 2024-10-18 11:42:04,020; send took 13 millis
2024-10-18 11:42:06,468 INFO [Heartbeat Monitor Thread-1] o.a.n.c.c.h.AbstractHeartbeatMonitor Finished processing 1 heartbeats in 34646 nanos
2024-10-18 11:42:08,477 INFO [pool-13-thread-1] o.a.n.c.r.WriteAheadFlowFileRepository Initiating checkpoint of FlowFile Repository
2024-10-18 11:42:08,477 INFO [pool-13-thread-1] o.a.n.c.r.WriteAheadFlowFileRepository Successfully checkpointed FlowFile Repository with 0 records in 0 milliseconds
2024-10-18 11:42:09,030 INFO [Process Cluster Protocol Request-4] o.a.n.c.p.impl.SocketProtocolListener Finished processing request 5283d754-2364-4102-bf4b-de214c1b050b (type=HEARTBEAT, length=2235 bytes) from mynifi:8080 in 4 millis
2024-10-18 11:42:09,031 INFO [Clustering Tasks Thread-2] o.a.n.c.c.ClusterProtocolHeartbeater Heartbeat created at 2024-10-18 11:42:09,020 and sent to mynifi:8082 at 2024-10-18 11:42:09,031; send took 10 millis
2024-10-18 11:42:11,469 INFO [Heartbeat Monitor Thread-1] o.a.n.c.c.h.AbstractHeartbeatMonitor Finished processing 1 heartbeats in 35070 nanos
2024-10-18 11:42:14,042 INFO [Process Cluster Protocol Request-5] o.a.n.c.p.impl.SocketProtocolListener Finished processing request 4e7993c8-c29a-40e0-96d6-a29775737ed7 (type=HEARTBEAT, length=2235 bytes) from mynifi:8080 in 4 millis
2024-10-18 11:42:14,045 INFO [Clustering Tasks Thread-2] o.a.n.c.c.ClusterProtocolHeartbeater Heartbeat created at 2024-10-18 11:42:14,032 and sent to mynifi:8082 at 2024-10-18 11:42:14,045; send took 13 millis
2024-10-18 11:42:16,470 INFO [Heartbeat Monitor Thread-1] o.a.n.c.c.h.AbstractHeartbeatMonitor Finished processing 1 heartbeats in 35087 nanos
2024-10-18 11:42:19,056 INFO [Process Cluster Protocol Request-6] o.a.n.c.p.impl.SocketProtocolListener Finished processing request 8aa516fe-bd7b-4c54-bcc5-fba5c0aec65f (type=HEARTBEAT, length=2235 bytes) from mynifi:8080 in 5 millis
2024-10-18 11:42:19,060 INFO [Clustering Tasks Thread-2] o.a.n.c.c.ClusterProtocolHeartbeater Heartbeat created at 2024-10-18 11:42:19,046 and sent to mynifi:8082 at 2024-10-18 11:42:19,060; send took 13 millis
2024-10-18 11:42:21,470 INFO [Heartbeat Monitor Thread-1] o.a.n.c.c.h.AbstractHeartbeatMonitor Finished processing 1 heartbeats in 50478 nanos
2024-10-18 11:42:24,070 INFO [Process Cluster Protocol Request-7] o.a.n.c.p.impl.SocketProtocolListener Finished processing request dab0e223-8b18-4c45-b1a2-bdbce2e70276 (type=HEARTBEAT, length=2235 bytes) from mynifi:8080 in 4 millis
2024-10-18 11:42:24,073 INFO [Clustering Tasks Thread-2] o.a.n.c.c.ClusterProtocolHeartbeater Heartbeat created at 2024-10-18 11:42:24,060 and sent to mynifi:8082 at 2024-10-18 11:42:24,073; send took 12 millis
2024-10-18 11:42:26,471 INFO [Heartbeat Monitor Thread-1] o.a.n.c.c.h.AbstractHeartbeatMonitor Finished processing 1 heartbeats in 38238 nanos
2024-10-18 11:42:28,477 INFO [pool-13-thread-1] o.a.n.c.r.WriteAheadFlowFileRepository Initiating checkpoint of FlowFile Repository
2024-10-18 11:42:28,478 INFO [pool-13-thread-1] o.a.n.c.r.WriteAheadFlowFileRepository Successfully checkpointed FlowFile Repository with 0 records in 0 milliseconds
2024-10-18 11:42:29,077 INFO [Process Cluster Protocol Request-8] o.a.n.c.p.impl.SocketProtocolListener Finished processing request 46c7a1b2-c14a-4e5a-9820-6c2c24eaeae3 (type=HEARTBEAT, length=2235 bytes) from mynifi:8080 in 1 millis
2024-10-18 11:42:29,078 INFO [Clustering Tasks Thread-2] o.a.n.c.c.ClusterProtocolHeartbeater Heartbeat created at 2024-10-18 11:42:29,074 and sent to mynifi:8082 at 2024-10-18 11:42:29,078; send took 3 millis
2024-10-18 11:42:31,471 INFO [Heartbeat Monitor Thread-1] o.a.n.c.c.h.AbstractHeartbeatMonitor Finished processing 1 heartbeats in 35812 nanos
2024-10-18 11:42:34,089 INFO [Process Cluster Protocol Request-9] o.a.n.c.p.impl.SocketProtocolListener Finished processing request ffc93372-6c47-475e-beab-d6aab686f1ad (type=HEARTBEAT, length=2235 bytes) from mynifi:8080 in 5 millis
2024-10-18 11:42:34,092 INFO [Clustering Tasks Thread-2] o.a.n.c.c.ClusterProtocolHeartbeater Heartbeat created at 2024-10-18 11:42:34,079 and sent to mynifi:8082 at 2024-10-18 11:42:34,092; send took 13 millis
2024-10-18 11:42:35,657 INFO [Write-Ahead Local State Provider Maintenance] org.wali.MinimalLockingWriteAheadLog org.wali.MinimalLockingWriteAheadLog@3d7fc4b3 checkpointed with 2 Records and 0 Swap Files in 11 milliseconds (Stop-the-world time = 4 milliseconds, Clear Edit Logs time = 4 millis), max Transaction ID 11
2024-10-18 11:42:36,195 INFO [Cleanup Archive for default] o.a.n.c.repository.FileSystemRepository Successfully deleted 0 files (0 bytes) from archive
2024-10-18 11:42:36,472 INFO [Heartbeat Monitor Thread-1] o.a.n.c.c.h.AbstractHeartbeatMonitor Finished processing 1 heartbeats in 35114 nanos
2024-10-18 11:42:39,103 INFO [Process Cluster Protocol Request-10] o.a.n.c.p.impl.SocketProtocolListener Finished processing request c6152874-28fb-49ec-95ea-f97b8eede8e7 (type=HEARTBEAT, length=2235 bytes) from mynifi:8080 in 4 millis
2024-10-18 11:42:39,106 INFO [Clustering Tasks Thread-2] o.a.n.c.c.ClusterProtocolHeartbeater Heartbeat created at 2024-10-18 11:42:39,093 and sent to mynifi:8082 at 2024-10-18 11:42:39,106; send took 12 millis
2024-10-18 11:42:41,473 INFO [Heartbeat Monitor Thread-1] o.a.n.c.c.h.AbstractHeartbeatMonitor Finished processing 1 heartbeats in 36611 nanos
2024-10-18 11:42:44,116 INFO [Process Cluster Protocol Request-1] o.a.n.c.p.impl.SocketProtocolListener Finished processing request ce424883-ebe6-4da7-88f7-79da43cb601a (type=HEARTBEAT, length=2235 bytes) from mynifi:8080 in 4 millis
2024-10-18 11:42:44,121 INFO [Clustering Tasks Thread-2] o.a.n.c.c.ClusterProtocolHeartbeater Heartbeat created at 2024-10-18 11:42:44,107 and sent to mynifi:8082 at 2024-10-18 11:42:44,121; send took 13 millis
2024-10-18 11:42:46,473 INFO [Heartbeat Monitor Thread-1] o.a.n.c.c.h.AbstractHeartbeatMonitor Finished processing 1 heartbeats in 36415 nanos
2024-10-18 11:42:48,478 INFO [pool-13-thread-1] o.a.n.c.r.WriteAheadFlowFileRepository Initiating checkpoint of FlowFile Repository
2024-10-18 11:42:48,478 INFO [pool-13-thread-1] o.a.n.c.r.WriteAheadFlowFileRepository Successfully checkpointed FlowFile Repository with 0 records in 0 milliseconds
2024-10-18 11:42:49,130 INFO [Process Cluster Protocol Request-2] o.a.n.c.p.impl.SocketProtocolListener Finished processing request 009c9ba8-eda9-46cd-b3fa-e720511e79b9 (type=HEARTBEAT, length=2235 bytes) from mynifi:8080 in 4 millis
2024-10-18 11:42:49,134 INFO [Clustering Tasks Thread-2] o.a.n.c.c.ClusterProtocolHeartbeater Heartbeat created at 2024-10-18 11:42:49,122 and sent to mynifi:8082 at 2024-10-18 11:42:49,134; send took 12 millis
2024-10-18 11:42:51,474 INFO [Heartbeat Monitor Thread-1] o.a.n.c.c.h.AbstractHeartbeatMonitor Finished processing 1 heartbeats in 35423 nanos
2024-10-18 11:42:54,144 INFO [Process Cluster Protocol Request-3] o.a.n.c.p.impl.SocketProtocolListener Finished processing request b4608074-5359-4146-9dfc-29a6539d3a00 (type=HEARTBEAT, length=2235 bytes) from mynifi:8080 in 4 millis
2024-10-18 11:42:54,148 INFO [Clustering Tasks Thread-2] o.a.n.c.c.ClusterProtocolHeartbeater Heartbeat created at 2024-10-18 11:42:54,135 and sent to mynifi:8082 at 2024-10-18 11:42:54,148; send took 12 millis
2024-10-18 11:42:56,474 INFO [Heartbeat Monitor Thread-1] o.a.n.c.c.h.AbstractHeartbeatMonitor Finished processing 1 heartbeats in 26439 nanos
2024-10-18 11:42:59,152 INFO [Process Cluster Protocol Request-4] o.a.n.c.p.impl.SocketProtocolListener Finished processing request 6cd1083d-5c58-4757-93d2-0dc3b3b86ce5 (type=HEARTBEAT, length=2235 bytes) from mynifi:8080 in 2 millis
2024-10-18 11:42:59,154 INFO [Clustering Tasks Thread-2] o.a.n.c.c.ClusterProtocolHeartbeater Heartbeat created at 2024-10-18 11:42:59,148 and sent to mynifi:8082 at 2024-10-18 11:42:59,154; send took 5 millis
2024-10-18 11:43:01,475 INFO [Heartbeat Monitor Thread-1] o.a.n.c.c.h.AbstractHeartbeatMonitor Finished processing 1 heartbeats in 35034 nanos
2024-10-18 11:43:04,157 INFO [Process Cluster Protocol Request-5] o.a.n.c.p.impl.SocketProtocolListener Finished processing request cd2e2664-de9c-4dec-94a3-f2dc5ca4fcdd (type=HEARTBEAT, length=2235 bytes) from mynifi:8080 in 1 millis
2024-10-18 11:43:04,158 INFO [Clustering Tasks Thread-2] o.a.n.c.c.ClusterProtocolHeartbeater Heartbeat created at 2024-10-18 11:43:04,154 and sent to mynifi:8082 at 2024-10-18 11:43:04,158; send took 4 millis
2024-10-18 11:43:06,475 INFO [Heartbeat Monitor Thread-1] o.a.n.c.c.h.AbstractHeartbeatMonitor Finished processing 1 heartbeats in 33702 nanos
2024-10-18 11:43:08,478 INFO [pool-13-thread-1] o.a.n.c.r.WriteAheadFlowFileRepository Initiating checkpoint of FlowFile Repository
2024-10-18 11:43:08,479 INFO [pool-13-thread-1] o.a.n.c.r.WriteAheadFlowFileRepository Successfully checkpointed FlowFile Repository with 0 records in 0 milliseconds
2024-10-18 11:43:09,168 INFO [Process Cluster Protocol Request-6] o.a.n.c.p.impl.SocketProtocolListener Finished processing request b5a0ea3b-bf2b-4fab-bfcc-4aede80c1881 (type=HEARTBEAT, length=2235 bytes) from mynifi:8080 in 4 millis
2024-10-18 11:43:09,171 INFO [Clustering Tasks Thread-2] o.a.n.c.c.ClusterProtocolHeartbeater Heartbeat created at 2024-10-18 11:43:09,159 and sent to mynifi:8082 at 2024-10-18 11:43:09,171; send took 12 millis
2024-10-18 11:43:11,476 INFO [Heartbeat Monitor Thread-1] o.a.n.c.c.h.AbstractHeartbeatMonitor Finished processing 1 heartbeats in 33975 nanos
2024-10-18 11:43:14,180 INFO [Process Cluster Protocol Request-7] o.a.n.c.p.impl.SocketProtocolListener Finished processing request 81e250fa-fda9-4ba1-91e5-ab8665142dc1 (type=HEARTBEAT, length=2235 bytes) from mynifi:8080 in 3 millis
2024-10-18 11:43:14,184 INFO [Clustering Tasks Thread-2] o.a.n.c.c.ClusterProtocolHeartbeater Heartbeat created at 2024-10-18 11:43:14,172 and sent to mynifi:8082 at 2024-10-18 11:43:14,184; send took 11 millis
2024-10-18 11:43:16,476 INFO [Heartbeat Monitor Thread-1] o.a.n.c.c.h.AbstractHeartbeatMonitor Finished processing 1 heartbeats in 34300 nanos
2024-10-18 11:43:19,194 INFO [Process Cluster Protocol Request-8] o.a.n.c.p.impl.SocketProtocolListener Finished processing request eeea8dc7-0074-4dca-9d05-65c12af4228f (type=HEARTBEAT, length=2235 bytes) from mynifi:8080 in 4 millis
2024-10-18 11:43:19,197 INFO [Clustering Tasks Thread-2] o.a.n.c.c.ClusterProtocolHeartbeater Heartbeat created at 2024-10-18 11:43:19,185 and sent to mynifi:8082 at 2024-10-18 11:43:19,197; send took 12 millis
2024-10-18 11:43:21,477 INFO [Heartbeat Monitor Thread-1] o.a.n.c.c.h.AbstractHeartbeatMonitor Finished processing 1 heartbeats in 35906 nanos
2024-10-18 11:43:24,202 INFO [Process Cluster Protocol Request-9] o.a.n.c.p.impl.SocketProtocolListener Finished processing request 4295d785-5e3a-46c0-bebf-650e5c5d1470 (type=HEARTBEAT, length=2235 bytes) from mynifi:8080 in 1 millis
2024-10-18 11:43:24,203 INFO [Clustering Tasks Thread-2] o.a.n.c.c.ClusterProtocolHeartbeater Heartbeat created at 2024-10-18 11:43:24,198 and sent to mynifi:8082 at 2024-10-18 11:43:24,203; send took 5 millis
2024-10-18 11:43:26,477 INFO [Heartbeat Monitor Thread-1] o.a.n.c.c.h.AbstractHeartbeatMonitor Finished processing 1 heartbeats in 16767 nanos
2024-10-18 11:43:28,479 INFO [pool-13-thread-1] o.a.n.c.r.WriteAheadFlowFileRepository Initiating checkpoint of FlowFile Repository
2024-10-18 11:43:28,479 INFO [pool-13-thread-1] o.a.n.c.r.WriteAheadFlowFileRepository Successfully checkpointed FlowFile Repository with 0 records in 0 milliseconds
2024-10-18 11:43:29,209 INFO [Process Cluster Protocol Request-10] o.a.n.c.p.impl.SocketProtocolListener Finished processing request d6d8814e-c69b-4b70-a350-9fd6c563cac6 (type=HEARTBEAT, length=2235 bytes) from mynifi:8080 in 2 millis
2024-10-18 11:43:29,211 INFO [Clustering Tasks Thread-2] o.a.n.c.c.ClusterProtocolHeartbeater Heartbeat created at 2024-10-18 11:43:29,204 and sent to mynifi:8082 at 2024-10-18 11:43:29,211; send took 7 millis
2024-10-18 11:43:31,478 INFO [Heartbeat Monitor Thread-1] o.a.n.c.c.h.AbstractHeartbeatMonitor Finished processing 1 heartbeats in 34652 nanos
2024-10-18 11:43:34,220 INFO [Process Cluster Protocol Request-1] o.a.n.c.p.impl.SocketProtocolListener Finished processing request 08588666-5c6f-441a-b8dc-850c2651c592 (type=HEARTBEAT, length=2235 bytes) from mynifi:8080 in 4 millis
2024-10-18 11:43:34,224 INFO [Clustering Tasks Thread-2] o.a.n.c.c.ClusterProtocolHeartbeater Heartbeat created at 2024-10-18 11:43:34,212 and sent to mynifi:8082 at 2024-10-18 11:43:34,224; send took 11 millis
2024-10-18 11:43:36,205 INFO [Cleanup Archive for default] o.a.n.c.repository.FileSystemRepository Successfully deleted 0 files (0 bytes) from archive
2024-10-18 11:43:36,478 INFO [Heartbeat Monitor Thread-1] o.a.n.c.c.h.AbstractHeartbeatMonitor Finished processing 1 heartbeats in 35585 nanos
2024-10-18 11:43:39,229 INFO [Process Cluster Protocol Request-2] o.a.n.c.p.impl.SocketProtocolListener Finished processing request 1b24fe6a-444a-4c37-9639-20f2d3be0379 (type=HEARTBEAT, length=2235 bytes) from mynifi:8080 in 2 millis
2024-10-18 11:43:39,231 INFO [Clustering Tasks Thread-2] o.a.n.c.c.ClusterProtocolHeartbeater Heartbeat created at 2024-10-18 11:43:39,224 and sent to mynifi:8082 at 2024-10-18 11:43:39,231; send took 6 millis
2024-10-18 11:43:41,479 INFO [Heartbeat Monitor Thread-1] o.a.n.c.c.h.AbstractHeartbeatMonitor Finished processing 1 heartbeats in 34869 nanos
2024-10-18 11:43:44,236 INFO [Process Cluster Protocol Request-3] o.a.n.c.p.impl.SocketProtocolListener Finished processing request 256fc7a2-b600-4b2f-bcef-815641cd9401 (type=HEARTBEAT, length=2235 bytes) from mynifi:8080 in 2 millis
2024-10-18 11:43:44,239 INFO [Clustering Tasks Thread-2] o.a.n.c.c.ClusterProtocolHeartbeater Heartbeat created at 2024-10-18 11:43:44,231 and sent to mynifi:8082 at 2024-10-18 11:43:44,239; send took 7 millis
2024-10-18 11:43:46,479 INFO [Heartbeat Monitor Thread-1] o.a.n.c.c.h.AbstractHeartbeatMonitor Finished processing 1 heartbeats in 35478 nanos
2024-10-18 11:43:48,479 INFO [pool-13-thread-1] o.a.n.c.r.WriteAheadFlowFileRepository Initiating checkpoint of FlowFile Repository
2024-10-18 11:43:48,479 INFO [pool-13-thread-1] o.a.n.c.r.WriteAheadFlowFileRepository Successfully checkpointed FlowFile Repository with 0 records in 0 milliseconds
2024-10-18 11:43:49,248 INFO [Process Cluster Protocol Request-4] o.a.n.c.p.impl.SocketProtocolListener Finished processing request 02626beb-91a3-4d5b-adcc-9f8ab7e5bd22 (type=HEARTBEAT, length=2235 bytes) from mynifi:8080 in 3 millis
2024-10-18 11:43:49,249 INFO [Clustering Tasks Thread-2] o.a.n.c.c.ClusterProtocolHeartbeater Heartbeat created at 2024-10-18 11:43:49,240 and sent to mynifi:8082 at 2024-10-18 11:43:49,249; send took 9 millis
2024-10-18 11:43:51,480 INFO [Heartbeat Monitor Thread-1] o.a.n.c.c.h.AbstractHeartbeatMonitor Finished processing 1 heartbeats in 51731 nanos
2024-10-18 11:43:54,258 INFO [Process Cluster Protocol Request-5] o.a.n.c.p.impl.SocketProtocolListener Finished processing request 9fb5b354-e23f-40b9-b00a-894b77e7975d (type=HEARTBEAT, length=2235 bytes) from mynifi:8080 in 4 millis
2024-10-18 11:43:54,261 INFO [Clustering Tasks Thread-2] o.a.n.c.c.ClusterProtocolHeartbeater Heartbeat created at 2024-10-18 11:43:54,249 and sent to mynifi:8082 at 2024-10-18 11:43:54,261; send took 11 millis
2024-10-18 11:43:56,480 INFO [Heartbeat Monitor Thread-1] o.a.n.c.c.h.AbstractHeartbeatMonitor Finished processing 1 heartbeats in 36638 nanos
2024-10-18 11:43:59,271 INFO [Process Cluster Protocol Request-6] o.a.n.c.p.impl.SocketProtocolListener Finished processing request a092c6da-ac7f-4193-a7ed-68561b691c79 (type=HEARTBEAT, length=2235 bytes) from mynifi:8080 in 4 millis
2024-10-18 11:43:59,276 INFO [Clustering Tasks Thread-2] o.a.n.c.c.ClusterProtocolHeartbeater Heartbeat created at 2024-10-18 11:43:59,262 and sent to mynifi:8082 at 2024-10-18 11:43:59,276; send took 13 millis
2024-10-18 11:44:01,481 INFO [Heartbeat Monitor Thread-1] o.a.n.c.c.h.AbstractHeartbeatMonitor Finished processing 1 heartbeats in 87463 nanos
2024-10-18 11:44:04,280 INFO [Process Cluster Protocol Request-7] o.a.n.c.p.impl.SocketProtocolListener Finished processing request c3a01f39-c4d6-4a41-a566-90c51b735011 (type=HEARTBEAT, length=2235 bytes) from mynifi:8080 in 1 millis
2024-10-18 11:44:04,281 INFO [Clustering Tasks Thread-2] o.a.n.c.c.ClusterProtocolHeartbeater Heartbeat created at 2024-10-18 11:44:04,276 and sent to mynifi:8082 at 2024-10-18 11:44:04,281; send took 4 millis
2024-10-18 11:44:06,481 INFO [Heartbeat Monitor Thread-1] o.a.n.c.c.h.AbstractHeartbeatMonitor Finished processing 1 heartbeats in 45976 nanos
2024-10-18 11:44:08,480 INFO [pool-13-thread-1] o.a.n.c.r.WriteAheadFlowFileRepository Initiating checkpoint of FlowFile Repository
2024-10-18 11:44:08,480 INFO [pool-13-thread-1] o.a.n.c.r.WriteAheadFlowFileRepository Successfully checkpointed FlowFile Repository with 0 records in 0 milliseconds
2024-10-18 11:44:09,291 INFO [Process Cluster Protocol Request-8] o.a.n.c.p.impl.SocketProtocolListener Finished processing request db43d970-0284-460a-84dc-73f2883f5984 (type=HEARTBEAT, length=2235 bytes) from mynifi:8080 in 4 millis
2024-10-18 11:44:09,294 INFO [Clustering Tasks Thread-2] o.a.n.c.c.ClusterProtocolHeartbeater Heartbeat created at 2024-10-18 11:44:09,282 and sent to mynifi:8082 at 2024-10-18 11:44:09,294; send took 12 millis
2024-10-18 11:44:11,482 INFO [Heartbeat Monitor Thread-1] o.a.n.c.c.h.AbstractHeartbeatMonitor Finished processing 1 heartbeats in 20839 nanos
2024-10-18 11:44:14,300 INFO [Process Cluster Protocol Request-9] o.a.n.c.p.impl.SocketProtocolListener Finished processing request 817f50d0-e607-4d6b-8781-6963b395b3ff (type=HEARTBEAT, length=2235 bytes) from mynifi:8080 in 2 millis
2024-10-18 11:44:14,302 INFO [Clustering Tasks Thread-2] o.a.n.c.c.ClusterProtocolHeartbeater Heartbeat created at 2024-10-18 11:44:14,295 and sent to mynifi:8082 at 2024-10-18 11:44:14,302; send took 7 millis
2024-10-18 11:44:16,482 INFO [Heartbeat Monitor Thread-1] o.a.n.c.c.h.AbstractHeartbeatMonitor Finished processing 1 heartbeats in 33579 nanos
2024-10-18 11:44:19,306 INFO [Process Cluster Protocol Request-10] o.a.n.c.p.impl.SocketProtocolListener Finished processing request 9c5999a2-69a3-427d-bc88-f5cc2200ae4f (type=HEARTBEAT, length=2235 bytes) from mynifi:8080 in 1 millis
2024-10-18 11:44:19,307 INFO [Clustering Tasks Thread-2] o.a.n.c.c.ClusterProtocolHeartbeater Heartbeat created at 2024-10-18 11:44:19,303 and sent to mynifi:8082 at 2024-10-18 11:44:19,307; send took 3 millis
2024-10-18 11:44:21,483 INFO [Heartbeat Monitor Thread-1] o.a.n.c.c.h.AbstractHeartbeatMonitor Finished processing 1 heartbeats in 25552 nanos
2024-10-18 11:44:24,316 INFO [Process Cluster Protocol Request-1] o.a.n.c.p.impl.SocketProtocolListener Finished processing request 0dade396-4f25-46ea-8e15-a8af09a31c64 (type=HEARTBEAT, length=2235 bytes) from mynifi:8080 in 4 millis
2024-10-18 11:44:24,320 INFO [Clustering Tasks Thread-2] o.a.n.c.c.ClusterProtocolHeartbeater Heartbeat created at 2024-10-18 11:44:24,307 and sent to mynifi:8082 at 2024-10-18 11:44:24,320; send took 12 millis
2024-10-18 11:44:26,483 INFO [Heartbeat Monitor Thread-1] o.a.n.c.c.h.AbstractHeartbeatMonitor Finished processing 1 heartbeats in 25157 nanos
2024-10-18 11:44:28,480 INFO [pool-13-thread-1] o.a.n.c.r.WriteAheadFlowFileRepository Initiating checkpoint of FlowFile Repository
2024-10-18 11:44:28,480 INFO [pool-13-thread-1] o.a.n.c.r.WriteAheadFlowFileRepository Successfully checkpointed FlowFile Repository with 0 records in 0 milliseconds
2024-10-18 11:44:29,328 INFO [Process Cluster Protocol Request-2] o.a.n.c.p.impl.SocketProtocolListener Finished processing request e4f42f0e-e505-4d96-a80a-c94363f5b1c9 (type=HEARTBEAT, length=2235 bytes) from mynifi:8080 in 3 millis
2024-10-18 11:44:29,331 INFO [Clustering Tasks Thread-2] o.a.n.c.c.ClusterProtocolHeartbeater Heartbeat created at 2024-10-18 11:44:29,321 and sent to mynifi:8082 at 2024-10-18 11:44:29,331; send took 10 millis
2024-10-18 11:44:31,484 INFO [Heartbeat Monitor Thread-1] o.a.n.c.c.h.AbstractHeartbeatMonitor Finished processing 1 heartbeats in 34399 nanos
2024-10-18 11:44:34,334 INFO [Process Cluster Protocol Request-3] o.a.n.c.p.impl.SocketProtocolListener Finished processing request 66d37c06-01c3-4ad8-bb0e-cce37fc429c3 (type=HEARTBEAT, length=2235 bytes) from mynifi:8080 in 1 millis
2024-10-18 11:44:34,335 INFO [Clustering Tasks Thread-2] o.a.n.c.c.ClusterProtocolHeartbeater Heartbeat created at 2024-10-18 11:44:34,331 and sent to mynifi:8082 at 2024-10-18 11:44:34,335; send took 3 millis
2024-10-18 11:44:35,668 INFO [Write-Ahead Local State Provider Maintenance] org.wali.MinimalLockingWriteAheadLog org.wali.MinimalLockingWriteAheadLog@3d7fc4b3 checkpointed with 2 Records and 0 Swap Files in 11 milliseconds (Stop-the-world time = 4 milliseconds, Clear Edit Logs time = 4 millis), max Transaction ID 11
2024-10-18 11:44:36,217 INFO [Cleanup Archive for default] o.a.n.c.repository.FileSystemRepository Successfully deleted 0 files (0 bytes) from archive
2024-10-18 11:44:36,484 INFO [Heartbeat Monitor Thread-1] o.a.n.c.c.h.AbstractHeartbeatMonitor Finished processing 1 heartbeats in 17856 nanos
2024-10-18 11:44:39,344 INFO [Process Cluster Protocol Request-4] o.a.n.c.p.impl.SocketProtocolListener Finished processing request 4d7c0ef1-0c35-4302-b8ea-8c9fc4996975 (type=HEARTBEAT, length=2235 bytes) from mynifi:8080 in 3 millis
2024-10-18 11:44:39,347 INFO [Clustering Tasks Thread-2] o.a.n.c.c.ClusterProtocolHeartbeater Heartbeat created at 2024-10-18 11:44:39,335 and sent to mynifi:8082 at 2024-10-18 11:44:39,347; send took 11 millis
2024-10-18 11:44:41,484 INFO [Heartbeat Monitor Thread-1] o.a.n.c.c.h.AbstractHeartbeatMonitor Finished processing 1 heartbeats in 34132 nanos
2024-10-18 11:44:44,356 INFO [Process Cluster Protocol Request-5] o.a.n.c.p.impl.SocketProtocolListener Finished processing request 5012d6c5-dd32-4838-a7a6-9438d042b3b3 (type=HEARTBEAT, length=2235 bytes) from mynifi:8080 in 3 millis
2024-10-18 11:44:44,359 INFO [Clustering Tasks Thread-2] o.a.n.c.c.ClusterProtocolHeartbeater Heartbeat created at 2024-10-18 11:44:44,347 and sent to mynifi:8082 at 2024-10-18 11:44:44,359; send took 11 millis
2024-10-18 11:44:46,485 INFO [Heartbeat Monitor Thread-1] o.a.n.c.c.h.AbstractHeartbeatMonitor Finished processing 1 heartbeats in 32489 nanos
2024-10-18 11:44:48,480 INFO [pool-13-thread-1] o.a.n.c.r.WriteAheadFlowFileRepository Initiating checkpoint of FlowFile Repository
2024-10-18 11:44:48,480 INFO [pool-13-thread-1] o.a.n.c.r.WriteAheadFlowFileRepository Successfully checkpointed FlowFile Repository with 0 records in 0 milliseconds
2024-10-18 11:44:49,367 INFO [Process Cluster Protocol Request-6] o.a.n.c.p.impl.SocketProtocolListener Finished processing request 093795f8-605a-47bd-bae5-c25b092fd4cc (type=HEARTBEAT, length=2235 bytes) from mynifi:8080 in 3 millis
2024-10-18 11:44:49,369 INFO [Clustering Tasks Thread-2] o.a.n.c.c.ClusterProtocolHeartbeater Heartbeat created at 2024-10-18 11:44:49,359 and sent to mynifi:8082 at 2024-10-18 11:44:49,369; send took 9 millis
2024-10-18 11:44:51,485 INFO [Heartbeat Monitor Thread-1] o.a.n.c.c.h.AbstractHeartbeatMonitor Finished processing 1 heartbeats in 33198 nanos
2024-10-18 11:44:54,375 INFO [Process Cluster Protocol Request-7] o.a.n.c.p.impl.SocketProtocolListener Finished processing request ff03c4ec-e6b8-4b33-8119-a33be1c74b82 (type=HEARTBEAT, length=2235 bytes) from mynifi:8080 in 2 millis
2024-10-18 11:44:54,377 INFO [Clustering Tasks Thread-2] o.a.n.c.c.ClusterProtocolHeartbeater Heartbeat created at 2024-10-18 11:44:54,369 and sent to mynifi:8082 at 2024-10-18 11:44:54,377; send took 7 millis
2024-10-18 11:44:56,486 INFO [Heartbeat Monitor Thread-1] o.a.n.c.c.h.AbstractHeartbeatMonitor Finished processing 1 heartbeats in 32319 nanos
2024-10-18 11:44:59,381 INFO [Process Cluster Protocol Request-8] o.a.n.c.p.impl.SocketProtocolListener Finished processing request 729cc26d-25ef-4e79-a5a9-cd2c7a32e9a5 (type=HEARTBEAT, length=2235 bytes) from mynifi:8080 in 1 millis
2024-10-18 11:44:59,383 INFO [Clustering Tasks Thread-2] o.a.n.c.c.ClusterProtocolHeartbeater Heartbeat created at 2024-10-18 11:44:59,378 and sent to mynifi:8082 at 2024-10-18 11:44:59,383; send took 4 millis
2024-10-18 11:45:01,486 INFO [Heartbeat Monitor Thread-1] o.a.n.c.c.h.AbstractHeartbeatMonitor Finished processing 1 heartbeats in 49446 nanos
2024-10-18 11:45:04,391 INFO [Process Cluster Protocol Request-9] o.a.n.c.p.impl.SocketProtocolListener Finished processing request 6f3bfde6-05b5-4d2c-8cc0-26315e85b11b (type=HEARTBEAT, length=2235 bytes) from mynifi:8080 in 3 millis
2024-10-18 11:45:04,393 INFO [Clustering Tasks Thread-2] o.a.n.c.c.ClusterProtocolHeartbeater Heartbeat created at 2024-10-18 11:45:04,383 and sent to mynifi:8082 at 2024-10-18 11:45:04,393; send took 9 millis
2024-10-18 11:45:06,487 INFO [Heartbeat Monitor Thread-1] o.a.n.c.c.h.AbstractHeartbeatMonitor Finished processing 1 heartbeats in 26163 nanos
2024-10-18 11:45:08,481 INFO [pool-13-thread-1] o.a.n.c.r.WriteAheadFlowFileRepository Initiating checkpoint of FlowFile Repository
2024-10-18 11:45:08,481 INFO [pool-13-thread-1] o.a.n.c.r.WriteAheadFlowFileRepository Successfully checkpointed FlowFile Repository with 0 records in 0 milliseconds
2024-10-18 11:45:09,400 INFO [Process Cluster Protocol Request-10] o.a.n.c.p.impl.SocketProtocolListener Finished processing request 93fb5f47-cc42-4e14-b977-3bd25cb0a5a2 (type=HEARTBEAT, length=2235 bytes) from mynifi:8080 in 3 millis
2024-10-18 11:45:09,403 INFO [Clustering Tasks Thread-2] o.a.n.c.c.ClusterProtocolHeartbeater Heartbeat created at 2024-10-18 11:45:09,394 and sent to mynifi:8082 at 2024-10-18 11:45:09,403; send took 8 millis
2024-10-18 11:45:11,487 INFO [Heartbeat Monitor Thread-1] o.a.n.c.c.h.AbstractHeartbeatMonitor Finished processing 1 heartbeats in 27014 nanos
2024-10-18 11:45:14,406 INFO [Process Cluster Protocol Request-1] o.a.n.c.p.impl.SocketProtocolListener Finished processing request 5ee9ea4e-80ec-4266-acb7-0ccb02e970a3 (type=HEARTBEAT, length=2235 bytes) from mynifi:8080 in 1 millis
2024-10-18 11:45:14,407 INFO [Clustering Tasks Thread-2] o.a.n.c.c.ClusterProtocolHeartbeater Heartbeat created at 2024-10-18 11:45:14,403 and sent to mynifi:8082 at 2024-10-18 11:45:14,407; send took 3 millis
2024-10-18 11:45:16,488 INFO [Heartbeat Monitor Thread-1] o.a.n.c.c.h.AbstractHeartbeatMonitor Finished processing 1 heartbeats in 32226 nanos
2024-10-18 11:45:19,416 INFO [Process Cluster Protocol Request-2] o.a.n.c.p.impl.SocketProtocolListener Finished processing request ba755cb0-5f96-42c3-aab4-2fbeef5a49ec (type=HEARTBEAT, length=2235 bytes) from mynifi:8080 in 3 millis
2024-10-18 11:45:19,419 INFO [Clustering Tasks Thread-2] o.a.n.c.c.ClusterProtocolHeartbeater Heartbeat created at 2024-10-18 11:45:19,407 and sent to mynifi:8082 at 2024-10-18 11:45:19,419; send took 11 millis
2024-10-18 11:45:21,488 INFO [Heartbeat Monitor Thread-1] o.a.n.c.c.h.AbstractHeartbeatMonitor Finished processing 1 heartbeats in 33264 nanos
2024-10-18 11:45:24,428 INFO [Process Cluster Protocol Request-3] o.a.n.c.p.impl.SocketProtocolListener Finished processing request 9f27d086-5392-4948-8b2e-51c72fca8ad4 (type=HEARTBEAT, length=2235 bytes) from mynifi:8080 in 4 millis
2024-10-18 11:45:24,431 INFO [Clustering Tasks Thread-2] o.a.n.c.c.ClusterProtocolHeartbeater Heartbeat created at 2024-10-18 11:45:24,420 and sent to mynifi:8082 at 2024-10-18 11:45:24,431; send took 11 millis
2024-10-18 11:45:26,489 INFO [Heartbeat Monitor Thread-1] o.a.n.c.c.h.AbstractHeartbeatMonitor Finished processing 1 heartbeats in 32959 nanos
2024-10-18 11:45:28,481 INFO [pool-13-thread-1] o.a.n.c.r.WriteAheadFlowFileRepository Initiating checkpoint of FlowFile Repository
2024-10-18 11:45:28,481 INFO [pool-13-thread-1] o.a.n.c.r.WriteAheadFlowFileRepository Successfully checkpointed FlowFile Repository with 0 records in 0 milliseconds
2024-10-18 11:45:29,436 INFO [Process Cluster Protocol Request-4] o.a.n.c.p.impl.SocketProtocolListener Finished processing request 24a77e51-973a-42dd-ac9d-368dde6f8f12 (type=HEARTBEAT, length=2235 bytes) from mynifi:8080 in 2 millis
2024-10-18 11:45:29,438 INFO [Clustering Tasks Thread-2] o.a.n.c.c.ClusterProtocolHeartbeater Heartbeat created at 2024-10-18 11:45:29,432 and sent to mynifi:8082 at 2024-10-18 11:45:29,438; send took 6 millis
2024-10-18 11:45:31,489 INFO [Heartbeat Monitor Thread-1] o.a.n.c.c.h.AbstractHeartbeatMonitor Finished processing 1 heartbeats in 41678 nanos
2024-10-18 11:45:34,443 INFO [Process Cluster Protocol Request-5] o.a.n.c.p.impl.SocketProtocolListener Finished processing request 72ce9473-0294-4534-b002-fe227f09e6f3 (type=HEARTBEAT, length=2235 bytes) from mynifi:8080 in 2 millis
2024-10-18 11:45:34,445 INFO [Clustering Tasks Thread-2] o.a.n.c.c.ClusterProtocolHeartbeater Heartbeat created at 2024-10-18 11:45:34,438 and sent to mynifi:8082 at 2024-10-18 11:45:34,445; send took 6 millis
2024-10-18 11:45:36,254 INFO [Cleanup Archive for default] o.a.n.c.repository.FileSystemRepository Successfully deleted 0 files (0 bytes) from archive
2024-10-18 11:45:36,490 INFO [Heartbeat Monitor Thread-1] o.a.n.c.c.h.AbstractHeartbeatMonitor Finished processing 1 heartbeats in 33231 nanos
2024-10-18 11:45:39,453 INFO [Process Cluster Protocol Request-6] o.a.n.c.p.impl.SocketProtocolListener Finished processing request cd07308a-00ad-42ce-9dfa-94fbb51bd7e0 (type=HEARTBEAT, length=2235 bytes) from mynifi:8080 in 3 millis
2024-10-18 11:45:39,457 INFO [Clustering Tasks Thread-2] o.a.n.c.c.ClusterProtocolHeartbeater Heartbeat created at 2024-10-18 11:45:39,445 and sent to mynifi:8082 at 2024-10-18 11:45:39,457; send took 10 millis
2024-10-18 11:45:41,490 INFO [Heartbeat Monitor Thread-1] o.a.n.c.c.h.AbstractHeartbeatMonitor Finished processing 1 heartbeats in 16611 nanos
2024-10-18 11:45:44,465 INFO [Process Cluster Protocol Request-7] o.a.n.c.p.impl.SocketProtocolListener Finished processing request e3ed08d5-a3c4-4d41-8321-910fc3559605 (type=HEARTBEAT, length=2235 bytes) from mynifi:8080 in 3 millis
2024-10-18 11:45:44,469 INFO [Clustering Tasks Thread-2] o.a.n.c.c.ClusterProtocolHeartbeater Heartbeat created at 2024-10-18 11:45:44,457 and sent to mynifi:8082 at 2024-10-18 11:45:44,469; send took 11 millis
2024-10-18 11:45:46,491 INFO [Heartbeat Monitor Thread-1] o.a.n.c.c.h.AbstractHeartbeatMonitor Finished processing 1 heartbeats in 32317 nanos
2024-10-18 11:45:48,481 INFO [pool-13-thread-1] o.a.n.c.r.WriteAheadFlowFileRepository Initiating checkpoint of FlowFile Repository
2024-10-18 11:45:48,481 INFO [pool-13-thread-1] o.a.n.c.r.WriteAheadFlowFileRepository Successfully checkpointed FlowFile Repository with 0 records in 0 milliseconds
2024-10-18 11:45:49,476 INFO [Process Cluster Protocol Request-8] o.a.n.c.p.impl.SocketProtocolListener Finished processing request 070e283e-225c-495d-897b-a3d04f7f9707 (type=HEARTBEAT, length=2235 bytes) from mynifi:8080 in 3 millis
2024-10-18 11:45:49,479 INFO [Clustering Tasks Thread-2] o.a.n.c.c.ClusterProtocolHeartbeater Heartbeat created at 2024-10-18 11:45:49,469 and sent to mynifi:8082 at 2024-10-18 11:45:49,479; send took 9 millis
2024-10-18 11:45:51,491 INFO [Heartbeat Monitor Thread-1] o.a.n.c.c.h.AbstractHeartbeatMonitor Finished processing 1 heartbeats in 33680 nanos
2024-10-18 11:45:54,487 INFO [Process Cluster Protocol Request-9] o.a.n.c.p.impl.SocketProtocolListener Finished processing request 2531f3f3-4e19-42ba-8b4a-1891dd497fd6 (type=HEARTBEAT, length=2235 bytes) from mynifi:8080 in 2 millis
2024-10-18 11:45:54,487 INFO [Clustering Tasks Thread-2] o.a.n.c.c.ClusterProtocolHeartbeater Heartbeat created at 2024-10-18 11:45:54,480 and sent to mynifi:8082 at 2024-10-18 11:45:54,487; send took 7 millis
2024-10-18 11:45:56,492 INFO [Heartbeat Monitor Thread-1] o.a.n.c.c.h.AbstractHeartbeatMonitor Finished processing 1 heartbeats in 34020 nanos
2024-10-18 11:45:59,496 INFO [Process Cluster Protocol Request-10] o.a.n.c.p.impl.SocketProtocolListener Finished processing request 4fd6b368-346a-4684-93d8-f67ba3c7af4d (type=HEARTBEAT, length=2235 bytes) from mynifi:8080 in 3 millis
2024-10-18 11:45:59,500 INFO [Clustering Tasks Thread-2] o.a.n.c.c.ClusterProtocolHeartbeater Heartbeat created at 2024-10-18 11:45:59,488 and sent to mynifi:8082 at 2024-10-18 11:45:59,500; send took 12 millis
2024-10-18 11:46:01,492 INFO [Heartbeat Monitor Thread-1] o.a.n.c.c.h.AbstractHeartbeatMonitor Finished processing 1 heartbeats in 16335 nanos
2024-10-18 11:46:01,528 INFO [NiFi Web Server-115] o.a.nifi.groups.StandardProcessGroup PutElasticsearch[id=9f72ea8d-0192-1000-ffff-ffffde097ffa] added to StandardProcessGroup[identifier=9f6934d1-0192-1000-9ec9-d3f06e243a95,name=NiFi Flow]
2024-10-18 11:46:01,951 INFO [Flow Service Tasks Thread-1] o.a.nifi.controller.StandardFlowService Saved flow controller org.apache.nifi.controller.FlowController@4f258821 // Another save pending = false
2024-10-18 11:46:03,965 INFO [Flow Service Tasks Thread-1] o.a.nifi.controller.StandardFlowService Saved flow controller org.apache.nifi.controller.FlowController@4f258821 // Another save pending = false
2024-10-18 11:46:04,509 INFO [Process Cluster Protocol Request-1] o.a.n.c.p.impl.SocketProtocolListener Finished processing request 41b11fa4-f943-4066-93b6-21718138a3f5 (type=HEARTBEAT, length=2235 bytes) from mynifi:8080 in 3 millis
2024-10-18 11:46:04,512 INFO [Clustering Tasks Thread-2] o.a.n.c.c.ClusterProtocolHeartbeater Heartbeat created at 2024-10-18 11:46:04,501 and sent to mynifi:8082 at 2024-10-18 11:46:04,512; send took 10 millis
2024-10-18 11:46:06,492 INFO [Heartbeat Monitor Thread-1] o.a.n.c.c.h.AbstractHeartbeatMonitor Finished processing 1 heartbeats in 32176 nanos
2024-10-18 11:46:08,482 INFO [pool-13-thread-1] o.a.n.c.r.WriteAheadFlowFileRepository Initiating checkpoint of FlowFile Repository
2024-10-18 11:46:08,482 INFO [pool-13-thread-1] o.a.n.c.r.WriteAheadFlowFileRepository Successfully checkpointed FlowFile Repository with 0 records in 0 milliseconds
2024-10-18 11:46:09,520 INFO [Process Cluster Protocol Request-2] o.a.n.c.p.impl.SocketProtocolListener Finished processing request 31b36466-ecd2-452e-8fc2-9fd317a7d84e (type=HEARTBEAT, length=2235 bytes) from mynifi:8080 in 3 millis
2024-10-18 11:46:09,524 INFO [Clustering Tasks Thread-2] o.a.n.c.c.ClusterProtocolHeartbeater Heartbeat created at 2024-10-18 11:46:09,512 and sent to mynifi:8082 at 2024-10-18 11:46:09,524; send took 11 millis
2024-10-18 11:46:11,493 INFO [Heartbeat Monitor Thread-1] o.a.n.c.c.h.AbstractHeartbeatMonitor Finished processing 1 heartbeats in 35019 nanos
2024-10-18 11:46:14,532 INFO [Process Cluster Protocol Request-3] o.a.n.c.p.impl.SocketProtocolListener Finished processing request acd5b41a-9a74-43ca-961a-7543d7b22f6e (type=HEARTBEAT, length=2235 bytes) from mynifi:8080 in 3 millis
2024-10-18 11:46:14,536 INFO [Clustering Tasks Thread-2] o.a.n.c.c.ClusterProtocolHeartbeater Heartbeat created at 2024-10-18 11:46:14,525 and sent to mynifi:8082 at 2024-10-18 11:46:14,536; send took 10 millis
2024-10-18 11:46:16,335 INFO [NiFi Web Server-24] o.a.nifi.groups.StandardProcessGroup PutElasticsearch[id=9f72ea8d-0192-1000-ffff-ffffde097ffa] removed from flow
2024-10-18 11:46:16,338 INFO [Framework Task Thread Thread-4] org.apache.zookeeper.ClientCnxnSocket jute.maxbuffer value is 4194304 Bytes
2024-10-18 11:46:16,480 INFO [Flow Service Tasks Thread-1] o.a.nifi.controller.StandardFlowService Saved flow controller org.apache.nifi.controller.FlowController@4f258821 // Another save pending = false
2024-10-18 11:46:16,494 INFO [Heartbeat Monitor Thread-1] o.a.n.c.c.h.AbstractHeartbeatMonitor Finished processing 1 heartbeats in 31477 nanos
2024-10-18 11:46:19,544 INFO [Process Cluster Protocol Request-4] o.a.n.c.p.impl.SocketProtocolListener Finished processing request ebbfaa47-9e44-4688-b5ad-68e6324f763e (type=HEARTBEAT, length=2235 bytes) from mynifi:8080 in 3 millis
2024-10-18 11:46:19,547 INFO [Clustering Tasks Thread-2] o.a.n.c.c.ClusterProtocolHeartbeater Heartbeat created at 2024-10-18 11:46:19,536 and sent to mynifi:8082 at 2024-10-18 11:46:19,547; send took 11 millis
2024-10-18 11:46:21,494 INFO [Heartbeat Monitor Thread-1] o.a.n.c.c.h.AbstractHeartbeatMonitor Finished processing 1 heartbeats in 34237 nanos
2024-10-18 11:46:24,556 INFO [Process Cluster Protocol Request-5] o.a.n.c.p.impl.SocketProtocolListener Finished processing request a4255f2b-c87c-471a-914d-d20334de5d8a (type=HEARTBEAT, length=2235 bytes) from mynifi:8080 in 3 millis
2024-10-18 11:46:24,559 INFO [Clustering Tasks Thread-2] o.a.n.c.c.ClusterProtocolHeartbeater Heartbeat created at 2024-10-18 11:46:24,548 and sent to mynifi:8082 at 2024-10-18 11:46:24,559; send took 10 millis
2024-10-18 11:46:26,494 INFO [Flow Service Tasks Thread-1] o.a.nifi.controller.StandardFlowService Saved flow controller org.apache.nifi.controller.FlowController@4f258821 // Another save pending = false
2024-10-18 11:46:26,495 INFO [Heartbeat Monitor Thread-1] o.a.n.c.c.h.AbstractHeartbeatMonitor Finished processing 1 heartbeats in 32238 nanos
2024-10-18 11:46:27,684 INFO [NiFi Web Server-24] o.a.nifi.groups.StandardProcessGroup Label with ID 9f734abe-0192-1000-ffff-ffffa49859a1 removed from flow
2024-10-18 11:46:28,006 INFO [Flow Service Tasks Thread-1] o.a.nifi.controller.StandardFlowService Saved flow controller org.apache.nifi.controller.FlowController@4f258821 // Another save pending = false
2024-10-18 11:46:28,482 INFO [pool-13-thread-1] o.a.n.c.r.WriteAheadFlowFileRepository Initiating checkpoint of FlowFile Repository
2024-10-18 11:46:28,482 INFO [pool-13-thread-1] o.a.n.c.r.WriteAheadFlowFileRepository Successfully checkpointed FlowFile Repository with 0 records in 0 milliseconds
2024-10-18 11:46:29,567 INFO [Process Cluster Protocol Request-6] o.a.n.c.p.impl.SocketProtocolListener Finished processing request 747e5665-b0f2-45eb-89d2-93312c28a195 (type=HEARTBEAT, length=2235 bytes) from mynifi:8080 in 3 millis
2024-10-18 11:46:29,570 INFO [Clustering Tasks Thread-2] o.a.n.c.c.ClusterProtocolHeartbeater Heartbeat created at 2024-10-18 11:46:29,560 and sent to mynifi:8082 at 2024-10-18 11:46:29,570; send took 10 millis
2024-10-18 11:46:31,495 INFO [Heartbeat Monitor Thread-1] o.a.n.c.c.h.AbstractHeartbeatMonitor Finished processing 1 heartbeats in 34144 nanos
2024-10-18 11:46:32,275 INFO [NiFi Web Server-141] o.a.n.c.s.TimerDrivenSchedulingAgent Scheduled StandardFunnel[id=9f73629b-0192-1000-0000-00006a5c6bf5] to run with 1 threads
2024-10-18 11:46:32,276 INFO [NiFi Web Server-141] o.a.nifi.groups.StandardProcessGroup StandardFunnel[id=9f73629b-0192-1000-0000-00006a5c6bf5] added to StandardProcessGroup[identifier=9f6934d1-0192-1000-9ec9-d3f06e243a95,name=NiFi Flow]
2024-10-18 11:46:32,519 INFO [Flow Service Tasks Thread-1] o.a.nifi.controller.StandardFlowService Saved flow controller org.apache.nifi.controller.FlowController@4f258821 // Another save pending = false
2024-10-18 11:46:34,579 INFO [Process Cluster Protocol Request-7] o.a.n.c.p.impl.SocketProtocolListener Finished processing request d4bd3890-ba3c-4850-8c94-239e61d89a40 (type=HEARTBEAT, length=2235 bytes) from mynifi:8080 in 3 millis
2024-10-18 11:46:34,582 INFO [Clustering Tasks Thread-2] o.a.n.c.c.ClusterProtocolHeartbeater Heartbeat created at 2024-10-18 11:46:34,571 and sent to mynifi:8082 at 2024-10-18 11:46:34,582; send took 10 millis
2024-10-18 11:46:35,677 INFO [Write-Ahead Local State Provider Maintenance] org.wali.MinimalLockingWriteAheadLog org.wali.MinimalLockingWriteAheadLog@3d7fc4b3 checkpointed with 3 Records and 0 Swap Files in 8 milliseconds (Stop-the-world time = 3 milliseconds, Clear Edit Logs time = 3 millis), max Transaction ID 13
2024-10-18 11:46:35,845 INFO [NiFi Web Server-141] o.a.n.c.s.TimerDrivenSchedulingAgent Stopped scheduling StandardFunnel[id=9f73629b-0192-1000-0000-00006a5c6bf5] to run
2024-10-18 11:46:35,847 INFO [NiFi Web Server-141] o.a.nifi.groups.StandardProcessGroup StandardFunnel[id=9f73629b-0192-1000-0000-00006a5c6bf5] removed from flow
2024-10-18 11:46:36,032 INFO [Flow Service Tasks Thread-1] o.a.nifi.controller.StandardFlowService Saved flow controller org.apache.nifi.controller.FlowController@4f258821 // Another save pending = false
2024-10-18 11:46:36,289 INFO [Cleanup Archive for default] o.a.n.c.repository.FileSystemRepository Successfully deleted 0 files (0 bytes) from archive
2024-10-18 11:46:36,496 INFO [Heartbeat Monitor Thread-1] o.a.n.c.c.h.AbstractHeartbeatMonitor Finished processing 1 heartbeats in 33638 nanos
2024-10-18 11:46:38,551 INFO [Flow Service Tasks Thread-1] o.a.nifi.controller.StandardFlowService Saved flow controller org.apache.nifi.controller.FlowController@4f258821 // Another save pending = false
2024-10-18 11:46:39,591 INFO [Process Cluster Protocol Request-8] o.a.n.c.p.impl.SocketProtocolListener Finished processing request 62b6910a-4b59-4654-bf93-2d8a3654974d (type=HEARTBEAT, length=2235 bytes) from mynifi:8080 in 3 millis
2024-10-18 11:46:39,594 INFO [Clustering Tasks Thread-2] o.a.n.c.c.ClusterProtocolHeartbeater Heartbeat created at 2024-10-18 11:46:39,583 and sent to mynifi:8082 at 2024-10-18 11:46:39,594; send took 11 millis
2024-10-18 11:46:41,496 INFO [Heartbeat Monitor Thread-1] o.a.n.c.c.h.AbstractHeartbeatMonitor Finished processing 1 heartbeats in 19998 nanos
2024-10-18 11:46:44,602 INFO [Process Cluster Protocol Request-9] o.a.n.c.p.impl.SocketProtocolListener Finished processing request 3b4fd42b-09b9-4d38-a172-bb952eb8ee3e (type=HEARTBEAT, length=2235 bytes) from mynifi:8080 in 4 millis
2024-10-18 11:46:44,606 INFO [Clustering Tasks Thread-2] o.a.n.c.c.ClusterProtocolHeartbeater Heartbeat created at 2024-10-18 11:46:44,595 and sent to mynifi:8082 at 2024-10-18 11:46:44,606; send took 10 millis
2024-10-18 11:46:46,496 INFO [Heartbeat Monitor Thread-1] o.a.n.c.c.h.AbstractHeartbeatMonitor Finished processing 1 heartbeats in 33758 nanos
2024-10-18 11:46:48,483 INFO [pool-13-thread-1] o.a.n.c.r.WriteAheadFlowFileRepository Initiating checkpoint of FlowFile Repository
2024-10-18 11:46:48,483 INFO [pool-13-thread-1] o.a.n.c.r.WriteAheadFlowFileRepository Successfully checkpointed FlowFile Repository with 0 records in 0 milliseconds
2024-10-18 11:46:49,615 INFO [Process Cluster Protocol Request-10] o.a.n.c.p.impl.SocketProtocolListener Finished processing request d113e095-6fe0-4709-b917-fd9578e5d474 (type=HEARTBEAT, length=2235 bytes) from mynifi:8080 in 4 millis
2024-10-18 11:46:49,618 INFO [Clustering Tasks Thread-2] o.a.n.c.c.ClusterProtocolHeartbeater Heartbeat created at 2024-10-18 11:46:49,606 and sent to mynifi:8082 at 2024-10-18 11:46:49,618; send took 11 millis
2024-10-18 11:46:51,497 INFO [Heartbeat Monitor Thread-1] o.a.n.c.c.h.AbstractHeartbeatMonitor Finished processing 1 heartbeats in 32005 nanos
2024-10-18 11:46:54,627 INFO [Process Cluster Protocol Request-1] o.a.n.c.p.impl.SocketProtocolListener Finished processing request cb38f5df-b680-4896-8e9c-4ed0f30ca25d (type=HEARTBEAT, length=2235 bytes) from mynifi:8080 in 4 millis
2024-10-18 11:46:54,631 INFO [Clustering Tasks Thread-2] o.a.n.c.c.ClusterProtocolHeartbeater Heartbeat created at 2024-10-18 11:46:54,619 and sent to mynifi:8082 at 2024-10-18 11:46:54,631; send took 11 millis
2024-10-18 11:46:56,497 INFO [Heartbeat Monitor Thread-1] o.a.n.c.c.h.AbstractHeartbeatMonitor Finished processing 1 heartbeats in 33124 nanos
2024-10-18 11:46:59,639 INFO [Process Cluster Protocol Request-2] o.a.n.c.p.impl.SocketProtocolListener Finished processing request 6605e6a4-e333-48b5-a4f5-e0eb7d73f412 (type=HEARTBEAT, length=2235 bytes) from mynifi:8080 in 3 millis
2024-10-18 11:46:59,642 INFO [Clustering Tasks Thread-2] o.a.n.c.c.ClusterProtocolHeartbeater Heartbeat created at 2024-10-18 11:46:59,631 and sent to mynifi:8082 at 2024-10-18 11:46:59,642; send took 10 millis
2024-10-18 11:47:01,498 INFO [Heartbeat Monitor Thread-1] o.a.n.c.c.h.AbstractHeartbeatMonitor Finished processing 1 heartbeats in 33652 nanos
2024-10-18 11:47:04,651 INFO [Process Cluster Protocol Request-3] o.a.n.c.p.impl.SocketProtocolListener Finished processing request 39832838-5224-4f7f-8dc8-ef3512574015 (type=HEARTBEAT, length=2235 bytes) from mynifi:8080 in 4 millis
2024-10-18 11:47:04,654 INFO [Clustering Tasks Thread-2] o.a.n.c.c.ClusterProtocolHeartbeater Heartbeat created at 2024-10-18 11:47:04,643 and sent to mynifi:8082 at 2024-10-18 11:47:04,654; send took 11 millis
2024-10-18 11:47:06,498 INFO [Heartbeat Monitor Thread-1] o.a.n.c.c.h.AbstractHeartbeatMonitor Finished processing 1 heartbeats in 14102 nanos
2024-10-18 11:47:08,483 INFO [pool-13-thread-1] o.a.n.c.r.WriteAheadFlowFileRepository Initiating checkpoint of FlowFile Repository
2024-10-18 11:47:08,483 INFO [pool-13-thread-1] o.a.n.c.r.WriteAheadFlowFileRepository Successfully checkpointed FlowFile Repository with 0 records in 0 milliseconds
2024-10-18 11:47:09,662 INFO [Process Cluster Protocol Request-4] o.a.n.c.p.impl.SocketProtocolListener Finished processing request edbafa75-ca88-40f2-a045-3aaec8ac6f6d (type=HEARTBEAT, length=2235 bytes) from mynifi:8080 in 3 millis
2024-10-18 11:47:09,665 INFO [Clustering Tasks Thread-2] o.a.n.c.c.ClusterProtocolHeartbeater Heartbeat created at 2024-10-18 11:47:09,655 and sent to mynifi:8082 at 2024-10-18 11:47:09,665; send took 10 millis
2024-10-18 11:47:11,499 INFO [Heartbeat Monitor Thread-1] o.a.n.c.c.h.AbstractHeartbeatMonitor Finished processing 1 heartbeats in 31787 nanos
2024-10-18 11:47:14,673 INFO [Process Cluster Protocol Request-5] o.a.n.c.p.impl.SocketProtocolListener Finished processing request 69232611-e677-4c00-8f1b-a9bac1b36980 (type=HEARTBEAT, length=2235 bytes) from mynifi:8080 in 3 millis
2024-10-18 11:47:14,677 INFO [Clustering Tasks Thread-2] o.a.n.c.c.ClusterProtocolHeartbeater Heartbeat created at 2024-10-18 11:47:14,666 and sent to mynifi:8082 at 2024-10-18 11:47:14,677; send took 10 millis
2024-10-18 11:47:16,499 INFO [Heartbeat Monitor Thread-1] o.a.n.c.c.h.AbstractHeartbeatMonitor Finished processing 1 heartbeats in 32397 nanos
2024-10-18 11:47:19,685 INFO [Process Cluster Protocol Request-6] o.a.n.c.p.impl.SocketProtocolListener Finished processing request 6a72e815-f065-4567-a3d7-56d163b9cd37 (type=HEARTBEAT, length=2235 bytes) from mynifi:8080 in 3 millis
2024-10-18 11:47:19,688 INFO [Clustering Tasks Thread-2] o.a.n.c.c.ClusterProtocolHeartbeater Heartbeat created at 2024-10-18 11:47:19,677 and sent to mynifi:8082 at 2024-10-18 11:47:19,688; send took 10 millis
2024-10-18 11:47:21,500 INFO [Heartbeat Monitor Thread-1] o.a.n.c.c.h.AbstractHeartbeatMonitor Finished processing 1 heartbeats in 71000 nanos
2024-10-18 11:47:24,691 INFO [Process Cluster Protocol Request-7] o.a.n.c.p.impl.SocketProtocolListener Finished processing request 359269de-3d9b-4715-be2a-6b00c5e73401 (type=HEARTBEAT, length=2235 bytes) from mynifi:8080 in 1 millis
2024-10-18 11:47:24,692 INFO [Clustering Tasks Thread-2] o.a.n.c.c.ClusterProtocolHeartbeater Heartbeat created at 2024-10-18 11:47:24,689 and sent to mynifi:8082 at 2024-10-18 11:47:24,692; send took 3 millis
2024-10-18 11:47:26,500 INFO [Heartbeat Monitor Thread-1] o.a.n.c.c.h.AbstractHeartbeatMonitor Finished processing 1 heartbeats in 81889 nanos
2024-10-18 11:47:28,484 INFO [pool-13-thread-1] o.a.n.c.r.WriteAheadFlowFileRepository Initiating checkpoint of FlowFile Repository
2024-10-18 11:47:28,484 INFO [pool-13-thread-1] o.a.n.c.r.WriteAheadFlowFileRepository Successfully checkpointed FlowFile Repository with 0 records in 0 milliseconds
2024-10-18 11:47:29,701 INFO [Process Cluster Protocol Request-8] o.a.n.c.p.impl.SocketProtocolListener Finished processing request 7f51ecaa-feb1-4ed6-80f8-d27434fd46f0 (type=HEARTBEAT, length=2235 bytes) from mynifi:8080 in 3 millis
2024-10-18 11:47:29,704 INFO [Clustering Tasks Thread-2] o.a.n.c.c.ClusterProtocolHeartbeater Heartbeat created at 2024-10-18 11:47:29,693 and sent to mynifi:8082 at 2024-10-18 11:47:29,703; send took 10 millis
2024-10-18 11:47:31,501 INFO [Heartbeat Monitor Thread-1] o.a.n.c.c.h.AbstractHeartbeatMonitor Finished processing 1 heartbeats in 35167 nanos
2024-10-18 11:47:34,711 INFO [Process Cluster Protocol Request-9] o.a.n.c.p.impl.SocketProtocolListener Finished processing request 30a6275b-04e5-4286-bc4d-710716fa168b (type=HEARTBEAT, length=2235 bytes) from mynifi:8080 in 3 millis
2024-10-18 11:47:34,714 INFO [Clustering Tasks Thread-2] o.a.n.c.c.ClusterProtocolHeartbeater Heartbeat created at 2024-10-18 11:47:34,704 and sent to mynifi:8082 at 2024-10-18 11:47:34,714; send took 10 millis
2024-10-18 11:47:36,323 INFO [Cleanup Archive for default] o.a.n.c.repository.FileSystemRepository Successfully deleted 0 files (0 bytes) from archive
2024-10-18 11:47:36,501 INFO [Heartbeat Monitor Thread-1] o.a.n.c.c.h.AbstractHeartbeatMonitor Finished processing 1 heartbeats in 36592 nanos
2024-10-18 11:47:39,717 INFO [Process Cluster Protocol Request-10] o.a.n.c.p.impl.SocketProtocolListener Finished processing request 8720fcaf-79a1-4480-9f97-e52cab3fa5a0 (type=HEARTBEAT, length=2235 bytes) from mynifi:8080 in 923395 nanos
2024-10-18 11:47:39,718 INFO [Clustering Tasks Thread-2] o.a.n.c.c.ClusterProtocolHeartbeater Heartbeat created at 2024-10-18 11:47:39,715 and sent to mynifi:8082 at 2024-10-18 11:47:39,718; send took 2 millis
2024-10-18 11:47:41,502 INFO [Heartbeat Monitor Thread-1] o.a.n.c.c.h.AbstractHeartbeatMonitor Finished processing 1 heartbeats in 34888 nanos
2024-10-18 11:47:44,726 INFO [Process Cluster Protocol Request-1] o.a.n.c.p.impl.SocketProtocolListener Finished processing request 21f9d5db-6255-441d-b57a-28d5760f6436 (type=HEARTBEAT, length=2235 bytes) from mynifi:8080 in 3 millis
2024-10-18 11:47:44,729 INFO [Clustering Tasks Thread-2] o.a.n.c.c.ClusterProtocolHeartbeater Heartbeat created at 2024-10-18 11:47:44,718 and sent to mynifi:8082 at 2024-10-18 11:47:44,729; send took 10 millis
2024-10-18 11:47:46,502 INFO [Heartbeat Monitor Thread-1] o.a.n.c.c.h.AbstractHeartbeatMonitor Finished processing 1 heartbeats in 33165 nanos
2024-10-18 11:47:48,484 INFO [pool-13-thread-1] o.a.n.c.r.WriteAheadFlowFileRepository Initiating checkpoint of FlowFile Repository
2024-10-18 11:47:48,485 INFO [pool-13-thread-1] o.a.n.c.r.WriteAheadFlowFileRepository Successfully checkpointed FlowFile Repository with 0 records in 0 milliseconds
2024-10-18 11:47:49,732 INFO [Process Cluster Protocol Request-2] o.a.n.c.p.impl.SocketProtocolListener Finished processing request dbcc1243-551f-46f3-8170-9136014104a2 (type=HEARTBEAT, length=2235 bytes) from mynifi:8080 in 1 millis
2024-10-18 11:47:49,733 INFO [Clustering Tasks Thread-2] o.a.n.c.c.ClusterProtocolHeartbeater Heartbeat created at 2024-10-18 11:47:49,729 and sent to mynifi:8082 at 2024-10-18 11:47:49,733; send took 3 millis
2024-10-18 11:47:51,503 INFO [Heartbeat Monitor Thread-1] o.a.n.c.c.h.AbstractHeartbeatMonitor Finished processing 1 heartbeats in 34008 nanos
2024-10-18 11:47:54,736 INFO [Process Cluster Protocol Request-3] o.a.n.c.p.impl.SocketProtocolListener Finished processing request 11359098-1d90-4a96-a140-081ad4d7d79d (type=HEARTBEAT, length=2235 bytes) from mynifi:8080 in 985261 nanos
2024-10-18 11:47:54,736 INFO [Clustering Tasks Thread-2] o.a.n.c.c.ClusterProtocolHeartbeater Heartbeat created at 2024-10-18 11:47:54,733 and sent to mynifi:8082 at 2024-10-18 11:47:54,736; send took 2 millis
2024-10-18 11:47:56,503 INFO [Heartbeat Monitor Thread-1] o.a.n.c.c.h.AbstractHeartbeatMonitor Finished processing 1 heartbeats in 20997 nanos
2024-10-18 11:47:59,744 INFO [Process Cluster Protocol Request-4] o.a.n.c.p.impl.SocketProtocolListener Finished processing request 60437853-f573-44f0-9c81-f349ed219241 (type=HEARTBEAT, length=2235 bytes) from mynifi:8080 in 3 millis
2024-10-18 11:47:59,748 INFO [Clustering Tasks Thread-2] o.a.n.c.c.ClusterProtocolHeartbeater Heartbeat created at 2024-10-18 11:47:59,737 and sent to mynifi:8082 at 2024-10-18 11:47:59,748; send took 11 millis
2024-10-18 11:48:01,504 INFO [Heartbeat Monitor Thread-1] o.a.n.c.c.h.AbstractHeartbeatMonitor Finished processing 1 heartbeats in 33102 nanos
2024-10-18 11:48:04,757 INFO [Process Cluster Protocol Request-5] o.a.n.c.p.impl.SocketProtocolListener Finished processing request 3aead7f1-6a27-4c32-9d8c-8ab5f73afd23 (type=HEARTBEAT, length=2235 bytes) from mynifi:8080 in 3 millis
2024-10-18 11:48:04,759 INFO [Clustering Tasks Thread-2] o.a.n.c.c.ClusterProtocolHeartbeater Heartbeat created at 2024-10-18 11:48:04,749 and sent to mynifi:8082 at 2024-10-18 11:48:04,759; send took 9 millis
2024-10-18 11:48:06,504 INFO [Heartbeat Monitor Thread-1] o.a.n.c.c.h.AbstractHeartbeatMonitor Finished processing 1 heartbeats in 24271 nanos
2024-10-18 11:48:08,485 INFO [pool-13-thread-1] o.a.n.c.r.WriteAheadFlowFileRepository Initiating checkpoint of FlowFile Repository
2024-10-18 11:48:08,485 INFO [pool-13-thread-1] o.a.n.c.r.WriteAheadFlowFileRepository Successfully checkpointed FlowFile Repository with 0 records in 0 milliseconds
2024-10-18 11:48:09,767 INFO [Process Cluster Protocol Request-6] o.a.n.c.p.impl.SocketProtocolListener Finished processing request c37e0994-bc63-4e09-8b5f-7f1220ba6d00 (type=HEARTBEAT, length=2235 bytes) from mynifi:8080 in 3 millis
2024-10-18 11:48:09,770 INFO [Clustering Tasks Thread-2] o.a.n.c.c.ClusterProtocolHeartbeater Heartbeat created at 2024-10-18 11:48:09,759 and sent to mynifi:8082 at 2024-10-18 11:48:09,770; send took 10 millis
2024-10-18 11:48:11,505 INFO [Heartbeat Monitor Thread-1] o.a.n.c.c.h.AbstractHeartbeatMonitor Finished processing 1 heartbeats in 49317 nanos
2024-10-18 11:48:14,778 INFO [Process Cluster Protocol Request-7] o.a.n.c.p.impl.SocketProtocolListener Finished processing request a7d87ffe-9f77-41d0-812c-7b6057b58dcc (type=HEARTBEAT, length=2235 bytes) from mynifi:8080 in 3 millis
2024-10-18 11:48:14,781 INFO [Clustering Tasks Thread-2] o.a.n.c.c.ClusterProtocolHeartbeater Heartbeat created at 2024-10-18 11:48:14,770 and sent to mynifi:8082 at 2024-10-18 11:48:14,781; send took 10 millis
2024-10-18 11:48:16,505 INFO [Heartbeat Monitor Thread-1] o.a.n.c.c.h.AbstractHeartbeatMonitor Finished processing 1 heartbeats in 31671 nanos
2024-10-18 11:48:19,783 INFO [Process Cluster Protocol Request-8] o.a.n.c.p.impl.SocketProtocolListener Finished processing request c03dea53-5568-4f90-ac97-0414e64891e4 (type=HEARTBEAT, length=2235 bytes) from mynifi:8080 in 861527 nanos
2024-10-18 11:48:19,784 INFO [Clustering Tasks Thread-2] o.a.n.c.c.ClusterProtocolHeartbeater Heartbeat created at 2024-10-18 11:48:19,781 and sent to mynifi:8082 at 2024-10-18 11:48:19,784; send took 2 millis
2024-10-18 11:48:21,506 INFO [Heartbeat Monitor Thread-1] o.a.n.c.c.h.AbstractHeartbeatMonitor Finished processing 1 heartbeats in 31068 nanos
2024-10-18 11:48:24,792 INFO [Process Cluster Protocol Request-9] o.a.n.c.p.impl.SocketProtocolListener Finished processing request 11aaf54c-600f-427e-8ae8-43971720204c (type=HEARTBEAT, length=2235 bytes) from mynifi:8080 in 3 millis
2024-10-18 11:48:24,796 INFO [Clustering Tasks Thread-2] o.a.n.c.c.ClusterProtocolHeartbeater Heartbeat created at 2024-10-18 11:48:24,784 and sent to mynifi:8082 at 2024-10-18 11:48:24,796; send took 11 millis
2024-10-18 11:48:26,506 INFO [Heartbeat Monitor Thread-1] o.a.n.c.c.h.AbstractHeartbeatMonitor Finished processing 1 heartbeats in 12164 nanos
2024-10-18 11:48:28,485 INFO [pool-13-thread-1] o.a.n.c.r.WriteAheadFlowFileRepository Initiating checkpoint of FlowFile Repository
2024-10-18 11:48:28,485 INFO [pool-13-thread-1] o.a.n.c.r.WriteAheadFlowFileRepository Successfully checkpointed FlowFile Repository with 0 records in 0 milliseconds
2024-10-18 11:48:29,804 INFO [Process Cluster Protocol Request-10] o.a.n.c.p.impl.SocketProtocolListener Finished processing request ed6939ad-b9cc-436d-a4f3-a23c864e1f5d (type=HEARTBEAT, length=2235 bytes) from mynifi:8080 in 3 millis
2024-10-18 11:48:29,807 INFO [Clustering Tasks Thread-2] o.a.n.c.c.ClusterProtocolHeartbeater Heartbeat created at 2024-10-18 11:48:29,796 and sent to mynifi:8082 at 2024-10-18 11:48:29,807; send took 10 millis
2024-10-18 11:48:31,506 INFO [Heartbeat Monitor Thread-1] o.a.n.c.c.h.AbstractHeartbeatMonitor Finished processing 1 heartbeats in 31553 nanos
2024-10-18 11:48:34,813 INFO [Process Cluster Protocol Request-1] o.a.n.c.p.impl.SocketProtocolListener Finished processing request 6bdeeefa-2a6a-425a-94f0-d7fb4e2f7572 (type=HEARTBEAT, length=2235 bytes) from mynifi:8080 in 2 millis
2024-10-18 11:48:34,815 INFO [Clustering Tasks Thread-2] o.a.n.c.c.ClusterProtocolHeartbeater Heartbeat created at 2024-10-18 11:48:34,807 and sent to mynifi:8082 at 2024-10-18 11:48:34,815; send took 7 millis
2024-10-18 11:48:35,688 INFO [Write-Ahead Local State Provider Maintenance] org.wali.MinimalLockingWriteAheadLog org.wali.MinimalLockingWriteAheadLog@3d7fc4b3 checkpointed with 3 Records and 0 Swap Files in 10 milliseconds (Stop-the-world time = 4 milliseconds, Clear Edit Logs time = 3 millis), max Transaction ID 13
2024-10-18 11:48:36,332 INFO [Cleanup Archive for default] o.a.n.c.repository.FileSystemRepository Successfully deleted 0 files (0 bytes) from archive
2024-10-18 11:48:36,507 INFO [Heartbeat Monitor Thread-1] o.a.n.c.c.h.AbstractHeartbeatMonitor Finished processing 1 heartbeats in 32731 nanos
2024-10-18 11:48:39,823 INFO [Process Cluster Protocol Request-2] o.a.n.c.p.impl.SocketProtocolListener Finished processing request 63897dd2-b3a5-4dbd-b627-939f5ab1bff0 (type=HEARTBEAT, length=2235 bytes) from mynifi:8080 in 3 millis
2024-10-18 11:48:39,825 INFO [Clustering Tasks Thread-2] o.a.n.c.c.ClusterProtocolHeartbeater Heartbeat created at 2024-10-18 11:48:39,815 and sent to mynifi:8082 at 2024-10-18 11:48:39,825; send took 9 millis
2024-10-18 11:48:41,507 INFO [Heartbeat Monitor Thread-1] o.a.n.c.c.h.AbstractHeartbeatMonitor Finished processing 1 heartbeats in 31381 nanos
2024-10-18 11:48:44,832 INFO [Process Cluster Protocol Request-3] o.a.n.c.p.impl.SocketProtocolListener Finished processing request cf257faf-7519-4ace-a7b3-b9ea779194aa (type=HEARTBEAT, length=2235 bytes) from mynifi:8080 in 2 millis
2024-10-18 11:48:44,835 INFO [Clustering Tasks Thread-2] o.a.n.c.c.ClusterProtocolHeartbeater Heartbeat created at 2024-10-18 11:48:44,826 and sent to mynifi:8082 at 2024-10-18 11:48:44,835; send took 8 millis
2024-10-18 11:48:46,508 INFO [Heartbeat Monitor Thread-1] o.a.n.c.c.h.AbstractHeartbeatMonitor Finished processing 1 heartbeats in 32108 nanos
2024-10-18 11:48:48,485 INFO [pool-13-thread-1] o.a.n.c.r.WriteAheadFlowFileRepository Initiating checkpoint of FlowFile Repository
2024-10-18 11:48:48,486 INFO [pool-13-thread-1] o.a.n.c.r.WriteAheadFlowFileRepository Successfully checkpointed FlowFile Repository with 0 records in 0 milliseconds
2024-10-18 11:48:49,843 INFO [Process Cluster Protocol Request-4] o.a.n.c.p.impl.SocketProtocolListener Finished processing request 115504f2-42c3-4a63-aca8-7fa4588abd20 (type=HEARTBEAT, length=2235 bytes) from mynifi:8080 in 3 millis
2024-10-18 11:48:49,846 INFO [Clustering Tasks Thread-2] o.a.n.c.c.ClusterProtocolHeartbeater Heartbeat created at 2024-10-18 11:48:49,835 and sent to mynifi:8082 at 2024-10-18 11:48:49,846; send took 10 millis
2024-10-18 11:48:51,508 INFO [Heartbeat Monitor Thread-1] o.a.n.c.c.h.AbstractHeartbeatMonitor Finished processing 1 heartbeats in 11902 nanos
2024-10-18 11:48:54,854 INFO [Process Cluster Protocol Request-5] o.a.n.c.p.impl.SocketProtocolListener Finished processing request 13e7ee17-5c54-4fac-89ea-139f2e2f6321 (type=HEARTBEAT, length=2235 bytes) from mynifi:8080 in 3 millis
2024-10-18 11:48:54,857 INFO [Clustering Tasks Thread-2] o.a.n.c.c.ClusterProtocolHeartbeater Heartbeat created at 2024-10-18 11:48:54,846 and sent to mynifi:8082 at 2024-10-18 11:48:54,857; send took 9 millis
2024-10-18 11:48:56,509 INFO [Heartbeat Monitor Thread-1] o.a.n.c.c.h.AbstractHeartbeatMonitor Finished processing 1 heartbeats in 30038 nanos
2024-10-18 11:48:59,860 INFO [Process Cluster Protocol Request-6] o.a.n.c.p.impl.SocketProtocolListener Finished processing request 23ddc2d1-71aa-4ae6-9f0e-93693f40f36f (type=HEARTBEAT, length=2235 bytes) from mynifi:8080 in 1 millis
2024-10-18 11:48:59,861 INFO [Clustering Tasks Thread-2] o.a.n.c.c.ClusterProtocolHeartbeater Heartbeat created at 2024-10-18 11:48:59,857 and sent to mynifi:8082 at 2024-10-18 11:48:59,861; send took 3 millis
2024-10-18 11:49:01,509 INFO [Heartbeat Monitor Thread-1] o.a.n.c.c.h.AbstractHeartbeatMonitor Finished processing 1 heartbeats in 30800 nanos
2024-10-18 11:49:04,869 INFO [Process Cluster Protocol Request-7] o.a.n.c.p.impl.SocketProtocolListener Finished processing request af8121d9-4869-43fe-b039-673ae72259ca (type=HEARTBEAT, length=2235 bytes) from mynifi:8080 in 3 millis
2024-10-18 11:49:04,872 INFO [Clustering Tasks Thread-2] o.a.n.c.c.ClusterProtocolHeartbeater Heartbeat created at 2024-10-18 11:49:04,862 and sent to mynifi:8082 at 2024-10-18 11:49:04,872; send took 10 millis
2024-10-18 11:49:06,510 INFO [Heartbeat Monitor Thread-1] o.a.n.c.c.h.AbstractHeartbeatMonitor Finished processing 1 heartbeats in 31622 nanos
2024-10-18 11:49:08,486 INFO [pool-13-thread-1] o.a.n.c.r.WriteAheadFlowFileRepository Initiating checkpoint of FlowFile Repository
2024-10-18 11:49:08,486 INFO [pool-13-thread-1] o.a.n.c.r.WriteAheadFlowFileRepository Successfully checkpointed FlowFile Repository with 0 records in 0 milliseconds
2024-10-18 11:49:09,874 INFO [Process Cluster Protocol Request-8] o.a.n.c.p.impl.SocketProtocolListener Finished processing request 36700bcf-b256-4740-9d80-376f7dd8e2be (type=HEARTBEAT, length=2235 bytes) from mynifi:8080 in 854731 nanos
2024-10-18 11:49:09,875 INFO [Clustering Tasks Thread-2] o.a.n.c.c.ClusterProtocolHeartbeater Heartbeat created at 2024-10-18 11:49:09,872 and sent to mynifi:8082 at 2024-10-18 11:49:09,875; send took 2 millis
2024-10-18 11:49:11,510 INFO [Heartbeat Monitor Thread-1] o.a.n.c.c.h.AbstractHeartbeatMonitor Finished processing 1 heartbeats in 48147 nanos
2024-10-18 11:49:14,884 INFO [Process Cluster Protocol Request-9] o.a.n.c.p.impl.SocketProtocolListener Finished processing request adf8ee4e-227f-497a-88b2-77922cf1512f (type=HEARTBEAT, length=2235 bytes) from mynifi:8080 in 3 millis
2024-10-18 11:49:14,886 INFO [Clustering Tasks Thread-2] o.a.n.c.c.ClusterProtocolHeartbeater Heartbeat created at 2024-10-18 11:49:14,876 and sent to mynifi:8082 at 2024-10-18 11:49:14,886; send took 10 millis
2024-10-18 11:49:16,511 INFO [Heartbeat Monitor Thread-1] o.a.n.c.c.h.AbstractHeartbeatMonitor Finished processing 1 heartbeats in 28569 nanos
2024-10-18 11:49:19,893 INFO [Process Cluster Protocol Request-10] o.a.n.c.p.impl.SocketProtocolListener Finished processing request 979c01f4-8260-4624-b65f-4294efcf8492 (type=HEARTBEAT, length=2235 bytes) from mynifi:8080 in 1 millis
2024-10-18 11:49:19,895 INFO [Clustering Tasks Thread-2] o.a.n.c.c.ClusterProtocolHeartbeater Heartbeat created at 2024-10-18 11:49:19,887 and sent to mynifi:8082 at 2024-10-18 11:49:19,895; send took 7 millis
2024-10-18 11:49:21,511 INFO [Heartbeat Monitor Thread-1] o.a.n.c.c.h.AbstractHeartbeatMonitor Finished processing 1 heartbeats in 14396 nanos
2024-10-18 11:49:24,903 INFO [Process Cluster Protocol Request-1] o.a.n.c.p.impl.SocketProtocolListener Finished processing request 6ffc3d71-fc74-4f3a-98b3-156868bcdc52 (type=HEARTBEAT, length=2235 bytes) from mynifi:8080 in 3 millis
2024-10-18 11:49:24,907 INFO [Clustering Tasks Thread-2] o.a.n.c.c.ClusterProtocolHeartbeater Heartbeat created at 2024-10-18 11:49:24,896 and sent to mynifi:8082 at 2024-10-18 11:49:24,907; send took 10 millis
2024-10-18 11:49:26,512 INFO [Heartbeat Monitor Thread-1] o.a.n.c.c.h.AbstractHeartbeatMonitor Finished processing 1 heartbeats in 21654 nanos
2024-10-18 11:49:28,486 INFO [pool-13-thread-1] o.a.n.c.r.WriteAheadFlowFileRepository Initiating checkpoint of FlowFile Repository
2024-10-18 11:49:28,486 INFO [pool-13-thread-1] o.a.n.c.r.WriteAheadFlowFileRepository Successfully checkpointed FlowFile Repository with 0 records in 0 milliseconds
2024-10-18 11:49:29,915 INFO [Process Cluster Protocol Request-2] o.a.n.c.p.impl.SocketProtocolListener Finished processing request 4f77593a-c965-42d3-9368-b0b5abcbe4da (type=HEARTBEAT, length=2235 bytes) from mynifi:8080 in 4 millis
2024-10-18 11:49:29,919 INFO [Clustering Tasks Thread-2] o.a.n.c.c.ClusterProtocolHeartbeater Heartbeat created at 2024-10-18 11:49:29,907 and sent to mynifi:8082 at 2024-10-18 11:49:29,918; send took 10 millis
2024-10-18 11:49:31,512 INFO [Heartbeat Monitor Thread-1] o.a.n.c.c.h.AbstractHeartbeatMonitor Finished processing 1 heartbeats in 11407 nanos
2024-10-18 11:49:34,921 INFO [Process Cluster Protocol Request-3] o.a.n.c.p.impl.SocketProtocolListener Finished processing request 2b9c6562-4cad-4d6d-80c8-5e7ed9e2627e (type=HEARTBEAT, length=2235 bytes) from mynifi:8080 in 967491 nanos
2024-10-18 11:49:34,922 INFO [Clustering Tasks Thread-2] o.a.n.c.c.ClusterProtocolHeartbeater Heartbeat created at 2024-10-18 11:49:34,919 and sent to mynifi:8082 at 2024-10-18 11:49:34,922; send took 3 millis
2024-10-18 11:49:36,346 INFO [Cleanup Archive for default] o.a.n.c.repository.FileSystemRepository Successfully deleted 0 files (0 bytes) from archive
2024-10-18 11:49:36,512 INFO [Heartbeat Monitor Thread-1] o.a.n.c.c.h.AbstractHeartbeatMonitor Finished processing 1 heartbeats in 28971 nanos
2024-10-18 11:49:39,930 INFO [Process Cluster Protocol Request-4] o.a.n.c.p.impl.SocketProtocolListener Finished processing request a72144dd-ed31-453b-aa60-2a154962422d (type=HEARTBEAT, length=2235 bytes) from mynifi:8080 in 3 millis
2024-10-18 11:49:39,932 INFO [Clustering Tasks Thread-2] o.a.n.c.c.ClusterProtocolHeartbeater Heartbeat created at 2024-10-18 11:49:39,923 and sent to mynifi:8082 at 2024-10-18 11:49:39,932; send took 9 millis
2024-10-18 11:49:41,513 INFO [Heartbeat Monitor Thread-1] o.a.n.c.c.h.AbstractHeartbeatMonitor Finished processing 1 heartbeats in 66187 nanos
2024-10-18 11:49:44,941 INFO [Process Cluster Protocol Request-5] o.a.n.c.p.impl.SocketProtocolListener Finished processing request 119224ac-ff09-42bb-b0e1-8066ae5aaa4d (type=HEARTBEAT, length=2235 bytes) from mynifi:8080 in 3 millis
2024-10-18 11:49:44,944 INFO [Clustering Tasks Thread-2] o.a.n.c.c.ClusterProtocolHeartbeater Heartbeat created at 2024-10-18 11:49:44,933 and sent to mynifi:8082 at 2024-10-18 11:49:44,944; send took 10 millis
2024-10-18 11:49:46,513 INFO [Heartbeat Monitor Thread-1] o.a.n.c.c.h.AbstractHeartbeatMonitor Finished processing 1 heartbeats in 125391 nanos
2024-10-18 11:49:48,487 INFO [pool-13-thread-1] o.a.n.c.r.WriteAheadFlowFileRepository Initiating checkpoint of FlowFile Repository
2024-10-18 11:49:48,487 INFO [pool-13-thread-1] o.a.n.c.r.WriteAheadFlowFileRepository Successfully checkpointed FlowFile Repository with 0 records in 0 milliseconds
2024-10-18 11:49:49,952 INFO [Process Cluster Protocol Request-6] o.a.n.c.p.impl.SocketProtocolListener Finished processing request f74c62d2-d40f-4429-b4e1-7938519db63a (type=HEARTBEAT, length=2235 bytes) from mynifi:8080 in 3 millis
2024-10-18 11:49:49,954 INFO [Clustering Tasks Thread-2] o.a.n.c.c.ClusterProtocolHeartbeater Heartbeat created at 2024-10-18 11:49:49,944 and sent to mynifi:8082 at 2024-10-18 11:49:49,954; send took 9 millis
2024-10-18 11:49:51,514 INFO [Heartbeat Monitor Thread-1] o.a.n.c.c.h.AbstractHeartbeatMonitor Finished processing 1 heartbeats in 28389 nanos
2024-10-18 11:49:54,958 INFO [Process Cluster Protocol Request-7] o.a.n.c.p.impl.SocketProtocolListener Finished processing request c5ff5271-324d-4d93-a987-6b8e018e9054 (type=HEARTBEAT, length=2235 bytes) from mynifi:8080 in 1 millis
2024-10-18 11:49:54,959 INFO [Clustering Tasks Thread-2] o.a.n.c.c.ClusterProtocolHeartbeater Heartbeat created at 2024-10-18 11:49:54,955 and sent to mynifi:8082 at 2024-10-18 11:49:54,959; send took 3 millis
2024-10-18 11:49:56,514 INFO [Heartbeat Monitor Thread-1] o.a.n.c.c.h.AbstractHeartbeatMonitor Finished processing 1 heartbeats in 11055 nanos
2024-10-18 11:49:59,697 INFO [pool-2-thread-2] org.apache.nifi.BootstrapListener Received SHUTDOWN request from Bootstrap
2024-10-18 11:49:59,697 INFO [pool-2-thread-2] org.apache.nifi.NiFi Initiating shutdown of Jetty web server...
2024-10-18 11:49:59,700 INFO [pool-2-thread-2] o.eclipse.jetty.server.AbstractConnector Stopped ServerConnector@6b4a4e40{HTTP/1.1, (http/1.1)}{mynifi:8080}
2024-10-18 11:49:59,700 INFO [pool-2-thread-2] org.eclipse.jetty.server.session node0 Stopped scavenging
