2024-10-21 08:00:01,687 INFO [Process Cluster Protocol Request-3] o.a.n.c.p.impl.SocketProtocolListener Finished processing request 4d495289-ec96-4d6d-b4b8-5274a7824bd7 (type=HEARTBEAT, length=2235 bytes) from mynifi:8080 in 1 millis
2024-10-21 08:00:01,688 INFO [Clustering Tasks Thread-2] o.a.n.c.c.ClusterProtocolHeartbeater Heartbeat created at 2024-10-21 08:00:01,684 and sent to mynifi:8082 at 2024-10-21 08:00:01,688; send took 4 millis
2024-10-21 08:00:02,609 INFO [Heartbeat Monitor Thread-1] o.a.n.c.c.h.AbstractHeartbeatMonitor Finished processing 1 heartbeats in 12922 nanos
2024-10-21 08:00:06,695 INFO [Process Cluster Protocol Request-4] o.a.n.c.p.impl.SocketProtocolListener Finished processing request f9873129-4415-458d-af9c-6f6f80bc9e28 (type=HEARTBEAT, length=2235 bytes) from mynifi:8080 in 2 millis
2024-10-21 08:00:06,699 INFO [Clustering Tasks Thread-2] o.a.n.c.c.ClusterProtocolHeartbeater Heartbeat created at 2024-10-21 08:00:06,689 and sent to mynifi:8082 at 2024-10-21 08:00:06,699; send took 9 millis
2024-10-21 08:00:07,610 INFO [Heartbeat Monitor Thread-1] o.a.n.c.c.h.AbstractHeartbeatMonitor Finished processing 1 heartbeats in 33947 nanos
2024-10-21 08:00:11,705 INFO [Process Cluster Protocol Request-5] o.a.n.c.p.impl.SocketProtocolListener Finished processing request 15ae2335-f7e9-4ef1-912f-122d131fbd1d (type=HEARTBEAT, length=2235 bytes) from mynifi:8080 in 2 millis
2024-10-21 08:00:11,708 INFO [Clustering Tasks Thread-2] o.a.n.c.c.ClusterProtocolHeartbeater Heartbeat created at 2024-10-21 08:00:11,699 and sent to mynifi:8082 at 2024-10-21 08:00:11,708; send took 8 millis
2024-10-21 08:00:12,610 INFO [Heartbeat Monitor Thread-1] o.a.n.c.c.h.AbstractHeartbeatMonitor Finished processing 1 heartbeats in 20894 nanos
2024-10-21 08:00:14,460 INFO [pool-13-thread-1] o.a.n.c.r.WriteAheadFlowFileRepository Initiating checkpoint of FlowFile Repository
2024-10-21 08:00:14,460 INFO [pool-13-thread-1] o.a.n.c.r.WriteAheadFlowFileRepository Successfully checkpointed FlowFile Repository with 0 records in 0 milliseconds
2024-10-21 08:00:16,715 INFO [Process Cluster Protocol Request-6] o.a.n.c.p.impl.SocketProtocolListener Finished processing request 2058acd5-aaa3-454c-86e2-8165b05787be (type=HEARTBEAT, length=2235 bytes) from mynifi:8080 in 3 millis
2024-10-21 08:00:16,718 INFO [Clustering Tasks Thread-2] o.a.n.c.c.ClusterProtocolHeartbeater Heartbeat created at 2024-10-21 08:00:16,709 and sent to mynifi:8082 at 2024-10-21 08:00:16,718; send took 8 millis
2024-10-21 08:00:17,611 INFO [Heartbeat Monitor Thread-1] o.a.n.c.c.h.AbstractHeartbeatMonitor Finished processing 1 heartbeats in 32745 nanos
2024-10-21 08:00:21,722 INFO [Process Cluster Protocol Request-7] o.a.n.c.p.impl.SocketProtocolListener Finished processing request 88169402-f4d1-4601-ac6a-680b3d710592 (type=HEARTBEAT, length=2235 bytes) from mynifi:8080 in 1 millis
2024-10-21 08:00:21,723 INFO [Clustering Tasks Thread-2] o.a.n.c.c.ClusterProtocolHeartbeater Heartbeat created at 2024-10-21 08:00:21,718 and sent to mynifi:8082 at 2024-10-21 08:00:21,723; send took 4 millis
2024-10-21 08:00:22,611 INFO [Heartbeat Monitor Thread-1] o.a.n.c.c.h.AbstractHeartbeatMonitor Finished processing 1 heartbeats in 25872 nanos
2024-10-21 08:00:26,730 INFO [Process Cluster Protocol Request-8] o.a.n.c.p.impl.SocketProtocolListener Finished processing request e62bb5cb-7c56-44ec-9e8a-5f304c91804f (type=HEARTBEAT, length=2235 bytes) from mynifi:8080 in 2 millis
2024-10-21 08:00:26,733 INFO [Clustering Tasks Thread-2] o.a.n.c.c.ClusterProtocolHeartbeater Heartbeat created at 2024-10-21 08:00:26,724 and sent to mynifi:8082 at 2024-10-21 08:00:26,733; send took 9 millis
2024-10-21 08:00:27,611 INFO [Heartbeat Monitor Thread-1] o.a.n.c.c.h.AbstractHeartbeatMonitor Finished processing 1 heartbeats in 33693 nanos
2024-10-21 08:00:31,740 INFO [Process Cluster Protocol Request-9] o.a.n.c.p.impl.SocketProtocolListener Finished processing request 5e12add1-4629-4de1-94dc-486cad0bb08f (type=HEARTBEAT, length=2235 bytes) from mynifi:8080 in 3 millis
2024-10-21 08:00:31,743 INFO [Clustering Tasks Thread-2] o.a.n.c.c.ClusterProtocolHeartbeater Heartbeat created at 2024-10-21 08:00:31,734 and sent to mynifi:8082 at 2024-10-21 08:00:31,743; send took 9 millis
2024-10-21 08:00:32,612 INFO [Heartbeat Monitor Thread-1] o.a.n.c.c.h.AbstractHeartbeatMonitor Finished processing 1 heartbeats in 33695 nanos
2024-10-21 08:00:34,460 INFO [pool-13-thread-1] o.a.n.c.r.WriteAheadFlowFileRepository Initiating checkpoint of FlowFile Repository
2024-10-21 08:00:34,460 INFO [pool-13-thread-1] o.a.n.c.r.WriteAheadFlowFileRepository Successfully checkpointed FlowFile Repository with 0 records in 0 milliseconds
2024-10-21 08:00:36,750 INFO [Process Cluster Protocol Request-10] o.a.n.c.p.impl.SocketProtocolListener Finished processing request cd681e22-a115-4228-b1b2-878792257cba (type=HEARTBEAT, length=2235 bytes) from mynifi:8080 in 3 millis
2024-10-21 08:00:36,753 INFO [Clustering Tasks Thread-2] o.a.n.c.c.ClusterProtocolHeartbeater Heartbeat created at 2024-10-21 08:00:36,744 and sent to mynifi:8082 at 2024-10-21 08:00:36,753; send took 8 millis
2024-10-21 08:00:37,612 INFO [Heartbeat Monitor Thread-1] o.a.n.c.c.h.AbstractHeartbeatMonitor Finished processing 1 heartbeats in 33012 nanos
2024-10-21 08:00:40,782 INFO [Write-Ahead Local State Provider Maintenance] org.wali.MinimalLockingWriteAheadLog org.wali.MinimalLockingWriteAheadLog@5de25642 checkpointed with 3 Records and 0 Swap Files in 3 milliseconds (Stop-the-world time = 0 milliseconds, Clear Edit Logs time = 0 millis), max Transaction ID 17
2024-10-21 08:00:41,627 INFO [Cleanup Archive for default] o.a.n.c.repository.FileSystemRepository Successfully deleted 0 files (0 bytes) from archive
2024-10-21 08:00:41,760 INFO [Process Cluster Protocol Request-1] o.a.n.c.p.impl.SocketProtocolListener Finished processing request 701f8b3f-5575-4a75-b637-15d8a62fe175 (type=HEARTBEAT, length=2235 bytes) from mynifi:8080 in 3 millis
2024-10-21 08:00:41,763 INFO [Clustering Tasks Thread-2] o.a.n.c.c.ClusterProtocolHeartbeater Heartbeat created at 2024-10-21 08:00:41,753 and sent to mynifi:8082 at 2024-10-21 08:00:41,763; send took 9 millis
2024-10-21 08:00:42,613 INFO [Heartbeat Monitor Thread-1] o.a.n.c.c.h.AbstractHeartbeatMonitor Finished processing 1 heartbeats in 22053 nanos
2024-10-21 08:00:46,770 INFO [Process Cluster Protocol Request-2] o.a.n.c.p.impl.SocketProtocolListener Finished processing request 6f99a0da-e235-469e-8aee-9b7302436ad8 (type=HEARTBEAT, length=2235 bytes) from mynifi:8080 in 3 millis
2024-10-21 08:00:46,773 INFO [Clustering Tasks Thread-2] o.a.n.c.c.ClusterProtocolHeartbeater Heartbeat created at 2024-10-21 08:00:46,763 and sent to mynifi:8082 at 2024-10-21 08:00:46,772; send took 9 millis
2024-10-21 08:00:47,613 INFO [Heartbeat Monitor Thread-1] o.a.n.c.c.h.AbstractHeartbeatMonitor Finished processing 1 heartbeats in 15621 nanos
2024-10-21 08:00:51,775 INFO [Process Cluster Protocol Request-3] o.a.n.c.p.impl.SocketProtocolListener Finished processing request 70e70c32-7865-417e-b851-0844ab3e498b (type=HEARTBEAT, length=2235 bytes) from mynifi:8080 in 1 millis
2024-10-21 08:00:51,776 INFO [Clustering Tasks Thread-2] o.a.n.c.c.ClusterProtocolHeartbeater Heartbeat created at 2024-10-21 08:00:51,773 and sent to mynifi:8082 at 2024-10-21 08:00:51,776; send took 3 millis
2024-10-21 08:00:52,614 INFO [Heartbeat Monitor Thread-1] o.a.n.c.c.h.AbstractHeartbeatMonitor Finished processing 1 heartbeats in 20943 nanos
2024-10-21 08:00:54,460 INFO [pool-13-thread-1] o.a.n.c.r.WriteAheadFlowFileRepository Initiating checkpoint of FlowFile Repository
2024-10-21 08:00:54,461 INFO [pool-13-thread-1] o.a.n.c.r.WriteAheadFlowFileRepository Successfully checkpointed FlowFile Repository with 0 records in 0 milliseconds
2024-10-21 08:00:56,795 INFO [Process Cluster Protocol Request-4] o.a.n.c.p.impl.SocketProtocolListener Finished processing request 9936fd7d-57a9-451c-a9f1-dcc707e3923a (type=HEARTBEAT, length=2235 bytes) from mynifi:8080 in 14 millis
2024-10-21 08:00:56,796 INFO [Clustering Tasks Thread-2] o.a.n.c.c.ClusterProtocolHeartbeater Heartbeat created at 2024-10-21 08:00:56,777 and sent to mynifi:8082 at 2024-10-21 08:00:56,796; send took 18 millis
2024-10-21 08:00:57,614 INFO [Heartbeat Monitor Thread-1] o.a.n.c.c.h.AbstractHeartbeatMonitor Finished processing 1 heartbeats in 33344 nanos
2024-10-21 08:01:01,802 INFO [Process Cluster Protocol Request-5] o.a.n.c.p.impl.SocketProtocolListener Finished processing request 8a226e3a-bc47-4802-be88-7997512ad588 (type=HEARTBEAT, length=2235 bytes) from mynifi:8080 in 3 millis
2024-10-21 08:01:01,805 INFO [Clustering Tasks Thread-2] o.a.n.c.c.ClusterProtocolHeartbeater Heartbeat created at 2024-10-21 08:01:01,796 and sent to mynifi:8082 at 2024-10-21 08:01:01,805; send took 8 millis
2024-10-21 08:01:02,614 INFO [Heartbeat Monitor Thread-1] o.a.n.c.c.h.AbstractHeartbeatMonitor Finished processing 1 heartbeats in 11865 nanos
2024-10-21 08:01:06,812 INFO [Process Cluster Protocol Request-6] o.a.n.c.p.impl.SocketProtocolListener Finished processing request a7485edc-59f6-4f0b-b861-a68a2a177b18 (type=HEARTBEAT, length=2235 bytes) from mynifi:8080 in 3 millis
2024-10-21 08:01:06,815 INFO [Clustering Tasks Thread-2] o.a.n.c.c.ClusterProtocolHeartbeater Heartbeat created at 2024-10-21 08:01:06,805 and sent to mynifi:8082 at 2024-10-21 08:01:06,815; send took 9 millis
2024-10-21 08:01:07,615 INFO [Heartbeat Monitor Thread-1] o.a.n.c.c.h.AbstractHeartbeatMonitor Finished processing 1 heartbeats in 33898 nanos
2024-10-21 08:01:11,822 INFO [Process Cluster Protocol Request-7] o.a.n.c.p.impl.SocketProtocolListener Finished processing request 7c434560-0774-4cb9-82d3-2654c9ea9880 (type=HEARTBEAT, length=2235 bytes) from mynifi:8080 in 3 millis
2024-10-21 08:01:11,824 INFO [Clustering Tasks Thread-2] o.a.n.c.c.ClusterProtocolHeartbeater Heartbeat created at 2024-10-21 08:01:11,815 and sent to mynifi:8082 at 2024-10-21 08:01:11,824; send took 9 millis
2024-10-21 08:01:12,615 INFO [Heartbeat Monitor Thread-1] o.a.n.c.c.h.AbstractHeartbeatMonitor Finished processing 1 heartbeats in 37101 nanos
2024-10-21 08:01:14,461 INFO [pool-13-thread-1] o.a.n.c.r.WriteAheadFlowFileRepository Initiating checkpoint of FlowFile Repository
2024-10-21 08:01:14,461 INFO [pool-13-thread-1] o.a.n.c.r.WriteAheadFlowFileRepository Successfully checkpointed FlowFile Repository with 0 records in 0 milliseconds
2024-10-21 08:01:16,831 INFO [Process Cluster Protocol Request-8] o.a.n.c.p.impl.SocketProtocolListener Finished processing request 5cedbdb5-54ef-4030-b90e-f3aa90f94646 (type=HEARTBEAT, length=2235 bytes) from mynifi:8080 in 3 millis
2024-10-21 08:01:16,834 INFO [Clustering Tasks Thread-2] o.a.n.c.c.ClusterProtocolHeartbeater Heartbeat created at 2024-10-21 08:01:16,825 and sent to mynifi:8082 at 2024-10-21 08:01:16,834; send took 8 millis
2024-10-21 08:01:17,616 INFO [Heartbeat Monitor Thread-1] o.a.n.c.c.h.AbstractHeartbeatMonitor Finished processing 1 heartbeats in 31309 nanos
2024-10-21 08:01:21,837 INFO [Process Cluster Protocol Request-9] o.a.n.c.p.impl.SocketProtocolListener Finished processing request 18e8b746-37c8-4cd7-9f45-45d8d758ee17 (type=HEARTBEAT, length=2235 bytes) from mynifi:8080 in 1 millis
2024-10-21 08:01:21,838 INFO [Clustering Tasks Thread-2] o.a.n.c.c.ClusterProtocolHeartbeater Heartbeat created at 2024-10-21 08:01:21,834 and sent to mynifi:8082 at 2024-10-21 08:01:21,838; send took 3 millis
2024-10-21 08:01:22,616 INFO [Heartbeat Monitor Thread-1] o.a.n.c.c.h.AbstractHeartbeatMonitor Finished processing 1 heartbeats in 31204 nanos
2024-10-21 08:01:26,844 INFO [Process Cluster Protocol Request-10] o.a.n.c.p.impl.SocketProtocolListener Finished processing request db526df4-76d8-43b6-bf19-7ef3a6ea05e1 (type=HEARTBEAT, length=2235 bytes) from mynifi:8080 in 2 millis
2024-10-21 08:01:26,846 INFO [Clustering Tasks Thread-2] o.a.n.c.c.ClusterProtocolHeartbeater Heartbeat created at 2024-10-21 08:01:26,838 and sent to mynifi:8082 at 2024-10-21 08:01:26,846; send took 8 millis
2024-10-21 08:01:27,617 INFO [Heartbeat Monitor Thread-1] o.a.n.c.c.h.AbstractHeartbeatMonitor Finished processing 1 heartbeats in 75042 nanos
2024-10-21 08:01:31,853 INFO [Process Cluster Protocol Request-1] o.a.n.c.p.impl.SocketProtocolListener Finished processing request 6ca946ec-ca3b-485c-bab4-cdd937ca7b5f (type=HEARTBEAT, length=2235 bytes) from mynifi:8080 in 2 millis
2024-10-21 08:01:31,856 INFO [Clustering Tasks Thread-2] o.a.n.c.c.ClusterProtocolHeartbeater Heartbeat created at 2024-10-21 08:01:31,847 and sent to mynifi:8082 at 2024-10-21 08:01:31,856; send took 9 millis
2024-10-21 08:01:32,617 INFO [Heartbeat Monitor Thread-1] o.a.n.c.c.h.AbstractHeartbeatMonitor Finished processing 1 heartbeats in 112661 nanos
2024-10-21 08:01:34,461 INFO [pool-13-thread-1] o.a.n.c.r.WriteAheadFlowFileRepository Initiating checkpoint of FlowFile Repository
2024-10-21 08:01:34,461 INFO [pool-13-thread-1] o.a.n.c.r.WriteAheadFlowFileRepository Successfully checkpointed FlowFile Repository with 0 records in 0 milliseconds
2024-10-21 08:01:36,863 INFO [Process Cluster Protocol Request-2] o.a.n.c.p.impl.SocketProtocolListener Finished processing request 19d78806-5813-4f94-9886-ab6958f737c8 (type=HEARTBEAT, length=2235 bytes) from mynifi:8080 in 2 millis
2024-10-21 08:01:36,865 INFO [Clustering Tasks Thread-2] o.a.n.c.c.ClusterProtocolHeartbeater Heartbeat created at 2024-10-21 08:01:36,857 and sent to mynifi:8082 at 2024-10-21 08:01:36,865; send took 8 millis
2024-10-21 08:01:37,618 INFO [Heartbeat Monitor Thread-1] o.a.n.c.c.h.AbstractHeartbeatMonitor Finished processing 1 heartbeats in 32368 nanos
2024-10-21 08:01:41,664 INFO [Cleanup Archive for default] o.a.n.c.repository.FileSystemRepository Successfully deleted 0 files (0 bytes) from archive
2024-10-21 08:01:41,872 INFO [Process Cluster Protocol Request-3] o.a.n.c.p.impl.SocketProtocolListener Finished processing request c4a35e4d-1b03-4d8c-b8a2-842e56eb5329 (type=HEARTBEAT, length=2235 bytes) from mynifi:8080 in 2 millis
2024-10-21 08:01:41,875 INFO [Clustering Tasks Thread-2] o.a.n.c.c.ClusterProtocolHeartbeater Heartbeat created at 2024-10-21 08:01:41,866 and sent to mynifi:8082 at 2024-10-21 08:01:41,875; send took 8 millis
2024-10-21 08:01:42,618 INFO [Heartbeat Monitor Thread-1] o.a.n.c.c.h.AbstractHeartbeatMonitor Finished processing 1 heartbeats in 28967 nanos
2024-10-21 08:01:46,882 INFO [Process Cluster Protocol Request-4] o.a.n.c.p.impl.SocketProtocolListener Finished processing request ed459305-0109-4b96-b716-f6e6e2a3eb89 (type=HEARTBEAT, length=2235 bytes) from mynifi:8080 in 3 millis
2024-10-21 08:01:46,885 INFO [Clustering Tasks Thread-2] o.a.n.c.c.ClusterProtocolHeartbeater Heartbeat created at 2024-10-21 08:01:46,875 and sent to mynifi:8082 at 2024-10-21 08:01:46,885; send took 9 millis
2024-10-21 08:01:47,619 INFO [Heartbeat Monitor Thread-1] o.a.n.c.c.h.AbstractHeartbeatMonitor Finished processing 1 heartbeats in 30883 nanos
2024-10-21 08:01:51,892 INFO [Process Cluster Protocol Request-5] o.a.n.c.p.impl.SocketProtocolListener Finished processing request c44cfac2-c40e-4efe-83f6-3221ac6ddf50 (type=HEARTBEAT, length=2235 bytes) from mynifi:8080 in 3 millis
2024-10-21 08:01:51,895 INFO [Clustering Tasks Thread-2] o.a.n.c.c.ClusterProtocolHeartbeater Heartbeat created at 2024-10-21 08:01:51,885 and sent to mynifi:8082 at 2024-10-21 08:01:51,895; send took 9 millis
2024-10-21 08:01:52,619 INFO [Heartbeat Monitor Thread-1] o.a.n.c.c.h.AbstractHeartbeatMonitor Finished processing 1 heartbeats in 30552 nanos
2024-10-21 08:01:54,462 INFO [pool-13-thread-1] o.a.n.c.r.WriteAheadFlowFileRepository Initiating checkpoint of FlowFile Repository
2024-10-21 08:01:54,462 INFO [pool-13-thread-1] o.a.n.c.r.WriteAheadFlowFileRepository Successfully checkpointed FlowFile Repository with 0 records in 0 milliseconds
2024-10-21 08:01:56,897 INFO [Process Cluster Protocol Request-6] o.a.n.c.p.impl.SocketProtocolListener Finished processing request 17bf1e1e-80f2-4498-8199-77bcb8862f87 (type=HEARTBEAT, length=2235 bytes) from mynifi:8080 in 871892 nanos
2024-10-21 08:01:56,898 INFO [Clustering Tasks Thread-2] o.a.n.c.c.ClusterProtocolHeartbeater Heartbeat created at 2024-10-21 08:01:56,895 and sent to mynifi:8082 at 2024-10-21 08:01:56,898; send took 3 millis
2024-10-21 08:01:57,619 INFO [Heartbeat Monitor Thread-1] o.a.n.c.c.h.AbstractHeartbeatMonitor Finished processing 1 heartbeats in 36576 nanos
2024-10-21 08:02:01,905 INFO [Process Cluster Protocol Request-7] o.a.n.c.p.impl.SocketProtocolListener Finished processing request 42e90da0-a3b3-439f-8ee0-9d9f7e29179a (type=HEARTBEAT, length=2235 bytes) from mynifi:8080 in 2 millis
2024-10-21 08:02:01,908 INFO [Clustering Tasks Thread-2] o.a.n.c.c.ClusterProtocolHeartbeater Heartbeat created at 2024-10-21 08:02:01,899 and sent to mynifi:8082 at 2024-10-21 08:02:01,908; send took 8 millis
2024-10-21 08:02:02,620 INFO [Heartbeat Monitor Thread-1] o.a.n.c.c.h.AbstractHeartbeatMonitor Finished processing 1 heartbeats in 32347 nanos
2024-10-21 08:02:06,911 INFO [Process Cluster Protocol Request-8] o.a.n.c.p.impl.SocketProtocolListener Finished processing request 8396695e-cda1-40bd-bf64-f53770d9407a (type=HEARTBEAT, length=2235 bytes) from mynifi:8080 in 1 millis
2024-10-21 08:02:06,913 INFO [Clustering Tasks Thread-2] o.a.n.c.c.ClusterProtocolHeartbeater Heartbeat created at 2024-10-21 08:02:06,908 and sent to mynifi:8082 at 2024-10-21 08:02:06,913; send took 4 millis
2024-10-21 08:02:07,621 INFO [Heartbeat Monitor Thread-1] o.a.n.c.c.h.AbstractHeartbeatMonitor Finished processing 1 heartbeats in 241664 nanos
2024-10-21 08:02:11,919 INFO [Process Cluster Protocol Request-9] o.a.n.c.p.impl.SocketProtocolListener Finished processing request 0449dae7-31ca-4499-9cc5-6cd9149199f7 (type=HEARTBEAT, length=2235 bytes) from mynifi:8080 in 2 millis
2024-10-21 08:02:11,919 INFO [Clustering Tasks Thread-2] o.a.n.c.c.ClusterProtocolHeartbeater Heartbeat created at 2024-10-21 08:02:11,913 and sent to mynifi:8082 at 2024-10-21 08:02:11,919; send took 6 millis
2024-10-21 08:02:12,621 INFO [Heartbeat Monitor Thread-1] o.a.n.c.c.h.AbstractHeartbeatMonitor Finished processing 1 heartbeats in 30176 nanos
2024-10-21 08:02:14,462 INFO [pool-13-thread-1] o.a.n.c.r.WriteAheadFlowFileRepository Initiating checkpoint of FlowFile Repository
2024-10-21 08:02:14,462 INFO [pool-13-thread-1] o.a.n.c.r.WriteAheadFlowFileRepository Successfully checkpointed FlowFile Repository with 0 records in 0 milliseconds
2024-10-21 08:02:16,927 INFO [Process Cluster Protocol Request-10] o.a.n.c.p.impl.SocketProtocolListener Finished processing request c334b876-54ad-494b-beb5-e9640bc80f38 (type=HEARTBEAT, length=2235 bytes) from mynifi:8080 in 3 millis
2024-10-21 08:02:16,929 INFO [Clustering Tasks Thread-2] o.a.n.c.c.ClusterProtocolHeartbeater Heartbeat created at 2024-10-21 08:02:16,920 and sent to mynifi:8082 at 2024-10-21 08:02:16,929; send took 9 millis
2024-10-21 08:02:17,622 INFO [Heartbeat Monitor Thread-1] o.a.n.c.c.h.AbstractHeartbeatMonitor Finished processing 1 heartbeats in 30436 nanos
2024-10-21 08:02:21,934 INFO [Process Cluster Protocol Request-1] o.a.n.c.p.impl.SocketProtocolListener Finished processing request 1e7d927a-7172-455f-a227-3c871dd23ed9 (type=HEARTBEAT, length=2235 bytes) from mynifi:8080 in 2 millis
2024-10-21 08:02:21,936 INFO [Clustering Tasks Thread-2] o.a.n.c.c.ClusterProtocolHeartbeater Heartbeat created at 2024-10-21 08:02:21,930 and sent to mynifi:8082 at 2024-10-21 08:02:21,936; send took 6 millis
2024-10-21 08:02:22,622 INFO [Heartbeat Monitor Thread-1] o.a.n.c.c.h.AbstractHeartbeatMonitor Finished processing 1 heartbeats in 29410 nanos
2024-10-21 08:02:26,940 INFO [Process Cluster Protocol Request-2] o.a.n.c.p.impl.SocketProtocolListener Finished processing request bc3a1c7e-4a4b-45ad-90d2-1d0a97082bd9 (type=HEARTBEAT, length=2235 bytes) from mynifi:8080 in 1 millis
2024-10-21 08:02:26,942 INFO [Clustering Tasks Thread-2] o.a.n.c.c.ClusterProtocolHeartbeater Heartbeat created at 2024-10-21 08:02:26,936 and sent to mynifi:8082 at 2024-10-21 08:02:26,942; send took 5 millis
2024-10-21 08:02:27,623 INFO [Heartbeat Monitor Thread-1] o.a.n.c.c.h.AbstractHeartbeatMonitor Finished processing 1 heartbeats in 14856 nanos
2024-10-21 08:02:31,949 INFO [Process Cluster Protocol Request-3] o.a.n.c.p.impl.SocketProtocolListener Finished processing request b2e562a9-5870-484c-a536-3804c8369280 (type=HEARTBEAT, length=2235 bytes) from mynifi:8080 in 3 millis
2024-10-21 08:02:31,952 INFO [Clustering Tasks Thread-2] o.a.n.c.c.ClusterProtocolHeartbeater Heartbeat created at 2024-10-21 08:02:31,942 and sent to mynifi:8082 at 2024-10-21 08:02:31,952; send took 9 millis
2024-10-21 08:02:32,623 INFO [Heartbeat Monitor Thread-1] o.a.n.c.c.h.AbstractHeartbeatMonitor Finished processing 1 heartbeats in 71499 nanos
2024-10-21 08:02:34,462 INFO [pool-13-thread-1] o.a.n.c.r.WriteAheadFlowFileRepository Initiating checkpoint of FlowFile Repository
2024-10-21 08:02:34,463 INFO [pool-13-thread-1] o.a.n.c.r.WriteAheadFlowFileRepository Successfully checkpointed FlowFile Repository with 0 records in 0 milliseconds
2024-10-21 08:02:36,954 INFO [Process Cluster Protocol Request-4] o.a.n.c.p.impl.SocketProtocolListener Finished processing request f63312a9-c4d6-4d05-864b-0a6dbaf7f00a (type=HEARTBEAT, length=2235 bytes) from mynifi:8080 in 793744 nanos
2024-10-21 08:02:36,955 INFO [Clustering Tasks Thread-2] o.a.n.c.c.ClusterProtocolHeartbeater Heartbeat created at 2024-10-21 08:02:36,952 and sent to mynifi:8082 at 2024-10-21 08:02:36,955; send took 2 millis
2024-10-21 08:02:37,624 INFO [Heartbeat Monitor Thread-1] o.a.n.c.c.h.AbstractHeartbeatMonitor Finished processing 1 heartbeats in 27207 nanos
2024-10-21 08:02:40,794 INFO [Write-Ahead Local State Provider Maintenance] org.wali.MinimalLockingWriteAheadLog org.wali.MinimalLockingWriteAheadLog@5de25642 checkpointed with 3 Records and 0 Swap Files in 11 milliseconds (Stop-the-world time = 4 milliseconds, Clear Edit Logs time = 5 millis), max Transaction ID 17
2024-10-21 08:02:41,701 INFO [Cleanup Archive for default] o.a.n.c.repository.FileSystemRepository Successfully deleted 0 files (0 bytes) from archive
2024-10-21 08:02:41,961 INFO [Process Cluster Protocol Request-5] o.a.n.c.p.impl.SocketProtocolListener Finished processing request 5ba14a3f-785b-41e4-bb9e-28fca0be981a (type=HEARTBEAT, length=2235 bytes) from mynifi:8080 in 2 millis
2024-10-21 08:02:41,964 INFO [Clustering Tasks Thread-2] o.a.n.c.c.ClusterProtocolHeartbeater Heartbeat created at 2024-10-21 08:02:41,955 and sent to mynifi:8082 at 2024-10-21 08:02:41,964; send took 8 millis
2024-10-21 08:02:42,624 INFO [Heartbeat Monitor Thread-1] o.a.n.c.c.h.AbstractHeartbeatMonitor Finished processing 1 heartbeats in 26778 nanos
2024-10-21 08:02:46,968 INFO [Process Cluster Protocol Request-6] o.a.n.c.p.impl.SocketProtocolListener Finished processing request 7d7d3dcc-0855-463c-860e-b7f101a4845e (type=HEARTBEAT, length=2235 bytes) from mynifi:8080 in 1 millis
2024-10-21 08:02:46,970 INFO [Clustering Tasks Thread-2] o.a.n.c.c.ClusterProtocolHeartbeater Heartbeat created at 2024-10-21 08:02:46,964 and sent to mynifi:8082 at 2024-10-21 08:02:46,970; send took 5 millis
2024-10-21 08:02:47,624 INFO [Heartbeat Monitor Thread-1] o.a.n.c.c.h.AbstractHeartbeatMonitor Finished processing 1 heartbeats in 26233 nanos
2024-10-21 08:02:51,976 INFO [Process Cluster Protocol Request-7] o.a.n.c.p.impl.SocketProtocolListener Finished processing request 7aac8230-0f48-439e-808a-723bcee9f97e (type=HEARTBEAT, length=2235 bytes) from mynifi:8080 in 2 millis
2024-10-21 08:02:51,979 INFO [Clustering Tasks Thread-2] o.a.n.c.c.ClusterProtocolHeartbeater Heartbeat created at 2024-10-21 08:02:51,970 and sent to mynifi:8082 at 2024-10-21 08:02:51,979; send took 8 millis
2024-10-21 08:02:52,625 INFO [Heartbeat Monitor Thread-1] o.a.n.c.c.h.AbstractHeartbeatMonitor Finished processing 1 heartbeats in 26793 nanos
2024-10-21 08:02:54,463 INFO [pool-13-thread-1] o.a.n.c.r.WriteAheadFlowFileRepository Initiating checkpoint of FlowFile Repository
2024-10-21 08:02:54,463 INFO [pool-13-thread-1] o.a.n.c.r.WriteAheadFlowFileRepository Successfully checkpointed FlowFile Repository with 0 records in 0 milliseconds
2024-10-21 08:02:56,986 INFO [Process Cluster Protocol Request-8] o.a.n.c.p.impl.SocketProtocolListener Finished processing request fb384d8c-d299-4e7d-8ef5-e8e175a34a10 (type=HEARTBEAT, length=2235 bytes) from mynifi:8080 in 2 millis
2024-10-21 08:02:56,988 INFO [Clustering Tasks Thread-2] o.a.n.c.c.ClusterProtocolHeartbeater Heartbeat created at 2024-10-21 08:02:56,980 and sent to mynifi:8082 at 2024-10-21 08:02:56,988; send took 8 millis
2024-10-21 08:02:57,625 INFO [Heartbeat Monitor Thread-1] o.a.n.c.c.h.AbstractHeartbeatMonitor Finished processing 1 heartbeats in 27003 nanos
2024-10-21 08:03:01,995 INFO [Process Cluster Protocol Request-9] o.a.n.c.p.impl.SocketProtocolListener Finished processing request c9c50691-3ca5-4507-84a1-ee73b0b908d1 (type=HEARTBEAT, length=2235 bytes) from mynifi:8080 in 3 millis
2024-10-21 08:03:01,998 INFO [Clustering Tasks Thread-2] o.a.n.c.c.ClusterProtocolHeartbeater Heartbeat created at 2024-10-21 08:03:01,989 and sent to mynifi:8082 at 2024-10-21 08:03:01,998; send took 8 millis
2024-10-21 08:03:02,626 INFO [Heartbeat Monitor Thread-1] o.a.n.c.c.h.AbstractHeartbeatMonitor Finished processing 1 heartbeats in 27368 nanos
2024-10-21 08:03:07,005 INFO [Process Cluster Protocol Request-10] o.a.n.c.p.impl.SocketProtocolListener Finished processing request 5e8cfe13-459f-4231-b008-ad4288e8d1aa (type=HEARTBEAT, length=2235 bytes) from mynifi:8080 in 2 millis
2024-10-21 08:03:07,007 INFO [Clustering Tasks Thread-2] o.a.n.c.c.ClusterProtocolHeartbeater Heartbeat created at 2024-10-21 08:03:06,998 and sent to mynifi:8082 at 2024-10-21 08:03:07,007; send took 8 millis
2024-10-21 08:03:07,626 INFO [Heartbeat Monitor Thread-1] o.a.n.c.c.h.AbstractHeartbeatMonitor Finished processing 1 heartbeats in 9756 nanos
2024-10-21 08:03:12,010 INFO [Process Cluster Protocol Request-1] o.a.n.c.p.impl.SocketProtocolListener Finished processing request e762d139-ab73-4e8a-9f11-d80febb02589 (type=HEARTBEAT, length=2235 bytes) from mynifi:8080 in 1 millis
2024-10-21 08:03:12,011 INFO [Clustering Tasks Thread-2] o.a.n.c.c.ClusterProtocolHeartbeater Heartbeat created at 2024-10-21 08:03:12,007 and sent to mynifi:8082 at 2024-10-21 08:03:12,011; send took 3 millis
2024-10-21 08:03:12,627 INFO [Heartbeat Monitor Thread-1] o.a.n.c.c.h.AbstractHeartbeatMonitor Finished processing 1 heartbeats in 27041 nanos
2024-10-21 08:03:14,463 INFO [pool-13-thread-1] o.a.n.c.r.WriteAheadFlowFileRepository Initiating checkpoint of FlowFile Repository
2024-10-21 08:03:14,463 INFO [pool-13-thread-1] o.a.n.c.r.WriteAheadFlowFileRepository Successfully checkpointed FlowFile Repository with 0 records in 0 milliseconds
2024-10-21 08:03:17,013 INFO [Process Cluster Protocol Request-2] o.a.n.c.p.impl.SocketProtocolListener Finished processing request a1514fcb-9c18-4dc1-8ede-780f7501532e (type=HEARTBEAT, length=2235 bytes) from mynifi:8080 in 917422 nanos
2024-10-21 08:03:17,014 INFO [Clustering Tasks Thread-2] o.a.n.c.c.ClusterProtocolHeartbeater Heartbeat created at 2024-10-21 08:03:17,011 and sent to mynifi:8082 at 2024-10-21 08:03:17,014; send took 2 millis
2024-10-21 08:03:17,627 INFO [Heartbeat Monitor Thread-1] o.a.n.c.c.h.AbstractHeartbeatMonitor Finished processing 1 heartbeats in 16115 nanos
2024-10-21 08:03:22,021 INFO [Process Cluster Protocol Request-3] o.a.n.c.p.impl.SocketProtocolListener Finished processing request f1097df2-d8bc-48f5-8e77-21e812d2455f (type=HEARTBEAT, length=2235 bytes) from mynifi:8080 in 3 millis
2024-10-21 08:03:22,024 INFO [Clustering Tasks Thread-2] o.a.n.c.c.ClusterProtocolHeartbeater Heartbeat created at 2024-10-21 08:03:22,015 and sent to mynifi:8082 at 2024-10-21 08:03:22,024; send took 8 millis
2024-10-21 08:03:22,627 INFO [Heartbeat Monitor Thread-1] o.a.n.c.c.h.AbstractHeartbeatMonitor Finished processing 1 heartbeats in 25808 nanos
2024-10-21 08:03:27,026 INFO [Process Cluster Protocol Request-4] o.a.n.c.p.impl.SocketProtocolListener Finished processing request c6be0a52-91ae-4fd5-88b8-280f71ba80d5 (type=HEARTBEAT, length=2235 bytes) from mynifi:8080 in 910640 nanos
2024-10-21 08:03:27,027 INFO [Clustering Tasks Thread-2] o.a.n.c.c.ClusterProtocolHeartbeater Heartbeat created at 2024-10-21 08:03:27,024 and sent to mynifi:8082 at 2024-10-21 08:03:27,027; send took 2 millis
2024-10-21 08:03:27,628 INFO [Heartbeat Monitor Thread-1] o.a.n.c.c.h.AbstractHeartbeatMonitor Finished processing 1 heartbeats in 11586 nanos
2024-10-21 08:03:32,033 INFO [Process Cluster Protocol Request-5] o.a.n.c.p.impl.SocketProtocolListener Finished processing request d2351fcb-dd44-49c1-abf7-9c98b77dc09b (type=HEARTBEAT, length=2235 bytes) from mynifi:8080 in 2 millis
2024-10-21 08:03:32,036 INFO [Clustering Tasks Thread-2] o.a.n.c.c.ClusterProtocolHeartbeater Heartbeat created at 2024-10-21 08:03:32,027 and sent to mynifi:8082 at 2024-10-21 08:03:32,036; send took 8 millis
2024-10-21 08:03:32,628 INFO [Heartbeat Monitor Thread-1] o.a.n.c.c.h.AbstractHeartbeatMonitor Finished processing 1 heartbeats in 24600 nanos
2024-10-21 08:03:34,464 INFO [pool-13-thread-1] o.a.n.c.r.WriteAheadFlowFileRepository Initiating checkpoint of FlowFile Repository
2024-10-21 08:03:34,464 INFO [pool-13-thread-1] o.a.n.c.r.WriteAheadFlowFileRepository Successfully checkpointed FlowFile Repository with 0 records in 0 milliseconds
2024-10-21 08:03:37,043 INFO [Process Cluster Protocol Request-6] o.a.n.c.p.impl.SocketProtocolListener Finished processing request 96b2cf2a-d9e8-4ca3-adcd-17c5a5d4b685 (type=HEARTBEAT, length=2235 bytes) from mynifi:8080 in 3 millis
2024-10-21 08:03:37,045 INFO [Clustering Tasks Thread-2] o.a.n.c.c.ClusterProtocolHeartbeater Heartbeat created at 2024-10-21 08:03:37,036 and sent to mynifi:8082 at 2024-10-21 08:03:37,045; send took 8 millis
2024-10-21 08:03:37,629 INFO [Heartbeat Monitor Thread-1] o.a.n.c.c.h.AbstractHeartbeatMonitor Finished processing 1 heartbeats in 43160 nanos
2024-10-21 08:03:41,736 INFO [Cleanup Archive for default] o.a.n.c.repository.FileSystemRepository Successfully deleted 0 files (0 bytes) from archive
2024-10-21 08:03:42,051 INFO [Process Cluster Protocol Request-7] o.a.n.c.p.impl.SocketProtocolListener Finished processing request 9077224d-0eab-46cb-8a89-8f939e46759f (type=HEARTBEAT, length=2235 bytes) from mynifi:8080 in 2 millis
2024-10-21 08:03:42,053 INFO [Clustering Tasks Thread-2] o.a.n.c.c.ClusterProtocolHeartbeater Heartbeat created at 2024-10-21 08:03:42,045 and sent to mynifi:8082 at 2024-10-21 08:03:42,053; send took 8 millis
2024-10-21 08:03:42,629 INFO [Heartbeat Monitor Thread-1] o.a.n.c.c.h.AbstractHeartbeatMonitor Finished processing 1 heartbeats in 24887 nanos
2024-10-21 08:03:47,060 INFO [Process Cluster Protocol Request-8] o.a.n.c.p.impl.SocketProtocolListener Finished processing request 37f6ac95-41b6-46ca-a17d-f8aae12874de (type=HEARTBEAT, length=2235 bytes) from mynifi:8080 in 2 millis
2024-10-21 08:03:47,063 INFO [Clustering Tasks Thread-2] o.a.n.c.c.ClusterProtocolHeartbeater Heartbeat created at 2024-10-21 08:03:47,054 and sent to mynifi:8082 at 2024-10-21 08:03:47,063; send took 8 millis
2024-10-21 08:03:47,629 INFO [Heartbeat Monitor Thread-1] o.a.n.c.c.h.AbstractHeartbeatMonitor Finished processing 1 heartbeats in 21447 nanos
2024-10-21 08:03:52,069 INFO [Process Cluster Protocol Request-9] o.a.n.c.p.impl.SocketProtocolListener Finished processing request b8ea486c-0226-443a-80c1-2c47aa6082d3 (type=HEARTBEAT, length=2235 bytes) from mynifi:8080 in 2 millis
2024-10-21 08:03:52,072 INFO [Clustering Tasks Thread-2] o.a.n.c.c.ClusterProtocolHeartbeater Heartbeat created at 2024-10-21 08:03:52,063 and sent to mynifi:8082 at 2024-10-21 08:03:52,072; send took 8 millis
2024-10-21 08:03:52,630 INFO [Heartbeat Monitor Thread-1] o.a.n.c.c.h.AbstractHeartbeatMonitor Finished processing 1 heartbeats in 24612 nanos
2024-10-21 08:03:54,464 INFO [pool-13-thread-1] o.a.n.c.r.WriteAheadFlowFileRepository Initiating checkpoint of FlowFile Repository
2024-10-21 08:03:54,464 INFO [pool-13-thread-1] o.a.n.c.r.WriteAheadFlowFileRepository Successfully checkpointed FlowFile Repository with 0 records in 0 milliseconds
2024-10-21 08:03:57,078 INFO [Process Cluster Protocol Request-10] o.a.n.c.p.impl.SocketProtocolListener Finished processing request af5b2ddb-76b5-4d6a-a639-3d0d06c7c0c0 (type=HEARTBEAT, length=2235 bytes) from mynifi:8080 in 2 millis
2024-10-21 08:03:57,081 INFO [Clustering Tasks Thread-2] o.a.n.c.c.ClusterProtocolHeartbeater Heartbeat created at 2024-10-21 08:03:57,072 and sent to mynifi:8082 at 2024-10-21 08:03:57,081; send took 8 millis
2024-10-21 08:03:57,630 INFO [Heartbeat Monitor Thread-1] o.a.n.c.c.h.AbstractHeartbeatMonitor Finished processing 1 heartbeats in 15603 nanos
2024-10-21 08:04:02,087 INFO [Process Cluster Protocol Request-1] o.a.n.c.p.impl.SocketProtocolListener Finished processing request fd79f255-d1d6-43fe-baf1-3369bbdcc38f (type=HEARTBEAT, length=2235 bytes) from mynifi:8080 in 2 millis
2024-10-21 08:04:02,090 INFO [Clustering Tasks Thread-2] o.a.n.c.c.ClusterProtocolHeartbeater Heartbeat created at 2024-10-21 08:04:02,081 and sent to mynifi:8082 at 2024-10-21 08:04:02,090; send took 8 millis
2024-10-21 08:04:02,631 INFO [Heartbeat Monitor Thread-1] o.a.n.c.c.h.AbstractHeartbeatMonitor Finished processing 1 heartbeats in 26854 nanos
2024-10-21 08:04:07,097 INFO [Process Cluster Protocol Request-2] o.a.n.c.p.impl.SocketProtocolListener Finished processing request 21fab258-950d-46a0-ac16-60712f74e3d3 (type=HEARTBEAT, length=2235 bytes) from mynifi:8080 in 3 millis
2024-10-21 08:04:07,100 INFO [Clustering Tasks Thread-2] o.a.n.c.c.ClusterProtocolHeartbeater Heartbeat created at 2024-10-21 08:04:07,090 and sent to mynifi:8082 at 2024-10-21 08:04:07,100; send took 9 millis
2024-10-21 08:04:07,631 INFO [Heartbeat Monitor Thread-1] o.a.n.c.c.h.AbstractHeartbeatMonitor Finished processing 1 heartbeats in 25239 nanos
2024-10-21 08:04:12,107 INFO [Process Cluster Protocol Request-3] o.a.n.c.p.impl.SocketProtocolListener Finished processing request c11269cc-dedc-4d3d-942e-faa1941f925b (type=HEARTBEAT, length=2235 bytes) from mynifi:8080 in 2 millis
2024-10-21 08:04:12,110 INFO [Clustering Tasks Thread-2] o.a.n.c.c.ClusterProtocolHeartbeater Heartbeat created at 2024-10-21 08:04:12,101 and sent to mynifi:8082 at 2024-10-21 08:04:12,110; send took 8 millis
2024-10-21 08:04:12,632 INFO [Heartbeat Monitor Thread-1] o.a.n.c.c.h.AbstractHeartbeatMonitor Finished processing 1 heartbeats in 17351 nanos
2024-10-21 08:04:14,464 INFO [pool-13-thread-1] o.a.n.c.r.WriteAheadFlowFileRepository Initiating checkpoint of FlowFile Repository
2024-10-21 08:04:14,465 INFO [pool-13-thread-1] o.a.n.c.r.WriteAheadFlowFileRepository Successfully checkpointed FlowFile Repository with 0 records in 0 milliseconds
2024-10-21 08:04:17,116 INFO [Process Cluster Protocol Request-4] o.a.n.c.p.impl.SocketProtocolListener Finished processing request 8495ca93-2a0f-41c2-816d-ac252f0f94b1 (type=HEARTBEAT, length=2235 bytes) from mynifi:8080 in 2 millis
2024-10-21 08:04:17,119 INFO [Clustering Tasks Thread-2] o.a.n.c.c.ClusterProtocolHeartbeater Heartbeat created at 2024-10-21 08:04:17,110 and sent to mynifi:8082 at 2024-10-21 08:04:17,119; send took 8 millis
2024-10-21 08:04:17,632 INFO [Heartbeat Monitor Thread-1] o.a.n.c.c.h.AbstractHeartbeatMonitor Finished processing 1 heartbeats in 25080 nanos
2024-10-21 08:04:22,125 INFO [Process Cluster Protocol Request-5] o.a.n.c.p.impl.SocketProtocolListener Finished processing request 6dedec88-f1c3-4ff8-91c2-e3998bffd04e (type=HEARTBEAT, length=2235 bytes) from mynifi:8080 in 2 millis
2024-10-21 08:04:22,128 INFO [Clustering Tasks Thread-2] o.a.n.c.c.ClusterProtocolHeartbeater Heartbeat created at 2024-10-21 08:04:22,119 and sent to mynifi:8082 at 2024-10-21 08:04:22,128; send took 8 millis
2024-10-21 08:04:22,632 INFO [Heartbeat Monitor Thread-1] o.a.n.c.c.h.AbstractHeartbeatMonitor Finished processing 1 heartbeats in 25126 nanos
2024-10-21 08:04:27,134 INFO [Process Cluster Protocol Request-6] o.a.n.c.p.impl.SocketProtocolListener Finished processing request 8df4fb90-7b34-40fe-9ba3-da1f7a184378 (type=HEARTBEAT, length=2235 bytes) from mynifi:8080 in 2 millis
2024-10-21 08:04:27,137 INFO [Clustering Tasks Thread-2] o.a.n.c.c.ClusterProtocolHeartbeater Heartbeat created at 2024-10-21 08:04:27,128 and sent to mynifi:8082 at 2024-10-21 08:04:27,137; send took 8 millis
2024-10-21 08:04:27,633 INFO [Heartbeat Monitor Thread-1] o.a.n.c.c.h.AbstractHeartbeatMonitor Finished processing 1 heartbeats in 25561 nanos
2024-10-21 08:04:32,141 INFO [Process Cluster Protocol Request-7] o.a.n.c.p.impl.SocketProtocolListener Finished processing request 516f1f08-53c5-4ebf-bf8f-d22f18ace837 (type=HEARTBEAT, length=2235 bytes) from mynifi:8080 in 1 millis
2024-10-21 08:04:32,142 INFO [Clustering Tasks Thread-2] o.a.n.c.c.ClusterProtocolHeartbeater Heartbeat created at 2024-10-21 08:04:32,137 and sent to mynifi:8082 at 2024-10-21 08:04:32,142; send took 4 millis
2024-10-21 08:04:32,633 INFO [Heartbeat Monitor Thread-1] o.a.n.c.c.h.AbstractHeartbeatMonitor Finished processing 1 heartbeats in 25418 nanos
2024-10-21 08:04:34,465 INFO [pool-13-thread-1] o.a.n.c.r.WriteAheadFlowFileRepository Initiating checkpoint of FlowFile Repository
2024-10-21 08:04:34,465 INFO [pool-13-thread-1] o.a.n.c.r.WriteAheadFlowFileRepository Successfully checkpointed FlowFile Repository with 0 records in 0 milliseconds
2024-10-21 08:04:37,149 INFO [Process Cluster Protocol Request-8] o.a.n.c.p.impl.SocketProtocolListener Finished processing request fb8339e7-6141-4c31-93fd-f47839531f20 (type=HEARTBEAT, length=2235 bytes) from mynifi:8080 in 2 millis
2024-10-21 08:04:37,151 INFO [Clustering Tasks Thread-2] o.a.n.c.c.ClusterProtocolHeartbeater Heartbeat created at 2024-10-21 08:04:37,143 and sent to mynifi:8082 at 2024-10-21 08:04:37,151; send took 8 millis
2024-10-21 08:04:37,634 INFO [Heartbeat Monitor Thread-1] o.a.n.c.c.h.AbstractHeartbeatMonitor Finished processing 1 heartbeats in 25921 nanos
2024-10-21 08:04:40,802 INFO [Write-Ahead Local State Provider Maintenance] org.wali.MinimalLockingWriteAheadLog org.wali.MinimalLockingWriteAheadLog@5de25642 checkpointed with 3 Records and 0 Swap Files in 7 milliseconds (Stop-the-world time = 4 milliseconds, Clear Edit Logs time = 1 millis), max Transaction ID 17
2024-10-21 08:04:41,748 INFO [Cleanup Archive for default] o.a.n.c.repository.FileSystemRepository Successfully deleted 0 files (0 bytes) from archive
2024-10-21 08:04:42,158 INFO [Process Cluster Protocol Request-9] o.a.n.c.p.impl.SocketProtocolListener Finished processing request 0a971987-2e2d-4618-a4ce-2fd4da649e91 (type=HEARTBEAT, length=2235 bytes) from mynifi:8080 in 3 millis
2024-10-21 08:04:42,161 INFO [Clustering Tasks Thread-2] o.a.n.c.c.ClusterProtocolHeartbeater Heartbeat created at 2024-10-21 08:04:42,152 and sent to mynifi:8082 at 2024-10-21 08:04:42,161; send took 9 millis
2024-10-21 08:04:42,634 INFO [Heartbeat Monitor Thread-1] o.a.n.c.c.h.AbstractHeartbeatMonitor Finished processing 1 heartbeats in 10838 nanos
2024-10-21 08:04:47,167 INFO [Process Cluster Protocol Request-10] o.a.n.c.p.impl.SocketProtocolListener Finished processing request ee18f9e4-6255-4690-94ea-3fa2d47abaeb (type=HEARTBEAT, length=2235 bytes) from mynifi:8080 in 2 millis
2024-10-21 08:04:47,169 INFO [Clustering Tasks Thread-2] o.a.n.c.c.ClusterProtocolHeartbeater Heartbeat created at 2024-10-21 08:04:47,162 and sent to mynifi:8082 at 2024-10-21 08:04:47,169; send took 7 millis
2024-10-21 08:04:47,634 INFO [Heartbeat Monitor Thread-1] o.a.n.c.c.h.AbstractHeartbeatMonitor Finished processing 1 heartbeats in 25865 nanos
2024-10-21 08:04:52,172 INFO [Process Cluster Protocol Request-1] o.a.n.c.p.impl.SocketProtocolListener Finished processing request d537cbdc-5d68-4741-8f94-6182e65b2bf5 (type=HEARTBEAT, length=2235 bytes) from mynifi:8080 in 1 millis
2024-10-21 08:04:52,173 INFO [Clustering Tasks Thread-2] o.a.n.c.c.ClusterProtocolHeartbeater Heartbeat created at 2024-10-21 08:04:52,169 and sent to mynifi:8082 at 2024-10-21 08:04:52,173; send took 3 millis
2024-10-21 08:04:52,635 INFO [Heartbeat Monitor Thread-1] o.a.n.c.c.h.AbstractHeartbeatMonitor Finished processing 1 heartbeats in 12488 nanos
2024-10-21 08:04:54,465 INFO [pool-13-thread-1] o.a.n.c.r.WriteAheadFlowFileRepository Initiating checkpoint of FlowFile Repository
2024-10-21 08:04:54,465 INFO [pool-13-thread-1] o.a.n.c.r.WriteAheadFlowFileRepository Successfully checkpointed FlowFile Repository with 0 records in 0 milliseconds
2024-10-21 08:04:57,178 INFO [Process Cluster Protocol Request-2] o.a.n.c.p.impl.SocketProtocolListener Finished processing request 3adb29f5-a745-4fa2-ac77-fe60ef42e5db (type=HEARTBEAT, length=2235 bytes) from mynifi:8080 in 2 millis
2024-10-21 08:04:57,180 INFO [Clustering Tasks Thread-2] o.a.n.c.c.ClusterProtocolHeartbeater Heartbeat created at 2024-10-21 08:04:57,174 and sent to mynifi:8082 at 2024-10-21 08:04:57,180; send took 6 millis
2024-10-21 08:04:57,635 INFO [Heartbeat Monitor Thread-1] o.a.n.c.c.h.AbstractHeartbeatMonitor Finished processing 1 heartbeats in 21496 nanos
2024-10-21 08:05:02,184 INFO [Process Cluster Protocol Request-3] o.a.n.c.p.impl.SocketProtocolListener Finished processing request 13309142-4115-4529-bc09-569c0d50b5a2 (type=HEARTBEAT, length=2235 bytes) from mynifi:8080 in 1 millis
2024-10-21 08:05:02,185 INFO [Clustering Tasks Thread-2] o.a.n.c.c.ClusterProtocolHeartbeater Heartbeat created at 2024-10-21 08:05:02,181 and sent to mynifi:8082 at 2024-10-21 08:05:02,185; send took 3 millis
2024-10-21 08:05:02,635 INFO [Heartbeat Monitor Thread-1] o.a.n.c.c.h.AbstractHeartbeatMonitor Finished processing 1 heartbeats in 12697 nanos
2024-10-21 08:05:07,191 INFO [Process Cluster Protocol Request-4] o.a.n.c.p.impl.SocketProtocolListener Finished processing request b5c0734f-bfac-48f8-b9be-8ad41e2cf691 (type=HEARTBEAT, length=2235 bytes) from mynifi:8080 in 2 millis
2024-10-21 08:05:07,194 INFO [Clustering Tasks Thread-2] o.a.n.c.c.ClusterProtocolHeartbeater Heartbeat created at 2024-10-21 08:05:07,185 and sent to mynifi:8082 at 2024-10-21 08:05:07,194; send took 8 millis
2024-10-21 08:05:07,636 INFO [Heartbeat Monitor Thread-1] o.a.n.c.c.h.AbstractHeartbeatMonitor Finished processing 1 heartbeats in 43057 nanos
2024-10-21 08:05:12,196 INFO [Process Cluster Protocol Request-5] o.a.n.c.p.impl.SocketProtocolListener Finished processing request b776d3f6-3e89-4148-ae00-d9f2ec52b4c1 (type=HEARTBEAT, length=2235 bytes) from mynifi:8080 in 767760 nanos
2024-10-21 08:05:12,197 INFO [Clustering Tasks Thread-2] o.a.n.c.c.ClusterProtocolHeartbeater Heartbeat created at 2024-10-21 08:05:12,194 and sent to mynifi:8082 at 2024-10-21 08:05:12,197; send took 2 millis
2024-10-21 08:05:12,636 INFO [Heartbeat Monitor Thread-1] o.a.n.c.c.h.AbstractHeartbeatMonitor Finished processing 1 heartbeats in 11066 nanos
2024-10-21 08:05:14,466 INFO [pool-13-thread-1] o.a.n.c.r.WriteAheadFlowFileRepository Initiating checkpoint of FlowFile Repository
2024-10-21 08:05:14,466 INFO [pool-13-thread-1] o.a.n.c.r.WriteAheadFlowFileRepository Successfully checkpointed FlowFile Repository with 0 records in 0 milliseconds
2024-10-21 08:05:17,203 INFO [Process Cluster Protocol Request-6] o.a.n.c.p.impl.SocketProtocolListener Finished processing request c791468e-4acb-49e1-9420-a9ae6349d397 (type=HEARTBEAT, length=2235 bytes) from mynifi:8080 in 2 millis
2024-10-21 08:05:17,206 INFO [Clustering Tasks Thread-2] o.a.n.c.c.ClusterProtocolHeartbeater Heartbeat created at 2024-10-21 08:05:17,197 and sent to mynifi:8082 at 2024-10-21 08:05:17,206; send took 8 millis
2024-10-21 08:05:17,636 INFO [Heartbeat Monitor Thread-1] o.a.n.c.c.h.AbstractHeartbeatMonitor Finished processing 1 heartbeats in 25390 nanos
2024-10-21 08:05:22,211 INFO [Process Cluster Protocol Request-7] o.a.n.c.p.impl.SocketProtocolListener Finished processing request e092ed54-63d1-445d-babe-64878f3cf01f (type=HEARTBEAT, length=2235 bytes) from mynifi:8080 in 2 millis
2024-10-21 08:05:22,213 INFO [Clustering Tasks Thread-2] o.a.n.c.c.ClusterProtocolHeartbeater Heartbeat created at 2024-10-21 08:05:22,206 and sent to mynifi:8082 at 2024-10-21 08:05:22,213; send took 6 millis
2024-10-21 08:05:22,637 INFO [Heartbeat Monitor Thread-1] o.a.n.c.c.h.AbstractHeartbeatMonitor Finished processing 1 heartbeats in 54960 nanos
2024-10-21 08:05:27,219 INFO [Process Cluster Protocol Request-8] o.a.n.c.p.impl.SocketProtocolListener Finished processing request 0d28e10a-295e-497f-8e2c-aad1c495be82 (type=HEARTBEAT, length=2235 bytes) from mynifi:8080 in 2 millis
2024-10-21 08:05:27,222 INFO [Clustering Tasks Thread-2] o.a.n.c.c.ClusterProtocolHeartbeater Heartbeat created at 2024-10-21 08:05:27,213 and sent to mynifi:8082 at 2024-10-21 08:05:27,222; send took 8 millis
2024-10-21 08:05:27,637 INFO [Heartbeat Monitor Thread-1] o.a.n.c.c.h.AbstractHeartbeatMonitor Finished processing 1 heartbeats in 25678 nanos
2024-10-21 08:05:32,229 INFO [Process Cluster Protocol Request-9] o.a.n.c.p.impl.SocketProtocolListener Finished processing request 90afeb7c-a577-4bf7-91a0-b6b26da69813 (type=HEARTBEAT, length=2235 bytes) from mynifi:8080 in 3 millis
2024-10-21 08:05:32,232 INFO [Clustering Tasks Thread-2] o.a.n.c.c.ClusterProtocolHeartbeater Heartbeat created at 2024-10-21 08:05:32,222 and sent to mynifi:8082 at 2024-10-21 08:05:32,232; send took 9 millis
2024-10-21 08:05:32,637 INFO [Heartbeat Monitor Thread-1] o.a.n.c.c.h.AbstractHeartbeatMonitor Finished processing 1 heartbeats in 25137 nanos
2024-10-21 08:05:34,466 INFO [pool-13-thread-1] o.a.n.c.r.WriteAheadFlowFileRepository Initiating checkpoint of FlowFile Repository
2024-10-21 08:05:34,466 INFO [pool-13-thread-1] o.a.n.c.r.WriteAheadFlowFileRepository Successfully checkpointed FlowFile Repository with 0 records in 0 milliseconds
2024-10-21 08:05:37,237 INFO [Process Cluster Protocol Request-10] o.a.n.c.p.impl.SocketProtocolListener Finished processing request 2c78d59b-e324-4895-8256-f5637a65f928 (type=HEARTBEAT, length=2235 bytes) from mynifi:8080 in 2 millis
2024-10-21 08:05:37,239 INFO [Clustering Tasks Thread-2] o.a.n.c.c.ClusterProtocolHeartbeater Heartbeat created at 2024-10-21 08:05:37,232 and sent to mynifi:8082 at 2024-10-21 08:05:37,239; send took 6 millis
2024-10-21 08:05:37,638 INFO [Heartbeat Monitor Thread-1] o.a.n.c.c.h.AbstractHeartbeatMonitor Finished processing 1 heartbeats in 11037 nanos
2024-10-21 08:05:41,760 INFO [Cleanup Archive for default] o.a.n.c.repository.FileSystemRepository Successfully deleted 0 files (0 bytes) from archive
2024-10-21 08:05:42,245 INFO [Process Cluster Protocol Request-1] o.a.n.c.p.impl.SocketProtocolListener Finished processing request cab45581-2520-47f1-8e1f-1bc199ca00ac (type=HEARTBEAT, length=2235 bytes) from mynifi:8080 in 2 millis
2024-10-21 08:05:42,247 INFO [Clustering Tasks Thread-2] o.a.n.c.c.ClusterProtocolHeartbeater Heartbeat created at 2024-10-21 08:05:42,239 and sent to mynifi:8082 at 2024-10-21 08:05:42,247; send took 7 millis
2024-10-21 08:05:42,638 INFO [Heartbeat Monitor Thread-1] o.a.n.c.c.h.AbstractHeartbeatMonitor Finished processing 1 heartbeats in 24863 nanos
2024-10-21 08:05:47,254 INFO [Process Cluster Protocol Request-2] o.a.n.c.p.impl.SocketProtocolListener Finished processing request 774d18b1-37c3-41c8-b325-82456831209b (type=HEARTBEAT, length=2235 bytes) from mynifi:8080 in 2 millis
2024-10-21 08:05:47,256 INFO [Clustering Tasks Thread-2] o.a.n.c.c.ClusterProtocolHeartbeater Heartbeat created at 2024-10-21 08:05:47,248 and sent to mynifi:8082 at 2024-10-21 08:05:47,256; send took 8 millis
2024-10-21 08:05:47,638 INFO [Heartbeat Monitor Thread-1] o.a.n.c.c.h.AbstractHeartbeatMonitor Finished processing 1 heartbeats in 10829 nanos
2024-10-21 08:05:52,263 INFO [Process Cluster Protocol Request-3] o.a.n.c.p.impl.SocketProtocolListener Finished processing request dd8daf5c-a5fc-4dc6-8ade-3ebe3bf833c0 (type=HEARTBEAT, length=2235 bytes) from mynifi:8080 in 2 millis
2024-10-21 08:05:52,266 INFO [Clustering Tasks Thread-2] o.a.n.c.c.ClusterProtocolHeartbeater Heartbeat created at 2024-10-21 08:05:52,257 and sent to mynifi:8082 at 2024-10-21 08:05:52,266; send took 8 millis
2024-10-21 08:05:52,639 INFO [Heartbeat Monitor Thread-1] o.a.n.c.c.h.AbstractHeartbeatMonitor Finished processing 1 heartbeats in 32871 nanos
2024-10-21 08:05:54,467 INFO [pool-13-thread-1] o.a.n.c.r.WriteAheadFlowFileRepository Initiating checkpoint of FlowFile Repository
2024-10-21 08:05:54,467 INFO [pool-13-thread-1] o.a.n.c.r.WriteAheadFlowFileRepository Successfully checkpointed FlowFile Repository with 0 records in 0 milliseconds
2024-10-21 08:05:57,272 INFO [Process Cluster Protocol Request-4] o.a.n.c.p.impl.SocketProtocolListener Finished processing request 44f24bd6-6152-49fe-840e-650a515944fd (type=HEARTBEAT, length=2235 bytes) from mynifi:8080 in 2 millis
2024-10-21 08:05:57,275 INFO [Clustering Tasks Thread-2] o.a.n.c.c.ClusterProtocolHeartbeater Heartbeat created at 2024-10-21 08:05:57,266 and sent to mynifi:8082 at 2024-10-21 08:05:57,275; send took 8 millis
2024-10-21 08:05:57,639 INFO [Heartbeat Monitor Thread-1] o.a.n.c.c.h.AbstractHeartbeatMonitor Finished processing 1 heartbeats in 23412 nanos
2024-10-21 08:06:02,278 INFO [Process Cluster Protocol Request-5] o.a.n.c.p.impl.SocketProtocolListener Finished processing request 22927121-dd5a-4d02-af0b-0cdc0b94391e (type=HEARTBEAT, length=2235 bytes) from mynifi:8080 in 1 millis
2024-10-21 08:06:02,279 INFO [Clustering Tasks Thread-2] o.a.n.c.c.ClusterProtocolHeartbeater Heartbeat created at 2024-10-21 08:06:02,275 and sent to mynifi:8082 at 2024-10-21 08:06:02,279; send took 3 millis
2024-10-21 08:06:02,640 INFO [Heartbeat Monitor Thread-1] o.a.n.c.c.h.AbstractHeartbeatMonitor Finished processing 1 heartbeats in 26068 nanos
2024-10-21 08:06:07,285 INFO [Process Cluster Protocol Request-6] o.a.n.c.p.impl.SocketProtocolListener Finished processing request f519960e-69ad-445c-b72b-2f140aeb69ee (type=HEARTBEAT, length=2235 bytes) from mynifi:8080 in 2 millis
2024-10-21 08:06:07,289 INFO [Clustering Tasks Thread-2] o.a.n.c.c.ClusterProtocolHeartbeater Heartbeat created at 2024-10-21 08:06:07,279 and sent to mynifi:8082 at 2024-10-21 08:06:07,289; send took 9 millis
2024-10-21 08:06:07,640 INFO [Heartbeat Monitor Thread-1] o.a.n.c.c.h.AbstractHeartbeatMonitor Finished processing 1 heartbeats in 25909 nanos
2024-10-21 08:06:12,296 INFO [Process Cluster Protocol Request-7] o.a.n.c.p.impl.SocketProtocolListener Finished processing request 5bc1db86-7eb3-4858-b730-054098198ffd (type=HEARTBEAT, length=2235 bytes) from mynifi:8080 in 3 millis
2024-10-21 08:06:12,298 INFO [Clustering Tasks Thread-2] o.a.n.c.c.ClusterProtocolHeartbeater Heartbeat created at 2024-10-21 08:06:12,289 and sent to mynifi:8082 at 2024-10-21 08:06:12,298; send took 8 millis
2024-10-21 08:06:12,640 INFO [Heartbeat Monitor Thread-1] o.a.n.c.c.h.AbstractHeartbeatMonitor Finished processing 1 heartbeats in 26020 nanos
2024-10-21 08:06:14,467 INFO [pool-13-thread-1] o.a.n.c.r.WriteAheadFlowFileRepository Initiating checkpoint of FlowFile Repository
2024-10-21 08:06:14,467 INFO [pool-13-thread-1] o.a.n.c.r.WriteAheadFlowFileRepository Successfully checkpointed FlowFile Repository with 0 records in 0 milliseconds
2024-10-21 08:06:17,305 INFO [Process Cluster Protocol Request-8] o.a.n.c.p.impl.SocketProtocolListener Finished processing request 8a67cdc0-f07a-444c-a8cf-bea5c16c120d (type=HEARTBEAT, length=2235 bytes) from mynifi:8080 in 2 millis
2024-10-21 08:06:17,308 INFO [Clustering Tasks Thread-2] o.a.n.c.c.ClusterProtocolHeartbeater Heartbeat created at 2024-10-21 08:06:17,299 and sent to mynifi:8082 at 2024-10-21 08:06:17,308; send took 8 millis
2024-10-21 08:06:17,641 INFO [Heartbeat Monitor Thread-1] o.a.n.c.c.h.AbstractHeartbeatMonitor Finished processing 1 heartbeats in 25330 nanos
2024-10-21 08:06:22,314 INFO [Process Cluster Protocol Request-9] o.a.n.c.p.impl.SocketProtocolListener Finished processing request def7856c-514e-4efc-92f3-a995265980d8 (type=HEARTBEAT, length=2235 bytes) from mynifi:8080 in 2 millis
2024-10-21 08:06:22,317 INFO [Clustering Tasks Thread-2] o.a.n.c.c.ClusterProtocolHeartbeater Heartbeat created at 2024-10-21 08:06:22,308 and sent to mynifi:8082 at 2024-10-21 08:06:22,317; send took 8 millis
2024-10-21 08:06:22,641 INFO [Heartbeat Monitor Thread-1] o.a.n.c.c.h.AbstractHeartbeatMonitor Finished processing 1 heartbeats in 25468 nanos
2024-10-21 08:06:27,319 INFO [Process Cluster Protocol Request-10] o.a.n.c.p.impl.SocketProtocolListener Finished processing request 186b7407-9a03-4ab5-86f1-c848694cd825 (type=HEARTBEAT, length=2235 bytes) from mynifi:8080 in 1 millis
2024-10-21 08:06:27,320 INFO [Clustering Tasks Thread-2] o.a.n.c.c.ClusterProtocolHeartbeater Heartbeat created at 2024-10-21 08:06:27,317 and sent to mynifi:8082 at 2024-10-21 08:06:27,320; send took 3 millis
2024-10-21 08:06:27,642 INFO [Heartbeat Monitor Thread-1] o.a.n.c.c.h.AbstractHeartbeatMonitor Finished processing 1 heartbeats in 27230 nanos
2024-10-21 08:06:32,327 INFO [Process Cluster Protocol Request-1] o.a.n.c.p.impl.SocketProtocolListener Finished processing request e242d1b1-f342-4438-a4ab-051d125e02e2 (type=HEARTBEAT, length=2235 bytes) from mynifi:8080 in 2 millis
2024-10-21 08:06:32,329 INFO [Clustering Tasks Thread-2] o.a.n.c.c.ClusterProtocolHeartbeater Heartbeat created at 2024-10-21 08:06:32,321 and sent to mynifi:8082 at 2024-10-21 08:06:32,329; send took 8 millis
2024-10-21 08:06:32,642 INFO [Heartbeat Monitor Thread-1] o.a.n.c.c.h.AbstractHeartbeatMonitor Finished processing 1 heartbeats in 10712 nanos
2024-10-21 08:06:34,467 INFO [pool-13-thread-1] o.a.n.c.r.WriteAheadFlowFileRepository Initiating checkpoint of FlowFile Repository
2024-10-21 08:06:34,468 INFO [pool-13-thread-1] o.a.n.c.r.WriteAheadFlowFileRepository Successfully checkpointed FlowFile Repository with 0 records in 0 milliseconds
2024-10-21 08:06:37,336 INFO [Process Cluster Protocol Request-2] o.a.n.c.p.impl.SocketProtocolListener Finished processing request 084b8b75-6d91-492f-8327-87a047abc78a (type=HEARTBEAT, length=2235 bytes) from mynifi:8080 in 2 millis
2024-10-21 08:06:37,339 INFO [Clustering Tasks Thread-2] o.a.n.c.c.ClusterProtocolHeartbeater Heartbeat created at 2024-10-21 08:06:37,330 and sent to mynifi:8082 at 2024-10-21 08:06:37,339; send took 8 millis
2024-10-21 08:06:37,642 INFO [Heartbeat Monitor Thread-1] o.a.n.c.c.h.AbstractHeartbeatMonitor Finished processing 1 heartbeats in 25949 nanos
2024-10-21 08:06:40,815 INFO [Write-Ahead Local State Provider Maintenance] org.wali.MinimalLockingWriteAheadLog org.wali.MinimalLockingWriteAheadLog@5de25642 checkpointed with 3 Records and 0 Swap Files in 12 milliseconds (Stop-the-world time = 5 milliseconds, Clear Edit Logs time = 5 millis), max Transaction ID 17
2024-10-21 08:06:41,786 INFO [Cleanup Archive for default] o.a.n.c.repository.FileSystemRepository Successfully deleted 0 files (0 bytes) from archive
2024-10-21 08:06:42,345 INFO [Process Cluster Protocol Request-3] o.a.n.c.p.impl.SocketProtocolListener Finished processing request 9ee20acb-3abe-463a-8645-8cd960d8f563 (type=HEARTBEAT, length=2235 bytes) from mynifi:8080 in 3 millis
2024-10-21 08:06:42,348 INFO [Clustering Tasks Thread-2] o.a.n.c.c.ClusterProtocolHeartbeater Heartbeat created at 2024-10-21 08:06:42,339 and sent to mynifi:8082 at 2024-10-21 08:06:42,348; send took 8 millis
2024-10-21 08:06:42,643 INFO [Heartbeat Monitor Thread-1] o.a.n.c.c.h.AbstractHeartbeatMonitor Finished processing 1 heartbeats in 11461 nanos
2024-10-21 08:06:47,355 INFO [Process Cluster Protocol Request-4] o.a.n.c.p.impl.SocketProtocolListener Finished processing request a08dfdf1-58ab-4a1a-8750-84081d0b3045 (type=HEARTBEAT, length=2235 bytes) from mynifi:8080 in 3 millis
2024-10-21 08:06:47,359 INFO [Clustering Tasks Thread-2] o.a.n.c.c.ClusterProtocolHeartbeater Heartbeat created at 2024-10-21 08:06:47,349 and sent to mynifi:8082 at 2024-10-21 08:06:47,359; send took 9 millis
2024-10-21 08:06:47,643 INFO [Heartbeat Monitor Thread-1] o.a.n.c.c.h.AbstractHeartbeatMonitor Finished processing 1 heartbeats in 26816 nanos
2024-10-21 08:06:52,365 INFO [Process Cluster Protocol Request-5] o.a.n.c.p.impl.SocketProtocolListener Finished processing request 67af0e49-f005-4f44-abe6-6518853dc8b8 (type=HEARTBEAT, length=2235 bytes) from mynifi:8080 in 2 millis
2024-10-21 08:06:52,367 INFO [Clustering Tasks Thread-2] o.a.n.c.c.ClusterProtocolHeartbeater Heartbeat created at 2024-10-21 08:06:52,359 and sent to mynifi:8082 at 2024-10-21 08:06:52,367; send took 8 millis
2024-10-21 08:06:52,643 INFO [Heartbeat Monitor Thread-1] o.a.n.c.c.h.AbstractHeartbeatMonitor Finished processing 1 heartbeats in 25168 nanos
2024-10-21 08:06:54,468 INFO [pool-13-thread-1] o.a.n.c.r.WriteAheadFlowFileRepository Initiating checkpoint of FlowFile Repository
2024-10-21 08:06:54,468 INFO [pool-13-thread-1] o.a.n.c.r.WriteAheadFlowFileRepository Successfully checkpointed FlowFile Repository with 0 records in 0 milliseconds
2024-10-21 08:06:57,374 INFO [Process Cluster Protocol Request-6] o.a.n.c.p.impl.SocketProtocolListener Finished processing request 733f6413-7377-4a0b-86bf-bf9e4455b9e2 (type=HEARTBEAT, length=2235 bytes) from mynifi:8080 in 2 millis
2024-10-21 08:06:57,376 INFO [Clustering Tasks Thread-2] o.a.n.c.c.ClusterProtocolHeartbeater Heartbeat created at 2024-10-21 08:06:57,368 and sent to mynifi:8082 at 2024-10-21 08:06:57,376; send took 8 millis
2024-10-21 08:06:57,644 INFO [Heartbeat Monitor Thread-1] o.a.n.c.c.h.AbstractHeartbeatMonitor Finished processing 1 heartbeats in 24835 nanos
2024-10-21 08:07:02,383 INFO [Process Cluster Protocol Request-7] o.a.n.c.p.impl.SocketProtocolListener Finished processing request 28aed936-8b35-4f51-b776-1f7ce1ed5d34 (type=HEARTBEAT, length=2235 bytes) from mynifi:8080 in 2 millis
2024-10-21 08:07:02,385 INFO [Clustering Tasks Thread-2] o.a.n.c.c.ClusterProtocolHeartbeater Heartbeat created at 2024-10-21 08:07:02,377 and sent to mynifi:8082 at 2024-10-21 08:07:02,385; send took 8 millis
2024-10-21 08:07:02,644 INFO [Heartbeat Monitor Thread-1] o.a.n.c.c.h.AbstractHeartbeatMonitor Finished processing 1 heartbeats in 25285 nanos
2024-10-21 08:07:07,392 INFO [Process Cluster Protocol Request-8] o.a.n.c.p.impl.SocketProtocolListener Finished processing request 603df06b-a384-435f-bf85-cae97f8d6c81 (type=HEARTBEAT, length=2235 bytes) from mynifi:8080 in 2 millis
2024-10-21 08:07:07,394 INFO [Clustering Tasks Thread-2] o.a.n.c.c.ClusterProtocolHeartbeater Heartbeat created at 2024-10-21 08:07:07,386 and sent to mynifi:8082 at 2024-10-21 08:07:07,394; send took 8 millis
2024-10-21 08:07:07,645 INFO [Heartbeat Monitor Thread-1] o.a.n.c.c.h.AbstractHeartbeatMonitor Finished processing 1 heartbeats in 25530 nanos
2024-10-21 08:07:12,401 INFO [Process Cluster Protocol Request-9] o.a.n.c.p.impl.SocketProtocolListener Finished processing request 81b97498-ed84-4a96-9550-843ac4121933 (type=HEARTBEAT, length=2235 bytes) from mynifi:8080 in 3 millis
2024-10-21 08:07:12,404 INFO [Clustering Tasks Thread-2] o.a.n.c.c.ClusterProtocolHeartbeater Heartbeat created at 2024-10-21 08:07:12,395 and sent to mynifi:8082 at 2024-10-21 08:07:12,404; send took 9 millis
2024-10-21 08:07:12,645 INFO [Heartbeat Monitor Thread-1] o.a.n.c.c.h.AbstractHeartbeatMonitor Finished processing 1 heartbeats in 13918 nanos
2024-10-21 08:07:14,468 INFO [pool-13-thread-1] o.a.n.c.r.WriteAheadFlowFileRepository Initiating checkpoint of FlowFile Repository
2024-10-21 08:07:14,468 INFO [pool-13-thread-1] o.a.n.c.r.WriteAheadFlowFileRepository Successfully checkpointed FlowFile Repository with 0 records in 0 milliseconds
2024-10-21 08:07:17,411 INFO [Process Cluster Protocol Request-10] o.a.n.c.p.impl.SocketProtocolListener Finished processing request 374dae45-33ce-4b88-8d91-021be964b6f5 (type=HEARTBEAT, length=2235 bytes) from mynifi:8080 in 2 millis
2024-10-21 08:07:17,413 INFO [Clustering Tasks Thread-2] o.a.n.c.c.ClusterProtocolHeartbeater Heartbeat created at 2024-10-21 08:07:17,405 and sent to mynifi:8082 at 2024-10-21 08:07:17,413; send took 8 millis
2024-10-21 08:07:17,645 INFO [Heartbeat Monitor Thread-1] o.a.n.c.c.h.AbstractHeartbeatMonitor Finished processing 1 heartbeats in 25005 nanos
2024-10-21 08:07:22,420 INFO [Process Cluster Protocol Request-1] o.a.n.c.p.impl.SocketProtocolListener Finished processing request 6e367097-4c96-41a1-8fa4-8bd125a44e40 (type=HEARTBEAT, length=2235 bytes) from mynifi:8080 in 2 millis
2024-10-21 08:07:22,422 INFO [Clustering Tasks Thread-2] o.a.n.c.c.ClusterProtocolHeartbeater Heartbeat created at 2024-10-21 08:07:22,414 and sent to mynifi:8082 at 2024-10-21 08:07:22,422; send took 8 millis
2024-10-21 08:07:22,646 INFO [Heartbeat Monitor Thread-1] o.a.n.c.c.h.AbstractHeartbeatMonitor Finished processing 1 heartbeats in 49038 nanos
2024-10-21 08:07:27,429 INFO [Process Cluster Protocol Request-2] o.a.n.c.p.impl.SocketProtocolListener Finished processing request cc82ac43-f82b-4379-83b5-0fc7f70325f8 (type=HEARTBEAT, length=2235 bytes) from mynifi:8080 in 2 millis
2024-10-21 08:07:27,431 INFO [Clustering Tasks Thread-2] o.a.n.c.c.ClusterProtocolHeartbeater Heartbeat created at 2024-10-21 08:07:27,423 and sent to mynifi:8082 at 2024-10-21 08:07:27,431; send took 8 millis
2024-10-21 08:07:27,646 INFO [Heartbeat Monitor Thread-1] o.a.n.c.c.h.AbstractHeartbeatMonitor Finished processing 1 heartbeats in 35948 nanos
2024-10-21 08:07:32,438 INFO [Process Cluster Protocol Request-3] o.a.n.c.p.impl.SocketProtocolListener Finished processing request af870a28-d772-4d09-b76b-bcb2c63bbdd6 (type=HEARTBEAT, length=2235 bytes) from mynifi:8080 in 2 millis
2024-10-21 08:07:32,441 INFO [Clustering Tasks Thread-2] o.a.n.c.c.ClusterProtocolHeartbeater Heartbeat created at 2024-10-21 08:07:32,432 and sent to mynifi:8082 at 2024-10-21 08:07:32,441; send took 8 millis
2024-10-21 08:07:32,647 INFO [Heartbeat Monitor Thread-1] o.a.n.c.c.h.AbstractHeartbeatMonitor Finished processing 1 heartbeats in 24379 nanos
2024-10-21 08:07:34,469 INFO [pool-13-thread-1] o.a.n.c.r.WriteAheadFlowFileRepository Initiating checkpoint of FlowFile Repository
2024-10-21 08:07:34,469 INFO [pool-13-thread-1] o.a.n.c.r.WriteAheadFlowFileRepository Successfully checkpointed FlowFile Repository with 0 records in 0 milliseconds
2024-10-21 08:07:37,445 INFO [Process Cluster Protocol Request-4] o.a.n.c.p.impl.SocketProtocolListener Finished processing request 0ff8a5e7-acf0-4262-9562-b4c74c094ee4 (type=HEARTBEAT, length=2235 bytes) from mynifi:8080 in 2 millis
2024-10-21 08:07:37,447 INFO [Clustering Tasks Thread-2] o.a.n.c.c.ClusterProtocolHeartbeater Heartbeat created at 2024-10-21 08:07:37,441 and sent to mynifi:8082 at 2024-10-21 08:07:37,447; send took 5 millis
2024-10-21 08:07:37,647 INFO [Heartbeat Monitor Thread-1] o.a.n.c.c.h.AbstractHeartbeatMonitor Finished processing 1 heartbeats in 24374 nanos
2024-10-21 08:07:41,820 INFO [Cleanup Archive for default] o.a.n.c.repository.FileSystemRepository Successfully deleted 0 files (0 bytes) from archive
2024-10-21 08:07:42,454 INFO [Process Cluster Protocol Request-5] o.a.n.c.p.impl.SocketProtocolListener Finished processing request 7543af18-a463-49cc-87f7-0a33a855595b (type=HEARTBEAT, length=2235 bytes) from mynifi:8080 in 2 millis
2024-10-21 08:07:42,456 INFO [Clustering Tasks Thread-2] o.a.n.c.c.ClusterProtocolHeartbeater Heartbeat created at 2024-10-21 08:07:42,448 and sent to mynifi:8082 at 2024-10-21 08:07:42,456; send took 8 millis
2024-10-21 08:07:42,648 INFO [Heartbeat Monitor Thread-1] o.a.n.c.c.h.AbstractHeartbeatMonitor Finished processing 1 heartbeats in 24918 nanos
2024-10-21 08:07:47,463 INFO [Process Cluster Protocol Request-6] o.a.n.c.p.impl.SocketProtocolListener Finished processing request 5b0612e8-b5e8-4cd7-a016-4f32ec32114d (type=HEARTBEAT, length=2235 bytes) from mynifi:8080 in 3 millis
2024-10-21 08:07:47,466 INFO [Clustering Tasks Thread-2] o.a.n.c.c.ClusterProtocolHeartbeater Heartbeat created at 2024-10-21 08:07:47,457 and sent to mynifi:8082 at 2024-10-21 08:07:47,466; send took 8 millis
2024-10-21 08:07:47,648 INFO [Heartbeat Monitor Thread-1] o.a.n.c.c.h.AbstractHeartbeatMonitor Finished processing 1 heartbeats in 25064 nanos
2024-10-21 08:07:52,473 INFO [Process Cluster Protocol Request-7] o.a.n.c.p.impl.SocketProtocolListener Finished processing request 81650563-7144-4946-868a-1058cf9f5b85 (type=HEARTBEAT, length=2235 bytes) from mynifi:8080 in 3 millis
2024-10-21 08:07:52,476 INFO [Clustering Tasks Thread-2] o.a.n.c.c.ClusterProtocolHeartbeater Heartbeat created at 2024-10-21 08:07:52,466 and sent to mynifi:8082 at 2024-10-21 08:07:52,476; send took 9 millis
2024-10-21 08:07:52,649 INFO [Heartbeat Monitor Thread-1] o.a.n.c.c.h.AbstractHeartbeatMonitor Finished processing 1 heartbeats in 24501 nanos
2024-10-21 08:07:54,469 INFO [pool-13-thread-1] o.a.n.c.r.WriteAheadFlowFileRepository Initiating checkpoint of FlowFile Repository
2024-10-21 08:07:54,469 INFO [pool-13-thread-1] o.a.n.c.r.WriteAheadFlowFileRepository Successfully checkpointed FlowFile Repository with 0 records in 0 milliseconds
2024-10-21 08:07:57,482 INFO [Process Cluster Protocol Request-8] o.a.n.c.p.impl.SocketProtocolListener Finished processing request 5a486cfb-ec40-4d2a-8c5b-f02a93cd098a (type=HEARTBEAT, length=2235 bytes) from mynifi:8080 in 3 millis
2024-10-21 08:07:57,485 INFO [Clustering Tasks Thread-2] o.a.n.c.c.ClusterProtocolHeartbeater Heartbeat created at 2024-10-21 08:07:57,476 and sent to mynifi:8082 at 2024-10-21 08:07:57,485; send took 9 millis
2024-10-21 08:07:57,649 INFO [Heartbeat Monitor Thread-1] o.a.n.c.c.h.AbstractHeartbeatMonitor Finished processing 1 heartbeats in 24457 nanos
2024-10-21 08:08:02,492 INFO [Process Cluster Protocol Request-9] o.a.n.c.p.impl.SocketProtocolListener Finished processing request 08952bc2-d9fc-42b1-ba43-754adbcc4ec8 (type=HEARTBEAT, length=2235 bytes) from mynifi:8080 in 2 millis
2024-10-21 08:08:02,495 INFO [Clustering Tasks Thread-2] o.a.n.c.c.ClusterProtocolHeartbeater Heartbeat created at 2024-10-21 08:08:02,486 and sent to mynifi:8082 at 2024-10-21 08:08:02,495; send took 8 millis
2024-10-21 08:08:02,649 INFO [Heartbeat Monitor Thread-1] o.a.n.c.c.h.AbstractHeartbeatMonitor Finished processing 1 heartbeats in 24069 nanos
2024-10-21 08:08:07,502 INFO [Process Cluster Protocol Request-10] o.a.n.c.p.impl.SocketProtocolListener Finished processing request 223510f9-7b27-41ce-8135-5fd936f9cb26 (type=HEARTBEAT, length=2235 bytes) from mynifi:8080 in 2 millis
2024-10-21 08:08:07,505 INFO [Clustering Tasks Thread-2] o.a.n.c.c.ClusterProtocolHeartbeater Heartbeat created at 2024-10-21 08:08:07,495 and sent to mynifi:8082 at 2024-10-21 08:08:07,505; send took 9 millis
2024-10-21 08:08:07,650 INFO [Heartbeat Monitor Thread-1] o.a.n.c.c.h.AbstractHeartbeatMonitor Finished processing 1 heartbeats in 25234 nanos
2024-10-21 08:08:12,512 INFO [Process Cluster Protocol Request-1] o.a.n.c.p.impl.SocketProtocolListener Finished processing request 7b17f3a0-1ced-4ef4-882c-ec854b4ee972 (type=HEARTBEAT, length=2235 bytes) from mynifi:8080 in 2 millis
2024-10-21 08:08:12,514 INFO [Clustering Tasks Thread-2] o.a.n.c.c.ClusterProtocolHeartbeater Heartbeat created at 2024-10-21 08:08:12,506 and sent to mynifi:8082 at 2024-10-21 08:08:12,514; send took 8 millis
2024-10-21 08:08:12,650 INFO [Heartbeat Monitor Thread-1] o.a.n.c.c.h.AbstractHeartbeatMonitor Finished processing 1 heartbeats in 21989 nanos
2024-10-21 08:08:14,469 INFO [pool-13-thread-1] o.a.n.c.r.WriteAheadFlowFileRepository Initiating checkpoint of FlowFile Repository
2024-10-21 08:08:14,470 INFO [pool-13-thread-1] o.a.n.c.r.WriteAheadFlowFileRepository Successfully checkpointed FlowFile Repository with 0 records in 0 milliseconds
2024-10-21 08:08:17,521 INFO [Process Cluster Protocol Request-2] o.a.n.c.p.impl.SocketProtocolListener Finished processing request 3fe0416f-5733-48ca-baa1-04fbed30e833 (type=HEARTBEAT, length=2235 bytes) from mynifi:8080 in 2 millis
2024-10-21 08:08:17,523 INFO [Clustering Tasks Thread-2] o.a.n.c.c.ClusterProtocolHeartbeater Heartbeat created at 2024-10-21 08:08:17,514 and sent to mynifi:8082 at 2024-10-21 08:08:17,523; send took 8 millis
2024-10-21 08:08:17,651 INFO [Heartbeat Monitor Thread-1] o.a.n.c.c.h.AbstractHeartbeatMonitor Finished processing 1 heartbeats in 24410 nanos
2024-10-21 08:08:22,530 INFO [Process Cluster Protocol Request-3] o.a.n.c.p.impl.SocketProtocolListener Finished processing request 4f051b63-94b8-4edf-9e79-8765048af8e6 (type=HEARTBEAT, length=2235 bytes) from mynifi:8080 in 2 millis
2024-10-21 08:08:22,532 INFO [Clustering Tasks Thread-2] o.a.n.c.c.ClusterProtocolHeartbeater Heartbeat created at 2024-10-21 08:08:22,524 and sent to mynifi:8082 at 2024-10-21 08:08:22,532; send took 8 millis
2024-10-21 08:08:22,651 INFO [Heartbeat Monitor Thread-1] o.a.n.c.c.h.AbstractHeartbeatMonitor Finished processing 1 heartbeats in 29455 nanos
2024-10-21 08:08:27,537 INFO [Process Cluster Protocol Request-4] o.a.n.c.p.impl.SocketProtocolListener Finished processing request 20a42fbc-4a5e-4314-aaf4-a7b172164e28 (type=HEARTBEAT, length=2235 bytes) from mynifi:8080 in 2 millis
2024-10-21 08:08:27,539 INFO [Clustering Tasks Thread-2] o.a.n.c.c.ClusterProtocolHeartbeater Heartbeat created at 2024-10-21 08:08:27,533 and sent to mynifi:8082 at 2024-10-21 08:08:27,539; send took 6 millis
2024-10-21 08:08:27,652 INFO [Heartbeat Monitor Thread-1] o.a.n.c.c.h.AbstractHeartbeatMonitor Finished processing 1 heartbeats in 25093 nanos
2024-10-21 08:08:32,542 INFO [Process Cluster Protocol Request-5] o.a.n.c.p.impl.SocketProtocolListener Finished processing request ca710496-e4ff-4ab2-9c48-21fb2a567442 (type=HEARTBEAT, length=2235 bytes) from mynifi:8080 in 763161 nanos
2024-10-21 08:08:32,542 INFO [Clustering Tasks Thread-2] o.a.n.c.c.ClusterProtocolHeartbeater Heartbeat created at 2024-10-21 08:08:32,540 and sent to mynifi:8082 at 2024-10-21 08:08:32,542; send took 2 millis
2024-10-21 08:08:32,652 INFO [Heartbeat Monitor Thread-1] o.a.n.c.c.h.AbstractHeartbeatMonitor Finished processing 1 heartbeats in 25572 nanos
2024-10-21 08:08:34,470 INFO [pool-13-thread-1] o.a.n.c.r.WriteAheadFlowFileRepository Initiating checkpoint of FlowFile Repository
2024-10-21 08:08:34,470 INFO [pool-13-thread-1] o.a.n.c.r.WriteAheadFlowFileRepository Successfully checkpointed FlowFile Repository with 0 records in 0 milliseconds
2024-10-21 08:08:37,544 INFO [Process Cluster Protocol Request-6] o.a.n.c.p.impl.SocketProtocolListener Finished processing request 05109ac6-7495-4e8d-aa26-d9e0d5d20ab1 (type=HEARTBEAT, length=2235 bytes) from mynifi:8080 in 778279 nanos
2024-10-21 08:08:37,545 INFO [Clustering Tasks Thread-2] o.a.n.c.c.ClusterProtocolHeartbeater Heartbeat created at 2024-10-21 08:08:37,542 and sent to mynifi:8082 at 2024-10-21 08:08:37,545; send took 2 millis
2024-10-21 08:08:37,652 INFO [Heartbeat Monitor Thread-1] o.a.n.c.c.h.AbstractHeartbeatMonitor Finished processing 1 heartbeats in 23659 nanos
2024-10-21 08:08:40,821 INFO [Write-Ahead Local State Provider Maintenance] org.wali.MinimalLockingWriteAheadLog org.wali.MinimalLockingWriteAheadLog@5de25642 checkpointed with 3 Records and 0 Swap Files in 6 milliseconds (Stop-the-world time = 2 milliseconds, Clear Edit Logs time = 2 millis), max Transaction ID 17
2024-10-21 08:08:41,839 INFO [Cleanup Archive for default] o.a.n.c.repository.FileSystemRepository Successfully deleted 0 files (0 bytes) from archive
2024-10-21 08:08:42,550 INFO [Process Cluster Protocol Request-7] o.a.n.c.p.impl.SocketProtocolListener Finished processing request a9fb5473-665f-4c20-94d2-7171319857ad (type=HEARTBEAT, length=2235 bytes) from mynifi:8080 in 2 millis
2024-10-21 08:08:42,551 INFO [Clustering Tasks Thread-2] o.a.n.c.c.ClusterProtocolHeartbeater Heartbeat created at 2024-10-21 08:08:42,545 and sent to mynifi:8082 at 2024-10-21 08:08:42,551; send took 5 millis
2024-10-21 08:08:42,653 INFO [Heartbeat Monitor Thread-1] o.a.n.c.c.h.AbstractHeartbeatMonitor Finished processing 1 heartbeats in 37351 nanos
2024-10-21 08:08:47,556 INFO [Process Cluster Protocol Request-8] o.a.n.c.p.impl.SocketProtocolListener Finished processing request 09005954-8a56-4a1d-9d42-72468ff33cd7 (type=HEARTBEAT, length=2235 bytes) from mynifi:8080 in 1 millis
2024-10-21 08:08:47,557 INFO [Clustering Tasks Thread-2] o.a.n.c.c.ClusterProtocolHeartbeater Heartbeat created at 2024-10-21 08:08:47,552 and sent to mynifi:8082 at 2024-10-21 08:08:47,557; send took 5 millis
2024-10-21 08:08:47,653 INFO [Heartbeat Monitor Thread-1] o.a.n.c.c.h.AbstractHeartbeatMonitor Finished processing 1 heartbeats in 24662 nanos
2024-10-21 08:08:52,564 INFO [Process Cluster Protocol Request-9] o.a.n.c.p.impl.SocketProtocolListener Finished processing request d862d897-5295-4d42-9cb6-3cbeb931ee98 (type=HEARTBEAT, length=2235 bytes) from mynifi:8080 in 2 millis
2024-10-21 08:08:52,566 INFO [Clustering Tasks Thread-2] o.a.n.c.c.ClusterProtocolHeartbeater Heartbeat created at 2024-10-21 08:08:52,558 and sent to mynifi:8082 at 2024-10-21 08:08:52,566; send took 8 millis
2024-10-21 08:08:52,654 INFO [Heartbeat Monitor Thread-1] o.a.n.c.c.h.AbstractHeartbeatMonitor Finished processing 1 heartbeats in 23413 nanos
2024-10-21 08:08:54,470 INFO [pool-13-thread-1] o.a.n.c.r.WriteAheadFlowFileRepository Initiating checkpoint of FlowFile Repository
2024-10-21 08:08:54,470 INFO [pool-13-thread-1] o.a.n.c.r.WriteAheadFlowFileRepository Successfully checkpointed FlowFile Repository with 0 records in 0 milliseconds
2024-10-21 08:08:57,570 INFO [Process Cluster Protocol Request-10] o.a.n.c.p.impl.SocketProtocolListener Finished processing request b4f94b9e-3b73-430a-a599-30f93273f1a1 (type=HEARTBEAT, length=2235 bytes) from mynifi:8080 in 1 millis
2024-10-21 08:08:57,572 INFO [Clustering Tasks Thread-2] o.a.n.c.c.ClusterProtocolHeartbeater Heartbeat created at 2024-10-21 08:08:57,567 and sent to mynifi:8082 at 2024-10-21 08:08:57,572; send took 4 millis
2024-10-21 08:08:57,654 INFO [Heartbeat Monitor Thread-1] o.a.n.c.c.h.AbstractHeartbeatMonitor Finished processing 1 heartbeats in 15491 nanos
2024-10-21 08:09:02,574 INFO [Process Cluster Protocol Request-1] o.a.n.c.p.impl.SocketProtocolListener Finished processing request f528088e-eaf3-4dae-b0f1-eb212aeadbdc (type=HEARTBEAT, length=2235 bytes) from mynifi:8080 in 812118 nanos
2024-10-21 08:09:02,575 INFO [Clustering Tasks Thread-2] o.a.n.c.c.ClusterProtocolHeartbeater Heartbeat created at 2024-10-21 08:09:02,572 and sent to mynifi:8082 at 2024-10-21 08:09:02,575; send took 2 millis
2024-10-21 08:09:02,654 INFO [Heartbeat Monitor Thread-1] o.a.n.c.c.h.AbstractHeartbeatMonitor Finished processing 1 heartbeats in 9038 nanos
2024-10-21 08:09:07,581 INFO [Process Cluster Protocol Request-2] o.a.n.c.p.impl.SocketProtocolListener Finished processing request 089737b0-6484-4cf1-aa89-2d8ac29811dc (type=HEARTBEAT, length=2235 bytes) from mynifi:8080 in 2 millis
2024-10-21 08:09:07,583 INFO [Clustering Tasks Thread-2] o.a.n.c.c.ClusterProtocolHeartbeater Heartbeat created at 2024-10-21 08:09:07,575 and sent to mynifi:8082 at 2024-10-21 08:09:07,583; send took 8 millis
2024-10-21 08:09:07,655 INFO [Heartbeat Monitor Thread-1] o.a.n.c.c.h.AbstractHeartbeatMonitor Finished processing 1 heartbeats in 20464 nanos
2024-10-21 08:09:12,590 INFO [Process Cluster Protocol Request-3] o.a.n.c.p.impl.SocketProtocolListener Finished processing request c91aca3b-966c-48b1-b188-06007f593dde (type=HEARTBEAT, length=2235 bytes) from mynifi:8080 in 2 millis
2024-10-21 08:09:12,592 INFO [Clustering Tasks Thread-2] o.a.n.c.c.ClusterProtocolHeartbeater Heartbeat created at 2024-10-21 08:09:12,584 and sent to mynifi:8082 at 2024-10-21 08:09:12,592; send took 8 millis
2024-10-21 08:09:12,655 INFO [Heartbeat Monitor Thread-1] o.a.n.c.c.h.AbstractHeartbeatMonitor Finished processing 1 heartbeats in 22404 nanos
2024-10-21 08:09:14,471 INFO [pool-13-thread-1] o.a.n.c.r.WriteAheadFlowFileRepository Initiating checkpoint of FlowFile Repository
2024-10-21 08:09:14,471 INFO [pool-13-thread-1] o.a.n.c.r.WriteAheadFlowFileRepository Successfully checkpointed FlowFile Repository with 0 records in 0 milliseconds
2024-10-21 08:09:17,598 INFO [Process Cluster Protocol Request-4] o.a.n.c.p.impl.SocketProtocolListener Finished processing request 09756adf-64db-4cef-8c60-96066f1d1675 (type=HEARTBEAT, length=2235 bytes) from mynifi:8080 in 2 millis
2024-10-21 08:09:17,600 INFO [Clustering Tasks Thread-2] o.a.n.c.c.ClusterProtocolHeartbeater Heartbeat created at 2024-10-21 08:09:17,593 and sent to mynifi:8082 at 2024-10-21 08:09:17,600; send took 7 millis
2024-10-21 08:09:17,655 INFO [Heartbeat Monitor Thread-1] o.a.n.c.c.h.AbstractHeartbeatMonitor Finished processing 1 heartbeats in 22431 nanos
2024-10-21 08:09:22,607 INFO [Process Cluster Protocol Request-5] o.a.n.c.p.impl.SocketProtocolListener Finished processing request e5d6c19e-38d1-46f1-92c7-2a47e3e92d37 (type=HEARTBEAT, length=2235 bytes) from mynifi:8080 in 2 millis
2024-10-21 08:09:22,609 INFO [Clustering Tasks Thread-2] o.a.n.c.c.ClusterProtocolHeartbeater Heartbeat created at 2024-10-21 08:09:22,601 and sent to mynifi:8082 at 2024-10-21 08:09:22,609; send took 8 millis
2024-10-21 08:09:22,656 INFO [Heartbeat Monitor Thread-1] o.a.n.c.c.h.AbstractHeartbeatMonitor Finished processing 1 heartbeats in 22913 nanos
2024-10-21 08:09:27,616 INFO [Process Cluster Protocol Request-6] o.a.n.c.p.impl.SocketProtocolListener Finished processing request 52db99bc-b17d-4e0b-9d70-2207060b8936 (type=HEARTBEAT, length=2235 bytes) from mynifi:8080 in 2 millis
2024-10-21 08:09:27,618 INFO [Clustering Tasks Thread-2] o.a.n.c.c.ClusterProtocolHeartbeater Heartbeat created at 2024-10-21 08:09:27,610 and sent to mynifi:8082 at 2024-10-21 08:09:27,618; send took 8 millis
2024-10-21 08:09:27,656 INFO [Heartbeat Monitor Thread-1] o.a.n.c.c.h.AbstractHeartbeatMonitor Finished processing 1 heartbeats in 19262 nanos
2024-10-21 08:09:32,620 INFO [Process Cluster Protocol Request-7] o.a.n.c.p.impl.SocketProtocolListener Finished processing request d8c86eec-2f32-4430-bcbe-18a8e4f2e931 (type=HEARTBEAT, length=2235 bytes) from mynifi:8080 in 731361 nanos
2024-10-21 08:09:32,621 INFO [Clustering Tasks Thread-2] o.a.n.c.c.ClusterProtocolHeartbeater Heartbeat created at 2024-10-21 08:09:32,619 and sent to mynifi:8082 at 2024-10-21 08:09:32,621; send took 2 millis
2024-10-21 08:09:32,656 INFO [Heartbeat Monitor Thread-1] o.a.n.c.c.h.AbstractHeartbeatMonitor Finished processing 1 heartbeats in 8710 nanos
2024-10-21 08:09:34,471 INFO [pool-13-thread-1] o.a.n.c.r.WriteAheadFlowFileRepository Initiating checkpoint of FlowFile Repository
2024-10-21 08:09:34,471 INFO [pool-13-thread-1] o.a.n.c.r.WriteAheadFlowFileRepository Successfully checkpointed FlowFile Repository with 0 records in 0 milliseconds
2024-10-21 08:09:37,627 INFO [Process Cluster Protocol Request-8] o.a.n.c.p.impl.SocketProtocolListener Finished processing request 87c870fe-5b6a-4ca4-a0c0-11517a08b5ff (type=HEARTBEAT, length=2235 bytes) from mynifi:8080 in 2 millis
2024-10-21 08:09:37,630 INFO [Clustering Tasks Thread-2] o.a.n.c.c.ClusterProtocolHeartbeater Heartbeat created at 2024-10-21 08:09:37,621 and sent to mynifi:8082 at 2024-10-21 08:09:37,630; send took 8 millis
2024-10-21 08:09:37,657 INFO [Heartbeat Monitor Thread-1] o.a.n.c.c.h.AbstractHeartbeatMonitor Finished processing 1 heartbeats in 20270 nanos
2024-10-21 08:09:41,872 INFO [Cleanup Archive for default] o.a.n.c.repository.FileSystemRepository Successfully deleted 0 files (0 bytes) from archive
2024-10-21 08:09:42,661 INFO [Heartbeat Monitor Thread-1] o.a.n.c.c.h.AbstractHeartbeatMonitor Finished processing 1 heartbeats in 18062 nanos
2024-10-21 08:09:42,663 INFO [Process Cluster Protocol Request-9] o.a.n.c.p.impl.SocketProtocolListener Finished processing request 1c1a982c-b37e-4136-b95d-297740e2e13b (type=HEARTBEAT, length=2235 bytes) from mynifi:8080 in 29 millis
2024-10-21 08:09:42,665 INFO [Clustering Tasks Thread-2] o.a.n.c.c.ClusterProtocolHeartbeater Heartbeat created at 2024-10-21 08:09:42,630 and sent to mynifi:8082 at 2024-10-21 08:09:42,665; send took 34 millis
2024-10-21 08:09:47,662 INFO [Heartbeat Monitor Thread-1] o.a.n.c.c.h.AbstractHeartbeatMonitor Finished processing 1 heartbeats in 23405 nanos
2024-10-21 08:09:47,671 INFO [Process Cluster Protocol Request-10] o.a.n.c.p.impl.SocketProtocolListener Finished processing request fb7c4fe0-64f6-48d2-acf7-1b49620d2a9e (type=HEARTBEAT, length=2235 bytes) from mynifi:8080 in 2 millis
2024-10-21 08:09:47,674 INFO [Clustering Tasks Thread-2] o.a.n.c.c.ClusterProtocolHeartbeater Heartbeat created at 2024-10-21 08:09:47,665 and sent to mynifi:8082 at 2024-10-21 08:09:47,674; send took 8 millis
2024-10-21 08:09:52,662 INFO [Heartbeat Monitor Thread-1] o.a.n.c.c.h.AbstractHeartbeatMonitor Finished processing 1 heartbeats in 12197 nanos
2024-10-21 08:09:52,679 INFO [Process Cluster Protocol Request-1] o.a.n.c.p.impl.SocketProtocolListener Finished processing request 17ed6646-0b2c-4bb4-9806-71dc9026b6b4 (type=HEARTBEAT, length=2235 bytes) from mynifi:8080 in 1 millis
2024-10-21 08:09:52,681 INFO [Clustering Tasks Thread-2] o.a.n.c.c.ClusterProtocolHeartbeater Heartbeat created at 2024-10-21 08:09:52,675 and sent to mynifi:8082 at 2024-10-21 08:09:52,681; send took 6 millis
2024-10-21 08:09:54,471 INFO [pool-13-thread-1] o.a.n.c.r.WriteAheadFlowFileRepository Initiating checkpoint of FlowFile Repository
2024-10-21 08:09:54,471 INFO [pool-13-thread-1] o.a.n.c.r.WriteAheadFlowFileRepository Successfully checkpointed FlowFile Repository with 0 records in 0 milliseconds
2024-10-21 08:09:57,662 INFO [Heartbeat Monitor Thread-1] o.a.n.c.c.h.AbstractHeartbeatMonitor Finished processing 1 heartbeats in 24985 nanos
2024-10-21 08:09:57,687 INFO [Process Cluster Protocol Request-2] o.a.n.c.p.impl.SocketProtocolListener Finished processing request fefb9338-da0c-4469-902d-a6441991f566 (type=HEARTBEAT, length=2235 bytes) from mynifi:8080 in 2 millis
2024-10-21 08:09:57,690 INFO [Clustering Tasks Thread-2] o.a.n.c.c.ClusterProtocolHeartbeater Heartbeat created at 2024-10-21 08:09:57,681 and sent to mynifi:8082 at 2024-10-21 08:09:57,690; send took 8 millis
2024-10-21 08:10:02,663 INFO [Heartbeat Monitor Thread-1] o.a.n.c.c.h.AbstractHeartbeatMonitor Finished processing 1 heartbeats in 24649 nanos
2024-10-21 08:10:02,697 INFO [Process Cluster Protocol Request-3] o.a.n.c.p.impl.SocketProtocolListener Finished processing request 43f5f7f8-e49f-4325-beb4-ed1c41f86481 (type=HEARTBEAT, length=2235 bytes) from mynifi:8080 in 2 millis
2024-10-21 08:10:02,699 INFO [Clustering Tasks Thread-2] o.a.n.c.c.ClusterProtocolHeartbeater Heartbeat created at 2024-10-21 08:10:02,691 and sent to mynifi:8082 at 2024-10-21 08:10:02,699; send took 8 millis
2024-10-21 08:10:07,663 INFO [Heartbeat Monitor Thread-1] o.a.n.c.c.h.AbstractHeartbeatMonitor Finished processing 1 heartbeats in 24690 nanos
2024-10-21 08:10:07,702 INFO [Process Cluster Protocol Request-4] o.a.n.c.p.impl.SocketProtocolListener Finished processing request 6b0ca271-fa9d-480b-b16a-5168c572252f (type=HEARTBEAT, length=2235 bytes) from mynifi:8080 in 1 millis
2024-10-21 08:10:07,703 INFO [Clustering Tasks Thread-2] o.a.n.c.c.ClusterProtocolHeartbeater Heartbeat created at 2024-10-21 08:10:07,699 and sent to mynifi:8082 at 2024-10-21 08:10:07,703; send took 3 millis
2024-10-21 08:10:12,664 INFO [Heartbeat Monitor Thread-1] o.a.n.c.c.h.AbstractHeartbeatMonitor Finished processing 1 heartbeats in 22120 nanos
2024-10-21 08:10:12,709 INFO [Process Cluster Protocol Request-5] o.a.n.c.p.impl.SocketProtocolListener Finished processing request b7dd4aff-089f-4134-aa00-e544a42f8227 (type=HEARTBEAT, length=2235 bytes) from mynifi:8080 in 2 millis
2024-10-21 08:10:12,712 INFO [Clustering Tasks Thread-2] o.a.n.c.c.ClusterProtocolHeartbeater Heartbeat created at 2024-10-21 08:10:12,703 and sent to mynifi:8082 at 2024-10-21 08:10:12,712; send took 8 millis
2024-10-21 08:10:14,471 INFO [pool-13-thread-1] o.a.n.c.r.WriteAheadFlowFileRepository Initiating checkpoint of FlowFile Repository
2024-10-21 08:10:14,472 INFO [pool-13-thread-1] o.a.n.c.r.WriteAheadFlowFileRepository Successfully checkpointed FlowFile Repository with 0 records in 0 milliseconds
2024-10-21 08:10:17,664 INFO [Heartbeat Monitor Thread-1] o.a.n.c.c.h.AbstractHeartbeatMonitor Finished processing 1 heartbeats in 10067 nanos
2024-10-21 08:10:17,714 INFO [Process Cluster Protocol Request-6] o.a.n.c.p.impl.SocketProtocolListener Finished processing request ef9a3bbb-050c-481f-8b79-5047b18c1093 (type=HEARTBEAT, length=2235 bytes) from mynifi:8080 in 748862 nanos
2024-10-21 08:10:17,714 INFO [Clustering Tasks Thread-2] o.a.n.c.c.ClusterProtocolHeartbeater Heartbeat created at 2024-10-21 08:10:17,712 and sent to mynifi:8082 at 2024-10-21 08:10:17,714; send took 2 millis
2024-10-21 08:10:22,664 INFO [Heartbeat Monitor Thread-1] o.a.n.c.c.h.AbstractHeartbeatMonitor Finished processing 1 heartbeats in 13723 nanos
2024-10-21 08:10:22,721 INFO [Process Cluster Protocol Request-7] o.a.n.c.p.impl.SocketProtocolListener Finished processing request c24d0cdd-9a57-4902-8441-b16275134dbc (type=HEARTBEAT, length=2235 bytes) from mynifi:8080 in 2 millis
2024-10-21 08:10:22,723 INFO [Clustering Tasks Thread-2] o.a.n.c.c.ClusterProtocolHeartbeater Heartbeat created at 2024-10-21 08:10:22,715 and sent to mynifi:8082 at 2024-10-21 08:10:22,723; send took 8 millis
2024-10-21 08:10:27,665 INFO [Heartbeat Monitor Thread-1] o.a.n.c.c.h.AbstractHeartbeatMonitor Finished processing 1 heartbeats in 23682 nanos
2024-10-21 08:10:27,730 INFO [Process Cluster Protocol Request-8] o.a.n.c.p.impl.SocketProtocolListener Finished processing request b2d5c627-8014-4c77-8b6a-aae7ff380c09 (type=HEARTBEAT, length=2235 bytes) from mynifi:8080 in 3 millis
2024-10-21 08:10:27,733 INFO [Clustering Tasks Thread-2] o.a.n.c.c.ClusterProtocolHeartbeater Heartbeat created at 2024-10-21 08:10:27,724 and sent to mynifi:8082 at 2024-10-21 08:10:27,733; send took 8 millis
2024-10-21 08:10:32,665 INFO [Heartbeat Monitor Thread-1] o.a.n.c.c.h.AbstractHeartbeatMonitor Finished processing 1 heartbeats in 23616 nanos
2024-10-21 08:10:32,739 INFO [Process Cluster Protocol Request-9] o.a.n.c.p.impl.SocketProtocolListener Finished processing request b4ebe31e-5e0b-4524-b6ab-201b251c27f5 (type=HEARTBEAT, length=2235 bytes) from mynifi:8080 in 2 millis
2024-10-21 08:10:32,742 INFO [Clustering Tasks Thread-2] o.a.n.c.c.ClusterProtocolHeartbeater Heartbeat created at 2024-10-21 08:10:32,733 and sent to mynifi:8082 at 2024-10-21 08:10:32,741; send took 8 millis
2024-10-21 08:10:34,472 INFO [pool-13-thread-1] o.a.n.c.r.WriteAheadFlowFileRepository Initiating checkpoint of FlowFile Repository
2024-10-21 08:10:34,472 INFO [pool-13-thread-1] o.a.n.c.r.WriteAheadFlowFileRepository Successfully checkpointed FlowFile Repository with 0 records in 0 milliseconds
2024-10-21 08:10:37,666 INFO [Heartbeat Monitor Thread-1] o.a.n.c.c.h.AbstractHeartbeatMonitor Finished processing 1 heartbeats in 24526 nanos
2024-10-21 08:10:37,745 INFO [Process Cluster Protocol Request-10] o.a.n.c.p.impl.SocketProtocolListener Finished processing request f99da39f-f20a-46e5-b302-66d6e133c7cd (type=HEARTBEAT, length=2235 bytes) from mynifi:8080 in 802540 nanos
2024-10-21 08:10:37,746 INFO [Clustering Tasks Thread-2] o.a.n.c.c.ClusterProtocolHeartbeater Heartbeat created at 2024-10-21 08:10:37,742 and sent to mynifi:8082 at 2024-10-21 08:10:37,746; send took 4 millis
2024-10-21 08:10:40,829 INFO [Write-Ahead Local State Provider Maintenance] org.wali.MinimalLockingWriteAheadLog org.wali.MinimalLockingWriteAheadLog@5de25642 checkpointed with 3 Records and 0 Swap Files in 7 milliseconds (Stop-the-world time = 4 milliseconds, Clear Edit Logs time = 0 millis), max Transaction ID 17
2024-10-21 08:10:41,884 INFO [Cleanup Archive for default] o.a.n.c.repository.FileSystemRepository Successfully deleted 0 files (0 bytes) from archive
2024-10-21 08:10:42,666 INFO [Heartbeat Monitor Thread-1] o.a.n.c.c.h.AbstractHeartbeatMonitor Finished processing 1 heartbeats in 24048 nanos
2024-10-21 08:10:42,752 INFO [Process Cluster Protocol Request-1] o.a.n.c.p.impl.SocketProtocolListener Finished processing request 2887605b-e37f-437e-8780-110150303b0a (type=HEARTBEAT, length=2235 bytes) from mynifi:8080 in 2 millis
2024-10-21 08:10:42,755 INFO [Clustering Tasks Thread-2] o.a.n.c.c.ClusterProtocolHeartbeater Heartbeat created at 2024-10-21 08:10:42,746 and sent to mynifi:8082 at 2024-10-21 08:10:42,755; send took 8 millis
2024-10-21 08:10:47,667 INFO [Heartbeat Monitor Thread-1] o.a.n.c.c.h.AbstractHeartbeatMonitor Finished processing 1 heartbeats in 24112 nanos
2024-10-21 08:10:47,762 INFO [Process Cluster Protocol Request-2] o.a.n.c.p.impl.SocketProtocolListener Finished processing request ae163300-f926-4874-bf64-0af0bfde15ef (type=HEARTBEAT, length=2235 bytes) from mynifi:8080 in 2 millis
2024-10-21 08:10:47,764 INFO [Clustering Tasks Thread-2] o.a.n.c.c.ClusterProtocolHeartbeater Heartbeat created at 2024-10-21 08:10:47,755 and sent to mynifi:8082 at 2024-10-21 08:10:47,764; send took 8 millis
2024-10-21 08:10:52,667 INFO [Heartbeat Monitor Thread-1] o.a.n.c.c.h.AbstractHeartbeatMonitor Finished processing 1 heartbeats in 22304 nanos
2024-10-21 08:10:52,771 INFO [Process Cluster Protocol Request-3] o.a.n.c.p.impl.SocketProtocolListener Finished processing request b5c81110-00f5-4559-83e4-bd21fbf1251f (type=HEARTBEAT, length=2235 bytes) from mynifi:8080 in 2 millis
2024-10-21 08:10:52,774 INFO [Clustering Tasks Thread-2] o.a.n.c.c.ClusterProtocolHeartbeater Heartbeat created at 2024-10-21 08:10:52,765 and sent to mynifi:8082 at 2024-10-21 08:10:52,774; send took 8 millis
2024-10-21 08:10:54,472 INFO [pool-13-thread-1] o.a.n.c.r.WriteAheadFlowFileRepository Initiating checkpoint of FlowFile Repository
2024-10-21 08:10:54,473 INFO [pool-13-thread-1] o.a.n.c.r.WriteAheadFlowFileRepository Successfully checkpointed FlowFile Repository with 0 records in 0 milliseconds
2024-10-21 08:10:57,668 INFO [Heartbeat Monitor Thread-1] o.a.n.c.c.h.AbstractHeartbeatMonitor Finished processing 1 heartbeats in 24328 nanos
2024-10-21 08:10:57,780 INFO [Process Cluster Protocol Request-4] o.a.n.c.p.impl.SocketProtocolListener Finished processing request 98137b80-8dbf-4e3f-8e6a-2978a8e81399 (type=HEARTBEAT, length=2235 bytes) from mynifi:8080 in 2 millis
2024-10-21 08:10:57,783 INFO [Clustering Tasks Thread-2] o.a.n.c.c.ClusterProtocolHeartbeater Heartbeat created at 2024-10-21 08:10:57,774 and sent to mynifi:8082 at 2024-10-21 08:10:57,783; send took 8 millis
2024-10-21 08:11:02,668 INFO [Heartbeat Monitor Thread-1] o.a.n.c.c.h.AbstractHeartbeatMonitor Finished processing 1 heartbeats in 23621 nanos
2024-10-21 08:11:02,789 INFO [Process Cluster Protocol Request-5] o.a.n.c.p.impl.SocketProtocolListener Finished processing request b385e97c-9e79-46b3-b301-b9158321a98c (type=HEARTBEAT, length=2235 bytes) from mynifi:8080 in 3 millis
2024-10-21 08:11:02,792 INFO [Clustering Tasks Thread-2] o.a.n.c.c.ClusterProtocolHeartbeater Heartbeat created at 2024-10-21 08:11:02,783 and sent to mynifi:8082 at 2024-10-21 08:11:02,792; send took 8 millis
2024-10-21 08:11:07,668 INFO [Heartbeat Monitor Thread-1] o.a.n.c.c.h.AbstractHeartbeatMonitor Finished processing 1 heartbeats in 22921 nanos
2024-10-21 08:11:07,794 INFO [Process Cluster Protocol Request-6] o.a.n.c.p.impl.SocketProtocolListener Finished processing request 0595690b-6a22-4edf-851f-26eba04962c4 (type=HEARTBEAT, length=2235 bytes) from mynifi:8080 in 804701 nanos
2024-10-21 08:11:07,795 INFO [Clustering Tasks Thread-2] o.a.n.c.c.ClusterProtocolHeartbeater Heartbeat created at 2024-10-21 08:11:07,792 and sent to mynifi:8082 at 2024-10-21 08:11:07,795; send took 2 millis
2024-10-21 08:11:12,669 INFO [Heartbeat Monitor Thread-1] o.a.n.c.c.h.AbstractHeartbeatMonitor Finished processing 1 heartbeats in 22580 nanos
2024-10-21 08:11:12,801 INFO [Process Cluster Protocol Request-7] o.a.n.c.p.impl.SocketProtocolListener Finished processing request 303f401c-0388-4349-9b17-8fed167532e5 (type=HEARTBEAT, length=2235 bytes) from mynifi:8080 in 2 millis
2024-10-21 08:11:12,804 INFO [Clustering Tasks Thread-2] o.a.n.c.c.ClusterProtocolHeartbeater Heartbeat created at 2024-10-21 08:11:12,795 and sent to mynifi:8082 at 2024-10-21 08:11:12,804; send took 8 millis
2024-10-21 08:11:14,473 INFO [pool-13-thread-1] o.a.n.c.r.WriteAheadFlowFileRepository Initiating checkpoint of FlowFile Repository
2024-10-21 08:11:14,473 INFO [pool-13-thread-1] o.a.n.c.r.WriteAheadFlowFileRepository Successfully checkpointed FlowFile Repository with 0 records in 0 milliseconds
2024-10-21 08:11:17,669 INFO [Heartbeat Monitor Thread-1] o.a.n.c.c.h.AbstractHeartbeatMonitor Finished processing 1 heartbeats in 23409 nanos
2024-10-21 08:11:17,811 INFO [Process Cluster Protocol Request-8] o.a.n.c.p.impl.SocketProtocolListener Finished processing request 007e58e3-cc98-4cdb-900f-f53371f2b075 (type=HEARTBEAT, length=2235 bytes) from mynifi:8080 in 2 millis
2024-10-21 08:11:17,813 INFO [Clustering Tasks Thread-2] o.a.n.c.c.ClusterProtocolHeartbeater Heartbeat created at 2024-10-21 08:11:17,804 and sent to mynifi:8082 at 2024-10-21 08:11:17,813; send took 8 millis
2024-10-21 08:11:22,670 INFO [Heartbeat Monitor Thread-1] o.a.n.c.c.h.AbstractHeartbeatMonitor Finished processing 1 heartbeats in 22624 nanos
2024-10-21 08:11:22,820 INFO [Process Cluster Protocol Request-9] o.a.n.c.p.impl.SocketProtocolListener Finished processing request 92d65958-09b8-4992-9d33-f44ab49e56b1 (type=HEARTBEAT, length=2235 bytes) from mynifi:8080 in 2 millis
2024-10-21 08:11:22,822 INFO [Clustering Tasks Thread-2] o.a.n.c.c.ClusterProtocolHeartbeater Heartbeat created at 2024-10-21 08:11:22,813 and sent to mynifi:8082 at 2024-10-21 08:11:22,822; send took 8 millis
2024-10-21 08:11:27,670 INFO [Heartbeat Monitor Thread-1] o.a.n.c.c.h.AbstractHeartbeatMonitor Finished processing 1 heartbeats in 21822 nanos
2024-10-21 08:11:27,825 INFO [Process Cluster Protocol Request-10] o.a.n.c.p.impl.SocketProtocolListener Finished processing request 01749878-da4a-4a4a-b366-02aa7f7c9dfd (type=HEARTBEAT, length=2235 bytes) from mynifi:8080 in 984550 nanos
2024-10-21 08:11:27,825 INFO [Clustering Tasks Thread-2] o.a.n.c.c.ClusterProtocolHeartbeater Heartbeat created at 2024-10-21 08:11:27,822 and sent to mynifi:8082 at 2024-10-21 08:11:27,825; send took 2 millis
2024-10-21 08:11:32,671 INFO [Heartbeat Monitor Thread-1] o.a.n.c.c.h.AbstractHeartbeatMonitor Finished processing 1 heartbeats in 22681 nanos
2024-10-21 08:11:32,832 INFO [Process Cluster Protocol Request-1] o.a.n.c.p.impl.SocketProtocolListener Finished processing request 0935b0b2-88e0-47a8-bb14-d554102ead90 (type=HEARTBEAT, length=2235 bytes) from mynifi:8080 in 2 millis
2024-10-21 08:11:32,834 INFO [Clustering Tasks Thread-2] o.a.n.c.c.ClusterProtocolHeartbeater Heartbeat created at 2024-10-21 08:11:32,826 and sent to mynifi:8082 at 2024-10-21 08:11:32,834; send took 8 millis
2024-10-21 08:11:34,473 INFO [pool-13-thread-1] o.a.n.c.r.WriteAheadFlowFileRepository Initiating checkpoint of FlowFile Repository
2024-10-21 08:11:34,473 INFO [pool-13-thread-1] o.a.n.c.r.WriteAheadFlowFileRepository Successfully checkpointed FlowFile Repository with 0 records in 0 milliseconds
2024-10-21 08:11:37,671 INFO [Heartbeat Monitor Thread-1] o.a.n.c.c.h.AbstractHeartbeatMonitor Finished processing 1 heartbeats in 24183 nanos
2024-10-21 08:11:37,841 INFO [Process Cluster Protocol Request-2] o.a.n.c.p.impl.SocketProtocolListener Finished processing request ebc27748-f9d7-4026-9511-2609839f53e0 (type=HEARTBEAT, length=2235 bytes) from mynifi:8080 in 2 millis
2024-10-21 08:11:37,841 INFO [Clustering Tasks Thread-2] o.a.n.c.c.ClusterProtocolHeartbeater Heartbeat created at 2024-10-21 08:11:37,835 and sent to mynifi:8082 at 2024-10-21 08:11:37,841; send took 6 millis
2024-10-21 08:11:41,896 INFO [Cleanup Archive for default] o.a.n.c.repository.FileSystemRepository Successfully deleted 0 files (0 bytes) from archive
2024-10-21 08:11:42,671 INFO [Heartbeat Monitor Thread-1] o.a.n.c.c.h.AbstractHeartbeatMonitor Finished processing 1 heartbeats in 29778 nanos
2024-10-21 08:11:42,848 INFO [Process Cluster Protocol Request-3] o.a.n.c.p.impl.SocketProtocolListener Finished processing request 868b33b2-7ca5-4a42-bb47-3169fcdd8bb3 (type=HEARTBEAT, length=2235 bytes) from mynifi:8080 in 2 millis
2024-10-21 08:11:42,851 INFO [Clustering Tasks Thread-2] o.a.n.c.c.ClusterProtocolHeartbeater Heartbeat created at 2024-10-21 08:11:42,842 and sent to mynifi:8082 at 2024-10-21 08:11:42,851; send took 8 millis
2024-10-21 08:11:47,672 INFO [Heartbeat Monitor Thread-1] o.a.n.c.c.h.AbstractHeartbeatMonitor Finished processing 1 heartbeats in 23874 nanos
2024-10-21 08:11:47,857 INFO [Process Cluster Protocol Request-4] o.a.n.c.p.impl.SocketProtocolListener Finished processing request 8b09c7ea-539e-4b59-a4c4-86f94fa6c5f3 (type=HEARTBEAT, length=2235 bytes) from mynifi:8080 in 2 millis
2024-10-21 08:11:47,859 INFO [Clustering Tasks Thread-2] o.a.n.c.c.ClusterProtocolHeartbeater Heartbeat created at 2024-10-21 08:11:47,851 and sent to mynifi:8082 at 2024-10-21 08:11:47,859; send took 8 millis
2024-10-21 08:11:52,672 INFO [Heartbeat Monitor Thread-1] o.a.n.c.c.h.AbstractHeartbeatMonitor Finished processing 1 heartbeats in 11035 nanos
2024-10-21 08:11:52,866 INFO [Process Cluster Protocol Request-5] o.a.n.c.p.impl.SocketProtocolListener Finished processing request 657dd253-f7a4-4700-aa42-0977931ab112 (type=HEARTBEAT, length=2235 bytes) from mynifi:8080 in 3 millis
2024-10-21 08:11:52,868 INFO [Clustering Tasks Thread-2] o.a.n.c.c.ClusterProtocolHeartbeater Heartbeat created at 2024-10-21 08:11:52,860 and sent to mynifi:8082 at 2024-10-21 08:11:52,868; send took 8 millis
2024-10-21 08:11:54,474 INFO [pool-13-thread-1] o.a.n.c.r.WriteAheadFlowFileRepository Initiating checkpoint of FlowFile Repository
2024-10-21 08:11:54,474 INFO [pool-13-thread-1] o.a.n.c.r.WriteAheadFlowFileRepository Successfully checkpointed FlowFile Repository with 0 records in 0 milliseconds
2024-10-21 08:11:57,673 INFO [Heartbeat Monitor Thread-1] o.a.n.c.c.h.AbstractHeartbeatMonitor Finished processing 1 heartbeats in 9686 nanos
2024-10-21 08:11:57,875 INFO [Process Cluster Protocol Request-6] o.a.n.c.p.impl.SocketProtocolListener Finished processing request f72fadd9-1b59-4710-9dde-a07f6247d7e3 (type=HEARTBEAT, length=2235 bytes) from mynifi:8080 in 2 millis
2024-10-21 08:11:57,877 INFO [Clustering Tasks Thread-2] o.a.n.c.c.ClusterProtocolHeartbeater Heartbeat created at 2024-10-21 08:11:57,869 and sent to mynifi:8082 at 2024-10-21 08:11:57,877; send took 8 millis
2024-10-21 08:12:02,673 INFO [Heartbeat Monitor Thread-1] o.a.n.c.c.h.AbstractHeartbeatMonitor Finished processing 1 heartbeats in 9794 nanos
2024-10-21 08:12:02,884 INFO [Process Cluster Protocol Request-7] o.a.n.c.p.impl.SocketProtocolListener Finished processing request 6e8bfd41-653b-49fc-9c6a-e280268477fc (type=HEARTBEAT, length=2235 bytes) from mynifi:8080 in 3 millis
2024-10-21 08:12:02,885 INFO [Clustering Tasks Thread-2] o.a.n.c.c.ClusterProtocolHeartbeater Heartbeat created at 2024-10-21 08:12:02,878 and sent to mynifi:8082 at 2024-10-21 08:12:02,885; send took 7 millis
2024-10-21 08:12:07,673 INFO [Heartbeat Monitor Thread-1] o.a.n.c.c.h.AbstractHeartbeatMonitor Finished processing 1 heartbeats in 21578 nanos
2024-10-21 08:12:07,892 INFO [Process Cluster Protocol Request-8] o.a.n.c.p.impl.SocketProtocolListener Finished processing request 6c8f2cfe-1814-47f8-88ea-12c789615dd8 (type=HEARTBEAT, length=2235 bytes) from mynifi:8080 in 2 millis
2024-10-21 08:12:07,895 INFO [Clustering Tasks Thread-2] o.a.n.c.c.ClusterProtocolHeartbeater Heartbeat created at 2024-10-21 08:12:07,886 and sent to mynifi:8082 at 2024-10-21 08:12:07,895; send took 9 millis
2024-10-21 08:12:12,673 INFO [Heartbeat Monitor Thread-1] o.a.n.c.c.h.AbstractHeartbeatMonitor Finished processing 1 heartbeats in 10477 nanos
2024-10-21 08:12:12,898 INFO [Process Cluster Protocol Request-9] o.a.n.c.p.impl.SocketProtocolListener Finished processing request ca5510fd-9d24-4e68-9849-dd2d6b2efbe1 (type=HEARTBEAT, length=2235 bytes) from mynifi:8080 in 1 millis
2024-10-21 08:12:12,899 INFO [Clustering Tasks Thread-2] o.a.n.c.c.ClusterProtocolHeartbeater Heartbeat created at 2024-10-21 08:12:12,896 and sent to mynifi:8082 at 2024-10-21 08:12:12,899; send took 3 millis
2024-10-21 08:12:14,474 INFO [pool-13-thread-1] o.a.n.c.r.WriteAheadFlowFileRepository Initiating checkpoint of FlowFile Repository
2024-10-21 08:12:14,474 INFO [pool-13-thread-1] o.a.n.c.r.WriteAheadFlowFileRepository Successfully checkpointed FlowFile Repository with 0 records in 0 milliseconds
2024-10-21 08:12:17,674 INFO [Heartbeat Monitor Thread-1] o.a.n.c.c.h.AbstractHeartbeatMonitor Finished processing 1 heartbeats in 9730 nanos
2024-10-21 08:12:17,902 INFO [Process Cluster Protocol Request-10] o.a.n.c.p.impl.SocketProtocolListener Finished processing request 3777650d-0bb8-409b-92f4-312b8ba60463 (type=HEARTBEAT, length=2235 bytes) from mynifi:8080 in 781451 nanos
2024-10-21 08:12:17,902 INFO [Clustering Tasks Thread-2] o.a.n.c.c.ClusterProtocolHeartbeater Heartbeat created at 2024-10-21 08:12:17,900 and sent to mynifi:8082 at 2024-10-21 08:12:17,902; send took 2 millis
2024-10-21 08:12:22,674 INFO [Heartbeat Monitor Thread-1] o.a.n.c.c.h.AbstractHeartbeatMonitor Finished processing 1 heartbeats in 11164 nanos
2024-10-21 08:12:22,909 INFO [Process Cluster Protocol Request-1] o.a.n.c.p.impl.SocketProtocolListener Finished processing request 38a4c075-85de-4975-a8da-e266cd5640fc (type=HEARTBEAT, length=2235 bytes) from mynifi:8080 in 2 millis
2024-10-21 08:12:22,911 INFO [Clustering Tasks Thread-2] o.a.n.c.c.ClusterProtocolHeartbeater Heartbeat created at 2024-10-21 08:12:22,903 and sent to mynifi:8082 at 2024-10-21 08:12:22,911; send took 8 millis
2024-10-21 08:12:27,674 INFO [Heartbeat Monitor Thread-1] o.a.n.c.c.h.AbstractHeartbeatMonitor Finished processing 1 heartbeats in 21981 nanos
2024-10-21 08:12:27,918 INFO [Process Cluster Protocol Request-2] o.a.n.c.p.impl.SocketProtocolListener Finished processing request aec2d490-2a61-4b07-972c-deaab88043f2 (type=HEARTBEAT, length=2235 bytes) from mynifi:8080 in 2 millis
2024-10-21 08:12:27,920 INFO [Clustering Tasks Thread-2] o.a.n.c.c.ClusterProtocolHeartbeater Heartbeat created at 2024-10-21 08:12:27,912 and sent to mynifi:8082 at 2024-10-21 08:12:27,920; send took 8 millis
2024-10-21 08:12:32,675 INFO [Heartbeat Monitor Thread-1] o.a.n.c.c.h.AbstractHeartbeatMonitor Finished processing 1 heartbeats in 8648 nanos
2024-10-21 08:12:32,927 INFO [Process Cluster Protocol Request-3] o.a.n.c.p.impl.SocketProtocolListener Finished processing request 56336b67-1ecb-48d0-a96e-df8fd6cde597 (type=HEARTBEAT, length=2235 bytes) from mynifi:8080 in 2 millis
2024-10-21 08:12:32,930 INFO [Clustering Tasks Thread-2] o.a.n.c.c.ClusterProtocolHeartbeater Heartbeat created at 2024-10-21 08:12:32,921 and sent to mynifi:8082 at 2024-10-21 08:12:32,930; send took 8 millis
2024-10-21 08:12:34,475 INFO [pool-13-thread-1] o.a.n.c.r.WriteAheadFlowFileRepository Initiating checkpoint of FlowFile Repository
2024-10-21 08:12:34,475 INFO [pool-13-thread-1] o.a.n.c.r.WriteAheadFlowFileRepository Successfully checkpointed FlowFile Repository with 0 records in 0 milliseconds
2024-10-21 08:12:37,675 INFO [Heartbeat Monitor Thread-1] o.a.n.c.c.h.AbstractHeartbeatMonitor Finished processing 1 heartbeats in 22453 nanos
2024-10-21 08:12:37,936 INFO [Process Cluster Protocol Request-4] o.a.n.c.p.impl.SocketProtocolListener Finished processing request 72c693c3-bc34-4348-a1e3-8ff25fac1597 (type=HEARTBEAT, length=2235 bytes) from mynifi:8080 in 2 millis
2024-10-21 08:12:37,939 INFO [Clustering Tasks Thread-2] o.a.n.c.c.ClusterProtocolHeartbeater Heartbeat created at 2024-10-21 08:12:37,930 and sent to mynifi:8082 at 2024-10-21 08:12:37,939; send took 8 millis
2024-10-21 08:12:40,836 INFO [Write-Ahead Local State Provider Maintenance] org.wali.MinimalLockingWriteAheadLog org.wali.MinimalLockingWriteAheadLog@5de25642 checkpointed with 3 Records and 0 Swap Files in 7 milliseconds (Stop-the-world time = 4 milliseconds, Clear Edit Logs time = 0 millis), max Transaction ID 17
2024-10-21 08:12:41,907 INFO [Cleanup Archive for default] o.a.n.c.repository.FileSystemRepository Successfully deleted 0 files (0 bytes) from archive
2024-10-21 08:12:42,675 INFO [Heartbeat Monitor Thread-1] o.a.n.c.c.h.AbstractHeartbeatMonitor Finished processing 1 heartbeats in 30079 nanos
2024-10-21 08:12:42,944 INFO [Process Cluster Protocol Request-5] o.a.n.c.p.impl.SocketProtocolListener Finished processing request 7ae72fae-dd6a-4ac4-9c47-7648cc894c83 (type=HEARTBEAT, length=2235 bytes) from mynifi:8080 in 2 millis
2024-10-21 08:12:42,945 INFO [Clustering Tasks Thread-2] o.a.n.c.c.ClusterProtocolHeartbeater Heartbeat created at 2024-10-21 08:12:42,940 and sent to mynifi:8082 at 2024-10-21 08:12:42,945; send took 5 millis
2024-10-21 08:12:47,676 INFO [Heartbeat Monitor Thread-1] o.a.n.c.c.h.AbstractHeartbeatMonitor Finished processing 1 heartbeats in 27342 nanos
2024-10-21 08:12:47,952 INFO [Process Cluster Protocol Request-6] o.a.n.c.p.impl.SocketProtocolListener Finished processing request f500b738-a5f7-466d-b51f-ea1274b1bbd0 (type=HEARTBEAT, length=2235 bytes) from mynifi:8080 in 2 millis
2024-10-21 08:12:47,954 INFO [Clustering Tasks Thread-2] o.a.n.c.c.ClusterProtocolHeartbeater Heartbeat created at 2024-10-21 08:12:47,946 and sent to mynifi:8082 at 2024-10-21 08:12:47,954; send took 8 millis
2024-10-21 08:12:52,677 INFO [Heartbeat Monitor Thread-1] o.a.n.c.c.h.AbstractHeartbeatMonitor Finished processing 1 heartbeats in 81723 nanos
2024-10-21 08:12:52,956 INFO [Process Cluster Protocol Request-7] o.a.n.c.p.impl.SocketProtocolListener Finished processing request 3afbbfab-4085-4608-8097-f1a9dc7d3384 (type=HEARTBEAT, length=2235 bytes) from mynifi:8080 in 869414 nanos
2024-10-21 08:12:52,957 INFO [Clustering Tasks Thread-2] o.a.n.c.c.ClusterProtocolHeartbeater Heartbeat created at 2024-10-21 08:12:52,954 and sent to mynifi:8082 at 2024-10-21 08:12:52,957; send took 2 millis
2024-10-21 08:12:54,475 INFO [pool-13-thread-1] o.a.n.c.r.WriteAheadFlowFileRepository Initiating checkpoint of FlowFile Repository
2024-10-21 08:12:54,475 INFO [pool-13-thread-1] o.a.n.c.r.WriteAheadFlowFileRepository Successfully checkpointed FlowFile Repository with 0 records in 0 milliseconds
2024-10-21 08:12:57,677 INFO [Heartbeat Monitor Thread-1] o.a.n.c.c.h.AbstractHeartbeatMonitor Finished processing 1 heartbeats in 15607 nanos
2024-10-21 08:12:57,964 INFO [Process Cluster Protocol Request-8] o.a.n.c.p.impl.SocketProtocolListener Finished processing request fc5ec39d-6285-4295-ac36-aad5d3bf7fa4 (type=HEARTBEAT, length=2235 bytes) from mynifi:8080 in 3 millis
2024-10-21 08:12:57,966 INFO [Clustering Tasks Thread-2] o.a.n.c.c.ClusterProtocolHeartbeater Heartbeat created at 2024-10-21 08:12:57,958 and sent to mynifi:8082 at 2024-10-21 08:12:57,966; send took 8 millis
2024-10-21 08:13:02,677 INFO [Heartbeat Monitor Thread-1] o.a.n.c.c.h.AbstractHeartbeatMonitor Finished processing 1 heartbeats in 34751 nanos
2024-10-21 08:13:02,968 INFO [Process Cluster Protocol Request-9] o.a.n.c.p.impl.SocketProtocolListener Finished processing request 44150167-fe51-45db-8a19-02fed061576b (type=HEARTBEAT, length=2235 bytes) from mynifi:8080 in 714532 nanos
2024-10-21 08:13:02,969 INFO [Clustering Tasks Thread-2] o.a.n.c.c.ClusterProtocolHeartbeater Heartbeat created at 2024-10-21 08:13:02,967 and sent to mynifi:8082 at 2024-10-21 08:13:02,969; send took 2 millis
2024-10-21 08:13:07,678 INFO [Heartbeat Monitor Thread-1] o.a.n.c.c.h.AbstractHeartbeatMonitor Finished processing 1 heartbeats in 15065 nanos
2024-10-21 08:13:07,975 INFO [Process Cluster Protocol Request-10] o.a.n.c.p.impl.SocketProtocolListener Finished processing request e455d47b-b510-41ec-b16a-d48e17354125 (type=HEARTBEAT, length=2235 bytes) from mynifi:8080 in 2 millis
2024-10-21 08:13:07,978 INFO [Clustering Tasks Thread-2] o.a.n.c.c.ClusterProtocolHeartbeater Heartbeat created at 2024-10-21 08:13:07,969 and sent to mynifi:8082 at 2024-10-21 08:13:07,978; send took 8 millis
2024-10-21 08:13:12,678 INFO [Heartbeat Monitor Thread-1] o.a.n.c.c.h.AbstractHeartbeatMonitor Finished processing 1 heartbeats in 31537 nanos
2024-10-21 08:13:12,984 INFO [Process Cluster Protocol Request-1] o.a.n.c.p.impl.SocketProtocolListener Finished processing request 5d82d654-90a8-40d6-8c14-18a726d6efc8 (type=HEARTBEAT, length=2235 bytes) from mynifi:8080 in 2 millis
2024-10-21 08:13:12,985 INFO [Clustering Tasks Thread-2] o.a.n.c.c.ClusterProtocolHeartbeater Heartbeat created at 2024-10-21 08:13:12,978 and sent to mynifi:8082 at 2024-10-21 08:13:12,985; send took 6 millis
2024-10-21 08:13:14,476 INFO [pool-13-thread-1] o.a.n.c.r.WriteAheadFlowFileRepository Initiating checkpoint of FlowFile Repository
2024-10-21 08:13:14,476 INFO [pool-13-thread-1] o.a.n.c.r.WriteAheadFlowFileRepository Successfully checkpointed FlowFile Repository with 0 records in 0 milliseconds
2024-10-21 08:13:17,679 INFO [Heartbeat Monitor Thread-1] o.a.n.c.c.h.AbstractHeartbeatMonitor Finished processing 1 heartbeats in 5986 nanos
2024-10-21 08:13:17,992 INFO [Process Cluster Protocol Request-2] o.a.n.c.p.impl.SocketProtocolListener Finished processing request ea6cecd3-b559-48ae-b8f6-3c5602a7809c (type=HEARTBEAT, length=2235 bytes) from mynifi:8080 in 2 millis
2024-10-21 08:13:17,994 INFO [Clustering Tasks Thread-2] o.a.n.c.c.ClusterProtocolHeartbeater Heartbeat created at 2024-10-21 08:13:17,986 and sent to mynifi:8082 at 2024-10-21 08:13:17,994; send took 8 millis
2024-10-21 08:13:22,679 INFO [Heartbeat Monitor Thread-1] o.a.n.c.c.h.AbstractHeartbeatMonitor Finished processing 1 heartbeats in 14215 nanos
2024-10-21 08:13:23,001 INFO [Process Cluster Protocol Request-3] o.a.n.c.p.impl.SocketProtocolListener Finished processing request 4dbc6aca-7878-4d6b-b5d1-ae069e54cb2e (type=HEARTBEAT, length=2235 bytes) from mynifi:8080 in 2 millis
2024-10-21 08:13:23,004 INFO [Clustering Tasks Thread-2] o.a.n.c.c.ClusterProtocolHeartbeater Heartbeat created at 2024-10-21 08:13:22,995 and sent to mynifi:8082 at 2024-10-21 08:13:23,004; send took 8 millis
2024-10-21 08:13:27,679 INFO [Heartbeat Monitor Thread-1] o.a.n.c.c.h.AbstractHeartbeatMonitor Finished processing 1 heartbeats in 15375 nanos
2024-10-21 08:13:28,008 INFO [Process Cluster Protocol Request-4] o.a.n.c.p.impl.SocketProtocolListener Finished processing request d61dd456-b6b0-465f-946a-ce6309dcaabf (type=HEARTBEAT, length=2235 bytes) from mynifi:8080 in 861238 nanos
2024-10-21 08:13:28,008 INFO [Clustering Tasks Thread-2] o.a.n.c.c.ClusterProtocolHeartbeater Heartbeat created at 2024-10-21 08:13:28,004 and sent to mynifi:8082 at 2024-10-21 08:13:28,008; send took 4 millis
2024-10-21 08:13:32,680 INFO [Heartbeat Monitor Thread-1] o.a.n.c.c.h.AbstractHeartbeatMonitor Finished processing 1 heartbeats in 15632 nanos
2024-10-21 08:13:33,015 INFO [Process Cluster Protocol Request-5] o.a.n.c.p.impl.SocketProtocolListener Finished processing request 1ea508cb-bcee-4ecd-b758-e74c1db4a5f6 (type=HEARTBEAT, length=2235 bytes) from mynifi:8080 in 2 millis
2024-10-21 08:13:33,017 INFO [Clustering Tasks Thread-2] o.a.n.c.c.ClusterProtocolHeartbeater Heartbeat created at 2024-10-21 08:13:33,009 and sent to mynifi:8082 at 2024-10-21 08:13:33,017; send took 8 millis
2024-10-21 08:13:34,476 INFO [pool-13-thread-1] o.a.n.c.r.WriteAheadFlowFileRepository Initiating checkpoint of FlowFile Repository
2024-10-21 08:13:34,476 INFO [pool-13-thread-1] o.a.n.c.r.WriteAheadFlowFileRepository Successfully checkpointed FlowFile Repository with 0 records in 0 milliseconds
2024-10-21 08:13:37,680 INFO [Heartbeat Monitor Thread-1] o.a.n.c.c.h.AbstractHeartbeatMonitor Finished processing 1 heartbeats in 14304 nanos
2024-10-21 08:13:38,024 INFO [Process Cluster Protocol Request-6] o.a.n.c.p.impl.SocketProtocolListener Finished processing request 0111a5d8-7f7d-4366-9aef-a9ad61eeb480 (type=HEARTBEAT, length=2235 bytes) from mynifi:8080 in 2 millis
2024-10-21 08:13:38,026 INFO [Clustering Tasks Thread-2] o.a.n.c.c.ClusterProtocolHeartbeater Heartbeat created at 2024-10-21 08:13:38,018 and sent to mynifi:8082 at 2024-10-21 08:13:38,026; send took 8 millis
2024-10-21 08:13:41,919 INFO [Cleanup Archive for default] o.a.n.c.repository.FileSystemRepository Successfully deleted 0 files (0 bytes) from archive
2024-10-21 08:13:42,681 INFO [Heartbeat Monitor Thread-1] o.a.n.c.c.h.AbstractHeartbeatMonitor Finished processing 1 heartbeats in 17020 nanos
2024-10-21 08:13:43,032 INFO [Process Cluster Protocol Request-7] o.a.n.c.p.impl.SocketProtocolListener Finished processing request f15808d2-1369-431b-beea-6545fb4012e9 (type=HEARTBEAT, length=2235 bytes) from mynifi:8080 in 2 millis
2024-10-21 08:13:43,035 INFO [Clustering Tasks Thread-2] o.a.n.c.c.ClusterProtocolHeartbeater Heartbeat created at 2024-10-21 08:13:43,027 and sent to mynifi:8082 at 2024-10-21 08:13:43,035; send took 8 millis
2024-10-21 08:13:47,681 INFO [Heartbeat Monitor Thread-1] o.a.n.c.c.h.AbstractHeartbeatMonitor Finished processing 1 heartbeats in 14738 nanos
2024-10-21 08:13:48,041 INFO [Process Cluster Protocol Request-8] o.a.n.c.p.impl.SocketProtocolListener Finished processing request 6f71e17a-fe7c-4aab-b2cd-84c83c1d1277 (type=HEARTBEAT, length=2235 bytes) from mynifi:8080 in 2 millis
2024-10-21 08:13:48,044 INFO [Clustering Tasks Thread-2] o.a.n.c.c.ClusterProtocolHeartbeater Heartbeat created at 2024-10-21 08:13:48,035 and sent to mynifi:8082 at 2024-10-21 08:13:48,044; send took 8 millis
2024-10-21 08:13:52,681 INFO [Heartbeat Monitor Thread-1] o.a.n.c.c.h.AbstractHeartbeatMonitor Finished processing 1 heartbeats in 14942 nanos
2024-10-21 08:13:53,050 INFO [Process Cluster Protocol Request-9] o.a.n.c.p.impl.SocketProtocolListener Finished processing request e3da6e82-81da-47e4-b163-e4cf007f5e82 (type=HEARTBEAT, length=2235 bytes) from mynifi:8080 in 2 millis
2024-10-21 08:13:53,053 INFO [Clustering Tasks Thread-2] o.a.n.c.c.ClusterProtocolHeartbeater Heartbeat created at 2024-10-21 08:13:53,044 and sent to mynifi:8082 at 2024-10-21 08:13:53,053; send took 8 millis
2024-10-21 08:13:54,477 INFO [pool-13-thread-1] o.a.n.c.r.WriteAheadFlowFileRepository Initiating checkpoint of FlowFile Repository
2024-10-21 08:13:54,477 INFO [pool-13-thread-1] o.a.n.c.r.WriteAheadFlowFileRepository Successfully checkpointed FlowFile Repository with 0 records in 0 milliseconds
2024-10-21 08:13:57,682 INFO [Heartbeat Monitor Thread-1] o.a.n.c.c.h.AbstractHeartbeatMonitor Finished processing 1 heartbeats in 14124 nanos
2024-10-21 08:13:58,059 INFO [Process Cluster Protocol Request-10] o.a.n.c.p.impl.SocketProtocolListener Finished processing request 9d898460-6d10-4a94-8790-867617cae3ce (type=HEARTBEAT, length=2235 bytes) from mynifi:8080 in 2 millis
2024-10-21 08:13:58,061 INFO [Clustering Tasks Thread-2] o.a.n.c.c.ClusterProtocolHeartbeater Heartbeat created at 2024-10-21 08:13:58,053 and sent to mynifi:8082 at 2024-10-21 08:13:58,061; send took 8 millis
2024-10-21 08:14:02,682 INFO [Heartbeat Monitor Thread-1] o.a.n.c.c.h.AbstractHeartbeatMonitor Finished processing 1 heartbeats in 14535 nanos
2024-10-21 08:14:03,068 INFO [Process Cluster Protocol Request-1] o.a.n.c.p.impl.SocketProtocolListener Finished processing request 17b83243-a638-436e-8bcb-909eac66f166 (type=HEARTBEAT, length=2235 bytes) from mynifi:8080 in 2 millis
2024-10-21 08:14:03,070 INFO [Clustering Tasks Thread-2] o.a.n.c.c.ClusterProtocolHeartbeater Heartbeat created at 2024-10-21 08:14:03,062 and sent to mynifi:8082 at 2024-10-21 08:14:03,070; send took 8 millis
2024-10-21 08:14:07,682 INFO [Heartbeat Monitor Thread-1] o.a.n.c.c.h.AbstractHeartbeatMonitor Finished processing 1 heartbeats in 15017 nanos
2024-10-21 08:14:08,077 INFO [Process Cluster Protocol Request-2] o.a.n.c.p.impl.SocketProtocolListener Finished processing request c61a19e5-4ce7-4d87-98c6-c9f8de4c6b0d (type=HEARTBEAT, length=2235 bytes) from mynifi:8080 in 2 millis
2024-10-21 08:14:08,081 INFO [Clustering Tasks Thread-2] o.a.n.c.c.ClusterProtocolHeartbeater Heartbeat created at 2024-10-21 08:14:08,071 and sent to mynifi:8082 at 2024-10-21 08:14:08,081; send took 9 millis
2024-10-21 08:14:12,683 INFO [Heartbeat Monitor Thread-1] o.a.n.c.c.h.AbstractHeartbeatMonitor Finished processing 1 heartbeats in 14934 nanos
2024-10-21 08:14:13,087 INFO [Process Cluster Protocol Request-3] o.a.n.c.p.impl.SocketProtocolListener Finished processing request c143d65f-03f5-4766-b336-527aa492aae0 (type=HEARTBEAT, length=2235 bytes) from mynifi:8080 in 2 millis
2024-10-21 08:14:13,089 INFO [Clustering Tasks Thread-2] o.a.n.c.c.ClusterProtocolHeartbeater Heartbeat created at 2024-10-21 08:14:13,081 and sent to mynifi:8082 at 2024-10-21 08:14:13,089; send took 8 millis
2024-10-21 08:14:14,477 INFO [pool-13-thread-1] o.a.n.c.r.WriteAheadFlowFileRepository Initiating checkpoint of FlowFile Repository
2024-10-21 08:14:14,477 INFO [pool-13-thread-1] o.a.n.c.r.WriteAheadFlowFileRepository Successfully checkpointed FlowFile Repository with 0 records in 0 milliseconds
2024-10-21 08:14:17,683 INFO [Heartbeat Monitor Thread-1] o.a.n.c.c.h.AbstractHeartbeatMonitor Finished processing 1 heartbeats in 14860 nanos
2024-10-21 08:14:18,096 INFO [Process Cluster Protocol Request-4] o.a.n.c.p.impl.SocketProtocolListener Finished processing request 29b38849-fea3-41bc-be1f-b8906f7f9bea (type=HEARTBEAT, length=2235 bytes) from mynifi:8080 in 2 millis
2024-10-21 08:14:18,099 INFO [Clustering Tasks Thread-2] o.a.n.c.c.ClusterProtocolHeartbeater Heartbeat created at 2024-10-21 08:14:18,090 and sent to mynifi:8082 at 2024-10-21 08:14:18,099; send took 9 millis
2024-10-21 08:14:22,684 INFO [Heartbeat Monitor Thread-1] o.a.n.c.c.h.AbstractHeartbeatMonitor Finished processing 1 heartbeats in 6660 nanos
2024-10-21 08:14:23,105 INFO [Process Cluster Protocol Request-5] o.a.n.c.p.impl.SocketProtocolListener Finished processing request 41b4f6b3-f61e-4221-a719-0f1567d9532c (type=HEARTBEAT, length=2235 bytes) from mynifi:8080 in 2 millis
2024-10-21 08:14:23,108 INFO [Clustering Tasks Thread-2] o.a.n.c.c.ClusterProtocolHeartbeater Heartbeat created at 2024-10-21 08:14:23,099 and sent to mynifi:8082 at 2024-10-21 08:14:23,108; send took 7 millis
2024-10-21 08:14:27,684 INFO [Heartbeat Monitor Thread-1] o.a.n.c.c.h.AbstractHeartbeatMonitor Finished processing 1 heartbeats in 14397 nanos
2024-10-21 08:14:28,114 INFO [Process Cluster Protocol Request-6] o.a.n.c.p.impl.SocketProtocolListener Finished processing request c99659ca-b551-4548-aeba-bc2b2661acdb (type=HEARTBEAT, length=2235 bytes) from mynifi:8080 in 2 millis
2024-10-21 08:14:28,116 INFO [Clustering Tasks Thread-2] o.a.n.c.c.ClusterProtocolHeartbeater Heartbeat created at 2024-10-21 08:14:28,108 and sent to mynifi:8082 at 2024-10-21 08:14:28,116; send took 8 millis
2024-10-21 08:14:32,684 INFO [Heartbeat Monitor Thread-1] o.a.n.c.c.h.AbstractHeartbeatMonitor Finished processing 1 heartbeats in 14568 nanos
2024-10-21 08:14:33,123 INFO [Process Cluster Protocol Request-7] o.a.n.c.p.impl.SocketProtocolListener Finished processing request 3ec1c567-4cb9-41f0-85ab-5dcce9162763 (type=HEARTBEAT, length=2235 bytes) from mynifi:8080 in 3 millis
2024-10-21 08:14:33,126 INFO [Clustering Tasks Thread-2] o.a.n.c.c.ClusterProtocolHeartbeater Heartbeat created at 2024-10-21 08:14:33,117 and sent to mynifi:8082 at 2024-10-21 08:14:33,126; send took 9 millis
2024-10-21 08:14:34,477 INFO [pool-13-thread-1] o.a.n.c.r.WriteAheadFlowFileRepository Initiating checkpoint of FlowFile Repository
2024-10-21 08:14:34,478 INFO [pool-13-thread-1] o.a.n.c.r.WriteAheadFlowFileRepository Successfully checkpointed FlowFile Repository with 0 records in 0 milliseconds
2024-10-21 08:14:37,685 INFO [Heartbeat Monitor Thread-1] o.a.n.c.c.h.AbstractHeartbeatMonitor Finished processing 1 heartbeats in 14492 nanos
2024-10-21 08:14:38,132 INFO [Process Cluster Protocol Request-8] o.a.n.c.p.impl.SocketProtocolListener Finished processing request 51cc7720-6066-4297-aab1-1ed67d163f5f (type=HEARTBEAT, length=2235 bytes) from mynifi:8080 in 2 millis
2024-10-21 08:14:38,135 INFO [Clustering Tasks Thread-2] o.a.n.c.c.ClusterProtocolHeartbeater Heartbeat created at 2024-10-21 08:14:38,126 and sent to mynifi:8082 at 2024-10-21 08:14:38,135; send took 8 millis
2024-10-21 08:14:40,843 INFO [Write-Ahead Local State Provider Maintenance] org.wali.MinimalLockingWriteAheadLog org.wali.MinimalLockingWriteAheadLog@5de25642 checkpointed with 3 Records and 0 Swap Files in 6 milliseconds (Stop-the-world time = 4 milliseconds, Clear Edit Logs time = 0 millis), max Transaction ID 17
2024-10-21 08:14:41,953 INFO [Cleanup Archive for default] o.a.n.c.repository.FileSystemRepository Successfully deleted 0 files (0 bytes) from archive
2024-10-21 08:14:42,685 INFO [Heartbeat Monitor Thread-1] o.a.n.c.c.h.AbstractHeartbeatMonitor Finished processing 1 heartbeats in 14426 nanos
2024-10-21 08:14:43,141 INFO [Process Cluster Protocol Request-9] o.a.n.c.p.impl.SocketProtocolListener Finished processing request 08fad45f-98d6-4541-9767-f480a92c7ff6 (type=HEARTBEAT, length=2235 bytes) from mynifi:8080 in 2 millis
2024-10-21 08:14:43,143 INFO [Clustering Tasks Thread-2] o.a.n.c.c.ClusterProtocolHeartbeater Heartbeat created at 2024-10-21 08:14:43,135 and sent to mynifi:8082 at 2024-10-21 08:14:43,143; send took 8 millis
2024-10-21 08:14:47,685 INFO [Heartbeat Monitor Thread-1] o.a.n.c.c.h.AbstractHeartbeatMonitor Finished processing 1 heartbeats in 14641 nanos
2024-10-21 08:14:48,150 INFO [Process Cluster Protocol Request-10] o.a.n.c.p.impl.SocketProtocolListener Finished processing request bd7b8302-95b1-49b8-95d1-37f6716ecd75 (type=HEARTBEAT, length=2235 bytes) from mynifi:8080 in 2 millis
2024-10-21 08:14:48,152 INFO [Clustering Tasks Thread-2] o.a.n.c.c.ClusterProtocolHeartbeater Heartbeat created at 2024-10-21 08:14:48,144 and sent to mynifi:8082 at 2024-10-21 08:14:48,152; send took 8 millis
2024-10-21 08:14:52,686 INFO [Heartbeat Monitor Thread-1] o.a.n.c.c.h.AbstractHeartbeatMonitor Finished processing 1 heartbeats in 14604 nanos
2024-10-21 08:14:53,159 INFO [Process Cluster Protocol Request-1] o.a.n.c.p.impl.SocketProtocolListener Finished processing request f4b72ca7-bb0a-412a-aded-051830d1e7f0 (type=HEARTBEAT, length=2235 bytes) from mynifi:8080 in 2 millis
2024-10-21 08:14:53,161 INFO [Clustering Tasks Thread-2] o.a.n.c.c.ClusterProtocolHeartbeater Heartbeat created at 2024-10-21 08:14:53,153 and sent to mynifi:8082 at 2024-10-21 08:14:53,161; send took 8 millis
2024-10-21 08:14:54,478 INFO [pool-13-thread-1] o.a.n.c.r.WriteAheadFlowFileRepository Initiating checkpoint of FlowFile Repository
2024-10-21 08:14:54,478 INFO [pool-13-thread-1] o.a.n.c.r.WriteAheadFlowFileRepository Successfully checkpointed FlowFile Repository with 0 records in 0 milliseconds
2024-10-21 08:14:57,686 INFO [Heartbeat Monitor Thread-1] o.a.n.c.c.h.AbstractHeartbeatMonitor Finished processing 1 heartbeats in 15051 nanos
2024-10-21 08:14:58,168 INFO [Process Cluster Protocol Request-2] o.a.n.c.p.impl.SocketProtocolListener Finished processing request 4f27ddea-b043-47b6-9d43-93561f48f0e0 (type=HEARTBEAT, length=2235 bytes) from mynifi:8080 in 2 millis
2024-10-21 08:14:58,170 INFO [Clustering Tasks Thread-2] o.a.n.c.c.ClusterProtocolHeartbeater Heartbeat created at 2024-10-21 08:14:58,162 and sent to mynifi:8082 at 2024-10-21 08:14:58,170; send took 8 millis
2024-10-21 08:15:02,687 INFO [Heartbeat Monitor Thread-1] o.a.n.c.c.h.AbstractHeartbeatMonitor Finished processing 1 heartbeats in 14733 nanos
2024-10-21 08:15:03,176 INFO [Process Cluster Protocol Request-3] o.a.n.c.p.impl.SocketProtocolListener Finished processing request 20720ca0-8483-406d-8c17-3db801da2845 (type=HEARTBEAT, length=2235 bytes) from mynifi:8080 in 2 millis
2024-10-21 08:15:03,178 INFO [Clustering Tasks Thread-2] o.a.n.c.c.ClusterProtocolHeartbeater Heartbeat created at 2024-10-21 08:15:03,170 and sent to mynifi:8082 at 2024-10-21 08:15:03,178; send took 7 millis
2024-10-21 08:15:07,687 INFO [Heartbeat Monitor Thread-1] o.a.n.c.c.h.AbstractHeartbeatMonitor Finished processing 1 heartbeats in 14878 nanos
2024-10-21 08:15:08,184 INFO [Process Cluster Protocol Request-4] o.a.n.c.p.impl.SocketProtocolListener Finished processing request ddb33ab4-9c6c-4443-a1ad-e16f3aab930b (type=HEARTBEAT, length=2235 bytes) from mynifi:8080 in 2 millis
2024-10-21 08:15:08,186 INFO [Clustering Tasks Thread-2] o.a.n.c.c.ClusterProtocolHeartbeater Heartbeat created at 2024-10-21 08:15:08,178 and sent to mynifi:8082 at 2024-10-21 08:15:08,186; send took 8 millis
2024-10-21 08:15:12,687 INFO [Heartbeat Monitor Thread-1] o.a.n.c.c.h.AbstractHeartbeatMonitor Finished processing 1 heartbeats in 15190 nanos
2024-10-21 08:15:13,192 INFO [Process Cluster Protocol Request-5] o.a.n.c.p.impl.SocketProtocolListener Finished processing request 61ed2bbe-1e51-40f8-bed5-f71bb926a536 (type=HEARTBEAT, length=2235 bytes) from mynifi:8080 in 2 millis
2024-10-21 08:15:13,195 INFO [Clustering Tasks Thread-2] o.a.n.c.c.ClusterProtocolHeartbeater Heartbeat created at 2024-10-21 08:15:13,187 and sent to mynifi:8082 at 2024-10-21 08:15:13,195; send took 8 millis
2024-10-21 08:15:14,478 INFO [pool-13-thread-1] o.a.n.c.r.WriteAheadFlowFileRepository Initiating checkpoint of FlowFile Repository
2024-10-21 08:15:14,478 INFO [pool-13-thread-1] o.a.n.c.r.WriteAheadFlowFileRepository Successfully checkpointed FlowFile Repository with 0 records in 0 milliseconds
2024-10-21 08:15:17,688 INFO [Heartbeat Monitor Thread-1] o.a.n.c.c.h.AbstractHeartbeatMonitor Finished processing 1 heartbeats in 15836 nanos
2024-10-21 08:15:18,202 INFO [Process Cluster Protocol Request-6] o.a.n.c.p.impl.SocketProtocolListener Finished processing request 686b3937-94b7-4970-8ad4-495c05d0adad (type=HEARTBEAT, length=2235 bytes) from mynifi:8080 in 2 millis
2024-10-21 08:15:18,204 INFO [Clustering Tasks Thread-2] o.a.n.c.c.ClusterProtocolHeartbeater Heartbeat created at 2024-10-21 08:15:18,195 and sent to mynifi:8082 at 2024-10-21 08:15:18,204; send took 8 millis
2024-10-21 08:15:22,688 INFO [Heartbeat Monitor Thread-1] o.a.n.c.c.h.AbstractHeartbeatMonitor Finished processing 1 heartbeats in 14510 nanos
2024-10-21 08:15:23,210 INFO [Process Cluster Protocol Request-7] o.a.n.c.p.impl.SocketProtocolListener Finished processing request 166cd215-5ddd-4c35-a6a1-6da7e5f8c133 (type=HEARTBEAT, length=2235 bytes) from mynifi:8080 in 2 millis
2024-10-21 08:15:23,213 INFO [Clustering Tasks Thread-2] o.a.n.c.c.ClusterProtocolHeartbeater Heartbeat created at 2024-10-21 08:15:23,205 and sent to mynifi:8082 at 2024-10-21 08:15:23,213; send took 8 millis
2024-10-21 08:15:27,689 INFO [Heartbeat Monitor Thread-1] o.a.n.c.c.h.AbstractHeartbeatMonitor Finished processing 1 heartbeats in 15669 nanos
2024-10-21 08:15:28,219 INFO [Process Cluster Protocol Request-8] o.a.n.c.p.impl.SocketProtocolListener Finished processing request 336b4631-4115-4dae-b312-56c3ecf8a9e7 (type=HEARTBEAT, length=2235 bytes) from mynifi:8080 in 2 millis
2024-10-21 08:15:28,222 INFO [Clustering Tasks Thread-2] o.a.n.c.c.ClusterProtocolHeartbeater Heartbeat created at 2024-10-21 08:15:28,213 and sent to mynifi:8082 at 2024-10-21 08:15:28,222; send took 8 millis
2024-10-21 08:15:32,689 INFO [Heartbeat Monitor Thread-1] o.a.n.c.c.h.AbstractHeartbeatMonitor Finished processing 1 heartbeats in 25412 nanos
2024-10-21 08:15:33,228 INFO [Process Cluster Protocol Request-9] o.a.n.c.p.impl.SocketProtocolListener Finished processing request 62ad86e1-8008-4fa6-af25-f5b349d95e41 (type=HEARTBEAT, length=2235 bytes) from mynifi:8080 in 2 millis
2024-10-21 08:15:33,230 INFO [Clustering Tasks Thread-2] o.a.n.c.c.ClusterProtocolHeartbeater Heartbeat created at 2024-10-21 08:15:33,222 and sent to mynifi:8082 at 2024-10-21 08:15:33,230; send took 8 millis
2024-10-21 08:15:34,479 INFO [pool-13-thread-1] o.a.n.c.r.WriteAheadFlowFileRepository Initiating checkpoint of FlowFile Repository
2024-10-21 08:15:34,479 INFO [pool-13-thread-1] o.a.n.c.r.WriteAheadFlowFileRepository Successfully checkpointed FlowFile Repository with 0 records in 0 milliseconds
2024-10-21 08:15:37,689 INFO [Heartbeat Monitor Thread-1] o.a.n.c.c.h.AbstractHeartbeatMonitor Finished processing 1 heartbeats in 14967 nanos
2024-10-21 08:15:38,237 INFO [Process Cluster Protocol Request-10] o.a.n.c.p.impl.SocketProtocolListener Finished processing request a7cc38c2-54d4-4a35-b072-0175c58b9a2f (type=HEARTBEAT, length=2235 bytes) from mynifi:8080 in 2 millis
2024-10-21 08:15:38,239 INFO [Clustering Tasks Thread-2] o.a.n.c.c.ClusterProtocolHeartbeater Heartbeat created at 2024-10-21 08:15:38,231 and sent to mynifi:8082 at 2024-10-21 08:15:38,239; send took 8 millis
2024-10-21 08:15:41,965 INFO [Cleanup Archive for default] o.a.n.c.repository.FileSystemRepository Successfully deleted 0 files (0 bytes) from archive
2024-10-21 08:15:42,690 INFO [Heartbeat Monitor Thread-1] o.a.n.c.c.h.AbstractHeartbeatMonitor Finished processing 1 heartbeats in 14103 nanos
2024-10-21 08:15:43,246 INFO [Process Cluster Protocol Request-1] o.a.n.c.p.impl.SocketProtocolListener Finished processing request b9123830-86d1-45c6-a868-4221bf79e38a (type=HEARTBEAT, length=2235 bytes) from mynifi:8080 in 2 millis
2024-10-21 08:15:43,248 INFO [Clustering Tasks Thread-2] o.a.n.c.c.ClusterProtocolHeartbeater Heartbeat created at 2024-10-21 08:15:43,239 and sent to mynifi:8082 at 2024-10-21 08:15:43,248; send took 8 millis
2024-10-21 08:15:47,690 INFO [Heartbeat Monitor Thread-1] o.a.n.c.c.h.AbstractHeartbeatMonitor Finished processing 1 heartbeats in 14943 nanos
2024-10-21 08:15:48,254 INFO [Process Cluster Protocol Request-2] o.a.n.c.p.impl.SocketProtocolListener Finished processing request f92f1fe1-4a21-47a0-bef1-10368a0fe145 (type=HEARTBEAT, length=2235 bytes) from mynifi:8080 in 2 millis
2024-10-21 08:15:48,257 INFO [Clustering Tasks Thread-2] o.a.n.c.c.ClusterProtocolHeartbeater Heartbeat created at 2024-10-21 08:15:48,248 and sent to mynifi:8082 at 2024-10-21 08:15:48,257; send took 8 millis
2024-10-21 08:15:52,691 INFO [Heartbeat Monitor Thread-1] o.a.n.c.c.h.AbstractHeartbeatMonitor Finished processing 1 heartbeats in 14460 nanos
2024-10-21 08:15:53,263 INFO [Process Cluster Protocol Request-3] o.a.n.c.p.impl.SocketProtocolListener Finished processing request d749045a-b6d6-4fec-9c21-9a29f39ad6ad (type=HEARTBEAT, length=2235 bytes) from mynifi:8080 in 2 millis
2024-10-21 08:15:53,266 INFO [Clustering Tasks Thread-2] o.a.n.c.c.ClusterProtocolHeartbeater Heartbeat created at 2024-10-21 08:15:53,257 and sent to mynifi:8082 at 2024-10-21 08:15:53,266; send took 8 millis
2024-10-21 08:15:54,479 INFO [pool-13-thread-1] o.a.n.c.r.WriteAheadFlowFileRepository Initiating checkpoint of FlowFile Repository
2024-10-21 08:15:54,479 INFO [pool-13-thread-1] o.a.n.c.r.WriteAheadFlowFileRepository Successfully checkpointed FlowFile Repository with 0 records in 0 milliseconds
2024-10-21 08:15:57,691 INFO [Heartbeat Monitor Thread-1] o.a.n.c.c.h.AbstractHeartbeatMonitor Finished processing 1 heartbeats in 15173 nanos
2024-10-21 08:15:58,272 INFO [Process Cluster Protocol Request-4] o.a.n.c.p.impl.SocketProtocolListener Finished processing request f02d4674-f145-4b72-8168-2bdbd3688fa8 (type=HEARTBEAT, length=2235 bytes) from mynifi:8080 in 2 millis
2024-10-21 08:15:58,274 INFO [Clustering Tasks Thread-2] o.a.n.c.c.ClusterProtocolHeartbeater Heartbeat created at 2024-10-21 08:15:58,266 and sent to mynifi:8082 at 2024-10-21 08:15:58,274; send took 8 millis
2024-10-21 08:16:02,691 INFO [Heartbeat Monitor Thread-1] o.a.n.c.c.h.AbstractHeartbeatMonitor Finished processing 1 heartbeats in 15416 nanos
2024-10-21 08:16:03,281 INFO [Process Cluster Protocol Request-5] o.a.n.c.p.impl.SocketProtocolListener Finished processing request f06f5156-cbed-4fef-bfb0-970a292de370 (type=HEARTBEAT, length=2235 bytes) from mynifi:8080 in 2 millis
2024-10-21 08:16:03,283 INFO [Clustering Tasks Thread-2] o.a.n.c.c.ClusterProtocolHeartbeater Heartbeat created at 2024-10-21 08:16:03,275 and sent to mynifi:8082 at 2024-10-21 08:16:03,283; send took 8 millis
2024-10-21 08:16:07,692 INFO [Heartbeat Monitor Thread-1] o.a.n.c.c.h.AbstractHeartbeatMonitor Finished processing 1 heartbeats in 15718 nanos
2024-10-21 08:16:08,290 INFO [Process Cluster Protocol Request-6] o.a.n.c.p.impl.SocketProtocolListener Finished processing request b5891850-6045-425f-83d0-cfcb85eca59b (type=HEARTBEAT, length=2235 bytes) from mynifi:8080 in 2 millis
2024-10-21 08:16:08,293 INFO [Clustering Tasks Thread-2] o.a.n.c.c.ClusterProtocolHeartbeater Heartbeat created at 2024-10-21 08:16:08,284 and sent to mynifi:8082 at 2024-10-21 08:16:08,293; send took 9 millis
2024-10-21 08:16:12,692 INFO [Heartbeat Monitor Thread-1] o.a.n.c.c.h.AbstractHeartbeatMonitor Finished processing 1 heartbeats in 12161 nanos
2024-10-21 08:16:13,299 INFO [Process Cluster Protocol Request-7] o.a.n.c.p.impl.SocketProtocolListener Finished processing request 76f05b66-c27d-495f-b402-5b8115790e41 (type=HEARTBEAT, length=2235 bytes) from mynifi:8080 in 2 millis
2024-10-21 08:16:13,302 INFO [Clustering Tasks Thread-2] o.a.n.c.c.ClusterProtocolHeartbeater Heartbeat created at 2024-10-21 08:16:13,293 and sent to mynifi:8082 at 2024-10-21 08:16:13,302; send took 8 millis
2024-10-21 08:16:14,479 INFO [pool-13-thread-1] o.a.n.c.r.WriteAheadFlowFileRepository Initiating checkpoint of FlowFile Repository
2024-10-21 08:16:14,480 INFO [pool-13-thread-1] o.a.n.c.r.WriteAheadFlowFileRepository Successfully checkpointed FlowFile Repository with 0 records in 0 milliseconds
2024-10-21 08:16:17,693 INFO [Heartbeat Monitor Thread-1] o.a.n.c.c.h.AbstractHeartbeatMonitor Finished processing 1 heartbeats in 16298 nanos
2024-10-21 08:16:18,304 INFO [Process Cluster Protocol Request-8] o.a.n.c.p.impl.SocketProtocolListener Finished processing request 89381141-f1ac-46b2-bca9-c1b3eb98bc45 (type=HEARTBEAT, length=2235 bytes) from mynifi:8080 in 796080 nanos
2024-10-21 08:16:18,305 INFO [Clustering Tasks Thread-2] o.a.n.c.c.ClusterProtocolHeartbeater Heartbeat created at 2024-10-21 08:16:18,302 and sent to mynifi:8082 at 2024-10-21 08:16:18,305; send took 2 millis
2024-10-21 08:16:22,693 INFO [Heartbeat Monitor Thread-1] o.a.n.c.c.h.AbstractHeartbeatMonitor Finished processing 1 heartbeats in 15197 nanos
2024-10-21 08:16:23,311 INFO [Process Cluster Protocol Request-9] o.a.n.c.p.impl.SocketProtocolListener Finished processing request 8cd6fe79-aaa8-4586-b36a-ad5e07554664 (type=HEARTBEAT, length=2235 bytes) from mynifi:8080 in 2 millis
2024-10-21 08:16:23,313 INFO [Clustering Tasks Thread-2] o.a.n.c.c.ClusterProtocolHeartbeater Heartbeat created at 2024-10-21 08:16:23,305 and sent to mynifi:8082 at 2024-10-21 08:16:23,313; send took 8 millis
2024-10-21 08:16:27,693 INFO [Heartbeat Monitor Thread-1] o.a.n.c.c.h.AbstractHeartbeatMonitor Finished processing 1 heartbeats in 14990 nanos
2024-10-21 08:16:28,320 INFO [Process Cluster Protocol Request-10] o.a.n.c.p.impl.SocketProtocolListener Finished processing request 3b3c90ee-b221-4097-8fb0-56eb57332088 (type=HEARTBEAT, length=2235 bytes) from mynifi:8080 in 2 millis
2024-10-21 08:16:28,322 INFO [Clustering Tasks Thread-2] o.a.n.c.c.ClusterProtocolHeartbeater Heartbeat created at 2024-10-21 08:16:28,314 and sent to mynifi:8082 at 2024-10-21 08:16:28,322; send took 8 millis
2024-10-21 08:16:32,694 INFO [Heartbeat Monitor Thread-1] o.a.n.c.c.h.AbstractHeartbeatMonitor Finished processing 1 heartbeats in 15097 nanos
2024-10-21 08:16:33,329 INFO [Process Cluster Protocol Request-1] o.a.n.c.p.impl.SocketProtocolListener Finished processing request ca1fb231-d406-4757-9b6b-a40354f87a24 (type=HEARTBEAT, length=2235 bytes) from mynifi:8080 in 2 millis
2024-10-21 08:16:33,331 INFO [Clustering Tasks Thread-2] o.a.n.c.c.ClusterProtocolHeartbeater Heartbeat created at 2024-10-21 08:16:33,323 and sent to mynifi:8082 at 2024-10-21 08:16:33,331; send took 8 millis
2024-10-21 08:16:34,480 INFO [pool-13-thread-1] o.a.n.c.r.WriteAheadFlowFileRepository Initiating checkpoint of FlowFile Repository
2024-10-21 08:16:34,480 INFO [pool-13-thread-1] o.a.n.c.r.WriteAheadFlowFileRepository Successfully checkpointed FlowFile Repository with 0 records in 0 milliseconds
2024-10-21 08:16:37,694 INFO [Heartbeat Monitor Thread-1] o.a.n.c.c.h.AbstractHeartbeatMonitor Finished processing 1 heartbeats in 6674 nanos
2024-10-21 08:16:38,337 INFO [Process Cluster Protocol Request-2] o.a.n.c.p.impl.SocketProtocolListener Finished processing request 4392ebc1-f691-445c-9518-2debdf95ab9e (type=HEARTBEAT, length=2235 bytes) from mynifi:8080 in 2 millis
2024-10-21 08:16:38,340 INFO [Clustering Tasks Thread-2] o.a.n.c.c.ClusterProtocolHeartbeater Heartbeat created at 2024-10-21 08:16:38,331 and sent to mynifi:8082 at 2024-10-21 08:16:38,340; send took 8 millis
2024-10-21 08:16:40,854 INFO [Write-Ahead Local State Provider Maintenance] org.wali.MinimalLockingWriteAheadLog org.wali.MinimalLockingWriteAheadLog@5de25642 checkpointed with 3 Records and 0 Swap Files in 10 milliseconds (Stop-the-world time = 4 milliseconds, Clear Edit Logs time = 4 millis), max Transaction ID 17
2024-10-21 08:16:41,977 INFO [Cleanup Archive for default] o.a.n.c.repository.FileSystemRepository Successfully deleted 0 files (0 bytes) from archive
2024-10-21 08:16:42,694 INFO [Heartbeat Monitor Thread-1] o.a.n.c.c.h.AbstractHeartbeatMonitor Finished processing 1 heartbeats in 14467 nanos
2024-10-21 08:16:43,342 INFO [Process Cluster Protocol Request-3] o.a.n.c.p.impl.SocketProtocolListener Finished processing request 16c524e6-58cb-488f-94f5-a40826f7edf3 (type=HEARTBEAT, length=2235 bytes) from mynifi:8080 in 776939 nanos
2024-10-21 08:16:43,342 INFO [Clustering Tasks Thread-2] o.a.n.c.c.ClusterProtocolHeartbeater Heartbeat created at 2024-10-21 08:16:43,340 and sent to mynifi:8082 at 2024-10-21 08:16:43,342; send took 2 millis
2024-10-21 08:16:47,695 INFO [Heartbeat Monitor Thread-1] o.a.n.c.c.h.AbstractHeartbeatMonitor Finished processing 1 heartbeats in 14924 nanos
2024-10-21 08:16:48,349 INFO [Process Cluster Protocol Request-4] o.a.n.c.p.impl.SocketProtocolListener Finished processing request f62319ad-b1dd-47ce-9272-a3e974ce02c6 (type=HEARTBEAT, length=2235 bytes) from mynifi:8080 in 2 millis
2024-10-21 08:16:48,351 INFO [Clustering Tasks Thread-2] o.a.n.c.c.ClusterProtocolHeartbeater Heartbeat created at 2024-10-21 08:16:48,343 and sent to mynifi:8082 at 2024-10-21 08:16:48,351; send took 8 millis
2024-10-21 08:16:52,695 INFO [Heartbeat Monitor Thread-1] o.a.n.c.c.h.AbstractHeartbeatMonitor Finished processing 1 heartbeats in 14713 nanos
2024-10-21 08:16:53,358 INFO [Process Cluster Protocol Request-5] o.a.n.c.p.impl.SocketProtocolListener Finished processing request da57dfda-24dd-470a-a3f1-cdbba4b61e0c (type=HEARTBEAT, length=2235 bytes) from mynifi:8080 in 2 millis
2024-10-21 08:16:53,360 INFO [Clustering Tasks Thread-2] o.a.n.c.c.ClusterProtocolHeartbeater Heartbeat created at 2024-10-21 08:16:53,352 and sent to mynifi:8082 at 2024-10-21 08:16:53,360; send took 8 millis
2024-10-21 08:16:54,480 INFO [pool-13-thread-1] o.a.n.c.r.WriteAheadFlowFileRepository Initiating checkpoint of FlowFile Repository
2024-10-21 08:16:54,481 INFO [pool-13-thread-1] o.a.n.c.r.WriteAheadFlowFileRepository Successfully checkpointed FlowFile Repository with 0 records in 0 milliseconds
2024-10-21 08:16:57,696 INFO [Heartbeat Monitor Thread-1] o.a.n.c.c.h.AbstractHeartbeatMonitor Finished processing 1 heartbeats in 15627 nanos
2024-10-21 08:16:58,367 INFO [Process Cluster Protocol Request-6] o.a.n.c.p.impl.SocketProtocolListener Finished processing request 50abcd16-ae47-4474-b964-174f654a5af1 (type=HEARTBEAT, length=2235 bytes) from mynifi:8080 in 2 millis
2024-10-21 08:16:58,369 INFO [Clustering Tasks Thread-2] o.a.n.c.c.ClusterProtocolHeartbeater Heartbeat created at 2024-10-21 08:16:58,360 and sent to mynifi:8082 at 2024-10-21 08:16:58,369; send took 8 millis
2024-10-21 08:17:02,696 INFO [Heartbeat Monitor Thread-1] o.a.n.c.c.h.AbstractHeartbeatMonitor Finished processing 1 heartbeats in 15750 nanos
2024-10-21 08:17:03,376 INFO [Process Cluster Protocol Request-7] o.a.n.c.p.impl.SocketProtocolListener Finished processing request 818b7849-a4de-4a3e-95b6-46c9ac8fd27d (type=HEARTBEAT, length=2235 bytes) from mynifi:8080 in 2 millis
2024-10-21 08:17:03,378 INFO [Clustering Tasks Thread-2] o.a.n.c.c.ClusterProtocolHeartbeater Heartbeat created at 2024-10-21 08:17:03,370 and sent to mynifi:8082 at 2024-10-21 08:17:03,378; send took 8 millis
2024-10-21 08:17:07,696 INFO [Heartbeat Monitor Thread-1] o.a.n.c.c.h.AbstractHeartbeatMonitor Finished processing 1 heartbeats in 14950 nanos
2024-10-21 08:17:08,384 INFO [Process Cluster Protocol Request-8] o.a.n.c.p.impl.SocketProtocolListener Finished processing request bc1c1af1-9598-43ba-ac96-e3e448bb43a8 (type=HEARTBEAT, length=2235 bytes) from mynifi:8080 in 2 millis
2024-10-21 08:17:08,387 INFO [Clustering Tasks Thread-2] o.a.n.c.c.ClusterProtocolHeartbeater Heartbeat created at 2024-10-21 08:17:08,378 and sent to mynifi:8082 at 2024-10-21 08:17:08,387; send took 8 millis
2024-10-21 08:17:12,697 INFO [Heartbeat Monitor Thread-1] o.a.n.c.c.h.AbstractHeartbeatMonitor Finished processing 1 heartbeats in 14819 nanos
2024-10-21 08:17:13,393 INFO [Process Cluster Protocol Request-9] o.a.n.c.p.impl.SocketProtocolListener Finished processing request d21fb18a-420c-4de2-bdac-aa7e663aa7fe (type=HEARTBEAT, length=2235 bytes) from mynifi:8080 in 2 millis
2024-10-21 08:17:13,396 INFO [Clustering Tasks Thread-2] o.a.n.c.c.ClusterProtocolHeartbeater Heartbeat created at 2024-10-21 08:17:13,387 and sent to mynifi:8082 at 2024-10-21 08:17:13,396; send took 8 millis
2024-10-21 08:17:14,481 INFO [pool-13-thread-1] o.a.n.c.r.WriteAheadFlowFileRepository Initiating checkpoint of FlowFile Repository
2024-10-21 08:17:14,481 INFO [pool-13-thread-1] o.a.n.c.r.WriteAheadFlowFileRepository Successfully checkpointed FlowFile Repository with 0 records in 0 milliseconds
2024-10-21 08:17:17,697 INFO [Heartbeat Monitor Thread-1] o.a.n.c.c.h.AbstractHeartbeatMonitor Finished processing 1 heartbeats in 6379 nanos
2024-10-21 08:17:18,402 INFO [Process Cluster Protocol Request-10] o.a.n.c.p.impl.SocketProtocolListener Finished processing request 633856dc-e62e-4281-b3d2-6b6c037652c5 (type=HEARTBEAT, length=2235 bytes) from mynifi:8080 in 2 millis
2024-10-21 08:17:18,405 INFO [Clustering Tasks Thread-2] o.a.n.c.c.ClusterProtocolHeartbeater Heartbeat created at 2024-10-21 08:17:18,396 and sent to mynifi:8082 at 2024-10-21 08:17:18,405; send took 8 millis
2024-10-21 08:17:22,697 INFO [Heartbeat Monitor Thread-1] o.a.n.c.c.h.AbstractHeartbeatMonitor Finished processing 1 heartbeats in 14080 nanos
2024-10-21 08:17:23,411 INFO [Process Cluster Protocol Request-1] o.a.n.c.p.impl.SocketProtocolListener Finished processing request 8e0a3011-b466-419b-ae8c-01876b2e6810 (type=HEARTBEAT, length=2235 bytes) from mynifi:8080 in 2 millis
2024-10-21 08:17:23,414 INFO [Clustering Tasks Thread-2] o.a.n.c.c.ClusterProtocolHeartbeater Heartbeat created at 2024-10-21 08:17:23,405 and sent to mynifi:8082 at 2024-10-21 08:17:23,413; send took 8 millis
2024-10-21 08:17:27,698 INFO [Heartbeat Monitor Thread-1] o.a.n.c.c.h.AbstractHeartbeatMonitor Finished processing 1 heartbeats in 15430 nanos
2024-10-21 08:17:28,420 INFO [Process Cluster Protocol Request-2] o.a.n.c.p.impl.SocketProtocolListener Finished processing request 017e2b93-135f-4af1-acec-b3a74b4688b0 (type=HEARTBEAT, length=2235 bytes) from mynifi:8080 in 2 millis
2024-10-21 08:17:28,422 INFO [Clustering Tasks Thread-2] o.a.n.c.c.ClusterProtocolHeartbeater Heartbeat created at 2024-10-21 08:17:28,414 and sent to mynifi:8082 at 2024-10-21 08:17:28,422; send took 8 millis
2024-10-21 08:17:32,698 INFO [Heartbeat Monitor Thread-1] o.a.n.c.c.h.AbstractHeartbeatMonitor Finished processing 1 heartbeats in 10252 nanos
2024-10-21 08:17:33,428 INFO [Process Cluster Protocol Request-3] o.a.n.c.p.impl.SocketProtocolListener Finished processing request 9679c8df-f48b-4f28-a649-4935142c39e3 (type=HEARTBEAT, length=2235 bytes) from mynifi:8080 in 2 millis
2024-10-21 08:17:33,431 INFO [Clustering Tasks Thread-2] o.a.n.c.c.ClusterProtocolHeartbeater Heartbeat created at 2024-10-21 08:17:33,423 and sent to mynifi:8082 at 2024-10-21 08:17:33,431; send took 8 millis
2024-10-21 08:17:34,481 INFO [pool-13-thread-1] o.a.n.c.r.WriteAheadFlowFileRepository Initiating checkpoint of FlowFile Repository
2024-10-21 08:17:34,482 INFO [pool-13-thread-1] o.a.n.c.r.WriteAheadFlowFileRepository Successfully checkpointed FlowFile Repository with 0 records in 0 milliseconds
2024-10-21 08:17:37,699 INFO [Heartbeat Monitor Thread-1] o.a.n.c.c.h.AbstractHeartbeatMonitor Finished processing 1 heartbeats in 6776 nanos
2024-10-21 08:17:38,438 INFO [Process Cluster Protocol Request-4] o.a.n.c.p.impl.SocketProtocolListener Finished processing request 6dc9f986-29f2-48e2-a802-0250c5b6b362 (type=HEARTBEAT, length=2235 bytes) from mynifi:8080 in 2 millis
2024-10-21 08:17:38,440 INFO [Clustering Tasks Thread-2] o.a.n.c.c.ClusterProtocolHeartbeater Heartbeat created at 2024-10-21 08:17:38,432 and sent to mynifi:8082 at 2024-10-21 08:17:38,440; send took 8 millis
2024-10-21 08:17:41,989 INFO [Cleanup Archive for default] o.a.n.c.repository.FileSystemRepository Successfully deleted 0 files (0 bytes) from archive
2024-10-21 08:17:42,699 INFO [Heartbeat Monitor Thread-1] o.a.n.c.c.h.AbstractHeartbeatMonitor Finished processing 1 heartbeats in 14945 nanos
2024-10-21 08:17:43,442 INFO [Process Cluster Protocol Request-5] o.a.n.c.p.impl.SocketProtocolListener Finished processing request 7a699453-b507-4153-9be3-5e6e040df1b4 (type=HEARTBEAT, length=2235 bytes) from mynifi:8080 in 765346 nanos
2024-10-21 08:17:43,443 INFO [Clustering Tasks Thread-2] o.a.n.c.c.ClusterProtocolHeartbeater Heartbeat created at 2024-10-21 08:17:43,440 and sent to mynifi:8082 at 2024-10-21 08:17:43,443; send took 2 millis
2024-10-21 08:17:47,699 INFO [Heartbeat Monitor Thread-1] o.a.n.c.c.h.AbstractHeartbeatMonitor Finished processing 1 heartbeats in 14627 nanos
2024-10-21 08:17:48,450 INFO [Process Cluster Protocol Request-6] o.a.n.c.p.impl.SocketProtocolListener Finished processing request da8f0d45-28b6-4f97-86b3-949fd5eb6d89 (type=HEARTBEAT, length=2235 bytes) from mynifi:8080 in 2 millis
2024-10-21 08:17:48,452 INFO [Clustering Tasks Thread-2] o.a.n.c.c.ClusterProtocolHeartbeater Heartbeat created at 2024-10-21 08:17:48,444 and sent to mynifi:8082 at 2024-10-21 08:17:48,452; send took 8 millis
2024-10-21 08:17:52,700 INFO [Heartbeat Monitor Thread-1] o.a.n.c.c.h.AbstractHeartbeatMonitor Finished processing 1 heartbeats in 16080 nanos
2024-10-21 08:17:53,459 INFO [Process Cluster Protocol Request-7] o.a.n.c.p.impl.SocketProtocolListener Finished processing request 25c7e93a-411b-47ea-a10b-c833d091ff91 (type=HEARTBEAT, length=2235 bytes) from mynifi:8080 in 2 millis
2024-10-21 08:17:53,461 INFO [Clustering Tasks Thread-2] o.a.n.c.c.ClusterProtocolHeartbeater Heartbeat created at 2024-10-21 08:17:53,453 and sent to mynifi:8082 at 2024-10-21 08:17:53,461; send took 8 millis
2024-10-21 08:17:54,482 INFO [pool-13-thread-1] o.a.n.c.r.WriteAheadFlowFileRepository Initiating checkpoint of FlowFile Repository
2024-10-21 08:17:54,482 INFO [pool-13-thread-1] o.a.n.c.r.WriteAheadFlowFileRepository Successfully checkpointed FlowFile Repository with 0 records in 0 milliseconds
2024-10-21 08:17:57,700 INFO [Heartbeat Monitor Thread-1] o.a.n.c.c.h.AbstractHeartbeatMonitor Finished processing 1 heartbeats in 14887 nanos
2024-10-21 08:17:58,467 INFO [Process Cluster Protocol Request-8] o.a.n.c.p.impl.SocketProtocolListener Finished processing request 94960845-1ae3-4098-85f6-3c61c4edddf6 (type=HEARTBEAT, length=2235 bytes) from mynifi:8080 in 2 millis
2024-10-21 08:17:58,470 INFO [Clustering Tasks Thread-2] o.a.n.c.c.ClusterProtocolHeartbeater Heartbeat created at 2024-10-21 08:17:58,461 and sent to mynifi:8082 at 2024-10-21 08:17:58,470; send took 8 millis
2024-10-21 08:18:02,700 INFO [Heartbeat Monitor Thread-1] o.a.n.c.c.h.AbstractHeartbeatMonitor Finished processing 1 heartbeats in 14308 nanos
2024-10-21 08:18:03,475 INFO [Process Cluster Protocol Request-9] o.a.n.c.p.impl.SocketProtocolListener Finished processing request 4ddf669e-4d05-4269-af39-0dad673d27cf (type=HEARTBEAT, length=2235 bytes) from mynifi:8080 in 2 millis
2024-10-21 08:18:03,477 INFO [Clustering Tasks Thread-2] o.a.n.c.c.ClusterProtocolHeartbeater Heartbeat created at 2024-10-21 08:18:03,471 and sent to mynifi:8082 at 2024-10-21 08:18:03,477; send took 6 millis
2024-10-21 08:18:07,701 INFO [Heartbeat Monitor Thread-1] o.a.n.c.c.h.AbstractHeartbeatMonitor Finished processing 1 heartbeats in 14496 nanos
2024-10-21 08:18:08,479 INFO [Process Cluster Protocol Request-10] o.a.n.c.p.impl.SocketProtocolListener Finished processing request a247781e-1f05-45ed-b200-2ab1cbcdcc76 (type=HEARTBEAT, length=2235 bytes) from mynifi:8080 in 716532 nanos
2024-10-21 08:18:08,480 INFO [Clustering Tasks Thread-2] o.a.n.c.c.ClusterProtocolHeartbeater Heartbeat created at 2024-10-21 08:18:08,477 and sent to mynifi:8082 at 2024-10-21 08:18:08,480; send took 2 millis
2024-10-21 08:18:12,701 INFO [Heartbeat Monitor Thread-1] o.a.n.c.c.h.AbstractHeartbeatMonitor Finished processing 1 heartbeats in 14689 nanos
2024-10-21 08:18:13,487 INFO [Process Cluster Protocol Request-1] o.a.n.c.p.impl.SocketProtocolListener Finished processing request 415deb6a-db65-49e9-81ff-ae5cee5cf64a (type=HEARTBEAT, length=2235 bytes) from mynifi:8080 in 2 millis
2024-10-21 08:18:13,490 INFO [Clustering Tasks Thread-2] o.a.n.c.c.ClusterProtocolHeartbeater Heartbeat created at 2024-10-21 08:18:13,481 and sent to mynifi:8082 at 2024-10-21 08:18:13,490; send took 8 millis
2024-10-21 08:18:14,482 INFO [pool-13-thread-1] o.a.n.c.r.WriteAheadFlowFileRepository Initiating checkpoint of FlowFile Repository
2024-10-21 08:18:14,482 INFO [pool-13-thread-1] o.a.n.c.r.WriteAheadFlowFileRepository Successfully checkpointed FlowFile Repository with 0 records in 0 milliseconds
2024-10-21 08:18:17,701 INFO [Heartbeat Monitor Thread-1] o.a.n.c.c.h.AbstractHeartbeatMonitor Finished processing 1 heartbeats in 6104 nanos
2024-10-21 08:18:18,496 INFO [Process Cluster Protocol Request-2] o.a.n.c.p.impl.SocketProtocolListener Finished processing request c13e1e8b-c339-4f74-b6d5-f400e1bd4270 (type=HEARTBEAT, length=2235 bytes) from mynifi:8080 in 2 millis
2024-10-21 08:18:18,499 INFO [Clustering Tasks Thread-2] o.a.n.c.c.ClusterProtocolHeartbeater Heartbeat created at 2024-10-21 08:18:18,490 and sent to mynifi:8082 at 2024-10-21 08:18:18,499; send took 8 millis
2024-10-21 08:18:22,702 INFO [Heartbeat Monitor Thread-1] o.a.n.c.c.h.AbstractHeartbeatMonitor Finished processing 1 heartbeats in 14092 nanos
2024-10-21 08:18:23,505 INFO [Process Cluster Protocol Request-3] o.a.n.c.p.impl.SocketProtocolListener Finished processing request 968bd122-8c8f-4284-8e6b-fc330b544137 (type=HEARTBEAT, length=2235 bytes) from mynifi:8080 in 2 millis
2024-10-21 08:18:23,508 INFO [Clustering Tasks Thread-2] o.a.n.c.c.ClusterProtocolHeartbeater Heartbeat created at 2024-10-21 08:18:23,499 and sent to mynifi:8082 at 2024-10-21 08:18:23,508; send took 8 millis
2024-10-21 08:18:27,702 INFO [Heartbeat Monitor Thread-1] o.a.n.c.c.h.AbstractHeartbeatMonitor Finished processing 1 heartbeats in 14747 nanos
2024-10-21 08:18:28,514 INFO [Process Cluster Protocol Request-4] o.a.n.c.p.impl.SocketProtocolListener Finished processing request 63ed0b97-16a8-440f-a0f7-af105210393b (type=HEARTBEAT, length=2235 bytes) from mynifi:8080 in 2 millis
2024-10-21 08:18:28,517 INFO [Clustering Tasks Thread-2] o.a.n.c.c.ClusterProtocolHeartbeater Heartbeat created at 2024-10-21 08:18:28,508 and sent to mynifi:8082 at 2024-10-21 08:18:28,517; send took 8 millis
2024-10-21 08:18:32,702 INFO [Heartbeat Monitor Thread-1] o.a.n.c.c.h.AbstractHeartbeatMonitor Finished processing 1 heartbeats in 14024 nanos
2024-10-21 08:18:33,523 INFO [Process Cluster Protocol Request-5] o.a.n.c.p.impl.SocketProtocolListener Finished processing request fe3f1d2b-86a9-4865-b260-59e1f638e595 (type=HEARTBEAT, length=2235 bytes) from mynifi:8080 in 2 millis
2024-10-21 08:18:33,526 INFO [Clustering Tasks Thread-2] o.a.n.c.c.ClusterProtocolHeartbeater Heartbeat created at 2024-10-21 08:18:33,517 and sent to mynifi:8082 at 2024-10-21 08:18:33,526; send took 8 millis
2024-10-21 08:18:34,482 INFO [pool-13-thread-1] o.a.n.c.r.WriteAheadFlowFileRepository Initiating checkpoint of FlowFile Repository
2024-10-21 08:18:34,483 INFO [pool-13-thread-1] o.a.n.c.r.WriteAheadFlowFileRepository Successfully checkpointed FlowFile Repository with 0 records in 0 milliseconds
2024-10-21 08:18:37,703 INFO [Heartbeat Monitor Thread-1] o.a.n.c.c.h.AbstractHeartbeatMonitor Finished processing 1 heartbeats in 16872 nanos
2024-10-21 08:18:38,532 INFO [Process Cluster Protocol Request-6] o.a.n.c.p.impl.SocketProtocolListener Finished processing request 1a757d6b-a296-4929-8e6c-d523d44abb9c (type=HEARTBEAT, length=2235 bytes) from mynifi:8080 in 2 millis
2024-10-21 08:18:38,534 INFO [Clustering Tasks Thread-2] o.a.n.c.c.ClusterProtocolHeartbeater Heartbeat created at 2024-10-21 08:18:38,526 and sent to mynifi:8082 at 2024-10-21 08:18:38,534; send took 8 millis
2024-10-21 08:18:40,862 INFO [Write-Ahead Local State Provider Maintenance] org.wali.MinimalLockingWriteAheadLog org.wali.MinimalLockingWriteAheadLog@5de25642 checkpointed with 3 Records and 0 Swap Files in 7 milliseconds (Stop-the-world time = 4 milliseconds, Clear Edit Logs time = 1 millis), max Transaction ID 17
2024-10-21 08:18:42,008 INFO [Cleanup Archive for default] o.a.n.c.repository.FileSystemRepository Successfully deleted 0 files (0 bytes) from archive
2024-10-21 08:18:42,703 INFO [Heartbeat Monitor Thread-1] o.a.n.c.c.h.AbstractHeartbeatMonitor Finished processing 1 heartbeats in 13885 nanos
2024-10-21 08:18:43,537 INFO [Process Cluster Protocol Request-7] o.a.n.c.p.impl.SocketProtocolListener Finished processing request 15c62709-256b-4498-b6f3-573226b29874 (type=HEARTBEAT, length=2235 bytes) from mynifi:8080 in 1 millis
2024-10-21 08:18:43,538 INFO [Clustering Tasks Thread-2] o.a.n.c.c.ClusterProtocolHeartbeater Heartbeat created at 2024-10-21 08:18:43,535 and sent to mynifi:8082 at 2024-10-21 08:18:43,538; send took 3 millis
2024-10-21 08:18:47,704 INFO [Heartbeat Monitor Thread-1] o.a.n.c.c.h.AbstractHeartbeatMonitor Finished processing 1 heartbeats in 6992 nanos
2024-10-21 08:18:48,541 INFO [Process Cluster Protocol Request-8] o.a.n.c.p.impl.SocketProtocolListener Finished processing request 167428e5-359f-408e-a2e5-05a9cd330bc5 (type=HEARTBEAT, length=2235 bytes) from mynifi:8080 in 957740 nanos
2024-10-21 08:18:48,541 INFO [Clustering Tasks Thread-2] o.a.n.c.c.ClusterProtocolHeartbeater Heartbeat created at 2024-10-21 08:18:48,538 and sent to mynifi:8082 at 2024-10-21 08:18:48,541; send took 3 millis
2024-10-21 08:18:52,704 INFO [Heartbeat Monitor Thread-1] o.a.n.c.c.h.AbstractHeartbeatMonitor Finished processing 1 heartbeats in 14524 nanos
2024-10-21 08:18:53,548 INFO [Process Cluster Protocol Request-9] o.a.n.c.p.impl.SocketProtocolListener Finished processing request 1308feca-723c-40b9-a83f-c2f81d48fe83 (type=HEARTBEAT, length=2235 bytes) from mynifi:8080 in 2 millis
2024-10-21 08:18:53,550 INFO [Clustering Tasks Thread-2] o.a.n.c.c.ClusterProtocolHeartbeater Heartbeat created at 2024-10-21 08:18:53,542 and sent to mynifi:8082 at 2024-10-21 08:18:53,550; send took 8 millis
2024-10-21 08:18:54,483 INFO [pool-13-thread-1] o.a.n.c.r.WriteAheadFlowFileRepository Initiating checkpoint of FlowFile Repository
2024-10-21 08:18:54,483 INFO [pool-13-thread-1] o.a.n.c.r.WriteAheadFlowFileRepository Successfully checkpointed FlowFile Repository with 0 records in 0 milliseconds
2024-10-21 08:18:57,704 INFO [Heartbeat Monitor Thread-1] o.a.n.c.c.h.AbstractHeartbeatMonitor Finished processing 1 heartbeats in 6615 nanos
2024-10-21 08:18:58,557 INFO [Process Cluster Protocol Request-10] o.a.n.c.p.impl.SocketProtocolListener Finished processing request cc32a503-72e4-436f-ba5d-38516462805d (type=HEARTBEAT, length=2235 bytes) from mynifi:8080 in 2 millis
2024-10-21 08:18:58,559 INFO [Clustering Tasks Thread-2] o.a.n.c.c.ClusterProtocolHeartbeater Heartbeat created at 2024-10-21 08:18:58,551 and sent to mynifi:8082 at 2024-10-21 08:18:58,559; send took 8 millis
2024-10-21 08:19:02,704 INFO [Heartbeat Monitor Thread-1] o.a.n.c.c.h.AbstractHeartbeatMonitor Finished processing 1 heartbeats in 29601 nanos
2024-10-21 08:19:03,565 INFO [Process Cluster Protocol Request-1] o.a.n.c.p.impl.SocketProtocolListener Finished processing request 615a2624-4f51-4b46-b61b-54a51d5ce273 (type=HEARTBEAT, length=2235 bytes) from mynifi:8080 in 2 millis
2024-10-21 08:19:03,568 INFO [Clustering Tasks Thread-2] o.a.n.c.c.ClusterProtocolHeartbeater Heartbeat created at 2024-10-21 08:19:03,559 and sent to mynifi:8082 at 2024-10-21 08:19:03,568; send took 8 millis
2024-10-21 08:19:07,705 INFO [Heartbeat Monitor Thread-1] o.a.n.c.c.h.AbstractHeartbeatMonitor Finished processing 1 heartbeats in 14951 nanos
2024-10-21 08:19:08,572 INFO [Process Cluster Protocol Request-2] o.a.n.c.p.impl.SocketProtocolListener Finished processing request 7c74bb50-0f95-486b-a349-1bedb0008de9 (type=HEARTBEAT, length=2235 bytes) from mynifi:8080 in 1 millis
2024-10-21 08:19:08,573 INFO [Clustering Tasks Thread-2] o.a.n.c.c.ClusterProtocolHeartbeater Heartbeat created at 2024-10-21 08:19:08,568 and sent to mynifi:8082 at 2024-10-21 08:19:08,573; send took 4 millis
2024-10-21 08:19:12,705 INFO [Heartbeat Monitor Thread-1] o.a.n.c.c.h.AbstractHeartbeatMonitor Finished processing 1 heartbeats in 15357 nanos
2024-10-21 08:19:13,578 INFO [Process Cluster Protocol Request-3] o.a.n.c.p.impl.SocketProtocolListener Finished processing request 9282e1e4-688e-45ef-be3d-cf52ef7e672c (type=HEARTBEAT, length=2235 bytes) from mynifi:8080 in 1 millis
2024-10-21 08:19:13,579 INFO [Clustering Tasks Thread-2] o.a.n.c.c.ClusterProtocolHeartbeater Heartbeat created at 2024-10-21 08:19:13,573 and sent to mynifi:8082 at 2024-10-21 08:19:13,579; send took 5 millis
2024-10-21 08:19:14,483 INFO [pool-13-thread-1] o.a.n.c.r.WriteAheadFlowFileRepository Initiating checkpoint of FlowFile Repository
2024-10-21 08:19:14,484 INFO [pool-13-thread-1] o.a.n.c.r.WriteAheadFlowFileRepository Successfully checkpointed FlowFile Repository with 0 records in 0 milliseconds
2024-10-21 08:19:17,706 INFO [Heartbeat Monitor Thread-1] o.a.n.c.c.h.AbstractHeartbeatMonitor Finished processing 1 heartbeats in 5927 nanos
2024-10-21 08:19:18,585 INFO [Process Cluster Protocol Request-4] o.a.n.c.p.impl.SocketProtocolListener Finished processing request b6030ccc-8538-444c-816c-37e664975bd5 (type=HEARTBEAT, length=2235 bytes) from mynifi:8080 in 2 millis
2024-10-21 08:19:18,587 INFO [Clustering Tasks Thread-2] o.a.n.c.c.ClusterProtocolHeartbeater Heartbeat created at 2024-10-21 08:19:18,579 and sent to mynifi:8082 at 2024-10-21 08:19:18,587; send took 8 millis
2024-10-21 08:19:22,706 INFO [Heartbeat Monitor Thread-1] o.a.n.c.c.h.AbstractHeartbeatMonitor Finished processing 1 heartbeats in 14678 nanos
2024-10-21 08:19:23,590 INFO [Process Cluster Protocol Request-5] o.a.n.c.p.impl.SocketProtocolListener Finished processing request 8cdecb81-3840-4e15-ad5f-eefb353db9bf (type=HEARTBEAT, length=2235 bytes) from mynifi:8080 in 759704 nanos
2024-10-21 08:19:23,590 INFO [Clustering Tasks Thread-2] o.a.n.c.c.ClusterProtocolHeartbeater Heartbeat created at 2024-10-21 08:19:23,588 and sent to mynifi:8082 at 2024-10-21 08:19:23,590; send took 2 millis
2024-10-21 08:19:27,706 INFO [Heartbeat Monitor Thread-1] o.a.n.c.c.h.AbstractHeartbeatMonitor Finished processing 1 heartbeats in 14146 nanos
2024-10-21 08:19:28,597 INFO [Process Cluster Protocol Request-6] o.a.n.c.p.impl.SocketProtocolListener Finished processing request 177377e1-3193-40e0-ae3c-be3c7ca70569 (type=HEARTBEAT, length=2235 bytes) from mynifi:8080 in 2 millis
2024-10-21 08:19:28,599 INFO [Clustering Tasks Thread-2] o.a.n.c.c.ClusterProtocolHeartbeater Heartbeat created at 2024-10-21 08:19:28,591 and sent to mynifi:8082 at 2024-10-21 08:19:28,599; send took 8 millis
2024-10-21 08:19:32,707 INFO [Heartbeat Monitor Thread-1] o.a.n.c.c.h.AbstractHeartbeatMonitor Finished processing 1 heartbeats in 14852 nanos
2024-10-21 08:19:33,605 INFO [Process Cluster Protocol Request-7] o.a.n.c.p.impl.SocketProtocolListener Finished processing request 21b4932d-94d8-47a5-9701-0bbdcb503e76 (type=HEARTBEAT, length=2235 bytes) from mynifi:8080 in 2 millis
2024-10-21 08:19:33,608 INFO [Clustering Tasks Thread-2] o.a.n.c.c.ClusterProtocolHeartbeater Heartbeat created at 2024-10-21 08:19:33,599 and sent to mynifi:8082 at 2024-10-21 08:19:33,608; send took 8 millis
2024-10-21 08:19:34,484 INFO [pool-13-thread-1] o.a.n.c.r.WriteAheadFlowFileRepository Initiating checkpoint of FlowFile Repository
2024-10-21 08:19:34,484 INFO [pool-13-thread-1] o.a.n.c.r.WriteAheadFlowFileRepository Successfully checkpointed FlowFile Repository with 0 records in 0 milliseconds
2024-10-21 08:19:37,707 INFO [Heartbeat Monitor Thread-1] o.a.n.c.c.h.AbstractHeartbeatMonitor Finished processing 1 heartbeats in 14860 nanos
2024-10-21 08:19:38,610 INFO [Process Cluster Protocol Request-8] o.a.n.c.p.impl.SocketProtocolListener Finished processing request bd6afd0c-4d7d-4671-af2a-869a495b10e4 (type=HEARTBEAT, length=2235 bytes) from mynifi:8080 in 730079 nanos
2024-10-21 08:19:38,611 INFO [Clustering Tasks Thread-2] o.a.n.c.c.ClusterProtocolHeartbeater Heartbeat created at 2024-10-21 08:19:38,608 and sent to mynifi:8082 at 2024-10-21 08:19:38,611; send took 2 millis
2024-10-21 08:19:42,020 INFO [Cleanup Archive for default] o.a.n.c.repository.FileSystemRepository Successfully deleted 0 files (0 bytes) from archive
2024-10-21 08:19:42,707 INFO [Heartbeat Monitor Thread-1] o.a.n.c.c.h.AbstractHeartbeatMonitor Finished processing 1 heartbeats in 14236 nanos
2024-10-21 08:19:43,613 INFO [Process Cluster Protocol Request-9] o.a.n.c.p.impl.SocketProtocolListener Finished processing request 7fb3eeae-ab9f-42f4-a63a-92b90854b8ec (type=HEARTBEAT, length=2235 bytes) from mynifi:8080 in 963218 nanos
2024-10-21 08:19:43,614 INFO [Clustering Tasks Thread-2] o.a.n.c.c.ClusterProtocolHeartbeater Heartbeat created at 2024-10-21 08:19:43,611 and sent to mynifi:8082 at 2024-10-21 08:19:43,614; send took 3 millis
2024-10-21 08:19:47,708 INFO [Heartbeat Monitor Thread-1] o.a.n.c.c.h.AbstractHeartbeatMonitor Finished processing 1 heartbeats in 14728 nanos
2024-10-21 08:19:48,616 INFO [Process Cluster Protocol Request-10] o.a.n.c.p.impl.SocketProtocolListener Finished processing request 5790963f-edb9-4119-b2c7-65dcddfe229f (type=HEARTBEAT, length=2235 bytes) from mynifi:8080 in 829376 nanos
2024-10-21 08:19:48,617 INFO [Clustering Tasks Thread-2] o.a.n.c.c.ClusterProtocolHeartbeater Heartbeat created at 2024-10-21 08:19:48,614 and sent to mynifi:8082 at 2024-10-21 08:19:48,617; send took 2 millis
2024-10-21 08:19:52,708 INFO [Heartbeat Monitor Thread-1] o.a.n.c.c.h.AbstractHeartbeatMonitor Finished processing 1 heartbeats in 6716 nanos
2024-10-21 08:19:53,623 INFO [Process Cluster Protocol Request-1] o.a.n.c.p.impl.SocketProtocolListener Finished processing request 09fbdad2-3674-422f-9a6a-4041a687285f (type=HEARTBEAT, length=2235 bytes) from mynifi:8080 in 2 millis
2024-10-21 08:19:53,626 INFO [Clustering Tasks Thread-2] o.a.n.c.c.ClusterProtocolHeartbeater Heartbeat created at 2024-10-21 08:19:53,617 and sent to mynifi:8082 at 2024-10-21 08:19:53,626; send took 8 millis
2024-10-21 08:19:54,484 INFO [pool-13-thread-1] o.a.n.c.r.WriteAheadFlowFileRepository Initiating checkpoint of FlowFile Repository
2024-10-21 08:19:54,484 INFO [pool-13-thread-1] o.a.n.c.r.WriteAheadFlowFileRepository Successfully checkpointed FlowFile Repository with 0 records in 0 milliseconds
2024-10-21 08:19:57,708 INFO [Heartbeat Monitor Thread-1] o.a.n.c.c.h.AbstractHeartbeatMonitor Finished processing 1 heartbeats in 14874 nanos
2024-10-21 08:19:58,632 INFO [Process Cluster Protocol Request-2] o.a.n.c.p.impl.SocketProtocolListener Finished processing request 8d8f0978-f374-4614-88fd-09ff58f1df22 (type=HEARTBEAT, length=2235 bytes) from mynifi:8080 in 2 millis
2024-10-21 08:19:58,634 INFO [Clustering Tasks Thread-2] o.a.n.c.c.ClusterProtocolHeartbeater Heartbeat created at 2024-10-21 08:19:58,626 and sent to mynifi:8082 at 2024-10-21 08:19:58,634; send took 8 millis
2024-10-21 08:20:02,709 INFO [Heartbeat Monitor Thread-1] o.a.n.c.c.h.AbstractHeartbeatMonitor Finished processing 1 heartbeats in 14955 nanos
2024-10-21 08:20:03,641 INFO [Process Cluster Protocol Request-3] o.a.n.c.p.impl.SocketProtocolListener Finished processing request 265854f8-92b0-4f86-897f-4fce1e836af8 (type=HEARTBEAT, length=2235 bytes) from mynifi:8080 in 2 millis
2024-10-21 08:20:03,643 INFO [Clustering Tasks Thread-2] o.a.n.c.c.ClusterProtocolHeartbeater Heartbeat created at 2024-10-21 08:20:03,635 and sent to mynifi:8082 at 2024-10-21 08:20:03,643; send took 8 millis
2024-10-21 08:20:07,709 INFO [Heartbeat Monitor Thread-1] o.a.n.c.c.h.AbstractHeartbeatMonitor Finished processing 1 heartbeats in 15707 nanos
2024-10-21 08:20:08,650 INFO [Process Cluster Protocol Request-4] o.a.n.c.p.impl.SocketProtocolListener Finished processing request 7983e506-6255-4873-be81-761e5a876255 (type=HEARTBEAT, length=2235 bytes) from mynifi:8080 in 2 millis
2024-10-21 08:20:08,653 INFO [Clustering Tasks Thread-2] o.a.n.c.c.ClusterProtocolHeartbeater Heartbeat created at 2024-10-21 08:20:08,644 and sent to mynifi:8082 at 2024-10-21 08:20:08,653; send took 9 millis
2024-10-21 08:20:12,710 INFO [Heartbeat Monitor Thread-1] o.a.n.c.c.h.AbstractHeartbeatMonitor Finished processing 1 heartbeats in 14343 nanos
2024-10-21 08:20:13,659 INFO [Process Cluster Protocol Request-5] o.a.n.c.p.impl.SocketProtocolListener Finished processing request b7df1511-4f98-4987-8f88-50bd75882443 (type=HEARTBEAT, length=2235 bytes) from mynifi:8080 in 2 millis
2024-10-21 08:20:13,662 INFO [Clustering Tasks Thread-2] o.a.n.c.c.ClusterProtocolHeartbeater Heartbeat created at 2024-10-21 08:20:13,653 and sent to mynifi:8082 at 2024-10-21 08:20:13,662; send took 8 millis
2024-10-21 08:20:14,485 INFO [pool-13-thread-1] o.a.n.c.r.WriteAheadFlowFileRepository Initiating checkpoint of FlowFile Repository
2024-10-21 08:20:14,485 INFO [pool-13-thread-1] o.a.n.c.r.WriteAheadFlowFileRepository Successfully checkpointed FlowFile Repository with 0 records in 0 milliseconds
2024-10-21 08:20:17,710 INFO [Heartbeat Monitor Thread-1] o.a.n.c.c.h.AbstractHeartbeatMonitor Finished processing 1 heartbeats in 5849 nanos
2024-10-21 08:20:18,668 INFO [Process Cluster Protocol Request-6] o.a.n.c.p.impl.SocketProtocolListener Finished processing request e34515a4-565a-4fb7-b883-fae1342b7f23 (type=HEARTBEAT, length=2235 bytes) from mynifi:8080 in 2 millis
2024-10-21 08:20:18,671 INFO [Clustering Tasks Thread-2] o.a.n.c.c.ClusterProtocolHeartbeater Heartbeat created at 2024-10-21 08:20:18,662 and sent to mynifi:8082 at 2024-10-21 08:20:18,671; send took 8 millis
2024-10-21 08:20:22,710 INFO [Heartbeat Monitor Thread-1] o.a.n.c.c.h.AbstractHeartbeatMonitor Finished processing 1 heartbeats in 14885 nanos
2024-10-21 08:20:23,677 INFO [Process Cluster Protocol Request-7] o.a.n.c.p.impl.SocketProtocolListener Finished processing request faba54a2-74c9-4b21-a235-46d1615e1472 (type=HEARTBEAT, length=2235 bytes) from mynifi:8080 in 2 millis
2024-10-21 08:20:23,680 INFO [Clustering Tasks Thread-2] o.a.n.c.c.ClusterProtocolHeartbeater Heartbeat created at 2024-10-21 08:20:23,671 and sent to mynifi:8082 at 2024-10-21 08:20:23,680; send took 8 millis
2024-10-21 08:20:27,711 INFO [Heartbeat Monitor Thread-1] o.a.n.c.c.h.AbstractHeartbeatMonitor Finished processing 1 heartbeats in 14485 nanos
2024-10-21 08:20:28,686 INFO [Process Cluster Protocol Request-8] o.a.n.c.p.impl.SocketProtocolListener Finished processing request 9fd1b8fa-34ef-400b-a4ec-ca5ead32ad0a (type=HEARTBEAT, length=2235 bytes) from mynifi:8080 in 2 millis
2024-10-21 08:20:28,689 INFO [Clustering Tasks Thread-2] o.a.n.c.c.ClusterProtocolHeartbeater Heartbeat created at 2024-10-21 08:20:28,680 and sent to mynifi:8082 at 2024-10-21 08:20:28,689; send took 8 millis
2024-10-21 08:20:32,711 INFO [Heartbeat Monitor Thread-1] o.a.n.c.c.h.AbstractHeartbeatMonitor Finished processing 1 heartbeats in 16078 nanos
2024-10-21 08:20:33,695 INFO [Process Cluster Protocol Request-9] o.a.n.c.p.impl.SocketProtocolListener Finished processing request 3fdcca3e-1989-4d39-b689-256c181f2c86 (type=HEARTBEAT, length=2235 bytes) from mynifi:8080 in 2 millis
2024-10-21 08:20:33,697 INFO [Clustering Tasks Thread-2] o.a.n.c.c.ClusterProtocolHeartbeater Heartbeat created at 2024-10-21 08:20:33,689 and sent to mynifi:8082 at 2024-10-21 08:20:33,697; send took 8 millis
2024-10-21 08:20:34,485 INFO [pool-13-thread-1] o.a.n.c.r.WriteAheadFlowFileRepository Initiating checkpoint of FlowFile Repository
2024-10-21 08:20:34,485 INFO [pool-13-thread-1] o.a.n.c.r.WriteAheadFlowFileRepository Successfully checkpointed FlowFile Repository with 0 records in 0 milliseconds
2024-10-21 08:20:37,711 INFO [Heartbeat Monitor Thread-1] o.a.n.c.c.h.AbstractHeartbeatMonitor Finished processing 1 heartbeats in 15231 nanos
2024-10-21 08:20:38,700 INFO [Process Cluster Protocol Request-10] o.a.n.c.p.impl.SocketProtocolListener Finished processing request ecb8126e-0652-468f-bd90-7d2239e49d64 (type=HEARTBEAT, length=2235 bytes) from mynifi:8080 in 808537 nanos
2024-10-21 08:20:38,700 INFO [Clustering Tasks Thread-2] o.a.n.c.c.ClusterProtocolHeartbeater Heartbeat created at 2024-10-21 08:20:38,697 and sent to mynifi:8082 at 2024-10-21 08:20:38,700; send took 2 millis
2024-10-21 08:20:40,873 INFO [Write-Ahead Local State Provider Maintenance] org.wali.MinimalLockingWriteAheadLog org.wali.MinimalLockingWriteAheadLog@5de25642 checkpointed with 3 Records and 0 Swap Files in 10 milliseconds (Stop-the-world time = 4 milliseconds, Clear Edit Logs time = 4 millis), max Transaction ID 17
2024-10-21 08:20:42,033 INFO [Cleanup Archive for default] o.a.n.c.repository.FileSystemRepository Successfully deleted 0 files (0 bytes) from archive
2024-10-21 08:20:42,712 INFO [Heartbeat Monitor Thread-1] o.a.n.c.c.h.AbstractHeartbeatMonitor Finished processing 1 heartbeats in 14583 nanos
2024-10-21 08:20:43,706 INFO [Process Cluster Protocol Request-1] o.a.n.c.p.impl.SocketProtocolListener Finished processing request 8c49d20c-c58c-44ec-9551-ae870f8c1301 (type=HEARTBEAT, length=2235 bytes) from mynifi:8080 in 2 millis
2024-10-21 08:20:43,709 INFO [Clustering Tasks Thread-2] o.a.n.c.c.ClusterProtocolHeartbeater Heartbeat created at 2024-10-21 08:20:43,701 and sent to mynifi:8082 at 2024-10-21 08:20:43,709; send took 8 millis
2024-10-21 08:20:47,712 INFO [Heartbeat Monitor Thread-1] o.a.n.c.c.h.AbstractHeartbeatMonitor Finished processing 1 heartbeats in 6730 nanos
2024-10-21 08:20:48,716 INFO [Process Cluster Protocol Request-2] o.a.n.c.p.impl.SocketProtocolListener Finished processing request 16af54df-9f32-4aec-a1df-41d3a22b75a4 (type=HEARTBEAT, length=2235 bytes) from mynifi:8080 in 2 millis
2024-10-21 08:20:48,719 INFO [Clustering Tasks Thread-2] o.a.n.c.c.ClusterProtocolHeartbeater Heartbeat created at 2024-10-21 08:20:48,710 and sent to mynifi:8082 at 2024-10-21 08:20:48,719; send took 8 millis
2024-10-21 08:20:52,713 INFO [Heartbeat Monitor Thread-1] o.a.n.c.c.h.AbstractHeartbeatMonitor Finished processing 1 heartbeats in 14803 nanos
2024-10-21 08:20:53,725 INFO [Process Cluster Protocol Request-3] o.a.n.c.p.impl.SocketProtocolListener Finished processing request a63cf413-b0ec-420d-ac77-576b01c456e5 (type=HEARTBEAT, length=2235 bytes) from mynifi:8080 in 2 millis
2024-10-21 08:20:53,728 INFO [Clustering Tasks Thread-2] o.a.n.c.c.ClusterProtocolHeartbeater Heartbeat created at 2024-10-21 08:20:53,719 and sent to mynifi:8082 at 2024-10-21 08:20:53,728; send took 8 millis
2024-10-21 08:20:54,485 INFO [pool-13-thread-1] o.a.n.c.r.WriteAheadFlowFileRepository Initiating checkpoint of FlowFile Repository
2024-10-21 08:20:54,486 INFO [pool-13-thread-1] o.a.n.c.r.WriteAheadFlowFileRepository Successfully checkpointed FlowFile Repository with 0 records in 0 milliseconds
2024-10-21 08:20:57,713 INFO [Heartbeat Monitor Thread-1] o.a.n.c.c.h.AbstractHeartbeatMonitor Finished processing 1 heartbeats in 22402 nanos
2024-10-21 08:20:58,734 INFO [Process Cluster Protocol Request-4] o.a.n.c.p.impl.SocketProtocolListener Finished processing request febbe821-4843-4229-b3a1-062c2c85a903 (type=HEARTBEAT, length=2235 bytes) from mynifi:8080 in 2 millis
2024-10-21 08:20:58,736 INFO [Clustering Tasks Thread-2] o.a.n.c.c.ClusterProtocolHeartbeater Heartbeat created at 2024-10-21 08:20:58,728 and sent to mynifi:8082 at 2024-10-21 08:20:58,736; send took 8 millis
2024-10-21 08:21:02,713 INFO [Heartbeat Monitor Thread-1] o.a.n.c.c.h.AbstractHeartbeatMonitor Finished processing 1 heartbeats in 15345 nanos
2024-10-21 08:21:03,743 INFO [Process Cluster Protocol Request-5] o.a.n.c.p.impl.SocketProtocolListener Finished processing request a995b1ea-ac10-4c93-b5a9-bcfff7f21f62 (type=HEARTBEAT, length=2235 bytes) from mynifi:8080 in 2 millis
2024-10-21 08:21:03,745 INFO [Clustering Tasks Thread-2] o.a.n.c.c.ClusterProtocolHeartbeater Heartbeat created at 2024-10-21 08:21:03,737 and sent to mynifi:8082 at 2024-10-21 08:21:03,745; send took 8 millis
2024-10-21 08:21:07,714 INFO [Heartbeat Monitor Thread-1] o.a.n.c.c.h.AbstractHeartbeatMonitor Finished processing 1 heartbeats in 15521 nanos
2024-10-21 08:21:08,751 INFO [Process Cluster Protocol Request-6] o.a.n.c.p.impl.SocketProtocolListener Finished processing request cf8c09b1-e7b2-499e-ab04-f08ee8f08056 (type=HEARTBEAT, length=2235 bytes) from mynifi:8080 in 2 millis
2024-10-21 08:21:08,754 INFO [Clustering Tasks Thread-2] o.a.n.c.c.ClusterProtocolHeartbeater Heartbeat created at 2024-10-21 08:21:08,746 and sent to mynifi:8082 at 2024-10-21 08:21:08,754; send took 8 millis
2024-10-21 08:21:12,714 INFO [Heartbeat Monitor Thread-1] o.a.n.c.c.h.AbstractHeartbeatMonitor Finished processing 1 heartbeats in 14127 nanos
2024-10-21 08:21:13,760 INFO [Process Cluster Protocol Request-7] o.a.n.c.p.impl.SocketProtocolListener Finished processing request 7f6b1c09-6700-473f-9c47-6f0f3a7d5ad5 (type=HEARTBEAT, length=2235 bytes) from mynifi:8080 in 2 millis
2024-10-21 08:21:13,763 INFO [Clustering Tasks Thread-2] o.a.n.c.c.ClusterProtocolHeartbeater Heartbeat created at 2024-10-21 08:21:13,754 and sent to mynifi:8082 at 2024-10-21 08:21:13,763; send took 8 millis
2024-10-21 08:21:14,486 INFO [pool-13-thread-1] o.a.n.c.r.WriteAheadFlowFileRepository Initiating checkpoint of FlowFile Repository
2024-10-21 08:21:14,486 INFO [pool-13-thread-1] o.a.n.c.r.WriteAheadFlowFileRepository Successfully checkpointed FlowFile Repository with 0 records in 0 milliseconds
2024-10-21 08:21:17,715 INFO [Heartbeat Monitor Thread-1] o.a.n.c.c.h.AbstractHeartbeatMonitor Finished processing 1 heartbeats in 6385 nanos
2024-10-21 08:21:18,769 INFO [Process Cluster Protocol Request-8] o.a.n.c.p.impl.SocketProtocolListener Finished processing request 74a2dfd5-009b-4dff-9395-a215dbe1ba9c (type=HEARTBEAT, length=2235 bytes) from mynifi:8080 in 2 millis
2024-10-21 08:21:18,772 INFO [Clustering Tasks Thread-2] o.a.n.c.c.ClusterProtocolHeartbeater Heartbeat created at 2024-10-21 08:21:18,763 and sent to mynifi:8082 at 2024-10-21 08:21:18,772; send took 8 millis
2024-10-21 08:21:22,715 INFO [Heartbeat Monitor Thread-1] o.a.n.c.c.h.AbstractHeartbeatMonitor Finished processing 1 heartbeats in 15222 nanos
2024-10-21 08:21:23,778 INFO [Process Cluster Protocol Request-9] o.a.n.c.p.impl.SocketProtocolListener Finished processing request 4f6352f1-c8e5-4990-9b09-ebcfbceb99d2 (type=HEARTBEAT, length=2235 bytes) from mynifi:8080 in 2 millis
2024-10-21 08:21:23,780 INFO [Clustering Tasks Thread-2] o.a.n.c.c.ClusterProtocolHeartbeater Heartbeat created at 2024-10-21 08:21:23,772 and sent to mynifi:8082 at 2024-10-21 08:21:23,780; send took 8 millis
2024-10-21 08:21:27,715 INFO [Heartbeat Monitor Thread-1] o.a.n.c.c.h.AbstractHeartbeatMonitor Finished processing 1 heartbeats in 16321 nanos
2024-10-21 08:21:28,784 INFO [Process Cluster Protocol Request-10] o.a.n.c.p.impl.SocketProtocolListener Finished processing request 4fa6bd89-2c3d-46ba-b175-0b4975133afb (type=HEARTBEAT, length=2235 bytes) from mynifi:8080 in 1 millis
2024-10-21 08:21:28,785 INFO [Clustering Tasks Thread-2] o.a.n.c.c.ClusterProtocolHeartbeater Heartbeat created at 2024-10-21 08:21:28,781 and sent to mynifi:8082 at 2024-10-21 08:21:28,785; send took 4 millis
2024-10-21 08:21:32,716 INFO [Heartbeat Monitor Thread-1] o.a.n.c.c.h.AbstractHeartbeatMonitor Finished processing 1 heartbeats in 21864 nanos
2024-10-21 08:21:33,787 INFO [Process Cluster Protocol Request-1] o.a.n.c.p.impl.SocketProtocolListener Finished processing request cf875078-356e-49dc-b45a-5c30a144bfe0 (type=HEARTBEAT, length=2235 bytes) from mynifi:8080 in 697583 nanos
2024-10-21 08:21:33,788 INFO [Clustering Tasks Thread-2] o.a.n.c.c.ClusterProtocolHeartbeater Heartbeat created at 2024-10-21 08:21:33,785 and sent to mynifi:8082 at 2024-10-21 08:21:33,788; send took 2 millis
2024-10-21 08:21:34,486 INFO [pool-13-thread-1] o.a.n.c.r.WriteAheadFlowFileRepository Initiating checkpoint of FlowFile Repository
2024-10-21 08:21:34,486 INFO [pool-13-thread-1] o.a.n.c.r.WriteAheadFlowFileRepository Successfully checkpointed FlowFile Repository with 0 records in 0 milliseconds
2024-10-21 08:21:37,716 INFO [Heartbeat Monitor Thread-1] o.a.n.c.c.h.AbstractHeartbeatMonitor Finished processing 1 heartbeats in 6410 nanos
2024-10-21 08:21:38,794 INFO [Process Cluster Protocol Request-2] o.a.n.c.p.impl.SocketProtocolListener Finished processing request 8dd477a5-7f15-4afd-80a0-a7eeed5e5c68 (type=HEARTBEAT, length=2235 bytes) from mynifi:8080 in 2 millis
2024-10-21 08:21:38,797 INFO [Clustering Tasks Thread-2] o.a.n.c.c.ClusterProtocolHeartbeater Heartbeat created at 2024-10-21 08:21:38,788 and sent to mynifi:8082 at 2024-10-21 08:21:38,797; send took 8 millis
2024-10-21 08:21:42,045 INFO [Cleanup Archive for default] o.a.n.c.repository.FileSystemRepository Successfully deleted 0 files (0 bytes) from archive
2024-10-21 08:21:42,716 INFO [Heartbeat Monitor Thread-1] o.a.n.c.c.h.AbstractHeartbeatMonitor Finished processing 1 heartbeats in 14830 nanos
2024-10-21 08:21:43,803 INFO [Process Cluster Protocol Request-3] o.a.n.c.p.impl.SocketProtocolListener Finished processing request c6fedf32-68b9-4f27-bc1e-e85f541889b7 (type=HEARTBEAT, length=2235 bytes) from mynifi:8080 in 2 millis
2024-10-21 08:21:43,806 INFO [Clustering Tasks Thread-2] o.a.n.c.c.ClusterProtocolHeartbeater Heartbeat created at 2024-10-21 08:21:43,797 and sent to mynifi:8082 at 2024-10-21 08:21:43,806; send took 8 millis
2024-10-21 08:21:47,716 INFO [Heartbeat Monitor Thread-1] o.a.n.c.c.h.AbstractHeartbeatMonitor Finished processing 1 heartbeats in 15551 nanos
2024-10-21 08:21:48,812 INFO [Process Cluster Protocol Request-4] o.a.n.c.p.impl.SocketProtocolListener Finished processing request fb5145e7-ee80-41c0-8502-9a66b6cadd9a (type=HEARTBEAT, length=2235 bytes) from mynifi:8080 in 2 millis
2024-10-21 08:21:48,815 INFO [Clustering Tasks Thread-2] o.a.n.c.c.ClusterProtocolHeartbeater Heartbeat created at 2024-10-21 08:21:48,806 and sent to mynifi:8082 at 2024-10-21 08:21:48,815; send took 8 millis
2024-10-21 08:21:52,717 INFO [Heartbeat Monitor Thread-1] o.a.n.c.c.h.AbstractHeartbeatMonitor Finished processing 1 heartbeats in 14941 nanos
2024-10-21 08:21:53,821 INFO [Process Cluster Protocol Request-5] o.a.n.c.p.impl.SocketProtocolListener Finished processing request 0390c822-fc4f-4cb5-b451-1e95b8de8cfc (type=HEARTBEAT, length=2235 bytes) from mynifi:8080 in 2 millis
2024-10-21 08:21:53,824 INFO [Clustering Tasks Thread-2] o.a.n.c.c.ClusterProtocolHeartbeater Heartbeat created at 2024-10-21 08:21:53,815 and sent to mynifi:8082 at 2024-10-21 08:21:53,824; send took 8 millis
2024-10-21 08:21:54,486 INFO [pool-13-thread-1] o.a.n.c.r.WriteAheadFlowFileRepository Initiating checkpoint of FlowFile Repository
2024-10-21 08:21:54,487 INFO [pool-13-thread-1] o.a.n.c.r.WriteAheadFlowFileRepository Successfully checkpointed FlowFile Repository with 0 records in 0 milliseconds
2024-10-21 08:21:57,717 INFO [Heartbeat Monitor Thread-1] o.a.n.c.c.h.AbstractHeartbeatMonitor Finished processing 1 heartbeats in 14908 nanos
2024-10-21 08:21:58,825 INFO [Process Cluster Protocol Request-6] o.a.n.c.p.impl.SocketProtocolListener Finished processing request b4607c70-9364-4a8a-949a-75f6d906d8ba (type=HEARTBEAT, length=2235 bytes) from mynifi:8080 in 742053 nanos
2024-10-21 08:21:58,826 INFO [Clustering Tasks Thread-2] o.a.n.c.c.ClusterProtocolHeartbeater Heartbeat created at 2024-10-21 08:21:58,824 and sent to mynifi:8082 at 2024-10-21 08:21:58,826; send took 1 millis
2024-10-21 08:22:02,718 INFO [Heartbeat Monitor Thread-1] o.a.n.c.c.h.AbstractHeartbeatMonitor Finished processing 1 heartbeats in 15696 nanos
2024-10-21 08:22:03,831 INFO [Process Cluster Protocol Request-7] o.a.n.c.p.impl.SocketProtocolListener Finished processing request 1dd77291-05f6-40b9-9c13-589b92535c69 (type=HEARTBEAT, length=2235 bytes) from mynifi:8080 in 2 millis
2024-10-21 08:22:03,834 INFO [Clustering Tasks Thread-2] o.a.n.c.c.ClusterProtocolHeartbeater Heartbeat created at 2024-10-21 08:22:03,826 and sent to mynifi:8082 at 2024-10-21 08:22:03,834; send took 7 millis
2024-10-21 08:22:07,718 INFO [Heartbeat Monitor Thread-1] o.a.n.c.c.h.AbstractHeartbeatMonitor Finished processing 1 heartbeats in 14750 nanos
2024-10-21 08:22:08,840 INFO [Process Cluster Protocol Request-8] o.a.n.c.p.impl.SocketProtocolListener Finished processing request 0bfefbfe-dc51-4de1-8d6b-edeb4babf765 (type=HEARTBEAT, length=2235 bytes) from mynifi:8080 in 2 millis
2024-10-21 08:22:08,843 INFO [Clustering Tasks Thread-2] o.a.n.c.c.ClusterProtocolHeartbeater Heartbeat created at 2024-10-21 08:22:08,834 and sent to mynifi:8082 at 2024-10-21 08:22:08,843; send took 9 millis
2024-10-21 08:22:12,718 INFO [Heartbeat Monitor Thread-1] o.a.n.c.c.h.AbstractHeartbeatMonitor Finished processing 1 heartbeats in 14369 nanos
2024-10-21 08:22:13,849 INFO [Process Cluster Protocol Request-9] o.a.n.c.p.impl.SocketProtocolListener Finished processing request 271e3082-c0c0-4dcd-8174-457455b7d1bb (type=HEARTBEAT, length=2235 bytes) from mynifi:8080 in 2 millis
2024-10-21 08:22:13,852 INFO [Clustering Tasks Thread-2] o.a.n.c.c.ClusterProtocolHeartbeater Heartbeat created at 2024-10-21 08:22:13,844 and sent to mynifi:8082 at 2024-10-21 08:22:13,852; send took 7 millis
2024-10-21 08:22:14,487 INFO [pool-13-thread-1] o.a.n.c.r.WriteAheadFlowFileRepository Initiating checkpoint of FlowFile Repository
2024-10-21 08:22:14,487 INFO [pool-13-thread-1] o.a.n.c.r.WriteAheadFlowFileRepository Successfully checkpointed FlowFile Repository with 0 records in 0 milliseconds
2024-10-21 08:22:17,719 INFO [Heartbeat Monitor Thread-1] o.a.n.c.c.h.AbstractHeartbeatMonitor Finished processing 1 heartbeats in 16205 nanos
2024-10-21 08:22:18,854 INFO [Process Cluster Protocol Request-10] o.a.n.c.p.impl.SocketProtocolListener Finished processing request 497eb7ce-cd30-4d09-b5e8-348d2d5baa82 (type=HEARTBEAT, length=2235 bytes) from mynifi:8080 in 830636 nanos
2024-10-21 08:22:18,855 INFO [Clustering Tasks Thread-2] o.a.n.c.c.ClusterProtocolHeartbeater Heartbeat created at 2024-10-21 08:22:18,852 and sent to mynifi:8082 at 2024-10-21 08:22:18,855; send took 2 millis
2024-10-21 08:22:22,719 INFO [Heartbeat Monitor Thread-1] o.a.n.c.c.h.AbstractHeartbeatMonitor Finished processing 1 heartbeats in 14431 nanos
2024-10-21 08:22:23,861 INFO [Process Cluster Protocol Request-1] o.a.n.c.p.impl.SocketProtocolListener Finished processing request a04178d5-af4f-44e0-aa26-2f68ceaf8e82 (type=HEARTBEAT, length=2235 bytes) from mynifi:8080 in 2 millis
2024-10-21 08:22:23,864 INFO [Clustering Tasks Thread-2] o.a.n.c.c.ClusterProtocolHeartbeater Heartbeat created at 2024-10-21 08:22:23,855 and sent to mynifi:8082 at 2024-10-21 08:22:23,864; send took 8 millis
2024-10-21 08:22:27,720 INFO [Heartbeat Monitor Thread-1] o.a.n.c.c.h.AbstractHeartbeatMonitor Finished processing 1 heartbeats in 15628 nanos
2024-10-21 08:22:28,865 INFO [Process Cluster Protocol Request-2] o.a.n.c.p.impl.SocketProtocolListener Finished processing request b053c920-33b4-4790-84c2-0d8e451b3378 (type=HEARTBEAT, length=2235 bytes) from mynifi:8080 in 715239 nanos
2024-10-21 08:22:28,866 INFO [Clustering Tasks Thread-2] o.a.n.c.c.ClusterProtocolHeartbeater Heartbeat created at 2024-10-21 08:22:28,864 and sent to mynifi:8082 at 2024-10-21 08:22:28,866; send took 1 millis
2024-10-21 08:22:32,720 INFO [Heartbeat Monitor Thread-1] o.a.n.c.c.h.AbstractHeartbeatMonitor Finished processing 1 heartbeats in 15767 nanos
2024-10-21 08:22:33,872 INFO [Process Cluster Protocol Request-3] o.a.n.c.p.impl.SocketProtocolListener Finished processing request dd715904-1688-4c81-988f-42235cf64226 (type=HEARTBEAT, length=2235 bytes) from mynifi:8080 in 2 millis
2024-10-21 08:22:33,874 INFO [Clustering Tasks Thread-2] o.a.n.c.c.ClusterProtocolHeartbeater Heartbeat created at 2024-10-21 08:22:33,866 and sent to mynifi:8082 at 2024-10-21 08:22:33,874; send took 7 millis
2024-10-21 08:22:34,487 INFO [pool-13-thread-1] o.a.n.c.r.WriteAheadFlowFileRepository Initiating checkpoint of FlowFile Repository
2024-10-21 08:22:34,487 INFO [pool-13-thread-1] o.a.n.c.r.WriteAheadFlowFileRepository Successfully checkpointed FlowFile Repository with 0 records in 0 milliseconds
2024-10-21 08:22:37,720 INFO [Heartbeat Monitor Thread-1] o.a.n.c.c.h.AbstractHeartbeatMonitor Finished processing 1 heartbeats in 15198 nanos
2024-10-21 08:22:38,880 INFO [Process Cluster Protocol Request-4] o.a.n.c.p.impl.SocketProtocolListener Finished processing request cb1f29c6-dff0-4b32-8aca-dc002fbd408c (type=HEARTBEAT, length=2235 bytes) from mynifi:8080 in 2 millis
2024-10-21 08:22:38,882 INFO [Clustering Tasks Thread-2] o.a.n.c.c.ClusterProtocolHeartbeater Heartbeat created at 2024-10-21 08:22:38,875 and sent to mynifi:8082 at 2024-10-21 08:22:38,882; send took 7 millis
2024-10-21 08:22:40,878 INFO [Write-Ahead Local State Provider Maintenance] org.wali.MinimalLockingWriteAheadLog org.wali.MinimalLockingWriteAheadLog@5de25642 checkpointed with 3 Records and 0 Swap Files in 4 milliseconds (Stop-the-world time = 1 milliseconds, Clear Edit Logs time = 1 millis), max Transaction ID 17
2024-10-21 08:22:42,082 INFO [Cleanup Archive for default] o.a.n.c.repository.FileSystemRepository Successfully deleted 0 files (0 bytes) from archive
2024-10-21 08:22:42,721 INFO [Heartbeat Monitor Thread-1] o.a.n.c.c.h.AbstractHeartbeatMonitor Finished processing 1 heartbeats in 15471 nanos
2024-10-21 08:22:43,884 INFO [Process Cluster Protocol Request-5] o.a.n.c.p.impl.SocketProtocolListener Finished processing request 7ba43782-ff93-4935-903f-df761d079593 (type=HEARTBEAT, length=2235 bytes) from mynifi:8080 in 732762 nanos
2024-10-21 08:22:43,884 INFO [Clustering Tasks Thread-2] o.a.n.c.c.ClusterProtocolHeartbeater Heartbeat created at 2024-10-21 08:22:43,883 and sent to mynifi:8082 at 2024-10-21 08:22:43,884; send took 1 millis
2024-10-21 08:22:47,721 INFO [Heartbeat Monitor Thread-1] o.a.n.c.c.h.AbstractHeartbeatMonitor Finished processing 1 heartbeats in 15185 nanos
2024-10-21 08:22:48,891 INFO [Process Cluster Protocol Request-6] o.a.n.c.p.impl.SocketProtocolListener Finished processing request 704c10b3-b435-4e7a-b3b9-1d5724a58fb2 (type=HEARTBEAT, length=2235 bytes) from mynifi:8080 in 2 millis
2024-10-21 08:22:48,893 INFO [Clustering Tasks Thread-2] o.a.n.c.c.ClusterProtocolHeartbeater Heartbeat created at 2024-10-21 08:22:48,885 and sent to mynifi:8082 at 2024-10-21 08:22:48,893; send took 8 millis
2024-10-21 08:22:52,722 INFO [Heartbeat Monitor Thread-1] o.a.n.c.c.h.AbstractHeartbeatMonitor Finished processing 1 heartbeats in 15896 nanos
2024-10-21 08:22:53,899 INFO [Process Cluster Protocol Request-7] o.a.n.c.p.impl.SocketProtocolListener Finished processing request 5bfc25e5-37a4-4fd2-ba5d-4db5e6a77b82 (type=HEARTBEAT, length=2235 bytes) from mynifi:8080 in 2 millis
2024-10-21 08:22:53,902 INFO [Clustering Tasks Thread-2] o.a.n.c.c.ClusterProtocolHeartbeater Heartbeat created at 2024-10-21 08:22:53,894 and sent to mynifi:8082 at 2024-10-21 08:22:53,902; send took 8 millis
2024-10-21 08:22:54,487 INFO [pool-13-thread-1] o.a.n.c.r.WriteAheadFlowFileRepository Initiating checkpoint of FlowFile Repository
2024-10-21 08:22:54,488 INFO [pool-13-thread-1] o.a.n.c.r.WriteAheadFlowFileRepository Successfully checkpointed FlowFile Repository with 0 records in 0 milliseconds
2024-10-21 08:22:57,722 INFO [Heartbeat Monitor Thread-1] o.a.n.c.c.h.AbstractHeartbeatMonitor Finished processing 1 heartbeats in 14767 nanos
2024-10-21 08:22:58,909 INFO [Process Cluster Protocol Request-8] o.a.n.c.p.impl.SocketProtocolListener Finished processing request f5d388ec-46cf-4e41-ba05-da4510543b06 (type=HEARTBEAT, length=2235 bytes) from mynifi:8080 in 2 millis
2024-10-21 08:22:58,911 INFO [Clustering Tasks Thread-2] o.a.n.c.c.ClusterProtocolHeartbeater Heartbeat created at 2024-10-21 08:22:58,903 and sent to mynifi:8082 at 2024-10-21 08:22:58,911; send took 8 millis
2024-10-21 08:23:02,722 INFO [Heartbeat Monitor Thread-1] o.a.n.c.c.h.AbstractHeartbeatMonitor Finished processing 1 heartbeats in 15588 nanos
2024-10-21 08:23:03,917 INFO [Process Cluster Protocol Request-9] o.a.n.c.p.impl.SocketProtocolListener Finished processing request d81e6d7b-d526-4319-a6ff-fdb57eef3fb0 (type=HEARTBEAT, length=2235 bytes) from mynifi:8080 in 2 millis
2024-10-21 08:23:03,920 INFO [Clustering Tasks Thread-2] o.a.n.c.c.ClusterProtocolHeartbeater Heartbeat created at 2024-10-21 08:23:03,911 and sent to mynifi:8082 at 2024-10-21 08:23:03,920; send took 7 millis
2024-10-21 08:23:07,723 INFO [Heartbeat Monitor Thread-1] o.a.n.c.c.h.AbstractHeartbeatMonitor Finished processing 1 heartbeats in 14874 nanos
2024-10-21 08:23:08,926 INFO [Process Cluster Protocol Request-10] o.a.n.c.p.impl.SocketProtocolListener Finished processing request 676753ad-f1af-4bc4-a7d1-c73183c00afc (type=HEARTBEAT, length=2235 bytes) from mynifi:8080 in 2 millis
2024-10-21 08:23:08,926 INFO [Clustering Tasks Thread-2] o.a.n.c.c.ClusterProtocolHeartbeater Heartbeat created at 2024-10-21 08:23:08,920 and sent to mynifi:8082 at 2024-10-21 08:23:08,926; send took 6 millis
2024-10-21 08:23:12,723 INFO [Heartbeat Monitor Thread-1] o.a.n.c.c.h.AbstractHeartbeatMonitor Finished processing 1 heartbeats in 15142 nanos
2024-10-21 08:23:13,932 INFO [Process Cluster Protocol Request-1] o.a.n.c.p.impl.SocketProtocolListener Finished processing request 623cecbd-b9a3-405e-a17b-a2c817d35815 (type=HEARTBEAT, length=2235 bytes) from mynifi:8080 in 2 millis
2024-10-21 08:23:13,935 INFO [Clustering Tasks Thread-2] o.a.n.c.c.ClusterProtocolHeartbeater Heartbeat created at 2024-10-21 08:23:13,927 and sent to mynifi:8082 at 2024-10-21 08:23:13,935; send took 8 millis
2024-10-21 08:23:14,488 INFO [pool-13-thread-1] o.a.n.c.r.WriteAheadFlowFileRepository Initiating checkpoint of FlowFile Repository
2024-10-21 08:23:14,488 INFO [pool-13-thread-1] o.a.n.c.r.WriteAheadFlowFileRepository Successfully checkpointed FlowFile Repository with 0 records in 0 milliseconds
2024-10-21 08:23:17,724 INFO [Heartbeat Monitor Thread-1] o.a.n.c.c.h.AbstractHeartbeatMonitor Finished processing 1 heartbeats in 16764 nanos
2024-10-21 08:23:18,942 INFO [Process Cluster Protocol Request-2] o.a.n.c.p.impl.SocketProtocolListener Finished processing request c9e76140-1e25-4436-89d5-3c50a224cabd (type=HEARTBEAT, length=2235 bytes) from mynifi:8080 in 2 millis
2024-10-21 08:23:18,944 INFO [Clustering Tasks Thread-2] o.a.n.c.c.ClusterProtocolHeartbeater Heartbeat created at 2024-10-21 08:23:18,936 and sent to mynifi:8082 at 2024-10-21 08:23:18,944; send took 8 millis
2024-10-21 08:23:22,724 INFO [Heartbeat Monitor Thread-1] o.a.n.c.c.h.AbstractHeartbeatMonitor Finished processing 1 heartbeats in 15179 nanos
2024-10-21 08:23:23,950 INFO [Process Cluster Protocol Request-3] o.a.n.c.p.impl.SocketProtocolListener Finished processing request f321d5c6-9730-491d-92f5-3030c087f34b (type=HEARTBEAT, length=2235 bytes) from mynifi:8080 in 2 millis
2024-10-21 08:23:23,953 INFO [Clustering Tasks Thread-2] o.a.n.c.c.ClusterProtocolHeartbeater Heartbeat created at 2024-10-21 08:23:23,945 and sent to mynifi:8082 at 2024-10-21 08:23:23,953; send took 7 millis
2024-10-21 08:23:27,724 INFO [Heartbeat Monitor Thread-1] o.a.n.c.c.h.AbstractHeartbeatMonitor Finished processing 1 heartbeats in 14340 nanos
2024-10-21 08:23:28,959 INFO [Process Cluster Protocol Request-4] o.a.n.c.p.impl.SocketProtocolListener Finished processing request 0c4616d2-4967-45dd-8ea1-aaaabe5851a8 (type=HEARTBEAT, length=2235 bytes) from mynifi:8080 in 2 millis
2024-10-21 08:23:28,961 INFO [Clustering Tasks Thread-2] o.a.n.c.c.ClusterProtocolHeartbeater Heartbeat created at 2024-10-21 08:23:28,953 and sent to mynifi:8082 at 2024-10-21 08:23:28,961; send took 7 millis
2024-10-21 08:23:32,725 INFO [Heartbeat Monitor Thread-1] o.a.n.c.c.h.AbstractHeartbeatMonitor Finished processing 1 heartbeats in 15901 nanos
2024-10-21 08:23:33,967 INFO [Process Cluster Protocol Request-5] o.a.n.c.p.impl.SocketProtocolListener Finished processing request 54649c82-68c0-49db-98cf-7712106b7490 (type=HEARTBEAT, length=2235 bytes) from mynifi:8080 in 2 millis
2024-10-21 08:23:33,970 INFO [Clustering Tasks Thread-2] o.a.n.c.c.ClusterProtocolHeartbeater Heartbeat created at 2024-10-21 08:23:33,962 and sent to mynifi:8082 at 2024-10-21 08:23:33,970; send took 7 millis
2024-10-21 08:23:34,488 INFO [pool-13-thread-1] o.a.n.c.r.WriteAheadFlowFileRepository Initiating checkpoint of FlowFile Repository
2024-10-21 08:23:34,489 INFO [pool-13-thread-1] o.a.n.c.r.WriteAheadFlowFileRepository Successfully checkpointed FlowFile Repository with 0 records in 0 milliseconds
2024-10-21 08:23:37,725 INFO [Heartbeat Monitor Thread-1] o.a.n.c.c.h.AbstractHeartbeatMonitor Finished processing 1 heartbeats in 15239 nanos
2024-10-21 08:23:38,976 INFO [Process Cluster Protocol Request-6] o.a.n.c.p.impl.SocketProtocolListener Finished processing request c2b0d9f3-861a-4548-a59f-e782bc23ea94 (type=HEARTBEAT, length=2235 bytes) from mynifi:8080 in 2 millis
2024-10-21 08:23:38,978 INFO [Clustering Tasks Thread-2] o.a.n.c.c.ClusterProtocolHeartbeater Heartbeat created at 2024-10-21 08:23:38,970 and sent to mynifi:8082 at 2024-10-21 08:23:38,978; send took 7 millis
2024-10-21 08:23:42,094 INFO [Cleanup Archive for default] o.a.n.c.repository.FileSystemRepository Successfully deleted 0 files (0 bytes) from archive
2024-10-21 08:23:42,726 INFO [Heartbeat Monitor Thread-1] o.a.n.c.c.h.AbstractHeartbeatMonitor Finished processing 1 heartbeats in 15395 nanos
2024-10-21 08:23:43,984 INFO [Process Cluster Protocol Request-7] o.a.n.c.p.impl.SocketProtocolListener Finished processing request a20e284d-d627-4b8b-a2b1-a224de61fabd (type=HEARTBEAT, length=2235 bytes) from mynifi:8080 in 2 millis
2024-10-21 08:23:43,987 INFO [Clustering Tasks Thread-2] o.a.n.c.c.ClusterProtocolHeartbeater Heartbeat created at 2024-10-21 08:23:43,979 and sent to mynifi:8082 at 2024-10-21 08:23:43,987; send took 7 millis
2024-10-21 08:23:47,726 INFO [Heartbeat Monitor Thread-1] o.a.n.c.c.h.AbstractHeartbeatMonitor Finished processing 1 heartbeats in 15700 nanos
2024-10-21 08:23:48,993 INFO [Process Cluster Protocol Request-8] o.a.n.c.p.impl.SocketProtocolListener Finished processing request cebd55e5-acb6-4fa0-8898-f6f5a7c83869 (type=HEARTBEAT, length=2235 bytes) from mynifi:8080 in 2 millis
2024-10-21 08:23:48,995 INFO [Clustering Tasks Thread-2] o.a.n.c.c.ClusterProtocolHeartbeater Heartbeat created at 2024-10-21 08:23:48,987 and sent to mynifi:8082 at 2024-10-21 08:23:48,995; send took 8 millis
2024-10-21 08:23:52,726 INFO [Heartbeat Monitor Thread-1] o.a.n.c.c.h.AbstractHeartbeatMonitor Finished processing 1 heartbeats in 14768 nanos
2024-10-21 08:23:54,002 INFO [Process Cluster Protocol Request-9] o.a.n.c.p.impl.SocketProtocolListener Finished processing request 4c293ec5-cc5e-4441-b5fe-ac89963511a8 (type=HEARTBEAT, length=2235 bytes) from mynifi:8080 in 3 millis
2024-10-21 08:23:54,004 INFO [Clustering Tasks Thread-2] o.a.n.c.c.ClusterProtocolHeartbeater Heartbeat created at 2024-10-21 08:23:53,996 and sent to mynifi:8082 at 2024-10-21 08:23:54,004; send took 8 millis
2024-10-21 08:23:54,489 INFO [pool-13-thread-1] o.a.n.c.r.WriteAheadFlowFileRepository Initiating checkpoint of FlowFile Repository
2024-10-21 08:23:54,489 INFO [pool-13-thread-1] o.a.n.c.r.WriteAheadFlowFileRepository Successfully checkpointed FlowFile Repository with 0 records in 0 milliseconds
2024-10-21 08:23:57,727 INFO [Heartbeat Monitor Thread-1] o.a.n.c.c.h.AbstractHeartbeatMonitor Finished processing 1 heartbeats in 15027 nanos
2024-10-21 08:23:59,011 INFO [Process Cluster Protocol Request-10] o.a.n.c.p.impl.SocketProtocolListener Finished processing request 28ffe7bd-35d7-4592-b550-f78a367972bd (type=HEARTBEAT, length=2235 bytes) from mynifi:8080 in 2 millis
2024-10-21 08:23:59,013 INFO [Clustering Tasks Thread-2] o.a.n.c.c.ClusterProtocolHeartbeater Heartbeat created at 2024-10-21 08:23:59,005 and sent to mynifi:8082 at 2024-10-21 08:23:59,013; send took 8 millis
2024-10-21 08:24:02,727 INFO [Heartbeat Monitor Thread-1] o.a.n.c.c.h.AbstractHeartbeatMonitor Finished processing 1 heartbeats in 15310 nanos
2024-10-21 08:24:04,019 INFO [Process Cluster Protocol Request-1] o.a.n.c.p.impl.SocketProtocolListener Finished processing request 9ca31c43-0a9c-4619-85aa-600561f77825 (type=HEARTBEAT, length=2235 bytes) from mynifi:8080 in 2 millis
2024-10-21 08:24:04,022 INFO [Clustering Tasks Thread-2] o.a.n.c.c.ClusterProtocolHeartbeater Heartbeat created at 2024-10-21 08:24:04,014 and sent to mynifi:8082 at 2024-10-21 08:24:04,022; send took 8 millis
2024-10-21 08:24:07,728 INFO [Heartbeat Monitor Thread-1] o.a.n.c.c.h.AbstractHeartbeatMonitor Finished processing 1 heartbeats in 15437 nanos
2024-10-21 08:24:09,028 INFO [Process Cluster Protocol Request-2] o.a.n.c.p.impl.SocketProtocolListener Finished processing request 5c2c1519-8d8d-485d-b446-e09436fb849b (type=HEARTBEAT, length=2235 bytes) from mynifi:8080 in 2 millis
2024-10-21 08:24:09,032 INFO [Clustering Tasks Thread-2] o.a.n.c.c.ClusterProtocolHeartbeater Heartbeat created at 2024-10-21 08:24:09,023 and sent to mynifi:8082 at 2024-10-21 08:24:09,032; send took 8 millis
2024-10-21 08:24:12,728 INFO [Heartbeat Monitor Thread-1] o.a.n.c.c.h.AbstractHeartbeatMonitor Finished processing 1 heartbeats in 15170 nanos
2024-10-21 08:24:14,038 INFO [Process Cluster Protocol Request-3] o.a.n.c.p.impl.SocketProtocolListener Finished processing request 4cad27d7-af18-4b9b-8e97-71fa89ff5464 (type=HEARTBEAT, length=2235 bytes) from mynifi:8080 in 2 millis
2024-10-21 08:24:14,040 INFO [Clustering Tasks Thread-2] o.a.n.c.c.ClusterProtocolHeartbeater Heartbeat created at 2024-10-21 08:24:14,032 and sent to mynifi:8082 at 2024-10-21 08:24:14,040; send took 8 millis
2024-10-21 08:24:14,489 INFO [pool-13-thread-1] o.a.n.c.r.WriteAheadFlowFileRepository Initiating checkpoint of FlowFile Repository
2024-10-21 08:24:14,489 INFO [pool-13-thread-1] o.a.n.c.r.WriteAheadFlowFileRepository Successfully checkpointed FlowFile Repository with 0 records in 0 milliseconds
2024-10-21 08:24:17,728 INFO [Heartbeat Monitor Thread-1] o.a.n.c.c.h.AbstractHeartbeatMonitor Finished processing 1 heartbeats in 15132 nanos
2024-10-21 08:24:19,046 INFO [Process Cluster Protocol Request-4] o.a.n.c.p.impl.SocketProtocolListener Finished processing request 945a55b0-3c8c-4635-aca0-cf0fedc80fc7 (type=HEARTBEAT, length=2235 bytes) from mynifi:8080 in 2 millis
2024-10-21 08:24:19,049 INFO [Clustering Tasks Thread-2] o.a.n.c.c.ClusterProtocolHeartbeater Heartbeat created at 2024-10-21 08:24:19,041 and sent to mynifi:8082 at 2024-10-21 08:24:19,049; send took 7 millis
2024-10-21 08:24:22,729 INFO [Heartbeat Monitor Thread-1] o.a.n.c.c.h.AbstractHeartbeatMonitor Finished processing 1 heartbeats in 15119 nanos
2024-10-21 08:24:24,055 INFO [Process Cluster Protocol Request-5] o.a.n.c.p.impl.SocketProtocolListener Finished processing request 95c13caa-9896-4014-b072-4971d071a0e2 (type=HEARTBEAT, length=2235 bytes) from mynifi:8080 in 2 millis
2024-10-21 08:24:24,057 INFO [Clustering Tasks Thread-2] o.a.n.c.c.ClusterProtocolHeartbeater Heartbeat created at 2024-10-21 08:24:24,049 and sent to mynifi:8082 at 2024-10-21 08:24:24,057; send took 7 millis
2024-10-21 08:24:27,729 INFO [Heartbeat Monitor Thread-1] o.a.n.c.c.h.AbstractHeartbeatMonitor Finished processing 1 heartbeats in 15171 nanos
2024-10-21 08:24:29,063 INFO [Process Cluster Protocol Request-6] o.a.n.c.p.impl.SocketProtocolListener Finished processing request f0386af2-0526-4bf0-a0f3-294265559043 (type=HEARTBEAT, length=2235 bytes) from mynifi:8080 in 2 millis
2024-10-21 08:24:29,065 INFO [Clustering Tasks Thread-2] o.a.n.c.c.ClusterProtocolHeartbeater Heartbeat created at 2024-10-21 08:24:29,057 and sent to mynifi:8082 at 2024-10-21 08:24:29,065; send took 7 millis
2024-10-21 08:24:32,729 INFO [Heartbeat Monitor Thread-1] o.a.n.c.c.h.AbstractHeartbeatMonitor Finished processing 1 heartbeats in 15302 nanos
2024-10-21 08:24:34,071 INFO [Process Cluster Protocol Request-7] o.a.n.c.p.impl.SocketProtocolListener Finished processing request 0f90f51b-ff68-4a7f-a2a4-a310dd02ad16 (type=HEARTBEAT, length=2235 bytes) from mynifi:8080 in 2 millis
2024-10-21 08:24:34,074 INFO [Clustering Tasks Thread-2] o.a.n.c.c.ClusterProtocolHeartbeater Heartbeat created at 2024-10-21 08:24:34,066 and sent to mynifi:8082 at 2024-10-21 08:24:34,074; send took 7 millis
2024-10-21 08:24:34,490 INFO [pool-13-thread-1] o.a.n.c.r.WriteAheadFlowFileRepository Initiating checkpoint of FlowFile Repository
2024-10-21 08:24:34,490 INFO [pool-13-thread-1] o.a.n.c.r.WriteAheadFlowFileRepository Successfully checkpointed FlowFile Repository with 0 records in 0 milliseconds
2024-10-21 08:24:37,730 INFO [Heartbeat Monitor Thread-1] o.a.n.c.c.h.AbstractHeartbeatMonitor Finished processing 1 heartbeats in 15606 nanos
2024-10-21 08:24:39,080 INFO [Process Cluster Protocol Request-8] o.a.n.c.p.impl.SocketProtocolListener Finished processing request 7632a7a4-032b-4d71-a78f-81222f1b53ac (type=HEARTBEAT, length=2235 bytes) from mynifi:8080 in 2 millis
2024-10-21 08:24:39,082 INFO [Clustering Tasks Thread-2] o.a.n.c.c.ClusterProtocolHeartbeater Heartbeat created at 2024-10-21 08:24:39,074 and sent to mynifi:8082 at 2024-10-21 08:24:39,082; send took 8 millis
2024-10-21 08:24:40,885 INFO [Write-Ahead Local State Provider Maintenance] org.wali.MinimalLockingWriteAheadLog org.wali.MinimalLockingWriteAheadLog@5de25642 checkpointed with 3 Records and 0 Swap Files in 6 milliseconds (Stop-the-world time = 4 milliseconds, Clear Edit Logs time = 0 millis), max Transaction ID 17
2024-10-21 08:24:42,106 INFO [Cleanup Archive for default] o.a.n.c.repository.FileSystemRepository Successfully deleted 0 files (0 bytes) from archive
2024-10-21 08:24:42,730 INFO [Heartbeat Monitor Thread-1] o.a.n.c.c.h.AbstractHeartbeatMonitor Finished processing 1 heartbeats in 14217 nanos
2024-10-21 08:24:44,088 INFO [Process Cluster Protocol Request-9] o.a.n.c.p.impl.SocketProtocolListener Finished processing request af22ca91-dbbe-43db-9a0d-48b885230f8a (type=HEARTBEAT, length=2235 bytes) from mynifi:8080 in 2 millis
2024-10-21 08:24:44,091 INFO [Clustering Tasks Thread-2] o.a.n.c.c.ClusterProtocolHeartbeater Heartbeat created at 2024-10-21 08:24:44,083 and sent to mynifi:8082 at 2024-10-21 08:24:44,091; send took 7 millis
2024-10-21 08:24:47,731 INFO [Heartbeat Monitor Thread-1] o.a.n.c.c.h.AbstractHeartbeatMonitor Finished processing 1 heartbeats in 15205 nanos
2024-10-21 08:24:49,097 INFO [Process Cluster Protocol Request-10] o.a.n.c.p.impl.SocketProtocolListener Finished processing request b4f12229-0e59-49a9-91ea-472e777e99e1 (type=HEARTBEAT, length=2235 bytes) from mynifi:8080 in 2 millis
2024-10-21 08:24:49,100 INFO [Clustering Tasks Thread-2] o.a.n.c.c.ClusterProtocolHeartbeater Heartbeat created at 2024-10-21 08:24:49,091 and sent to mynifi:8082 at 2024-10-21 08:24:49,100; send took 8 millis
2024-10-21 08:24:52,731 INFO [Heartbeat Monitor Thread-1] o.a.n.c.c.h.AbstractHeartbeatMonitor Finished processing 1 heartbeats in 15850 nanos
2024-10-21 08:24:54,105 INFO [Process Cluster Protocol Request-1] o.a.n.c.p.impl.SocketProtocolListener Finished processing request aadba242-0108-433e-8a41-e0a9ed2863d2 (type=HEARTBEAT, length=2235 bytes) from mynifi:8080 in 2 millis
2024-10-21 08:24:54,108 INFO [Clustering Tasks Thread-2] o.a.n.c.c.ClusterProtocolHeartbeater Heartbeat created at 2024-10-21 08:24:54,100 and sent to mynifi:8082 at 2024-10-21 08:24:54,108; send took 7 millis
2024-10-21 08:24:54,490 INFO [pool-13-thread-1] o.a.n.c.r.WriteAheadFlowFileRepository Initiating checkpoint of FlowFile Repository
2024-10-21 08:24:54,490 INFO [pool-13-thread-1] o.a.n.c.r.WriteAheadFlowFileRepository Successfully checkpointed FlowFile Repository with 0 records in 0 milliseconds
2024-10-21 08:24:57,731 INFO [Heartbeat Monitor Thread-1] o.a.n.c.c.h.AbstractHeartbeatMonitor Finished processing 1 heartbeats in 17319 nanos
2024-10-21 08:24:59,114 INFO [Process Cluster Protocol Request-2] o.a.n.c.p.impl.SocketProtocolListener Finished processing request 1ac4354b-74e7-4f67-b984-fae241a1500f (type=HEARTBEAT, length=2235 bytes) from mynifi:8080 in 2 millis
2024-10-21 08:24:59,116 INFO [Clustering Tasks Thread-2] o.a.n.c.c.ClusterProtocolHeartbeater Heartbeat created at 2024-10-21 08:24:59,108 and sent to mynifi:8082 at 2024-10-21 08:24:59,116; send took 7 millis
2024-10-21 08:25:02,732 INFO [Heartbeat Monitor Thread-1] o.a.n.c.c.h.AbstractHeartbeatMonitor Finished processing 1 heartbeats in 23208 nanos
2024-10-21 08:25:04,122 INFO [Process Cluster Protocol Request-3] o.a.n.c.p.impl.SocketProtocolListener Finished processing request 901d708f-83d7-4fb6-adec-14f8834a749f (type=HEARTBEAT, length=2235 bytes) from mynifi:8080 in 2 millis
2024-10-21 08:25:04,125 INFO [Clustering Tasks Thread-2] o.a.n.c.c.ClusterProtocolHeartbeater Heartbeat created at 2024-10-21 08:25:04,117 and sent to mynifi:8082 at 2024-10-21 08:25:04,125; send took 8 millis
2024-10-21 08:25:07,732 INFO [Heartbeat Monitor Thread-1] o.a.n.c.c.h.AbstractHeartbeatMonitor Finished processing 1 heartbeats in 15936 nanos
2024-10-21 08:25:09,131 INFO [Process Cluster Protocol Request-4] o.a.n.c.p.impl.SocketProtocolListener Finished processing request a2d6c094-89d5-42d5-a12b-0e76d65893ab (type=HEARTBEAT, length=2235 bytes) from mynifi:8080 in 2 millis
2024-10-21 08:25:09,134 INFO [Clustering Tasks Thread-2] o.a.n.c.c.ClusterProtocolHeartbeater Heartbeat created at 2024-10-21 08:25:09,125 and sent to mynifi:8082 at 2024-10-21 08:25:09,134; send took 7 millis
2024-10-21 08:25:12,732 INFO [Heartbeat Monitor Thread-1] o.a.n.c.c.h.AbstractHeartbeatMonitor Finished processing 1 heartbeats in 33163 nanos
2024-10-21 08:25:14,140 INFO [Process Cluster Protocol Request-5] o.a.n.c.p.impl.SocketProtocolListener Finished processing request b9e2a48f-44fc-451e-b128-eddac9032170 (type=HEARTBEAT, length=2235 bytes) from mynifi:8080 in 2 millis
2024-10-21 08:25:14,142 INFO [Clustering Tasks Thread-2] o.a.n.c.c.ClusterProtocolHeartbeater Heartbeat created at 2024-10-21 08:25:14,134 and sent to mynifi:8082 at 2024-10-21 08:25:14,142; send took 7 millis
2024-10-21 08:25:14,490 INFO [pool-13-thread-1] o.a.n.c.r.WriteAheadFlowFileRepository Initiating checkpoint of FlowFile Repository
2024-10-21 08:25:14,491 INFO [pool-13-thread-1] o.a.n.c.r.WriteAheadFlowFileRepository Successfully checkpointed FlowFile Repository with 0 records in 0 milliseconds
2024-10-21 08:25:17,733 INFO [Heartbeat Monitor Thread-1] o.a.n.c.c.h.AbstractHeartbeatMonitor Finished processing 1 heartbeats in 15312 nanos
2024-10-21 08:25:19,148 INFO [Process Cluster Protocol Request-6] o.a.n.c.p.impl.SocketProtocolListener Finished processing request 6a13e730-f73a-4b45-a5a0-8cd63282d39a (type=HEARTBEAT, length=2235 bytes) from mynifi:8080 in 2 millis
2024-10-21 08:25:19,151 INFO [Clustering Tasks Thread-2] o.a.n.c.c.ClusterProtocolHeartbeater Heartbeat created at 2024-10-21 08:25:19,142 and sent to mynifi:8082 at 2024-10-21 08:25:19,151; send took 8 millis
2024-10-21 08:25:22,733 INFO [Heartbeat Monitor Thread-1] o.a.n.c.c.h.AbstractHeartbeatMonitor Finished processing 1 heartbeats in 14907 nanos
2024-10-21 08:25:24,157 INFO [Process Cluster Protocol Request-7] o.a.n.c.p.impl.SocketProtocolListener Finished processing request 6bddafc9-6aa7-40f1-8a36-8d0abf4caf56 (type=HEARTBEAT, length=2235 bytes) from mynifi:8080 in 2 millis
2024-10-21 08:25:24,159 INFO [Clustering Tasks Thread-2] o.a.n.c.c.ClusterProtocolHeartbeater Heartbeat created at 2024-10-21 08:25:24,151 and sent to mynifi:8082 at 2024-10-21 08:25:24,159; send took 8 millis
2024-10-21 08:25:27,734 INFO [Heartbeat Monitor Thread-1] o.a.n.c.c.h.AbstractHeartbeatMonitor Finished processing 1 heartbeats in 14950 nanos
2024-10-21 08:25:29,161 INFO [Process Cluster Protocol Request-8] o.a.n.c.p.impl.SocketProtocolListener Finished processing request 57ae58e2-9535-47bc-9780-e69103a84ca4 (type=HEARTBEAT, length=2235 bytes) from mynifi:8080 in 784521 nanos
2024-10-21 08:25:29,162 INFO [Clustering Tasks Thread-2] o.a.n.c.c.ClusterProtocolHeartbeater Heartbeat created at 2024-10-21 08:25:29,159 and sent to mynifi:8082 at 2024-10-21 08:25:29,162; send took 2 millis
2024-10-21 08:25:32,734 INFO [Heartbeat Monitor Thread-1] o.a.n.c.c.h.AbstractHeartbeatMonitor Finished processing 1 heartbeats in 15406 nanos
2024-10-21 08:25:34,168 INFO [Process Cluster Protocol Request-9] o.a.n.c.p.impl.SocketProtocolListener Finished processing request cad9c1d3-9aac-488b-a7fa-c2d2e1747267 (type=HEARTBEAT, length=2235 bytes) from mynifi:8080 in 2 millis
2024-10-21 08:25:34,170 INFO [Clustering Tasks Thread-2] o.a.n.c.c.ClusterProtocolHeartbeater Heartbeat created at 2024-10-21 08:25:34,162 and sent to mynifi:8082 at 2024-10-21 08:25:34,170; send took 7 millis
2024-10-21 08:25:34,491 INFO [pool-13-thread-1] o.a.n.c.r.WriteAheadFlowFileRepository Initiating checkpoint of FlowFile Repository
2024-10-21 08:25:34,491 INFO [pool-13-thread-1] o.a.n.c.r.WriteAheadFlowFileRepository Successfully checkpointed FlowFile Repository with 0 records in 0 milliseconds
2024-10-21 08:25:37,734 INFO [Heartbeat Monitor Thread-1] o.a.n.c.c.h.AbstractHeartbeatMonitor Finished processing 1 heartbeats in 14859 nanos
2024-10-21 08:25:39,176 INFO [Process Cluster Protocol Request-10] o.a.n.c.p.impl.SocketProtocolListener Finished processing request ea590fd4-b6cf-4088-9a56-cf35866d0f6b (type=HEARTBEAT, length=2235 bytes) from mynifi:8080 in 2 millis
2024-10-21 08:25:39,179 INFO [Clustering Tasks Thread-2] o.a.n.c.c.ClusterProtocolHeartbeater Heartbeat created at 2024-10-21 08:25:39,171 and sent to mynifi:8082 at 2024-10-21 08:25:39,179; send took 8 millis
2024-10-21 08:25:42,141 INFO [Cleanup Archive for default] o.a.n.c.repository.FileSystemRepository Successfully deleted 0 files (0 bytes) from archive
2024-10-21 08:25:42,735 INFO [Heartbeat Monitor Thread-1] o.a.n.c.c.h.AbstractHeartbeatMonitor Finished processing 1 heartbeats in 14697 nanos
2024-10-21 08:25:44,185 INFO [Process Cluster Protocol Request-1] o.a.n.c.p.impl.SocketProtocolListener Finished processing request 57a3ee8d-e664-43c7-b479-9fff677f8bc5 (type=HEARTBEAT, length=2235 bytes) from mynifi:8080 in 2 millis
2024-10-21 08:25:44,187 INFO [Clustering Tasks Thread-2] o.a.n.c.c.ClusterProtocolHeartbeater Heartbeat created at 2024-10-21 08:25:44,179 and sent to mynifi:8082 at 2024-10-21 08:25:44,187; send took 8 millis
2024-10-21 08:25:47,735 INFO [Heartbeat Monitor Thread-1] o.a.n.c.c.h.AbstractHeartbeatMonitor Finished processing 1 heartbeats in 15629 nanos
2024-10-21 08:25:49,193 INFO [Process Cluster Protocol Request-2] o.a.n.c.p.impl.SocketProtocolListener Finished processing request 4a1c839e-7998-4320-ace9-92c2b34e9645 (type=HEARTBEAT, length=2235 bytes) from mynifi:8080 in 2 millis
2024-10-21 08:25:49,196 INFO [Clustering Tasks Thread-2] o.a.n.c.c.ClusterProtocolHeartbeater Heartbeat created at 2024-10-21 08:25:49,188 and sent to mynifi:8082 at 2024-10-21 08:25:49,196; send took 8 millis
2024-10-21 08:25:52,736 INFO [Heartbeat Monitor Thread-1] o.a.n.c.c.h.AbstractHeartbeatMonitor Finished processing 1 heartbeats in 14816 nanos
2024-10-21 08:25:54,202 INFO [Process Cluster Protocol Request-3] o.a.n.c.p.impl.SocketProtocolListener Finished processing request 71782c40-8eac-4709-8a74-723bc6b5346c (type=HEARTBEAT, length=2235 bytes) from mynifi:8080 in 2 millis
2024-10-21 08:25:54,205 INFO [Clustering Tasks Thread-2] o.a.n.c.c.ClusterProtocolHeartbeater Heartbeat created at 2024-10-21 08:25:54,196 and sent to mynifi:8082 at 2024-10-21 08:25:54,205; send took 8 millis
2024-10-21 08:25:54,491 INFO [pool-13-thread-1] o.a.n.c.r.WriteAheadFlowFileRepository Initiating checkpoint of FlowFile Repository
2024-10-21 08:25:54,492 INFO [pool-13-thread-1] o.a.n.c.r.WriteAheadFlowFileRepository Successfully checkpointed FlowFile Repository with 0 records in 0 milliseconds
2024-10-21 08:25:57,736 INFO [Heartbeat Monitor Thread-1] o.a.n.c.c.h.AbstractHeartbeatMonitor Finished processing 1 heartbeats in 15166 nanos
2024-10-21 08:25:59,207 INFO [Process Cluster Protocol Request-4] o.a.n.c.p.impl.SocketProtocolListener Finished processing request caa540d5-46ad-4f4b-96da-c3e704bc9e9f (type=HEARTBEAT, length=2235 bytes) from mynifi:8080 in 797210 nanos
2024-10-21 08:25:59,208 INFO [Clustering Tasks Thread-2] o.a.n.c.c.ClusterProtocolHeartbeater Heartbeat created at 2024-10-21 08:25:59,205 and sent to mynifi:8082 at 2024-10-21 08:25:59,208; send took 2 millis
2024-10-21 08:26:02,736 INFO [Heartbeat Monitor Thread-1] o.a.n.c.c.h.AbstractHeartbeatMonitor Finished processing 1 heartbeats in 8136 nanos
2024-10-21 08:26:04,214 INFO [Process Cluster Protocol Request-5] o.a.n.c.p.impl.SocketProtocolListener Finished processing request d7b1ba8a-6fe9-4070-a0da-bd6d6db1739f (type=HEARTBEAT, length=2235 bytes) from mynifi:8080 in 2 millis
2024-10-21 08:26:04,216 INFO [Clustering Tasks Thread-2] o.a.n.c.c.ClusterProtocolHeartbeater Heartbeat created at 2024-10-21 08:26:04,208 and sent to mynifi:8082 at 2024-10-21 08:26:04,216; send took 8 millis
2024-10-21 08:26:07,737 INFO [Heartbeat Monitor Thread-1] o.a.n.c.c.h.AbstractHeartbeatMonitor Finished processing 1 heartbeats in 16433 nanos
2024-10-21 08:26:09,222 INFO [Process Cluster Protocol Request-6] o.a.n.c.p.impl.SocketProtocolListener Finished processing request cec95811-3690-4a2e-9fc4-bc83a337474c (type=HEARTBEAT, length=2235 bytes) from mynifi:8080 in 2 millis
2024-10-21 08:26:09,226 INFO [Clustering Tasks Thread-2] o.a.n.c.c.ClusterProtocolHeartbeater Heartbeat created at 2024-10-21 08:26:09,217 and sent to mynifi:8082 at 2024-10-21 08:26:09,226; send took 9 millis
2024-10-21 08:26:12,737 INFO [Heartbeat Monitor Thread-1] o.a.n.c.c.h.AbstractHeartbeatMonitor Finished processing 1 heartbeats in 14505 nanos
2024-10-21 08:26:14,232 INFO [Process Cluster Protocol Request-7] o.a.n.c.p.impl.SocketProtocolListener Finished processing request 69f3dc52-572a-40d9-949b-058173edd93c (type=HEARTBEAT, length=2235 bytes) from mynifi:8080 in 2 millis
2024-10-21 08:26:14,234 INFO [Clustering Tasks Thread-2] o.a.n.c.c.ClusterProtocolHeartbeater Heartbeat created at 2024-10-21 08:26:14,226 and sent to mynifi:8082 at 2024-10-21 08:26:14,234; send took 8 millis
2024-10-21 08:26:14,492 INFO [pool-13-thread-1] o.a.n.c.r.WriteAheadFlowFileRepository Initiating checkpoint of FlowFile Repository
2024-10-21 08:26:14,492 INFO [pool-13-thread-1] o.a.n.c.r.WriteAheadFlowFileRepository Successfully checkpointed FlowFile Repository with 0 records in 0 milliseconds
2024-10-21 08:26:17,737 INFO [Heartbeat Monitor Thread-1] o.a.n.c.c.h.AbstractHeartbeatMonitor Finished processing 1 heartbeats in 16383 nanos
2024-10-21 08:26:19,241 INFO [Process Cluster Protocol Request-8] o.a.n.c.p.impl.SocketProtocolListener Finished processing request 4351c322-0790-412c-9dd6-81ada3655aac (type=HEARTBEAT, length=2235 bytes) from mynifi:8080 in 2 millis
2024-10-21 08:26:19,243 INFO [Clustering Tasks Thread-2] o.a.n.c.c.ClusterProtocolHeartbeater Heartbeat created at 2024-10-21 08:26:19,235 and sent to mynifi:8082 at 2024-10-21 08:26:19,243; send took 8 millis
2024-10-21 08:26:22,738 INFO [Heartbeat Monitor Thread-1] o.a.n.c.c.h.AbstractHeartbeatMonitor Finished processing 1 heartbeats in 15614 nanos
2024-10-21 08:26:24,249 INFO [Process Cluster Protocol Request-9] o.a.n.c.p.impl.SocketProtocolListener Finished processing request ff88a9b2-c074-4d50-8f88-08a2659944b9 (type=HEARTBEAT, length=2235 bytes) from mynifi:8080 in 2 millis
2024-10-21 08:26:24,251 INFO [Clustering Tasks Thread-2] o.a.n.c.c.ClusterProtocolHeartbeater Heartbeat created at 2024-10-21 08:26:24,243 and sent to mynifi:8082 at 2024-10-21 08:26:24,251; send took 7 millis
2024-10-21 08:26:27,738 INFO [Heartbeat Monitor Thread-1] o.a.n.c.c.h.AbstractHeartbeatMonitor Finished processing 1 heartbeats in 15435 nanos
2024-10-21 08:26:29,254 INFO [Process Cluster Protocol Request-10] o.a.n.c.p.impl.SocketProtocolListener Finished processing request c3f515f4-2b59-4706-b14b-8e84396f493b (type=HEARTBEAT, length=2235 bytes) from mynifi:8080 in 1 millis
2024-10-21 08:26:29,255 INFO [Clustering Tasks Thread-2] o.a.n.c.c.ClusterProtocolHeartbeater Heartbeat created at 2024-10-21 08:26:29,252 and sent to mynifi:8082 at 2024-10-21 08:26:29,255; send took 3 millis
2024-10-21 08:26:32,738 INFO [Heartbeat Monitor Thread-1] o.a.n.c.c.h.AbstractHeartbeatMonitor Finished processing 1 heartbeats in 15018 nanos
2024-10-21 08:26:34,261 INFO [Process Cluster Protocol Request-1] o.a.n.c.p.impl.SocketProtocolListener Finished processing request 61e54d02-6418-476b-8414-08144facb4e8 (type=HEARTBEAT, length=2235 bytes) from mynifi:8080 in 2 millis
2024-10-21 08:26:34,263 INFO [Clustering Tasks Thread-2] o.a.n.c.c.ClusterProtocolHeartbeater Heartbeat created at 2024-10-21 08:26:34,255 and sent to mynifi:8082 at 2024-10-21 08:26:34,263; send took 7 millis
2024-10-21 08:26:34,492 INFO [pool-13-thread-1] o.a.n.c.r.WriteAheadFlowFileRepository Initiating checkpoint of FlowFile Repository
2024-10-21 08:26:34,492 INFO [pool-13-thread-1] o.a.n.c.r.WriteAheadFlowFileRepository Successfully checkpointed FlowFile Repository with 0 records in 0 milliseconds
2024-10-21 08:26:37,739 INFO [Heartbeat Monitor Thread-1] o.a.n.c.c.h.AbstractHeartbeatMonitor Finished processing 1 heartbeats in 15477 nanos
2024-10-21 08:26:39,269 INFO [Process Cluster Protocol Request-2] o.a.n.c.p.impl.SocketProtocolListener Finished processing request afca7cc5-c15a-4c2e-81d1-8187b7a39c16 (type=HEARTBEAT, length=2235 bytes) from mynifi:8080 in 2 millis
2024-10-21 08:26:39,272 INFO [Clustering Tasks Thread-2] o.a.n.c.c.ClusterProtocolHeartbeater Heartbeat created at 2024-10-21 08:26:39,264 and sent to mynifi:8082 at 2024-10-21 08:26:39,272; send took 7 millis
2024-10-21 08:26:40,896 INFO [Write-Ahead Local State Provider Maintenance] org.wali.MinimalLockingWriteAheadLog org.wali.MinimalLockingWriteAheadLog@5de25642 checkpointed with 3 Records and 0 Swap Files in 10 milliseconds (Stop-the-world time = 4 milliseconds, Clear Edit Logs time = 4 millis), max Transaction ID 17
2024-10-21 08:26:42,154 INFO [Cleanup Archive for default] o.a.n.c.repository.FileSystemRepository Successfully deleted 0 files (0 bytes) from archive
2024-10-21 08:26:42,739 INFO [Heartbeat Monitor Thread-1] o.a.n.c.c.h.AbstractHeartbeatMonitor Finished processing 1 heartbeats in 13911 nanos
2024-10-21 08:26:44,278 INFO [Process Cluster Protocol Request-3] o.a.n.c.p.impl.SocketProtocolListener Finished processing request d59ba56c-9334-4375-9507-3db4dfefb41b (type=HEARTBEAT, length=2235 bytes) from mynifi:8080 in 2 millis
2024-10-21 08:26:44,280 INFO [Clustering Tasks Thread-2] o.a.n.c.c.ClusterProtocolHeartbeater Heartbeat created at 2024-10-21 08:26:44,272 and sent to mynifi:8082 at 2024-10-21 08:26:44,280; send took 8 millis
2024-10-21 08:26:47,740 INFO [Heartbeat Monitor Thread-1] o.a.n.c.c.h.AbstractHeartbeatMonitor Finished processing 1 heartbeats in 15506 nanos
2024-10-21 08:26:49,282 INFO [Process Cluster Protocol Request-4] o.a.n.c.p.impl.SocketProtocolListener Finished processing request 43098ae8-5c11-4cf0-bf95-9ce5e279b6e1 (type=HEARTBEAT, length=2235 bytes) from mynifi:8080 in 765717 nanos
2024-10-21 08:26:49,283 INFO [Clustering Tasks Thread-2] o.a.n.c.c.ClusterProtocolHeartbeater Heartbeat created at 2024-10-21 08:26:49,281 and sent to mynifi:8082 at 2024-10-21 08:26:49,283; send took 2 millis
2024-10-21 08:26:52,740 INFO [Heartbeat Monitor Thread-1] o.a.n.c.c.h.AbstractHeartbeatMonitor Finished processing 1 heartbeats in 15394 nanos
2024-10-21 08:26:54,289 INFO [Process Cluster Protocol Request-5] o.a.n.c.p.impl.SocketProtocolListener Finished processing request c477289c-0102-48e3-99f8-b255f2edd8bd (type=HEARTBEAT, length=2235 bytes) from mynifi:8080 in 2 millis
2024-10-21 08:26:54,291 INFO [Clustering Tasks Thread-2] o.a.n.c.c.ClusterProtocolHeartbeater Heartbeat created at 2024-10-21 08:26:54,283 and sent to mynifi:8082 at 2024-10-21 08:26:54,291; send took 8 millis
2024-10-21 08:26:54,492 INFO [pool-13-thread-1] o.a.n.c.r.WriteAheadFlowFileRepository Initiating checkpoint of FlowFile Repository
2024-10-21 08:26:54,493 INFO [pool-13-thread-1] o.a.n.c.r.WriteAheadFlowFileRepository Successfully checkpointed FlowFile Repository with 0 records in 0 milliseconds
2024-10-21 08:26:57,740 INFO [Heartbeat Monitor Thread-1] o.a.n.c.c.h.AbstractHeartbeatMonitor Finished processing 1 heartbeats in 15254 nanos
2024-10-21 08:26:59,298 INFO [Process Cluster Protocol Request-6] o.a.n.c.p.impl.SocketProtocolListener Finished processing request 8f037a4c-aaa1-4871-95d3-9dbc8fe8f54a (type=HEARTBEAT, length=2235 bytes) from mynifi:8080 in 2 millis
2024-10-21 08:26:59,300 INFO [Clustering Tasks Thread-2] o.a.n.c.c.ClusterProtocolHeartbeater Heartbeat created at 2024-10-21 08:26:59,292 and sent to mynifi:8082 at 2024-10-21 08:26:59,300; send took 8 millis
2024-10-21 08:27:02,741 INFO [Heartbeat Monitor Thread-1] o.a.n.c.c.h.AbstractHeartbeatMonitor Finished processing 1 heartbeats in 15261 nanos
2024-10-21 08:27:04,306 INFO [Process Cluster Protocol Request-7] o.a.n.c.p.impl.SocketProtocolListener Finished processing request 1bc1214e-2a33-4ae1-9381-0326c1bf6f23 (type=HEARTBEAT, length=2235 bytes) from mynifi:8080 in 2 millis
2024-10-21 08:27:04,309 INFO [Clustering Tasks Thread-2] o.a.n.c.c.ClusterProtocolHeartbeater Heartbeat created at 2024-10-21 08:27:04,301 and sent to mynifi:8082 at 2024-10-21 08:27:04,309; send took 8 millis
2024-10-21 08:27:07,741 INFO [Heartbeat Monitor Thread-1] o.a.n.c.c.h.AbstractHeartbeatMonitor Finished processing 1 heartbeats in 15498 nanos
2024-10-21 08:27:09,315 INFO [Process Cluster Protocol Request-8] o.a.n.c.p.impl.SocketProtocolListener Finished processing request bf7298b5-b43f-48d7-94bc-9c2aaac7ad0a (type=HEARTBEAT, length=2235 bytes) from mynifi:8080 in 2 millis
2024-10-21 08:27:09,317 INFO [Clustering Tasks Thread-2] o.a.n.c.c.ClusterProtocolHeartbeater Heartbeat created at 2024-10-21 08:27:09,309 and sent to mynifi:8082 at 2024-10-21 08:27:09,317; send took 7 millis
2024-10-21 08:27:12,742 INFO [Heartbeat Monitor Thread-1] o.a.n.c.c.h.AbstractHeartbeatMonitor Finished processing 1 heartbeats in 13774 nanos
2024-10-21 08:27:14,323 INFO [Process Cluster Protocol Request-9] o.a.n.c.p.impl.SocketProtocolListener Finished processing request e5818be2-1d00-4ff4-aa25-b524b6a75b3c (type=HEARTBEAT, length=2235 bytes) from mynifi:8080 in 2 millis
2024-10-21 08:27:14,326 INFO [Clustering Tasks Thread-2] o.a.n.c.c.ClusterProtocolHeartbeater Heartbeat created at 2024-10-21 08:27:14,318 and sent to mynifi:8082 at 2024-10-21 08:27:14,326; send took 7 millis
2024-10-21 08:27:14,493 INFO [pool-13-thread-1] o.a.n.c.r.WriteAheadFlowFileRepository Initiating checkpoint of FlowFile Repository
2024-10-21 08:27:14,493 INFO [pool-13-thread-1] o.a.n.c.r.WriteAheadFlowFileRepository Successfully checkpointed FlowFile Repository with 0 records in 0 milliseconds
2024-10-21 08:27:17,742 INFO [Heartbeat Monitor Thread-1] o.a.n.c.c.h.AbstractHeartbeatMonitor Finished processing 1 heartbeats in 15442 nanos
2024-10-21 08:27:19,332 INFO [Process Cluster Protocol Request-10] o.a.n.c.p.impl.SocketProtocolListener Finished processing request 08b9e1d2-f18b-4406-bad7-3a974ec11e45 (type=HEARTBEAT, length=2235 bytes) from mynifi:8080 in 2 millis
2024-10-21 08:27:19,334 INFO [Clustering Tasks Thread-2] o.a.n.c.c.ClusterProtocolHeartbeater Heartbeat created at 2024-10-21 08:27:19,326 and sent to mynifi:8082 at 2024-10-21 08:27:19,334; send took 7 millis
2024-10-21 08:27:22,742 INFO [Heartbeat Monitor Thread-1] o.a.n.c.c.h.AbstractHeartbeatMonitor Finished processing 1 heartbeats in 6871 nanos
2024-10-21 08:27:24,340 INFO [Process Cluster Protocol Request-1] o.a.n.c.p.impl.SocketProtocolListener Finished processing request 720d87ef-824a-4b67-927c-7d2962451f90 (type=HEARTBEAT, length=2235 bytes) from mynifi:8080 in 2 millis
2024-10-21 08:27:24,343 INFO [Clustering Tasks Thread-2] o.a.n.c.c.ClusterProtocolHeartbeater Heartbeat created at 2024-10-21 08:27:24,334 and sent to mynifi:8082 at 2024-10-21 08:27:24,343; send took 7 millis
2024-10-21 08:27:27,742 INFO [Heartbeat Monitor Thread-1] o.a.n.c.c.h.AbstractHeartbeatMonitor Finished processing 1 heartbeats in 15435 nanos
2024-10-21 08:27:29,345 INFO [Process Cluster Protocol Request-2] o.a.n.c.p.impl.SocketProtocolListener Finished processing request 59690075-b7ff-4b8a-8c0b-0460d02d477f (type=HEARTBEAT, length=2235 bytes) from mynifi:8080 in 764918 nanos
2024-10-21 08:27:29,345 INFO [Clustering Tasks Thread-2] o.a.n.c.c.ClusterProtocolHeartbeater Heartbeat created at 2024-10-21 08:27:29,343 and sent to mynifi:8082 at 2024-10-21 08:27:29,345; send took 2 millis
2024-10-21 08:27:32,743 INFO [Heartbeat Monitor Thread-1] o.a.n.c.c.h.AbstractHeartbeatMonitor Finished processing 1 heartbeats in 14812 nanos
2024-10-21 08:27:34,351 INFO [Process Cluster Protocol Request-3] o.a.n.c.p.impl.SocketProtocolListener Finished processing request 9d0a3f61-90b5-4f5a-8d4f-1db837e9c875 (type=HEARTBEAT, length=2235 bytes) from mynifi:8080 in 2 millis
2024-10-21 08:27:34,353 INFO [Clustering Tasks Thread-2] o.a.n.c.c.ClusterProtocolHeartbeater Heartbeat created at 2024-10-21 08:27:34,345 and sent to mynifi:8082 at 2024-10-21 08:27:34,353; send took 7 millis
2024-10-21 08:27:34,493 INFO [pool-13-thread-1] o.a.n.c.r.WriteAheadFlowFileRepository Initiating checkpoint of FlowFile Repository
2024-10-21 08:27:34,493 INFO [pool-13-thread-1] o.a.n.c.r.WriteAheadFlowFileRepository Successfully checkpointed FlowFile Repository with 0 records in 0 milliseconds
2024-10-21 08:27:37,743 INFO [Heartbeat Monitor Thread-1] o.a.n.c.c.h.AbstractHeartbeatMonitor Finished processing 1 heartbeats in 6701 nanos
2024-10-21 08:27:39,359 INFO [Process Cluster Protocol Request-4] o.a.n.c.p.impl.SocketProtocolListener Finished processing request ee5f0178-a09f-4c41-9fcb-22a5be8fa364 (type=HEARTBEAT, length=2235 bytes) from mynifi:8080 in 2 millis
2024-10-21 08:27:39,362 INFO [Clustering Tasks Thread-2] o.a.n.c.c.ClusterProtocolHeartbeater Heartbeat created at 2024-10-21 08:27:39,354 and sent to mynifi:8082 at 2024-10-21 08:27:39,362; send took 8 millis
2024-10-21 08:27:42,173 INFO [Cleanup Archive for default] o.a.n.c.repository.FileSystemRepository Successfully deleted 0 files (0 bytes) from archive
2024-10-21 08:27:42,743 INFO [Heartbeat Monitor Thread-1] o.a.n.c.c.h.AbstractHeartbeatMonitor Finished processing 1 heartbeats in 13585 nanos
2024-10-21 08:27:44,368 INFO [Process Cluster Protocol Request-5] o.a.n.c.p.impl.SocketProtocolListener Finished processing request b49e8dbf-9e5b-4b8f-8ab3-e9e4743f077c (type=HEARTBEAT, length=2235 bytes) from mynifi:8080 in 2 millis
2024-10-21 08:27:44,371 INFO [Clustering Tasks Thread-2] o.a.n.c.c.ClusterProtocolHeartbeater Heartbeat created at 2024-10-21 08:27:44,363 and sent to mynifi:8082 at 2024-10-21 08:27:44,371; send took 8 millis
2024-10-21 08:27:47,744 INFO [Heartbeat Monitor Thread-1] o.a.n.c.c.h.AbstractHeartbeatMonitor Finished processing 1 heartbeats in 6516 nanos
2024-10-21 08:27:49,373 INFO [Process Cluster Protocol Request-6] o.a.n.c.p.impl.SocketProtocolListener Finished processing request 4f4f2d0e-905e-4633-aee5-d33cfe9a7bd1 (type=HEARTBEAT, length=2235 bytes) from mynifi:8080 in 681663 nanos
2024-10-21 08:27:49,374 INFO [Clustering Tasks Thread-2] o.a.n.c.c.ClusterProtocolHeartbeater Heartbeat created at 2024-10-21 08:27:49,372 and sent to mynifi:8082 at 2024-10-21 08:27:49,374; send took 2 millis
2024-10-21 08:27:52,744 INFO [Heartbeat Monitor Thread-1] o.a.n.c.c.h.AbstractHeartbeatMonitor Finished processing 1 heartbeats in 16394 nanos
2024-10-21 08:27:54,380 INFO [Process Cluster Protocol Request-7] o.a.n.c.p.impl.SocketProtocolListener Finished processing request 0a5a9951-f8e7-4c82-b2fd-ab61e7a780fa (type=HEARTBEAT, length=2235 bytes) from mynifi:8080 in 2 millis
2024-10-21 08:27:54,382 INFO [Clustering Tasks Thread-2] o.a.n.c.c.ClusterProtocolHeartbeater Heartbeat created at 2024-10-21 08:27:54,374 and sent to mynifi:8082 at 2024-10-21 08:27:54,382; send took 7 millis
2024-10-21 08:27:54,494 INFO [pool-13-thread-1] o.a.n.c.r.WriteAheadFlowFileRepository Initiating checkpoint of FlowFile Repository
2024-10-21 08:27:54,494 INFO [pool-13-thread-1] o.a.n.c.r.WriteAheadFlowFileRepository Successfully checkpointed FlowFile Repository with 0 records in 0 milliseconds
2024-10-21 08:27:57,745 INFO [Heartbeat Monitor Thread-1] o.a.n.c.c.h.AbstractHeartbeatMonitor Finished processing 1 heartbeats in 15668 nanos
2024-10-21 08:27:59,388 INFO [Process Cluster Protocol Request-8] o.a.n.c.p.impl.SocketProtocolListener Finished processing request 944e0f23-682a-4715-946f-3e826b7fc71c (type=HEARTBEAT, length=2235 bytes) from mynifi:8080 in 2 millis
2024-10-21 08:27:59,391 INFO [Clustering Tasks Thread-2] o.a.n.c.c.ClusterProtocolHeartbeater Heartbeat created at 2024-10-21 08:27:59,383 and sent to mynifi:8082 at 2024-10-21 08:27:59,391; send took 7 millis
2024-10-21 08:28:02,745 INFO [Heartbeat Monitor Thread-1] o.a.n.c.c.h.AbstractHeartbeatMonitor Finished processing 1 heartbeats in 15357 nanos
2024-10-21 08:28:04,397 INFO [Process Cluster Protocol Request-9] o.a.n.c.p.impl.SocketProtocolListener Finished processing request 19369733-06d4-4bd7-9f1f-25ffa5aab22b (type=HEARTBEAT, length=2235 bytes) from mynifi:8080 in 2 millis
2024-10-21 08:28:04,399 INFO [Clustering Tasks Thread-2] o.a.n.c.c.ClusterProtocolHeartbeater Heartbeat created at 2024-10-21 08:28:04,391 and sent to mynifi:8082 at 2024-10-21 08:28:04,399; send took 7 millis
2024-10-21 08:28:07,745 INFO [Heartbeat Monitor Thread-1] o.a.n.c.c.h.AbstractHeartbeatMonitor Finished processing 1 heartbeats in 14506 nanos
2024-10-21 08:28:09,405 INFO [Process Cluster Protocol Request-10] o.a.n.c.p.impl.SocketProtocolListener Finished processing request 54969938-0ec3-4940-9cda-8717a77f7aaf (type=HEARTBEAT, length=2235 bytes) from mynifi:8080 in 2 millis
2024-10-21 08:28:09,409 INFO [Clustering Tasks Thread-2] o.a.n.c.c.ClusterProtocolHeartbeater Heartbeat created at 2024-10-21 08:28:09,400 and sent to mynifi:8082 at 2024-10-21 08:28:09,409; send took 8 millis
2024-10-21 08:28:12,746 INFO [Heartbeat Monitor Thread-1] o.a.n.c.c.h.AbstractHeartbeatMonitor Finished processing 1 heartbeats in 14658 nanos
2024-10-21 08:28:14,415 INFO [Process Cluster Protocol Request-1] o.a.n.c.p.impl.SocketProtocolListener Finished processing request f1fbfd09-06e3-46ea-ba31-f9ec7b88f8fa (type=HEARTBEAT, length=2235 bytes) from mynifi:8080 in 2 millis
2024-10-21 08:28:14,416 INFO [Clustering Tasks Thread-2] o.a.n.c.c.ClusterProtocolHeartbeater Heartbeat created at 2024-10-21 08:28:14,409 and sent to mynifi:8082 at 2024-10-21 08:28:14,416; send took 6 millis
2024-10-21 08:28:14,494 INFO [pool-13-thread-1] o.a.n.c.r.WriteAheadFlowFileRepository Initiating checkpoint of FlowFile Repository
2024-10-21 08:28:14,494 INFO [pool-13-thread-1] o.a.n.c.r.WriteAheadFlowFileRepository Successfully checkpointed FlowFile Repository with 0 records in 0 milliseconds
2024-10-21 08:28:17,746 INFO [Heartbeat Monitor Thread-1] o.a.n.c.c.h.AbstractHeartbeatMonitor Finished processing 1 heartbeats in 15225 nanos
2024-10-21 08:28:19,418 INFO [Process Cluster Protocol Request-2] o.a.n.c.p.impl.SocketProtocolListener Finished processing request caed3fe6-6224-46f5-9b67-af58760f0e7c (type=HEARTBEAT, length=2235 bytes) from mynifi:8080 in 712786 nanos
2024-10-21 08:28:19,418 INFO [Clustering Tasks Thread-2] o.a.n.c.c.ClusterProtocolHeartbeater Heartbeat created at 2024-10-21 08:28:19,416 and sent to mynifi:8082 at 2024-10-21 08:28:19,418; send took 2 millis
2024-10-21 08:28:22,747 INFO [Heartbeat Monitor Thread-1] o.a.n.c.c.h.AbstractHeartbeatMonitor Finished processing 1 heartbeats in 15005 nanos
2024-10-21 08:28:24,424 INFO [Process Cluster Protocol Request-3] o.a.n.c.p.impl.SocketProtocolListener Finished processing request 611c55ab-5fe9-4f4e-8089-e615eab97634 (type=HEARTBEAT, length=2235 bytes) from mynifi:8080 in 2 millis
2024-10-21 08:28:24,426 INFO [Clustering Tasks Thread-2] o.a.n.c.c.ClusterProtocolHeartbeater Heartbeat created at 2024-10-21 08:28:24,418 and sent to mynifi:8082 at 2024-10-21 08:28:24,426; send took 7 millis
2024-10-21 08:28:27,747 INFO [Heartbeat Monitor Thread-1] o.a.n.c.c.h.AbstractHeartbeatMonitor Finished processing 1 heartbeats in 14915 nanos
2024-10-21 08:28:29,432 INFO [Process Cluster Protocol Request-4] o.a.n.c.p.impl.SocketProtocolListener Finished processing request 9f6cdc8a-aab5-48f6-b66e-5c7a1979f5ca (type=HEARTBEAT, length=2235 bytes) from mynifi:8080 in 2 millis
2024-10-21 08:28:29,435 INFO [Clustering Tasks Thread-2] o.a.n.c.c.ClusterProtocolHeartbeater Heartbeat created at 2024-10-21 08:28:29,427 and sent to mynifi:8082 at 2024-10-21 08:28:29,435; send took 7 millis
2024-10-21 08:28:32,747 INFO [Heartbeat Monitor Thread-1] o.a.n.c.c.h.AbstractHeartbeatMonitor Finished processing 1 heartbeats in 15303 nanos
2024-10-21 08:28:34,441 INFO [Process Cluster Protocol Request-5] o.a.n.c.p.impl.SocketProtocolListener Finished processing request 18dbeed7-0fdd-4a86-85a4-f8c956718e78 (type=HEARTBEAT, length=2235 bytes) from mynifi:8080 in 2 millis
2024-10-21 08:28:34,443 INFO [Clustering Tasks Thread-2] o.a.n.c.c.ClusterProtocolHeartbeater Heartbeat created at 2024-10-21 08:28:34,435 and sent to mynifi:8082 at 2024-10-21 08:28:34,443; send took 7 millis
2024-10-21 08:28:34,494 INFO [pool-13-thread-1] o.a.n.c.r.WriteAheadFlowFileRepository Initiating checkpoint of FlowFile Repository
2024-10-21 08:28:34,495 INFO [pool-13-thread-1] o.a.n.c.r.WriteAheadFlowFileRepository Successfully checkpointed FlowFile Repository with 0 records in 0 milliseconds
2024-10-21 08:28:37,748 INFO [Heartbeat Monitor Thread-1] o.a.n.c.c.h.AbstractHeartbeatMonitor Finished processing 1 heartbeats in 14845 nanos
2024-10-21 08:28:39,449 INFO [Process Cluster Protocol Request-6] o.a.n.c.p.impl.SocketProtocolListener Finished processing request 166c6c7e-f460-408f-b45c-c50afbb813d9 (type=HEARTBEAT, length=2235 bytes) from mynifi:8080 in 2 millis
2024-10-21 08:28:39,451 INFO [Clustering Tasks Thread-2] o.a.n.c.c.ClusterProtocolHeartbeater Heartbeat created at 2024-10-21 08:28:39,443 and sent to mynifi:8082 at 2024-10-21 08:28:39,451; send took 7 millis
2024-10-21 08:28:40,903 INFO [Write-Ahead Local State Provider Maintenance] org.wali.MinimalLockingWriteAheadLog org.wali.MinimalLockingWriteAheadLog@5de25642 checkpointed with 3 Records and 0 Swap Files in 7 milliseconds (Stop-the-world time = 4 milliseconds, Clear Edit Logs time = 0 millis), max Transaction ID 17
2024-10-21 08:28:42,185 INFO [Cleanup Archive for default] o.a.n.c.repository.FileSystemRepository Successfully deleted 0 files (0 bytes) from archive
2024-10-21 08:28:42,748 INFO [Heartbeat Monitor Thread-1] o.a.n.c.c.h.AbstractHeartbeatMonitor Finished processing 1 heartbeats in 14103 nanos
2024-10-21 08:28:44,457 INFO [Process Cluster Protocol Request-7] o.a.n.c.p.impl.SocketProtocolListener Finished processing request 5d1a8f90-daeb-40c4-9b16-41b18c8a94e5 (type=HEARTBEAT, length=2235 bytes) from mynifi:8080 in 2 millis
2024-10-21 08:28:44,460 INFO [Clustering Tasks Thread-2] o.a.n.c.c.ClusterProtocolHeartbeater Heartbeat created at 2024-10-21 08:28:44,452 and sent to mynifi:8082 at 2024-10-21 08:28:44,460; send took 7 millis
2024-10-21 08:28:47,748 INFO [Heartbeat Monitor Thread-1] o.a.n.c.c.h.AbstractHeartbeatMonitor Finished processing 1 heartbeats in 14581 nanos
2024-10-21 08:28:49,466 INFO [Process Cluster Protocol Request-8] o.a.n.c.p.impl.SocketProtocolListener Finished processing request 276c09d0-6ffd-4563-bc93-daf250eefdc2 (type=HEARTBEAT, length=2235 bytes) from mynifi:8080 in 2 millis
2024-10-21 08:28:49,469 INFO [Clustering Tasks Thread-2] o.a.n.c.c.ClusterProtocolHeartbeater Heartbeat created at 2024-10-21 08:28:49,460 and sent to mynifi:8082 at 2024-10-21 08:28:49,469; send took 8 millis
2024-10-21 08:28:52,749 INFO [Heartbeat Monitor Thread-1] o.a.n.c.c.h.AbstractHeartbeatMonitor Finished processing 1 heartbeats in 14369 nanos
2024-10-21 08:28:54,475 INFO [Process Cluster Protocol Request-9] o.a.n.c.p.impl.SocketProtocolListener Finished processing request 1711709b-fbd3-4b9a-b65f-cabef7882ffc (type=HEARTBEAT, length=2235 bytes) from mynifi:8080 in 2 millis
2024-10-21 08:28:54,477 INFO [Clustering Tasks Thread-2] o.a.n.c.c.ClusterProtocolHeartbeater Heartbeat created at 2024-10-21 08:28:54,469 and sent to mynifi:8082 at 2024-10-21 08:28:54,477; send took 7 millis
2024-10-21 08:28:54,495 INFO [pool-13-thread-1] o.a.n.c.r.WriteAheadFlowFileRepository Initiating checkpoint of FlowFile Repository
2024-10-21 08:28:54,495 INFO [pool-13-thread-1] o.a.n.c.r.WriteAheadFlowFileRepository Successfully checkpointed FlowFile Repository with 0 records in 0 milliseconds
2024-10-21 08:28:57,749 INFO [Heartbeat Monitor Thread-1] o.a.n.c.c.h.AbstractHeartbeatMonitor Finished processing 1 heartbeats in 14221 nanos
2024-10-21 08:28:59,483 INFO [Process Cluster Protocol Request-10] o.a.n.c.p.impl.SocketProtocolListener Finished processing request 4d628f8a-01ab-411d-832c-17e182e473b0 (type=HEARTBEAT, length=2235 bytes) from mynifi:8080 in 2 millis
2024-10-21 08:28:59,485 INFO [Clustering Tasks Thread-2] o.a.n.c.c.ClusterProtocolHeartbeater Heartbeat created at 2024-10-21 08:28:59,477 and sent to mynifi:8082 at 2024-10-21 08:28:59,485; send took 7 millis
2024-10-21 08:29:02,750 INFO [Heartbeat Monitor Thread-1] o.a.n.c.c.h.AbstractHeartbeatMonitor Finished processing 1 heartbeats in 16841 nanos
2024-10-21 08:29:04,492 INFO [Process Cluster Protocol Request-1] o.a.n.c.p.impl.SocketProtocolListener Finished processing request d0a8c163-90fe-4cc8-801c-366e9172074f (type=HEARTBEAT, length=2235 bytes) from mynifi:8080 in 2 millis
2024-10-21 08:29:04,494 INFO [Clustering Tasks Thread-2] o.a.n.c.c.ClusterProtocolHeartbeater Heartbeat created at 2024-10-21 08:29:04,486 and sent to mynifi:8082 at 2024-10-21 08:29:04,494; send took 8 millis
2024-10-21 08:29:07,750 INFO [Heartbeat Monitor Thread-1] o.a.n.c.c.h.AbstractHeartbeatMonitor Finished processing 1 heartbeats in 14017 nanos
2024-10-21 08:29:09,500 INFO [Process Cluster Protocol Request-2] o.a.n.c.p.impl.SocketProtocolListener Finished processing request 08e3b0f5-bc35-41ef-aeb9-1c0a76101bfa (type=HEARTBEAT, length=2235 bytes) from mynifi:8080 in 2 millis
2024-10-21 08:29:09,502 INFO [Clustering Tasks Thread-2] o.a.n.c.c.ClusterProtocolHeartbeater Heartbeat created at 2024-10-21 08:29:09,495 and sent to mynifi:8082 at 2024-10-21 08:29:09,502; send took 7 millis
2024-10-21 08:29:12,750 INFO [Heartbeat Monitor Thread-1] o.a.n.c.c.h.AbstractHeartbeatMonitor Finished processing 1 heartbeats in 14647 nanos
2024-10-21 08:29:14,495 INFO [pool-13-thread-1] o.a.n.c.r.WriteAheadFlowFileRepository Initiating checkpoint of FlowFile Repository
2024-10-21 08:29:14,495 INFO [pool-13-thread-1] o.a.n.c.r.WriteAheadFlowFileRepository Successfully checkpointed FlowFile Repository with 0 records in 0 milliseconds
2024-10-21 08:29:14,508 INFO [Process Cluster Protocol Request-3] o.a.n.c.p.impl.SocketProtocolListener Finished processing request 3493e566-516a-43a8-819e-d4b01927b833 (type=HEARTBEAT, length=2235 bytes) from mynifi:8080 in 2 millis
2024-10-21 08:29:14,511 INFO [Clustering Tasks Thread-2] o.a.n.c.c.ClusterProtocolHeartbeater Heartbeat created at 2024-10-21 08:29:14,503 and sent to mynifi:8082 at 2024-10-21 08:29:14,511; send took 8 millis
2024-10-21 08:29:17,751 INFO [Heartbeat Monitor Thread-1] o.a.n.c.c.h.AbstractHeartbeatMonitor Finished processing 1 heartbeats in 15719 nanos
2024-10-21 08:29:19,517 INFO [Process Cluster Protocol Request-4] o.a.n.c.p.impl.SocketProtocolListener Finished processing request bf5c31ee-3268-4e97-bd68-f0c3fcc60d20 (type=HEARTBEAT, length=2235 bytes) from mynifi:8080 in 2 millis
2024-10-21 08:29:19,520 INFO [Clustering Tasks Thread-2] o.a.n.c.c.ClusterProtocolHeartbeater Heartbeat created at 2024-10-21 08:29:19,511 and sent to mynifi:8082 at 2024-10-21 08:29:19,520; send took 8 millis
2024-10-21 08:29:22,751 INFO [Heartbeat Monitor Thread-1] o.a.n.c.c.h.AbstractHeartbeatMonitor Finished processing 1 heartbeats in 14227 nanos
2024-10-21 08:29:24,526 INFO [Process Cluster Protocol Request-5] o.a.n.c.p.impl.SocketProtocolListener Finished processing request eb2c132c-9e66-4d0d-b464-f07fa74f33ca (type=HEARTBEAT, length=2235 bytes) from mynifi:8080 in 2 millis
2024-10-21 08:29:24,528 INFO [Clustering Tasks Thread-2] o.a.n.c.c.ClusterProtocolHeartbeater Heartbeat created at 2024-10-21 08:29:24,520 and sent to mynifi:8082 at 2024-10-21 08:29:24,528; send took 8 millis
2024-10-21 08:29:27,751 INFO [Heartbeat Monitor Thread-1] o.a.n.c.c.h.AbstractHeartbeatMonitor Finished processing 1 heartbeats in 14351 nanos
2024-10-21 08:29:29,534 INFO [Process Cluster Protocol Request-6] o.a.n.c.p.impl.SocketProtocolListener Finished processing request 3b5594ac-0133-4856-9142-ea219770eda5 (type=HEARTBEAT, length=2235 bytes) from mynifi:8080 in 2 millis
2024-10-21 08:29:29,537 INFO [Clustering Tasks Thread-2] o.a.n.c.c.ClusterProtocolHeartbeater Heartbeat created at 2024-10-21 08:29:29,528 and sent to mynifi:8082 at 2024-10-21 08:29:29,537; send took 8 millis
2024-10-21 08:29:32,752 INFO [Heartbeat Monitor Thread-1] o.a.n.c.c.h.AbstractHeartbeatMonitor Finished processing 1 heartbeats in 14818 nanos
2024-10-21 08:29:34,496 INFO [pool-13-thread-1] o.a.n.c.r.WriteAheadFlowFileRepository Initiating checkpoint of FlowFile Repository
2024-10-21 08:29:34,496 INFO [pool-13-thread-1] o.a.n.c.r.WriteAheadFlowFileRepository Successfully checkpointed FlowFile Repository with 0 records in 0 milliseconds
2024-10-21 08:29:34,543 INFO [Process Cluster Protocol Request-7] o.a.n.c.p.impl.SocketProtocolListener Finished processing request 82d218ae-ef04-49c1-b255-06b760ce86ce (type=HEARTBEAT, length=2235 bytes) from mynifi:8080 in 2 millis
2024-10-21 08:29:34,545 INFO [Clustering Tasks Thread-2] o.a.n.c.c.ClusterProtocolHeartbeater Heartbeat created at 2024-10-21 08:29:34,537 and sent to mynifi:8082 at 2024-10-21 08:29:34,545; send took 7 millis
2024-10-21 08:29:37,752 INFO [Heartbeat Monitor Thread-1] o.a.n.c.c.h.AbstractHeartbeatMonitor Finished processing 1 heartbeats in 14543 nanos
2024-10-21 08:29:39,551 INFO [Process Cluster Protocol Request-8] o.a.n.c.p.impl.SocketProtocolListener Finished processing request ff3f5672-912a-4abe-91ab-cfb50d58a39b (type=HEARTBEAT, length=2235 bytes) from mynifi:8080 in 2 millis
2024-10-21 08:29:39,554 INFO [Clustering Tasks Thread-2] o.a.n.c.c.ClusterProtocolHeartbeater Heartbeat created at 2024-10-21 08:29:39,546 and sent to mynifi:8082 at 2024-10-21 08:29:39,554; send took 7 millis
2024-10-21 08:29:42,193 INFO [Cleanup Archive for default] o.a.n.c.repository.FileSystemRepository Successfully deleted 0 files (0 bytes) from archive
2024-10-21 08:29:42,753 INFO [Heartbeat Monitor Thread-1] o.a.n.c.c.h.AbstractHeartbeatMonitor Finished processing 1 heartbeats in 19737 nanos
2024-10-21 08:29:44,560 INFO [Process Cluster Protocol Request-9] o.a.n.c.p.impl.SocketProtocolListener Finished processing request 74f41f53-3562-4b39-bb24-233f8b6ace84 (type=HEARTBEAT, length=2235 bytes) from mynifi:8080 in 2 millis
2024-10-21 08:29:44,563 INFO [Clustering Tasks Thread-2] o.a.n.c.c.ClusterProtocolHeartbeater Heartbeat created at 2024-10-21 08:29:44,554 and sent to mynifi:8082 at 2024-10-21 08:29:44,563; send took 8 millis
2024-10-21 08:29:47,753 INFO [Heartbeat Monitor Thread-1] o.a.n.c.c.h.AbstractHeartbeatMonitor Finished processing 1 heartbeats in 15492 nanos
2024-10-21 08:29:49,569 INFO [Process Cluster Protocol Request-10] o.a.n.c.p.impl.SocketProtocolListener Finished processing request 1c22bb72-f43f-4481-aac3-2ddddd89d97e (type=HEARTBEAT, length=2235 bytes) from mynifi:8080 in 2 millis
2024-10-21 08:29:49,572 INFO [Clustering Tasks Thread-2] o.a.n.c.c.ClusterProtocolHeartbeater Heartbeat created at 2024-10-21 08:29:49,563 and sent to mynifi:8082 at 2024-10-21 08:29:49,572; send took 8 millis
2024-10-21 08:29:52,753 INFO [Heartbeat Monitor Thread-1] o.a.n.c.c.h.AbstractHeartbeatMonitor Finished processing 1 heartbeats in 14058 nanos
2024-10-21 08:29:54,496 INFO [pool-13-thread-1] o.a.n.c.r.WriteAheadFlowFileRepository Initiating checkpoint of FlowFile Repository
2024-10-21 08:29:54,496 INFO [pool-13-thread-1] o.a.n.c.r.WriteAheadFlowFileRepository Successfully checkpointed FlowFile Repository with 0 records in 0 milliseconds
2024-10-21 08:29:54,578 INFO [Process Cluster Protocol Request-1] o.a.n.c.p.impl.SocketProtocolListener Finished processing request 03327734-79e8-4701-8df0-cb0a72f1fd0d (type=HEARTBEAT, length=2235 bytes) from mynifi:8080 in 2 millis
2024-10-21 08:29:54,580 INFO [Clustering Tasks Thread-2] o.a.n.c.c.ClusterProtocolHeartbeater Heartbeat created at 2024-10-21 08:29:54,572 and sent to mynifi:8082 at 2024-10-21 08:29:54,580; send took 8 millis
2024-10-21 08:29:57,754 INFO [Heartbeat Monitor Thread-1] o.a.n.c.c.h.AbstractHeartbeatMonitor Finished processing 1 heartbeats in 15286 nanos
2024-10-21 08:29:59,587 INFO [Process Cluster Protocol Request-2] o.a.n.c.p.impl.SocketProtocolListener Finished processing request 08afca6e-2f05-4e83-910f-8979c521fd3a (type=HEARTBEAT, length=2235 bytes) from mynifi:8080 in 2 millis
2024-10-21 08:29:59,589 INFO [Clustering Tasks Thread-2] o.a.n.c.c.ClusterProtocolHeartbeater Heartbeat created at 2024-10-21 08:29:59,581 and sent to mynifi:8082 at 2024-10-21 08:29:59,589; send took 8 millis
2024-10-21 08:30:02,754 INFO [Heartbeat Monitor Thread-1] o.a.n.c.c.h.AbstractHeartbeatMonitor Finished processing 1 heartbeats in 15691 nanos
2024-10-21 08:30:04,595 INFO [Process Cluster Protocol Request-3] o.a.n.c.p.impl.SocketProtocolListener Finished processing request 8e3bbbaa-4509-42f4-967b-db7e3c27ea0c (type=HEARTBEAT, length=2235 bytes) from mynifi:8080 in 2 millis
2024-10-21 08:30:04,598 INFO [Clustering Tasks Thread-2] o.a.n.c.c.ClusterProtocolHeartbeater Heartbeat created at 2024-10-21 08:30:04,589 and sent to mynifi:8082 at 2024-10-21 08:30:04,598; send took 8 millis
2024-10-21 08:30:07,754 INFO [Heartbeat Monitor Thread-1] o.a.n.c.c.h.AbstractHeartbeatMonitor Finished processing 1 heartbeats in 14043 nanos
2024-10-21 08:30:09,604 INFO [Process Cluster Protocol Request-4] o.a.n.c.p.impl.SocketProtocolListener Finished processing request 1d5eacdf-1693-4e75-a824-dbf4138246c2 (type=HEARTBEAT, length=2235 bytes) from mynifi:8080 in 2 millis
2024-10-21 08:30:09,608 INFO [Clustering Tasks Thread-2] o.a.n.c.c.ClusterProtocolHeartbeater Heartbeat created at 2024-10-21 08:30:09,598 and sent to mynifi:8082 at 2024-10-21 08:30:09,608; send took 9 millis
2024-10-21 08:30:12,755 INFO [Heartbeat Monitor Thread-1] o.a.n.c.c.h.AbstractHeartbeatMonitor Finished processing 1 heartbeats in 14275 nanos
2024-10-21 08:30:14,496 INFO [pool-13-thread-1] o.a.n.c.r.WriteAheadFlowFileRepository Initiating checkpoint of FlowFile Repository
2024-10-21 08:30:14,497 INFO [pool-13-thread-1] o.a.n.c.r.WriteAheadFlowFileRepository Successfully checkpointed FlowFile Repository with 0 records in 0 milliseconds
2024-10-21 08:30:14,615 INFO [Process Cluster Protocol Request-5] o.a.n.c.p.impl.SocketProtocolListener Finished processing request f0fdf9ba-a465-43e2-b9a3-b52cbcc46be2 (type=HEARTBEAT, length=2235 bytes) from mynifi:8080 in 2 millis
2024-10-21 08:30:14,616 INFO [Clustering Tasks Thread-2] o.a.n.c.c.ClusterProtocolHeartbeater Heartbeat created at 2024-10-21 08:30:14,608 and sent to mynifi:8082 at 2024-10-21 08:30:14,616; send took 7 millis
2024-10-21 08:30:17,755 INFO [Heartbeat Monitor Thread-1] o.a.n.c.c.h.AbstractHeartbeatMonitor Finished processing 1 heartbeats in 14068 nanos
2024-10-21 08:30:19,622 INFO [Process Cluster Protocol Request-6] o.a.n.c.p.impl.SocketProtocolListener Finished processing request 55621a5d-e7f6-4d6b-93f4-92877ed90f81 (type=HEARTBEAT, length=2235 bytes) from mynifi:8080 in 2 millis
2024-10-21 08:30:19,625 INFO [Clustering Tasks Thread-2] o.a.n.c.c.ClusterProtocolHeartbeater Heartbeat created at 2024-10-21 08:30:19,616 and sent to mynifi:8082 at 2024-10-21 08:30:19,625; send took 8 millis
2024-10-21 08:30:22,755 INFO [Heartbeat Monitor Thread-1] o.a.n.c.c.h.AbstractHeartbeatMonitor Finished processing 1 heartbeats in 13754 nanos
2024-10-21 08:30:24,631 INFO [Process Cluster Protocol Request-7] o.a.n.c.p.impl.SocketProtocolListener Finished processing request 06a6b4c3-4baf-458a-ab80-b998930d95c0 (type=HEARTBEAT, length=2235 bytes) from mynifi:8080 in 2 millis
2024-10-21 08:30:24,634 INFO [Clustering Tasks Thread-2] o.a.n.c.c.ClusterProtocolHeartbeater Heartbeat created at 2024-10-21 08:30:24,625 and sent to mynifi:8082 at 2024-10-21 08:30:24,634; send took 8 millis
2024-10-21 08:30:27,756 INFO [Heartbeat Monitor Thread-1] o.a.n.c.c.h.AbstractHeartbeatMonitor Finished processing 1 heartbeats in 15228 nanos
2024-10-21 08:30:29,637 INFO [Process Cluster Protocol Request-8] o.a.n.c.p.impl.SocketProtocolListener Finished processing request 37813ae6-c42a-49a6-b174-60a3d7770896 (type=HEARTBEAT, length=2235 bytes) from mynifi:8080 in 1 millis
2024-10-21 08:30:29,638 INFO [Clustering Tasks Thread-2] o.a.n.c.c.ClusterProtocolHeartbeater Heartbeat created at 2024-10-21 08:30:29,634 and sent to mynifi:8082 at 2024-10-21 08:30:29,638; send took 3 millis
2024-10-21 08:30:32,756 INFO [Heartbeat Monitor Thread-1] o.a.n.c.c.h.AbstractHeartbeatMonitor Finished processing 1 heartbeats in 14636 nanos
2024-10-21 08:30:34,497 INFO [pool-13-thread-1] o.a.n.c.r.WriteAheadFlowFileRepository Initiating checkpoint of FlowFile Repository
2024-10-21 08:30:34,497 INFO [pool-13-thread-1] o.a.n.c.r.WriteAheadFlowFileRepository Successfully checkpointed FlowFile Repository with 0 records in 0 milliseconds
2024-10-21 08:30:34,644 INFO [Process Cluster Protocol Request-9] o.a.n.c.p.impl.SocketProtocolListener Finished processing request 3f88b292-fb85-4c10-8cbf-02e1243f96ae (type=HEARTBEAT, length=2235 bytes) from mynifi:8080 in 2 millis
2024-10-21 08:30:34,646 INFO [Clustering Tasks Thread-2] o.a.n.c.c.ClusterProtocolHeartbeater Heartbeat created at 2024-10-21 08:30:34,638 and sent to mynifi:8082 at 2024-10-21 08:30:34,646; send took 7 millis
2024-10-21 08:30:37,756 INFO [Heartbeat Monitor Thread-1] o.a.n.c.c.h.AbstractHeartbeatMonitor Finished processing 1 heartbeats in 15540 nanos
2024-10-21 08:30:39,652 INFO [Process Cluster Protocol Request-10] o.a.n.c.p.impl.SocketProtocolListener Finished processing request 6e707c35-04ad-4d7d-a913-ed832835ca12 (type=HEARTBEAT, length=2235 bytes) from mynifi:8080 in 2 millis
2024-10-21 08:30:39,655 INFO [Clustering Tasks Thread-2] o.a.n.c.c.ClusterProtocolHeartbeater Heartbeat created at 2024-10-21 08:30:39,647 and sent to mynifi:8082 at 2024-10-21 08:30:39,655; send took 7 millis
2024-10-21 08:30:40,910 INFO [Write-Ahead Local State Provider Maintenance] org.wali.MinimalLockingWriteAheadLog org.wali.MinimalLockingWriteAheadLog@5de25642 checkpointed with 3 Records and 0 Swap Files in 6 milliseconds (Stop-the-world time = 4 milliseconds, Clear Edit Logs time = 0 millis), max Transaction ID 17
2024-10-21 08:30:42,205 INFO [Cleanup Archive for default] o.a.n.c.repository.FileSystemRepository Successfully deleted 0 files (0 bytes) from archive
2024-10-21 08:30:42,757 INFO [Heartbeat Monitor Thread-1] o.a.n.c.c.h.AbstractHeartbeatMonitor Finished processing 1 heartbeats in 5529 nanos
2024-10-21 08:30:44,661 INFO [Process Cluster Protocol Request-1] o.a.n.c.p.impl.SocketProtocolListener Finished processing request 0a3addb9-3c9c-479a-b493-be9b7f69d0a3 (type=HEARTBEAT, length=2235 bytes) from mynifi:8080 in 2 millis
2024-10-21 08:30:44,663 INFO [Clustering Tasks Thread-2] o.a.n.c.c.ClusterProtocolHeartbeater Heartbeat created at 2024-10-21 08:30:44,655 and sent to mynifi:8082 at 2024-10-21 08:30:44,663; send took 8 millis
2024-10-21 08:30:47,757 INFO [Heartbeat Monitor Thread-1] o.a.n.c.c.h.AbstractHeartbeatMonitor Finished processing 1 heartbeats in 15602 nanos
2024-10-21 08:30:49,669 INFO [Process Cluster Protocol Request-2] o.a.n.c.p.impl.SocketProtocolListener Finished processing request 13c794d7-b2c3-4a72-879e-ad57c2e313bc (type=HEARTBEAT, length=2235 bytes) from mynifi:8080 in 2 millis
2024-10-21 08:30:49,672 INFO [Clustering Tasks Thread-2] o.a.n.c.c.ClusterProtocolHeartbeater Heartbeat created at 2024-10-21 08:30:49,664 and sent to mynifi:8082 at 2024-10-21 08:30:49,672; send took 8 millis
2024-10-21 08:30:52,757 INFO [Heartbeat Monitor Thread-1] o.a.n.c.c.h.AbstractHeartbeatMonitor Finished processing 1 heartbeats in 14038 nanos
2024-10-21 08:30:54,497 INFO [pool-13-thread-1] o.a.n.c.r.WriteAheadFlowFileRepository Initiating checkpoint of FlowFile Repository
2024-10-21 08:30:54,498 INFO [pool-13-thread-1] o.a.n.c.r.WriteAheadFlowFileRepository Successfully checkpointed FlowFile Repository with 0 records in 0 milliseconds
2024-10-21 08:30:54,678 INFO [Process Cluster Protocol Request-3] o.a.n.c.p.impl.SocketProtocolListener Finished processing request 537794c5-dfbf-41cf-836a-2a4ad1120713 (type=HEARTBEAT, length=2235 bytes) from mynifi:8080 in 2 millis
2024-10-21 08:30:54,680 INFO [Clustering Tasks Thread-2] o.a.n.c.c.ClusterProtocolHeartbeater Heartbeat created at 2024-10-21 08:30:54,672 and sent to mynifi:8082 at 2024-10-21 08:30:54,680; send took 8 millis
2024-10-21 08:30:57,758 INFO [Heartbeat Monitor Thread-1] o.a.n.c.c.h.AbstractHeartbeatMonitor Finished processing 1 heartbeats in 14296 nanos
2024-10-21 08:30:59,687 INFO [Process Cluster Protocol Request-4] o.a.n.c.p.impl.SocketProtocolListener Finished processing request a64cb542-7935-43ad-91d2-caa4746f0958 (type=HEARTBEAT, length=2235 bytes) from mynifi:8080 in 2 millis
2024-10-21 08:30:59,689 INFO [Clustering Tasks Thread-2] o.a.n.c.c.ClusterProtocolHeartbeater Heartbeat created at 2024-10-21 08:30:59,681 and sent to mynifi:8082 at 2024-10-21 08:30:59,689; send took 8 millis
2024-10-21 08:31:02,758 INFO [Heartbeat Monitor Thread-1] o.a.n.c.c.h.AbstractHeartbeatMonitor Finished processing 1 heartbeats in 14484 nanos
2024-10-21 08:31:04,695 INFO [Process Cluster Protocol Request-5] o.a.n.c.p.impl.SocketProtocolListener Finished processing request 5342c2c2-769d-462c-976a-5ec0ff11dfa3 (type=HEARTBEAT, length=2235 bytes) from mynifi:8080 in 2 millis
2024-10-21 08:31:04,697 INFO [Clustering Tasks Thread-2] o.a.n.c.c.ClusterProtocolHeartbeater Heartbeat created at 2024-10-21 08:31:04,689 and sent to mynifi:8082 at 2024-10-21 08:31:04,697; send took 7 millis
2024-10-21 08:31:07,758 INFO [Heartbeat Monitor Thread-1] o.a.n.c.c.h.AbstractHeartbeatMonitor Finished processing 1 heartbeats in 14670 nanos
2024-10-21 08:31:09,703 INFO [Process Cluster Protocol Request-6] o.a.n.c.p.impl.SocketProtocolListener Finished processing request 9e50fce4-bd1e-4501-be2d-babb60ea0e1d (type=HEARTBEAT, length=2235 bytes) from mynifi:8080 in 2 millis
2024-10-21 08:31:09,706 INFO [Clustering Tasks Thread-2] o.a.n.c.c.ClusterProtocolHeartbeater Heartbeat created at 2024-10-21 08:31:09,698 and sent to mynifi:8082 at 2024-10-21 08:31:09,706; send took 8 millis
2024-10-21 08:31:12,759 INFO [Heartbeat Monitor Thread-1] o.a.n.c.c.h.AbstractHeartbeatMonitor Finished processing 1 heartbeats in 14888 nanos
2024-10-21 08:31:14,498 INFO [pool-13-thread-1] o.a.n.c.r.WriteAheadFlowFileRepository Initiating checkpoint of FlowFile Repository
2024-10-21 08:31:14,498 INFO [pool-13-thread-1] o.a.n.c.r.WriteAheadFlowFileRepository Successfully checkpointed FlowFile Repository with 0 records in 0 milliseconds
2024-10-21 08:31:14,712 INFO [Process Cluster Protocol Request-7] o.a.n.c.p.impl.SocketProtocolListener Finished processing request b8c63600-fce9-4720-aeec-0a1812d00c9d (type=HEARTBEAT, length=2235 bytes) from mynifi:8080 in 2 millis
2024-10-21 08:31:14,715 INFO [Clustering Tasks Thread-2] o.a.n.c.c.ClusterProtocolHeartbeater Heartbeat created at 2024-10-21 08:31:14,706 and sent to mynifi:8082 at 2024-10-21 08:31:14,715; send took 8 millis
2024-10-21 08:31:17,759 INFO [Heartbeat Monitor Thread-1] o.a.n.c.c.h.AbstractHeartbeatMonitor Finished processing 1 heartbeats in 16623 nanos
2024-10-21 08:31:19,721 INFO [Process Cluster Protocol Request-8] o.a.n.c.p.impl.SocketProtocolListener Finished processing request 768db5cf-3ef8-4e6f-8588-71c5ad8edf67 (type=HEARTBEAT, length=2235 bytes) from mynifi:8080 in 2 millis
2024-10-21 08:31:19,723 INFO [Clustering Tasks Thread-2] o.a.n.c.c.ClusterProtocolHeartbeater Heartbeat created at 2024-10-21 08:31:19,715 and sent to mynifi:8082 at 2024-10-21 08:31:19,723; send took 8 millis
2024-10-21 08:31:22,759 INFO [Heartbeat Monitor Thread-1] o.a.n.c.c.h.AbstractHeartbeatMonitor Finished processing 1 heartbeats in 14725 nanos
2024-10-21 08:31:24,729 INFO [Process Cluster Protocol Request-9] o.a.n.c.p.impl.SocketProtocolListener Finished processing request 75336bb8-43b0-4bc9-899c-d0ba538343ea (type=HEARTBEAT, length=2235 bytes) from mynifi:8080 in 2 millis
2024-10-21 08:31:24,732 INFO [Clustering Tasks Thread-2] o.a.n.c.c.ClusterProtocolHeartbeater Heartbeat created at 2024-10-21 08:31:24,724 and sent to mynifi:8082 at 2024-10-21 08:31:24,732; send took 8 millis
2024-10-21 08:31:27,760 INFO [Heartbeat Monitor Thread-1] o.a.n.c.c.h.AbstractHeartbeatMonitor Finished processing 1 heartbeats in 14892 nanos
2024-10-21 08:31:29,738 INFO [Process Cluster Protocol Request-10] o.a.n.c.p.impl.SocketProtocolListener Finished processing request 089f06c9-9c82-4095-a7b5-6eaf213d5911 (type=HEARTBEAT, length=2235 bytes) from mynifi:8080 in 2 millis
2024-10-21 08:31:29,740 INFO [Clustering Tasks Thread-2] o.a.n.c.c.ClusterProtocolHeartbeater Heartbeat created at 2024-10-21 08:31:29,732 and sent to mynifi:8082 at 2024-10-21 08:31:29,740; send took 8 millis
2024-10-21 08:31:32,760 INFO [Heartbeat Monitor Thread-1] o.a.n.c.c.h.AbstractHeartbeatMonitor Finished processing 1 heartbeats in 14937 nanos
2024-10-21 08:31:34,498 INFO [pool-13-thread-1] o.a.n.c.r.WriteAheadFlowFileRepository Initiating checkpoint of FlowFile Repository
2024-10-21 08:31:34,498 INFO [pool-13-thread-1] o.a.n.c.r.WriteAheadFlowFileRepository Successfully checkpointed FlowFile Repository with 0 records in 0 milliseconds
2024-10-21 08:31:34,746 INFO [Process Cluster Protocol Request-1] o.a.n.c.p.impl.SocketProtocolListener Finished processing request 9a3db9ba-3833-4aae-92d7-50b866393582 (type=HEARTBEAT, length=2235 bytes) from mynifi:8080 in 2 millis
2024-10-21 08:31:34,749 INFO [Clustering Tasks Thread-2] o.a.n.c.c.ClusterProtocolHeartbeater Heartbeat created at 2024-10-21 08:31:34,741 and sent to mynifi:8082 at 2024-10-21 08:31:34,749; send took 7 millis
2024-10-21 08:31:37,760 INFO [Heartbeat Monitor Thread-1] o.a.n.c.c.h.AbstractHeartbeatMonitor Finished processing 1 heartbeats in 7007 nanos
2024-10-21 08:31:39,754 INFO [Process Cluster Protocol Request-2] o.a.n.c.p.impl.SocketProtocolListener Finished processing request 30c8400f-aa74-48c9-b139-83721580a6ec (type=HEARTBEAT, length=2235 bytes) from mynifi:8080 in 2 millis
2024-10-21 08:31:39,757 INFO [Clustering Tasks Thread-2] o.a.n.c.c.ClusterProtocolHeartbeater Heartbeat created at 2024-10-21 08:31:39,749 and sent to mynifi:8082 at 2024-10-21 08:31:39,757; send took 7 millis
2024-10-21 08:31:42,217 INFO [Cleanup Archive for default] o.a.n.c.repository.FileSystemRepository Successfully deleted 0 files (0 bytes) from archive
2024-10-21 08:31:42,763 INFO [Heartbeat Monitor Thread-1] o.a.n.c.c.h.AbstractHeartbeatMonitor Finished processing 1 heartbeats in 14963 nanos
2024-10-21 08:31:44,763 INFO [Process Cluster Protocol Request-3] o.a.n.c.p.impl.SocketProtocolListener Finished processing request b2c01fec-2436-4fd3-a8fb-1404ad9d399c (type=HEARTBEAT, length=2235 bytes) from mynifi:8080 in 2 millis
2024-10-21 08:31:44,765 INFO [Clustering Tasks Thread-2] o.a.n.c.c.ClusterProtocolHeartbeater Heartbeat created at 2024-10-21 08:31:44,757 and sent to mynifi:8082 at 2024-10-21 08:31:44,765; send took 8 millis
2024-10-21 08:31:47,766 INFO [Heartbeat Monitor Thread-1] o.a.n.c.c.h.AbstractHeartbeatMonitor Finished processing 1 heartbeats in 14261 nanos
2024-10-21 08:31:49,771 INFO [Process Cluster Protocol Request-4] o.a.n.c.p.impl.SocketProtocolListener Finished processing request ed07a230-d1a7-4199-b1f2-557cb5f7bd8a (type=HEARTBEAT, length=2235 bytes) from mynifi:8080 in 2 millis
2024-10-21 08:31:49,774 INFO [Clustering Tasks Thread-2] o.a.n.c.c.ClusterProtocolHeartbeater Heartbeat created at 2024-10-21 08:31:49,766 and sent to mynifi:8082 at 2024-10-21 08:31:49,774; send took 7 millis
2024-10-21 08:31:52,767 INFO [Heartbeat Monitor Thread-1] o.a.n.c.c.h.AbstractHeartbeatMonitor Finished processing 1 heartbeats in 14475 nanos
2024-10-21 08:31:54,499 INFO [pool-13-thread-1] o.a.n.c.r.WriteAheadFlowFileRepository Initiating checkpoint of FlowFile Repository
2024-10-21 08:31:54,499 INFO [pool-13-thread-1] o.a.n.c.r.WriteAheadFlowFileRepository Successfully checkpointed FlowFile Repository with 0 records in 0 milliseconds
2024-10-21 08:31:54,776 INFO [Process Cluster Protocol Request-5] o.a.n.c.p.impl.SocketProtocolListener Finished processing request 2a3a2f1b-6525-41db-8ab8-6298f44c078c (type=HEARTBEAT, length=2235 bytes) from mynifi:8080 in 725112 nanos
2024-10-21 08:31:54,777 INFO [Clustering Tasks Thread-2] o.a.n.c.c.ClusterProtocolHeartbeater Heartbeat created at 2024-10-21 08:31:54,774 and sent to mynifi:8082 at 2024-10-21 08:31:54,777; send took 2 millis
2024-10-21 08:31:57,767 INFO [Heartbeat Monitor Thread-1] o.a.n.c.c.h.AbstractHeartbeatMonitor Finished processing 1 heartbeats in 15336 nanos
2024-10-21 08:31:59,783 INFO [Process Cluster Protocol Request-6] o.a.n.c.p.impl.SocketProtocolListener Finished processing request b64e1c01-d75d-4fa8-9655-3f5441442c1b (type=HEARTBEAT, length=2235 bytes) from mynifi:8080 in 2 millis
2024-10-21 08:31:59,785 INFO [Clustering Tasks Thread-2] o.a.n.c.c.ClusterProtocolHeartbeater Heartbeat created at 2024-10-21 08:31:59,777 and sent to mynifi:8082 at 2024-10-21 08:31:59,785; send took 8 millis
2024-10-21 08:32:02,767 INFO [Heartbeat Monitor Thread-1] o.a.n.c.c.h.AbstractHeartbeatMonitor Finished processing 1 heartbeats in 15263 nanos
2024-10-21 08:32:04,791 INFO [Process Cluster Protocol Request-7] o.a.n.c.p.impl.SocketProtocolListener Finished processing request 3e14b896-30ad-4eb7-9de2-590cdfd9cc08 (type=HEARTBEAT, length=2235 bytes) from mynifi:8080 in 2 millis
2024-10-21 08:32:04,794 INFO [Clustering Tasks Thread-2] o.a.n.c.c.ClusterProtocolHeartbeater Heartbeat created at 2024-10-21 08:32:04,785 and sent to mynifi:8082 at 2024-10-21 08:32:04,794; send took 7 millis
2024-10-21 08:32:07,768 INFO [Heartbeat Monitor Thread-1] o.a.n.c.c.h.AbstractHeartbeatMonitor Finished processing 1 heartbeats in 14401 nanos
2024-10-21 08:32:09,799 INFO [Process Cluster Protocol Request-8] o.a.n.c.p.impl.SocketProtocolListener Finished processing request 550a1c6b-ab12-4034-84b0-9fa3a811d5f6 (type=HEARTBEAT, length=2235 bytes) from mynifi:8080 in 2 millis
2024-10-21 08:32:09,803 INFO [Clustering Tasks Thread-2] o.a.n.c.c.ClusterProtocolHeartbeater Heartbeat created at 2024-10-21 08:32:09,794 and sent to mynifi:8082 at 2024-10-21 08:32:09,803; send took 8 millis
2024-10-21 08:32:12,768 INFO [Heartbeat Monitor Thread-1] o.a.n.c.c.h.AbstractHeartbeatMonitor Finished processing 1 heartbeats in 15151 nanos
2024-10-21 08:32:14,499 INFO [pool-13-thread-1] o.a.n.c.r.WriteAheadFlowFileRepository Initiating checkpoint of FlowFile Repository
2024-10-21 08:32:14,499 INFO [pool-13-thread-1] o.a.n.c.r.WriteAheadFlowFileRepository Successfully checkpointed FlowFile Repository with 0 records in 0 milliseconds
2024-10-21 08:32:14,809 INFO [Process Cluster Protocol Request-9] o.a.n.c.p.impl.SocketProtocolListener Finished processing request 62383694-ace2-4fd1-b9b7-0fac97a57e8c (type=HEARTBEAT, length=2235 bytes) from mynifi:8080 in 2 millis
2024-10-21 08:32:14,811 INFO [Clustering Tasks Thread-2] o.a.n.c.c.ClusterProtocolHeartbeater Heartbeat created at 2024-10-21 08:32:14,803 and sent to mynifi:8082 at 2024-10-21 08:32:14,811; send took 7 millis
2024-10-21 08:32:17,769 INFO [Heartbeat Monitor Thread-1] o.a.n.c.c.h.AbstractHeartbeatMonitor Finished processing 1 heartbeats in 15397 nanos
2024-10-21 08:32:19,817 INFO [Process Cluster Protocol Request-10] o.a.n.c.p.impl.SocketProtocolListener Finished processing request bb744ab0-b7ef-408d-9ef2-8992b18a7f55 (type=HEARTBEAT, length=2235 bytes) from mynifi:8080 in 2 millis
2024-10-21 08:32:19,820 INFO [Clustering Tasks Thread-2] o.a.n.c.c.ClusterProtocolHeartbeater Heartbeat created at 2024-10-21 08:32:19,812 and sent to mynifi:8082 at 2024-10-21 08:32:19,820; send took 8 millis
2024-10-21 08:32:22,769 INFO [Heartbeat Monitor Thread-1] o.a.n.c.c.h.AbstractHeartbeatMonitor Finished processing 1 heartbeats in 14996 nanos
2024-10-21 08:32:24,826 INFO [Process Cluster Protocol Request-1] o.a.n.c.p.impl.SocketProtocolListener Finished processing request 38710c3c-3012-4541-b8bb-282ce1d23343 (type=HEARTBEAT, length=2235 bytes) from mynifi:8080 in 2 millis
2024-10-21 08:32:24,828 INFO [Clustering Tasks Thread-2] o.a.n.c.c.ClusterProtocolHeartbeater Heartbeat created at 2024-10-21 08:32:24,820 and sent to mynifi:8082 at 2024-10-21 08:32:24,828; send took 7 millis
2024-10-21 08:32:27,769 INFO [Heartbeat Monitor Thread-1] o.a.n.c.c.h.AbstractHeartbeatMonitor Finished processing 1 heartbeats in 5796 nanos
2024-10-21 08:32:29,834 INFO [Process Cluster Protocol Request-2] o.a.n.c.p.impl.SocketProtocolListener Finished processing request d9e2a1a1-85d0-42ea-b22d-ea4a013f31e5 (type=HEARTBEAT, length=2235 bytes) from mynifi:8080 in 2 millis
2024-10-21 08:32:29,837 INFO [Clustering Tasks Thread-2] o.a.n.c.c.ClusterProtocolHeartbeater Heartbeat created at 2024-10-21 08:32:29,829 and sent to mynifi:8082 at 2024-10-21 08:32:29,837; send took 7 millis
2024-10-21 08:32:32,769 INFO [Heartbeat Monitor Thread-1] o.a.n.c.c.h.AbstractHeartbeatMonitor Finished processing 1 heartbeats in 14952 nanos
2024-10-21 08:32:34,499 INFO [pool-13-thread-1] o.a.n.c.r.WriteAheadFlowFileRepository Initiating checkpoint of FlowFile Repository
2024-10-21 08:32:34,500 INFO [pool-13-thread-1] o.a.n.c.r.WriteAheadFlowFileRepository Successfully checkpointed FlowFile Repository with 0 records in 0 milliseconds
2024-10-21 08:32:34,843 INFO [Process Cluster Protocol Request-3] o.a.n.c.p.impl.SocketProtocolListener Finished processing request b61f34d0-23d6-40f8-aa06-a6a32f741459 (type=HEARTBEAT, length=2235 bytes) from mynifi:8080 in 2 millis
2024-10-21 08:32:34,845 INFO [Clustering Tasks Thread-2] o.a.n.c.c.ClusterProtocolHeartbeater Heartbeat created at 2024-10-21 08:32:34,837 and sent to mynifi:8082 at 2024-10-21 08:32:34,845; send took 8 millis
2024-10-21 08:32:37,770 INFO [Heartbeat Monitor Thread-1] o.a.n.c.c.h.AbstractHeartbeatMonitor Finished processing 1 heartbeats in 14824 nanos
2024-10-21 08:32:39,851 INFO [Process Cluster Protocol Request-4] o.a.n.c.p.impl.SocketProtocolListener Finished processing request 62873e09-0942-4d96-80d8-e193842ce304 (type=HEARTBEAT, length=2235 bytes) from mynifi:8080 in 2 millis
2024-10-21 08:32:39,854 INFO [Clustering Tasks Thread-2] o.a.n.c.c.ClusterProtocolHeartbeater Heartbeat created at 2024-10-21 08:32:39,846 and sent to mynifi:8082 at 2024-10-21 08:32:39,854; send took 7 millis
2024-10-21 08:32:40,917 INFO [Write-Ahead Local State Provider Maintenance] org.wali.MinimalLockingWriteAheadLog org.wali.MinimalLockingWriteAheadLog@5de25642 checkpointed with 3 Records and 0 Swap Files in 6 milliseconds (Stop-the-world time = 4 milliseconds, Clear Edit Logs time = 0 millis), max Transaction ID 17
2024-10-21 08:32:42,254 INFO [Cleanup Archive for default] o.a.n.c.repository.FileSystemRepository Successfully deleted 0 files (0 bytes) from archive
2024-10-21 08:32:42,770 INFO [Heartbeat Monitor Thread-1] o.a.n.c.c.h.AbstractHeartbeatMonitor Finished processing 1 heartbeats in 14537 nanos
2024-10-21 08:32:44,860 INFO [Process Cluster Protocol Request-5] o.a.n.c.p.impl.SocketProtocolListener Finished processing request 079eb5b0-8cde-40f6-acc5-98303fec109c (type=HEARTBEAT, length=2235 bytes) from mynifi:8080 in 2 millis
2024-10-21 08:32:44,862 INFO [Clustering Tasks Thread-2] o.a.n.c.c.ClusterProtocolHeartbeater Heartbeat created at 2024-10-21 08:32:44,854 and sent to mynifi:8082 at 2024-10-21 08:32:44,862; send took 7 millis
2024-10-21 08:32:47,771 INFO [Heartbeat Monitor Thread-1] o.a.n.c.c.h.AbstractHeartbeatMonitor Finished processing 1 heartbeats in 15220 nanos
2024-10-21 08:32:49,868 INFO [Process Cluster Protocol Request-6] o.a.n.c.p.impl.SocketProtocolListener Finished processing request 69c7175a-d632-462d-a90c-56da2b6234ec (type=HEARTBEAT, length=2235 bytes) from mynifi:8080 in 2 millis
2024-10-21 08:32:49,871 INFO [Clustering Tasks Thread-2] o.a.n.c.c.ClusterProtocolHeartbeater Heartbeat created at 2024-10-21 08:32:49,862 and sent to mynifi:8082 at 2024-10-21 08:32:49,871; send took 8 millis
2024-10-21 08:32:52,771 INFO [Heartbeat Monitor Thread-1] o.a.n.c.c.h.AbstractHeartbeatMonitor Finished processing 1 heartbeats in 14055 nanos
2024-10-21 08:32:54,500 INFO [pool-13-thread-1] o.a.n.c.r.WriteAheadFlowFileRepository Initiating checkpoint of FlowFile Repository
2024-10-21 08:32:54,500 INFO [pool-13-thread-1] o.a.n.c.r.WriteAheadFlowFileRepository Successfully checkpointed FlowFile Repository with 0 records in 0 milliseconds
2024-10-21 08:32:54,877 INFO [Process Cluster Protocol Request-7] o.a.n.c.p.impl.SocketProtocolListener Finished processing request 54e4cd6b-0626-4560-940c-410082e98f56 (type=HEARTBEAT, length=2235 bytes) from mynifi:8080 in 2 millis
2024-10-21 08:32:54,879 INFO [Clustering Tasks Thread-2] o.a.n.c.c.ClusterProtocolHeartbeater Heartbeat created at 2024-10-21 08:32:54,871 and sent to mynifi:8082 at 2024-10-21 08:32:54,879; send took 7 millis
2024-10-21 08:32:57,771 INFO [Heartbeat Monitor Thread-1] o.a.n.c.c.h.AbstractHeartbeatMonitor Finished processing 1 heartbeats in 13702 nanos
2024-10-21 08:32:59,885 INFO [Process Cluster Protocol Request-8] o.a.n.c.p.impl.SocketProtocolListener Finished processing request 5852616d-783e-42f6-b2c7-d18aedd5e279 (type=HEARTBEAT, length=2235 bytes) from mynifi:8080 in 2 millis
2024-10-21 08:32:59,887 INFO [Clustering Tasks Thread-2] o.a.n.c.c.ClusterProtocolHeartbeater Heartbeat created at 2024-10-21 08:32:59,879 and sent to mynifi:8082 at 2024-10-21 08:32:59,887; send took 7 millis
2024-10-21 08:33:02,772 INFO [Heartbeat Monitor Thread-1] o.a.n.c.c.h.AbstractHeartbeatMonitor Finished processing 1 heartbeats in 14713 nanos
2024-10-21 08:33:04,893 INFO [Process Cluster Protocol Request-9] o.a.n.c.p.impl.SocketProtocolListener Finished processing request 19573a4a-9a10-4827-b8fe-6237a2c44f12 (type=HEARTBEAT, length=2235 bytes) from mynifi:8080 in 2 millis
2024-10-21 08:33:04,896 INFO [Clustering Tasks Thread-2] o.a.n.c.c.ClusterProtocolHeartbeater Heartbeat created at 2024-10-21 08:33:04,888 and sent to mynifi:8082 at 2024-10-21 08:33:04,896; send took 8 millis
2024-10-21 08:33:07,772 INFO [Heartbeat Monitor Thread-1] o.a.n.c.c.h.AbstractHeartbeatMonitor Finished processing 1 heartbeats in 14874 nanos
2024-10-21 08:33:09,902 INFO [Process Cluster Protocol Request-10] o.a.n.c.p.impl.SocketProtocolListener Finished processing request e34862c1-ea05-49f0-8341-ac11955871ac (type=HEARTBEAT, length=2235 bytes) from mynifi:8080 in 2 millis
2024-10-21 08:33:09,905 INFO [Clustering Tasks Thread-2] o.a.n.c.c.ClusterProtocolHeartbeater Heartbeat created at 2024-10-21 08:33:09,896 and sent to mynifi:8082 at 2024-10-21 08:33:09,905; send took 7 millis
2024-10-21 08:33:12,772 INFO [Heartbeat Monitor Thread-1] o.a.n.c.c.h.AbstractHeartbeatMonitor Finished processing 1 heartbeats in 14507 nanos
2024-10-21 08:33:14,500 INFO [pool-13-thread-1] o.a.n.c.r.WriteAheadFlowFileRepository Initiating checkpoint of FlowFile Repository
2024-10-21 08:33:14,500 INFO [pool-13-thread-1] o.a.n.c.r.WriteAheadFlowFileRepository Successfully checkpointed FlowFile Repository with 0 records in 0 milliseconds
2024-10-21 08:33:14,911 INFO [Process Cluster Protocol Request-1] o.a.n.c.p.impl.SocketProtocolListener Finished processing request eaeebb4a-e314-4842-a209-135159c43b7e (type=HEARTBEAT, length=2235 bytes) from mynifi:8080 in 2 millis
2024-10-21 08:33:14,913 INFO [Clustering Tasks Thread-2] o.a.n.c.c.ClusterProtocolHeartbeater Heartbeat created at 2024-10-21 08:33:14,905 and sent to mynifi:8082 at 2024-10-21 08:33:14,913; send took 7 millis
2024-10-21 08:33:17,773 INFO [Heartbeat Monitor Thread-1] o.a.n.c.c.h.AbstractHeartbeatMonitor Finished processing 1 heartbeats in 15568 nanos
2024-10-21 08:33:19,919 INFO [Process Cluster Protocol Request-2] o.a.n.c.p.impl.SocketProtocolListener Finished processing request d8ccf587-2e55-4a4a-a861-6a0d9c6c0b61 (type=HEARTBEAT, length=2235 bytes) from mynifi:8080 in 2 millis
2024-10-21 08:33:19,922 INFO [Clustering Tasks Thread-2] o.a.n.c.c.ClusterProtocolHeartbeater Heartbeat created at 2024-10-21 08:33:19,913 and sent to mynifi:8082 at 2024-10-21 08:33:19,922; send took 8 millis
2024-10-21 08:33:22,773 INFO [Heartbeat Monitor Thread-1] o.a.n.c.c.h.AbstractHeartbeatMonitor Finished processing 1 heartbeats in 14702 nanos
2024-10-21 08:33:24,928 INFO [Process Cluster Protocol Request-3] o.a.n.c.p.impl.SocketProtocolListener Finished processing request 6677fa43-6ca2-4235-b3a8-10e51dd8c813 (type=HEARTBEAT, length=2235 bytes) from mynifi:8080 in 2 millis
2024-10-21 08:33:24,931 INFO [Clustering Tasks Thread-2] o.a.n.c.c.ClusterProtocolHeartbeater Heartbeat created at 2024-10-21 08:33:24,922 and sent to mynifi:8082 at 2024-10-21 08:33:24,931; send took 8 millis
2024-10-21 08:33:27,773 INFO [Heartbeat Monitor Thread-1] o.a.n.c.c.h.AbstractHeartbeatMonitor Finished processing 1 heartbeats in 5406 nanos
2024-10-21 08:33:29,937 INFO [Process Cluster Protocol Request-4] o.a.n.c.p.impl.SocketProtocolListener Finished processing request 18de6edd-bf7e-4681-9501-25ba90bb1289 (type=HEARTBEAT, length=2235 bytes) from mynifi:8080 in 2 millis
2024-10-21 08:33:29,939 INFO [Clustering Tasks Thread-2] o.a.n.c.c.ClusterProtocolHeartbeater Heartbeat created at 2024-10-21 08:33:29,931 and sent to mynifi:8082 at 2024-10-21 08:33:29,939; send took 8 millis
2024-10-21 08:33:32,774 INFO [Heartbeat Monitor Thread-1] o.a.n.c.c.h.AbstractHeartbeatMonitor Finished processing 1 heartbeats in 14276 nanos
2024-10-21 08:33:34,501 INFO [pool-13-thread-1] o.a.n.c.r.WriteAheadFlowFileRepository Initiating checkpoint of FlowFile Repository
2024-10-21 08:33:34,501 INFO [pool-13-thread-1] o.a.n.c.r.WriteAheadFlowFileRepository Successfully checkpointed FlowFile Repository with 0 records in 0 milliseconds
2024-10-21 08:33:34,946 INFO [Process Cluster Protocol Request-5] o.a.n.c.p.impl.SocketProtocolListener Finished processing request 1f6e5fc9-018b-4f3a-a947-949f83a654c1 (type=HEARTBEAT, length=2235 bytes) from mynifi:8080 in 2 millis
2024-10-21 08:33:34,948 INFO [Clustering Tasks Thread-2] o.a.n.c.c.ClusterProtocolHeartbeater Heartbeat created at 2024-10-21 08:33:34,940 and sent to mynifi:8082 at 2024-10-21 08:33:34,948; send took 8 millis
2024-10-21 08:33:37,774 INFO [Heartbeat Monitor Thread-1] o.a.n.c.c.h.AbstractHeartbeatMonitor Finished processing 1 heartbeats in 14223 nanos
2024-10-21 08:33:39,954 INFO [Process Cluster Protocol Request-6] o.a.n.c.p.impl.SocketProtocolListener Finished processing request 4b2b2e3e-7aa2-4db7-8f63-01f9548bb226 (type=HEARTBEAT, length=2235 bytes) from mynifi:8080 in 2 millis
2024-10-21 08:33:39,957 INFO [Clustering Tasks Thread-2] o.a.n.c.c.ClusterProtocolHeartbeater Heartbeat created at 2024-10-21 08:33:39,948 and sent to mynifi:8082 at 2024-10-21 08:33:39,957; send took 8 millis
2024-10-21 08:33:42,266 INFO [Cleanup Archive for default] o.a.n.c.repository.FileSystemRepository Successfully deleted 0 files (0 bytes) from archive
2024-10-21 08:33:42,774 INFO [Heartbeat Monitor Thread-1] o.a.n.c.c.h.AbstractHeartbeatMonitor Finished processing 1 heartbeats in 14955 nanos
2024-10-21 08:33:44,959 INFO [Process Cluster Protocol Request-7] o.a.n.c.p.impl.SocketProtocolListener Finished processing request 9a9e76e4-1882-408c-b3c0-330d9167f99f (type=HEARTBEAT, length=2235 bytes) from mynifi:8080 in 690482 nanos
2024-10-21 08:33:44,959 INFO [Clustering Tasks Thread-2] o.a.n.c.c.ClusterProtocolHeartbeater Heartbeat created at 2024-10-21 08:33:44,957 and sent to mynifi:8082 at 2024-10-21 08:33:44,959; send took 2 millis
2024-10-21 08:33:47,775 INFO [Heartbeat Monitor Thread-1] o.a.n.c.c.h.AbstractHeartbeatMonitor Finished processing 1 heartbeats in 14849 nanos
2024-10-21 08:33:49,965 INFO [Process Cluster Protocol Request-8] o.a.n.c.p.impl.SocketProtocolListener Finished processing request 0870248e-1b82-416b-80f2-50186cdf4a9b (type=HEARTBEAT, length=2235 bytes) from mynifi:8080 in 2 millis
2024-10-21 08:33:49,968 INFO [Clustering Tasks Thread-2] o.a.n.c.c.ClusterProtocolHeartbeater Heartbeat created at 2024-10-21 08:33:49,959 and sent to mynifi:8082 at 2024-10-21 08:33:49,968; send took 8 millis
2024-10-21 08:33:52,775 INFO [Heartbeat Monitor Thread-1] o.a.n.c.c.h.AbstractHeartbeatMonitor Finished processing 1 heartbeats in 14277 nanos
2024-10-21 08:33:54,501 INFO [pool-13-thread-1] o.a.n.c.r.WriteAheadFlowFileRepository Initiating checkpoint of FlowFile Repository
2024-10-21 08:33:54,501 INFO [pool-13-thread-1] o.a.n.c.r.WriteAheadFlowFileRepository Successfully checkpointed FlowFile Repository with 0 records in 0 milliseconds
2024-10-21 08:33:54,974 INFO [Process Cluster Protocol Request-9] o.a.n.c.p.impl.SocketProtocolListener Finished processing request cc5300f3-16ba-4a30-baa0-6822ca965af6 (type=HEARTBEAT, length=2235 bytes) from mynifi:8080 in 2 millis
2024-10-21 08:33:54,976 INFO [Clustering Tasks Thread-2] o.a.n.c.c.ClusterProtocolHeartbeater Heartbeat created at 2024-10-21 08:33:54,968 and sent to mynifi:8082 at 2024-10-21 08:33:54,976; send took 7 millis
2024-10-21 08:33:57,775 INFO [Heartbeat Monitor Thread-1] o.a.n.c.c.h.AbstractHeartbeatMonitor Finished processing 1 heartbeats in 14764 nanos
2024-10-21 08:33:59,982 INFO [Process Cluster Protocol Request-10] o.a.n.c.p.impl.SocketProtocolListener Finished processing request bcb27c2e-98ba-4a45-a595-b85b5dbd6e01 (type=HEARTBEAT, length=2235 bytes) from mynifi:8080 in 2 millis
2024-10-21 08:33:59,984 INFO [Clustering Tasks Thread-2] o.a.n.c.c.ClusterProtocolHeartbeater Heartbeat created at 2024-10-21 08:33:59,977 and sent to mynifi:8082 at 2024-10-21 08:33:59,984; send took 7 millis
2024-10-21 08:34:02,776 INFO [Heartbeat Monitor Thread-1] o.a.n.c.c.h.AbstractHeartbeatMonitor Finished processing 1 heartbeats in 15138 nanos
2024-10-21 08:34:04,990 INFO [Process Cluster Protocol Request-1] o.a.n.c.p.impl.SocketProtocolListener Finished processing request 1c7d22bc-6305-4c91-954c-bf17283adfd5 (type=HEARTBEAT, length=2235 bytes) from mynifi:8080 in 2 millis
2024-10-21 08:34:04,993 INFO [Clustering Tasks Thread-2] o.a.n.c.c.ClusterProtocolHeartbeater Heartbeat created at 2024-10-21 08:34:04,985 and sent to mynifi:8082 at 2024-10-21 08:34:04,993; send took 7 millis
2024-10-21 08:34:07,776 INFO [Heartbeat Monitor Thread-1] o.a.n.c.c.h.AbstractHeartbeatMonitor Finished processing 1 heartbeats in 14067 nanos
2024-10-21 08:34:09,999 INFO [Process Cluster Protocol Request-2] o.a.n.c.p.impl.SocketProtocolListener Finished processing request 8e8b40f4-74e3-4be0-b8ea-70b78f65986e (type=HEARTBEAT, length=2235 bytes) from mynifi:8080 in 2 millis
2024-10-21 08:34:10,002 INFO [Clustering Tasks Thread-2] o.a.n.c.c.ClusterProtocolHeartbeater Heartbeat created at 2024-10-21 08:34:09,993 and sent to mynifi:8082 at 2024-10-21 08:34:10,002; send took 9 millis
2024-10-21 08:34:12,777 INFO [Heartbeat Monitor Thread-1] o.a.n.c.c.h.AbstractHeartbeatMonitor Finished processing 1 heartbeats in 14269 nanos
2024-10-21 08:34:14,502 INFO [pool-13-thread-1] o.a.n.c.r.WriteAheadFlowFileRepository Initiating checkpoint of FlowFile Repository
2024-10-21 08:34:14,502 INFO [pool-13-thread-1] o.a.n.c.r.WriteAheadFlowFileRepository Successfully checkpointed FlowFile Repository with 0 records in 0 milliseconds
2024-10-21 08:34:15,008 INFO [Process Cluster Protocol Request-3] o.a.n.c.p.impl.SocketProtocolListener Finished processing request 1da6ef74-48ed-4aba-920e-9820f7aac373 (type=HEARTBEAT, length=2235 bytes) from mynifi:8080 in 2 millis
2024-10-21 08:34:15,011 INFO [Clustering Tasks Thread-2] o.a.n.c.c.ClusterProtocolHeartbeater Heartbeat created at 2024-10-21 08:34:15,002 and sent to mynifi:8082 at 2024-10-21 08:34:15,011; send took 7 millis
2024-10-21 08:34:17,777 INFO [Heartbeat Monitor Thread-1] o.a.n.c.c.h.AbstractHeartbeatMonitor Finished processing 1 heartbeats in 14827 nanos
2024-10-21 08:34:20,017 INFO [Process Cluster Protocol Request-4] o.a.n.c.p.impl.SocketProtocolListener Finished processing request 975c72b4-03b9-42cb-9143-ada2170790b7 (type=HEARTBEAT, length=2235 bytes) from mynifi:8080 in 2 millis
2024-10-21 08:34:20,019 INFO [Clustering Tasks Thread-2] o.a.n.c.c.ClusterProtocolHeartbeater Heartbeat created at 2024-10-21 08:34:20,011 and sent to mynifi:8082 at 2024-10-21 08:34:20,019; send took 8 millis
2024-10-21 08:34:22,777 INFO [Heartbeat Monitor Thread-1] o.a.n.c.c.h.AbstractHeartbeatMonitor Finished processing 1 heartbeats in 14398 nanos
2024-10-21 08:34:25,025 INFO [Process Cluster Protocol Request-5] o.a.n.c.p.impl.SocketProtocolListener Finished processing request c44a0de3-1260-49aa-b4d6-d3782f875177 (type=HEARTBEAT, length=2235 bytes) from mynifi:8080 in 2 millis
2024-10-21 08:34:25,028 INFO [Clustering Tasks Thread-2] o.a.n.c.c.ClusterProtocolHeartbeater Heartbeat created at 2024-10-21 08:34:25,020 and sent to mynifi:8082 at 2024-10-21 08:34:25,028; send took 7 millis
2024-10-21 08:34:27,778 INFO [Heartbeat Monitor Thread-1] o.a.n.c.c.h.AbstractHeartbeatMonitor Finished processing 1 heartbeats in 5563 nanos
2024-10-21 08:34:30,034 INFO [Process Cluster Protocol Request-6] o.a.n.c.p.impl.SocketProtocolListener Finished processing request 0a93935d-69e3-48da-81d7-9372e7da9a5f (type=HEARTBEAT, length=2235 bytes) from mynifi:8080 in 2 millis
2024-10-21 08:34:30,036 INFO [Clustering Tasks Thread-2] o.a.n.c.c.ClusterProtocolHeartbeater Heartbeat created at 2024-10-21 08:34:30,028 and sent to mynifi:8082 at 2024-10-21 08:34:30,036; send took 8 millis
2024-10-21 08:34:32,778 INFO [Heartbeat Monitor Thread-1] o.a.n.c.c.h.AbstractHeartbeatMonitor Finished processing 1 heartbeats in 15586 nanos
2024-10-21 08:34:34,502 INFO [pool-13-thread-1] o.a.n.c.r.WriteAheadFlowFileRepository Initiating checkpoint of FlowFile Repository
2024-10-21 08:34:34,502 INFO [pool-13-thread-1] o.a.n.c.r.WriteAheadFlowFileRepository Successfully checkpointed FlowFile Repository with 0 records in 0 milliseconds
2024-10-21 08:34:35,043 INFO [Process Cluster Protocol Request-7] o.a.n.c.p.impl.SocketProtocolListener Finished processing request cdba4728-06b7-494a-b72a-29f7199f106b (type=HEARTBEAT, length=2235 bytes) from mynifi:8080 in 2 millis
2024-10-21 08:34:35,045 INFO [Clustering Tasks Thread-2] o.a.n.c.c.ClusterProtocolHeartbeater Heartbeat created at 2024-10-21 08:34:35,037 and sent to mynifi:8082 at 2024-10-21 08:34:35,045; send took 8 millis
2024-10-21 08:34:37,778 INFO [Heartbeat Monitor Thread-1] o.a.n.c.c.h.AbstractHeartbeatMonitor Finished processing 1 heartbeats in 5903 nanos
2024-10-21 08:34:40,049 INFO [Process Cluster Protocol Request-8] o.a.n.c.p.impl.SocketProtocolListener Finished processing request 9c06cab6-9f06-4571-91b0-6d84ff2c82bc (type=HEARTBEAT, length=2235 bytes) from mynifi:8080 in 1 millis
2024-10-21 08:34:40,050 INFO [Clustering Tasks Thread-2] o.a.n.c.c.ClusterProtocolHeartbeater Heartbeat created at 2024-10-21 08:34:40,045 and sent to mynifi:8082 at 2024-10-21 08:34:40,050; send took 4 millis
2024-10-21 08:34:40,924 INFO [Write-Ahead Local State Provider Maintenance] org.wali.MinimalLockingWriteAheadLog org.wali.MinimalLockingWriteAheadLog@5de25642 checkpointed with 3 Records and 0 Swap Files in 7 milliseconds (Stop-the-world time = 4 milliseconds, Clear Edit Logs time = 0 millis), max Transaction ID 17
2024-10-21 08:34:42,279 INFO [Cleanup Archive for default] o.a.n.c.repository.FileSystemRepository Successfully deleted 0 files (0 bytes) from archive
2024-10-21 08:34:42,778 INFO [Heartbeat Monitor Thread-1] o.a.n.c.c.h.AbstractHeartbeatMonitor Finished processing 1 heartbeats in 14791 nanos
2024-10-21 08:34:45,052 INFO [Process Cluster Protocol Request-9] o.a.n.c.p.impl.SocketProtocolListener Finished processing request ef74dc76-c2af-4f58-b44d-20fcb611541f (type=HEARTBEAT, length=2235 bytes) from mynifi:8080 in 709489 nanos
2024-10-21 08:34:45,053 INFO [Clustering Tasks Thread-2] o.a.n.c.c.ClusterProtocolHeartbeater Heartbeat created at 2024-10-21 08:34:45,050 and sent to mynifi:8082 at 2024-10-21 08:34:45,053; send took 2 millis
2024-10-21 08:34:47,779 INFO [Heartbeat Monitor Thread-1] o.a.n.c.c.h.AbstractHeartbeatMonitor Finished processing 1 heartbeats in 15098 nanos
2024-10-21 08:34:50,055 INFO [Process Cluster Protocol Request-10] o.a.n.c.p.impl.SocketProtocolListener Finished processing request d592360d-d4de-4d5f-8b2c-4feb3b851eba (type=HEARTBEAT, length=2235 bytes) from mynifi:8080 in 714608 nanos
2024-10-21 08:34:50,056 INFO [Clustering Tasks Thread-2] o.a.n.c.c.ClusterProtocolHeartbeater Heartbeat created at 2024-10-21 08:34:50,053 and sent to mynifi:8082 at 2024-10-21 08:34:50,056; send took 2 millis
2024-10-21 08:34:52,779 INFO [Heartbeat Monitor Thread-1] o.a.n.c.c.h.AbstractHeartbeatMonitor Finished processing 1 heartbeats in 15844 nanos
2024-10-21 08:34:54,503 INFO [pool-13-thread-1] o.a.n.c.r.WriteAheadFlowFileRepository Initiating checkpoint of FlowFile Repository
2024-10-21 08:34:54,503 INFO [pool-13-thread-1] o.a.n.c.r.WriteAheadFlowFileRepository Successfully checkpointed FlowFile Repository with 0 records in 0 milliseconds
2024-10-21 08:34:55,061 INFO [Process Cluster Protocol Request-1] o.a.n.c.p.impl.SocketProtocolListener Finished processing request deee070e-246b-4a90-9c49-e477868cc289 (type=HEARTBEAT, length=2235 bytes) from mynifi:8080 in 2 millis
2024-10-21 08:34:55,064 INFO [Clustering Tasks Thread-2] o.a.n.c.c.ClusterProtocolHeartbeater Heartbeat created at 2024-10-21 08:34:55,056 and sent to mynifi:8082 at 2024-10-21 08:34:55,064; send took 7 millis
2024-10-21 08:34:57,779 INFO [Heartbeat Monitor Thread-1] o.a.n.c.c.h.AbstractHeartbeatMonitor Finished processing 1 heartbeats in 15455 nanos
2024-10-21 08:35:00,065 INFO [Process Cluster Protocol Request-2] o.a.n.c.p.impl.SocketProtocolListener Finished processing request d0428a77-7ce1-4d46-a0f8-d849a7202511 (type=HEARTBEAT, length=2235 bytes) from mynifi:8080 in 733702 nanos
2024-10-21 08:35:00,066 INFO [Clustering Tasks Thread-2] o.a.n.c.c.ClusterProtocolHeartbeater Heartbeat created at 2024-10-21 08:35:00,064 and sent to mynifi:8082 at 2024-10-21 08:35:00,066; send took 1 millis
2024-10-21 08:35:02,780 INFO [Heartbeat Monitor Thread-1] o.a.n.c.c.h.AbstractHeartbeatMonitor Finished processing 1 heartbeats in 7166 nanos
2024-10-21 08:35:05,072 INFO [Process Cluster Protocol Request-3] o.a.n.c.p.impl.SocketProtocolListener Finished processing request 5b552c6d-f40a-4bf9-a6bb-9056d3089419 (type=HEARTBEAT, length=2235 bytes) from mynifi:8080 in 2 millis
2024-10-21 08:35:05,075 INFO [Clustering Tasks Thread-2] o.a.n.c.c.ClusterProtocolHeartbeater Heartbeat created at 2024-10-21 08:35:05,066 and sent to mynifi:8082 at 2024-10-21 08:35:05,075; send took 8 millis
2024-10-21 08:35:07,780 INFO [Heartbeat Monitor Thread-1] o.a.n.c.c.h.AbstractHeartbeatMonitor Finished processing 1 heartbeats in 15217 nanos
2024-10-21 08:35:10,081 INFO [Process Cluster Protocol Request-4] o.a.n.c.p.impl.SocketProtocolListener Finished processing request 7a0b1d63-6a77-4467-930c-ded12abb028b (type=HEARTBEAT, length=2235 bytes) from mynifi:8080 in 2 millis
2024-10-21 08:35:10,083 INFO [Clustering Tasks Thread-2] o.a.n.c.c.ClusterProtocolHeartbeater Heartbeat created at 2024-10-21 08:35:10,075 and sent to mynifi:8082 at 2024-10-21 08:35:10,083; send took 8 millis
2024-10-21 08:35:12,780 INFO [Heartbeat Monitor Thread-1] o.a.n.c.c.h.AbstractHeartbeatMonitor Finished processing 1 heartbeats in 6490 nanos
2024-10-21 08:35:14,503 INFO [pool-13-thread-1] o.a.n.c.r.WriteAheadFlowFileRepository Initiating checkpoint of FlowFile Repository
2024-10-21 08:35:14,503 INFO [pool-13-thread-1] o.a.n.c.r.WriteAheadFlowFileRepository Successfully checkpointed FlowFile Repository with 0 records in 0 milliseconds
2024-10-21 08:35:15,089 INFO [Process Cluster Protocol Request-5] o.a.n.c.p.impl.SocketProtocolListener Finished processing request 6abdfd10-e720-4408-80be-4b3525517972 (type=HEARTBEAT, length=2235 bytes) from mynifi:8080 in 2 millis
2024-10-21 08:35:15,091 INFO [Clustering Tasks Thread-2] o.a.n.c.c.ClusterProtocolHeartbeater Heartbeat created at 2024-10-21 08:35:15,084 and sent to mynifi:8082 at 2024-10-21 08:35:15,091; send took 7 millis
2024-10-21 08:35:17,781 INFO [Heartbeat Monitor Thread-1] o.a.n.c.c.h.AbstractHeartbeatMonitor Finished processing 1 heartbeats in 14625 nanos
2024-10-21 08:35:20,097 INFO [Process Cluster Protocol Request-6] o.a.n.c.p.impl.SocketProtocolListener Finished processing request 8af40222-2e58-4617-b063-d87a19b50518 (type=HEARTBEAT, length=2235 bytes) from mynifi:8080 in 2 millis
2024-10-21 08:35:20,099 INFO [Clustering Tasks Thread-2] o.a.n.c.c.ClusterProtocolHeartbeater Heartbeat created at 2024-10-21 08:35:20,092 and sent to mynifi:8082 at 2024-10-21 08:35:20,099; send took 7 millis
2024-10-21 08:35:22,781 INFO [Heartbeat Monitor Thread-1] o.a.n.c.c.h.AbstractHeartbeatMonitor Finished processing 1 heartbeats in 14230 nanos
2024-10-21 08:35:25,105 INFO [Process Cluster Protocol Request-7] o.a.n.c.p.impl.SocketProtocolListener Finished processing request a12416d8-f9da-4290-aa94-2383d1ba0baf (type=HEARTBEAT, length=2235 bytes) from mynifi:8080 in 2 millis
2024-10-21 08:35:25,108 INFO [Clustering Tasks Thread-2] o.a.n.c.c.ClusterProtocolHeartbeater Heartbeat created at 2024-10-21 08:35:25,100 and sent to mynifi:8082 at 2024-10-21 08:35:25,108; send took 7 millis
2024-10-21 08:35:27,781 INFO [Heartbeat Monitor Thread-1] o.a.n.c.c.h.AbstractHeartbeatMonitor Finished processing 1 heartbeats in 6189 nanos
2024-10-21 08:35:30,114 INFO [Process Cluster Protocol Request-8] o.a.n.c.p.impl.SocketProtocolListener Finished processing request 815556f7-a4ae-487c-9a92-23daa5bbbd8a (type=HEARTBEAT, length=2235 bytes) from mynifi:8080 in 2 millis
2024-10-21 08:35:30,116 INFO [Clustering Tasks Thread-2] o.a.n.c.c.ClusterProtocolHeartbeater Heartbeat created at 2024-10-21 08:35:30,108 and sent to mynifi:8082 at 2024-10-21 08:35:30,116; send took 8 millis
2024-10-21 08:35:32,781 INFO [Heartbeat Monitor Thread-1] o.a.n.c.c.h.AbstractHeartbeatMonitor Finished processing 1 heartbeats in 15323 nanos
2024-10-21 08:35:34,503 INFO [pool-13-thread-1] o.a.n.c.r.WriteAheadFlowFileRepository Initiating checkpoint of FlowFile Repository
2024-10-21 08:35:34,504 INFO [pool-13-thread-1] o.a.n.c.r.WriteAheadFlowFileRepository Successfully checkpointed FlowFile Repository with 0 records in 0 milliseconds
2024-10-21 08:35:35,122 INFO [Process Cluster Protocol Request-9] o.a.n.c.p.impl.SocketProtocolListener Finished processing request e3b048cc-7b3b-465f-b497-b1fae9848e40 (type=HEARTBEAT, length=2235 bytes) from mynifi:8080 in 2 millis
2024-10-21 08:35:35,124 INFO [Clustering Tasks Thread-2] o.a.n.c.c.ClusterProtocolHeartbeater Heartbeat created at 2024-10-21 08:35:35,116 and sent to mynifi:8082 at 2024-10-21 08:35:35,124; send took 7 millis
2024-10-21 08:35:37,782 INFO [Heartbeat Monitor Thread-1] o.a.n.c.c.h.AbstractHeartbeatMonitor Finished processing 1 heartbeats in 14968 nanos
2024-10-21 08:35:40,131 INFO [Process Cluster Protocol Request-10] o.a.n.c.p.impl.SocketProtocolListener Finished processing request f5339911-432e-4b2d-a344-2797a08b0ed1 (type=HEARTBEAT, length=2235 bytes) from mynifi:8080 in 2 millis
2024-10-21 08:35:40,133 INFO [Clustering Tasks Thread-2] o.a.n.c.c.ClusterProtocolHeartbeater Heartbeat created at 2024-10-21 08:35:40,125 and sent to mynifi:8082 at 2024-10-21 08:35:40,133; send took 8 millis
2024-10-21 08:35:42,291 INFO [Cleanup Archive for default] o.a.n.c.repository.FileSystemRepository Successfully deleted 0 files (0 bytes) from archive
2024-10-21 08:35:42,782 INFO [Heartbeat Monitor Thread-1] o.a.n.c.c.h.AbstractHeartbeatMonitor Finished processing 1 heartbeats in 14542 nanos
2024-10-21 08:35:45,139 INFO [Process Cluster Protocol Request-1] o.a.n.c.p.impl.SocketProtocolListener Finished processing request 20cb6e2f-1475-498a-ac44-4ef6df9c457b (type=HEARTBEAT, length=2235 bytes) from mynifi:8080 in 2 millis
2024-10-21 08:35:45,142 INFO [Clustering Tasks Thread-2] o.a.n.c.c.ClusterProtocolHeartbeater Heartbeat created at 2024-10-21 08:35:45,134 and sent to mynifi:8082 at 2024-10-21 08:35:45,142; send took 8 millis
2024-10-21 08:35:47,783 INFO [Heartbeat Monitor Thread-1] o.a.n.c.c.h.AbstractHeartbeatMonitor Finished processing 1 heartbeats in 14625 nanos
2024-10-21 08:35:50,148 INFO [Process Cluster Protocol Request-2] o.a.n.c.p.impl.SocketProtocolListener Finished processing request f5cabef5-84c0-49b2-bc06-132d50390acc (type=HEARTBEAT, length=2235 bytes) from mynifi:8080 in 2 millis
2024-10-21 08:35:50,150 INFO [Clustering Tasks Thread-2] o.a.n.c.c.ClusterProtocolHeartbeater Heartbeat created at 2024-10-21 08:35:50,142 and sent to mynifi:8082 at 2024-10-21 08:35:50,150; send took 7 millis
2024-10-21 08:35:52,783 INFO [Heartbeat Monitor Thread-1] o.a.n.c.c.h.AbstractHeartbeatMonitor Finished processing 1 heartbeats in 15184 nanos
2024-10-21 08:35:54,504 INFO [pool-13-thread-1] o.a.n.c.r.WriteAheadFlowFileRepository Initiating checkpoint of FlowFile Repository
2024-10-21 08:35:54,504 INFO [pool-13-thread-1] o.a.n.c.r.WriteAheadFlowFileRepository Successfully checkpointed FlowFile Repository with 0 records in 0 milliseconds
2024-10-21 08:35:55,156 INFO [Process Cluster Protocol Request-3] o.a.n.c.p.impl.SocketProtocolListener Finished processing request 6fc92126-d526-4901-b8fa-83094df653d5 (type=HEARTBEAT, length=2235 bytes) from mynifi:8080 in 2 millis
2024-10-21 08:35:55,158 INFO [Clustering Tasks Thread-2] o.a.n.c.c.ClusterProtocolHeartbeater Heartbeat created at 2024-10-21 08:35:55,151 and sent to mynifi:8082 at 2024-10-21 08:35:55,158; send took 7 millis
2024-10-21 08:35:57,783 INFO [Heartbeat Monitor Thread-1] o.a.n.c.c.h.AbstractHeartbeatMonitor Finished processing 1 heartbeats in 14659 nanos
2024-10-21 08:36:00,164 INFO [Process Cluster Protocol Request-4] o.a.n.c.p.impl.SocketProtocolListener Finished processing request 033e14b7-711d-43b9-8fab-35b8b1470e29 (type=HEARTBEAT, length=2235 bytes) from mynifi:8080 in 2 millis
2024-10-21 08:36:00,167 INFO [Clustering Tasks Thread-2] o.a.n.c.c.ClusterProtocolHeartbeater Heartbeat created at 2024-10-21 08:36:00,158 and sent to mynifi:8082 at 2024-10-21 08:36:00,167; send took 8 millis
2024-10-21 08:36:02,784 INFO [Heartbeat Monitor Thread-1] o.a.n.c.c.h.AbstractHeartbeatMonitor Finished processing 1 heartbeats in 14341 nanos
2024-10-21 08:36:05,173 INFO [Process Cluster Protocol Request-5] o.a.n.c.p.impl.SocketProtocolListener Finished processing request 4be78e04-0af0-4cfd-9a7e-3d3dab61e2a0 (type=HEARTBEAT, length=2235 bytes) from mynifi:8080 in 2 millis
2024-10-21 08:36:05,175 INFO [Clustering Tasks Thread-2] o.a.n.c.c.ClusterProtocolHeartbeater Heartbeat created at 2024-10-21 08:36:05,167 and sent to mynifi:8082 at 2024-10-21 08:36:05,175; send took 7 millis
2024-10-21 08:36:07,784 INFO [Heartbeat Monitor Thread-1] o.a.n.c.c.h.AbstractHeartbeatMonitor Finished processing 1 heartbeats in 14460 nanos
2024-10-21 08:36:10,181 INFO [Process Cluster Protocol Request-6] o.a.n.c.p.impl.SocketProtocolListener Finished processing request f8f4d67a-58e0-4daf-80f5-6ae8bfb227ef (type=HEARTBEAT, length=2235 bytes) from mynifi:8080 in 2 millis
2024-10-21 08:36:10,185 INFO [Clustering Tasks Thread-2] o.a.n.c.c.ClusterProtocolHeartbeater Heartbeat created at 2024-10-21 08:36:10,175 and sent to mynifi:8082 at 2024-10-21 08:36:10,185; send took 9 millis
2024-10-21 08:36:12,784 INFO [Heartbeat Monitor Thread-1] o.a.n.c.c.h.AbstractHeartbeatMonitor Finished processing 1 heartbeats in 15589 nanos
2024-10-21 08:36:14,504 INFO [pool-13-thread-1] o.a.n.c.r.WriteAheadFlowFileRepository Initiating checkpoint of FlowFile Repository
2024-10-21 08:36:14,504 INFO [pool-13-thread-1] o.a.n.c.r.WriteAheadFlowFileRepository Successfully checkpointed FlowFile Repository with 0 records in 0 milliseconds
2024-10-21 08:36:15,191 INFO [Process Cluster Protocol Request-7] o.a.n.c.p.impl.SocketProtocolListener Finished processing request afb2641a-4a49-4c46-b338-4bfa4fef9d62 (type=HEARTBEAT, length=2235 bytes) from mynifi:8080 in 2 millis
2024-10-21 08:36:15,193 INFO [Clustering Tasks Thread-2] o.a.n.c.c.ClusterProtocolHeartbeater Heartbeat created at 2024-10-21 08:36:15,185 and sent to mynifi:8082 at 2024-10-21 08:36:15,193; send took 8 millis
2024-10-21 08:36:17,785 INFO [Heartbeat Monitor Thread-1] o.a.n.c.c.h.AbstractHeartbeatMonitor Finished processing 1 heartbeats in 14529 nanos
2024-10-21 08:36:20,200 INFO [Process Cluster Protocol Request-8] o.a.n.c.p.impl.SocketProtocolListener Finished processing request c5ee4fe5-9738-4ed4-bb64-6e31ae996cfa (type=HEARTBEAT, length=2235 bytes) from mynifi:8080 in 2 millis
2024-10-21 08:36:20,202 INFO [Clustering Tasks Thread-2] o.a.n.c.c.ClusterProtocolHeartbeater Heartbeat created at 2024-10-21 08:36:20,194 and sent to mynifi:8082 at 2024-10-21 08:36:20,202; send took 8 millis
2024-10-21 08:36:22,785 INFO [Heartbeat Monitor Thread-1] o.a.n.c.c.h.AbstractHeartbeatMonitor Finished processing 1 heartbeats in 14763 nanos
2024-10-21 08:36:25,208 INFO [Process Cluster Protocol Request-9] o.a.n.c.p.impl.SocketProtocolListener Finished processing request 94edde49-a1c6-4006-b25f-2cd00164e845 (type=HEARTBEAT, length=2235 bytes) from mynifi:8080 in 2 millis
2024-10-21 08:36:25,211 INFO [Clustering Tasks Thread-2] o.a.n.c.c.ClusterProtocolHeartbeater Heartbeat created at 2024-10-21 08:36:25,202 and sent to mynifi:8082 at 2024-10-21 08:36:25,211; send took 8 millis
2024-10-21 08:36:27,785 INFO [Heartbeat Monitor Thread-1] o.a.n.c.c.h.AbstractHeartbeatMonitor Finished processing 1 heartbeats in 12300 nanos
2024-10-21 08:36:30,217 INFO [Process Cluster Protocol Request-10] o.a.n.c.p.impl.SocketProtocolListener Finished processing request 2b6be1e6-8c41-4882-b7c1-b4ad9363bdea (type=HEARTBEAT, length=2235 bytes) from mynifi:8080 in 2 millis
2024-10-21 08:36:30,219 INFO [Clustering Tasks Thread-2] o.a.n.c.c.ClusterProtocolHeartbeater Heartbeat created at 2024-10-21 08:36:30,211 and sent to mynifi:8082 at 2024-10-21 08:36:30,219; send took 7 millis
2024-10-21 08:36:32,786 INFO [Heartbeat Monitor Thread-1] o.a.n.c.c.h.AbstractHeartbeatMonitor Finished processing 1 heartbeats in 15320 nanos
2024-10-21 08:36:34,505 INFO [pool-13-thread-1] o.a.n.c.r.WriteAheadFlowFileRepository Initiating checkpoint of FlowFile Repository
2024-10-21 08:36:34,505 INFO [pool-13-thread-1] o.a.n.c.r.WriteAheadFlowFileRepository Successfully checkpointed FlowFile Repository with 0 records in 0 milliseconds
2024-10-21 08:36:35,225 INFO [Process Cluster Protocol Request-1] o.a.n.c.p.impl.SocketProtocolListener Finished processing request bac05537-4e32-49ff-8fe7-bd32c1e2235c (type=HEARTBEAT, length=2235 bytes) from mynifi:8080 in 2 millis
2024-10-21 08:36:35,227 INFO [Clustering Tasks Thread-2] o.a.n.c.c.ClusterProtocolHeartbeater Heartbeat created at 2024-10-21 08:36:35,220 and sent to mynifi:8082 at 2024-10-21 08:36:35,227; send took 7 millis
2024-10-21 08:36:37,786 INFO [Heartbeat Monitor Thread-1] o.a.n.c.c.h.AbstractHeartbeatMonitor Finished processing 1 heartbeats in 13856 nanos
2024-10-21 08:36:40,233 INFO [Process Cluster Protocol Request-2] o.a.n.c.p.impl.SocketProtocolListener Finished processing request d600c6b3-c132-4023-9db9-fef120db8b23 (type=HEARTBEAT, length=2235 bytes) from mynifi:8080 in 2 millis
2024-10-21 08:36:40,236 INFO [Clustering Tasks Thread-2] o.a.n.c.c.ClusterProtocolHeartbeater Heartbeat created at 2024-10-21 08:36:40,228 and sent to mynifi:8082 at 2024-10-21 08:36:40,236; send took 7 millis
2024-10-21 08:36:40,935 INFO [Write-Ahead Local State Provider Maintenance] org.wali.MinimalLockingWriteAheadLog org.wali.MinimalLockingWriteAheadLog@5de25642 checkpointed with 3 Records and 0 Swap Files in 10 milliseconds (Stop-the-world time = 4 milliseconds, Clear Edit Logs time = 4 millis), max Transaction ID 17
2024-10-21 08:36:42,303 INFO [Cleanup Archive for default] o.a.n.c.repository.FileSystemRepository Successfully deleted 0 files (0 bytes) from archive
2024-10-21 08:36:42,786 INFO [Heartbeat Monitor Thread-1] o.a.n.c.c.h.AbstractHeartbeatMonitor Finished processing 1 heartbeats in 10611 nanos
2024-10-21 08:36:45,242 INFO [Process Cluster Protocol Request-3] o.a.n.c.p.impl.SocketProtocolListener Finished processing request 384de91f-1752-433b-8baa-5d3a6f374159 (type=HEARTBEAT, length=2235 bytes) from mynifi:8080 in 2 millis
2024-10-21 08:36:45,244 INFO [Clustering Tasks Thread-2] o.a.n.c.c.ClusterProtocolHeartbeater Heartbeat created at 2024-10-21 08:36:45,236 and sent to mynifi:8082 at 2024-10-21 08:36:45,244; send took 7 millis
2024-10-21 08:36:47,787 INFO [Heartbeat Monitor Thread-1] o.a.n.c.c.h.AbstractHeartbeatMonitor Finished processing 1 heartbeats in 8150 nanos
2024-10-21 08:36:50,259 INFO [Process Cluster Protocol Request-4] o.a.n.c.p.impl.SocketProtocolListener Finished processing request e276d9ed-e0c5-4514-a22c-928698e6d5f2 (type=HEARTBEAT, length=2235 bytes) from mynifi:8080 in 740235 nanos
2024-10-21 08:36:50,260 INFO [Clustering Tasks Thread-2] o.a.n.c.c.ClusterProtocolHeartbeater Heartbeat created at 2024-10-21 08:36:50,244 and sent to mynifi:8082 at 2024-10-21 08:36:50,260; send took 15 millis
2024-10-21 08:36:52,787 INFO [Heartbeat Monitor Thread-1] o.a.n.c.c.h.AbstractHeartbeatMonitor Finished processing 1 heartbeats in 14020 nanos
2024-10-21 08:36:54,505 INFO [pool-13-thread-1] o.a.n.c.r.WriteAheadFlowFileRepository Initiating checkpoint of FlowFile Repository
2024-10-21 08:36:54,505 INFO [pool-13-thread-1] o.a.n.c.r.WriteAheadFlowFileRepository Successfully checkpointed FlowFile Repository with 0 records in 0 milliseconds
2024-10-21 08:36:55,263 INFO [Process Cluster Protocol Request-5] o.a.n.c.p.impl.SocketProtocolListener Finished processing request 11dbd03a-372e-47ca-a3e3-c0b6b9c4e2cf (type=HEARTBEAT, length=2235 bytes) from mynifi:8080 in 1 millis
2024-10-21 08:36:55,264 INFO [Clustering Tasks Thread-2] o.a.n.c.c.ClusterProtocolHeartbeater Heartbeat created at 2024-10-21 08:36:55,260 and sent to mynifi:8082 at 2024-10-21 08:36:55,264; send took 3 millis
2024-10-21 08:36:57,787 INFO [Heartbeat Monitor Thread-1] o.a.n.c.c.h.AbstractHeartbeatMonitor Finished processing 1 heartbeats in 7329 nanos
2024-10-21 08:37:00,270 INFO [Process Cluster Protocol Request-6] o.a.n.c.p.impl.SocketProtocolListener Finished processing request 7a4b4c97-448e-4802-99c2-b701bdfe3383 (type=HEARTBEAT, length=2235 bytes) from mynifi:8080 in 2 millis
2024-10-21 08:37:00,272 INFO [Clustering Tasks Thread-2] o.a.n.c.c.ClusterProtocolHeartbeater Heartbeat created at 2024-10-21 08:37:00,264 and sent to mynifi:8082 at 2024-10-21 08:37:00,272; send took 7 millis
2024-10-21 08:37:02,787 INFO [Heartbeat Monitor Thread-1] o.a.n.c.c.h.AbstractHeartbeatMonitor Finished processing 1 heartbeats in 12271 nanos
2024-10-21 08:37:05,278 INFO [Process Cluster Protocol Request-7] o.a.n.c.p.impl.SocketProtocolListener Finished processing request 2c3d2795-9e43-42c8-9940-8f72dfc6d671 (type=HEARTBEAT, length=2235 bytes) from mynifi:8080 in 2 millis
2024-10-21 08:37:05,281 INFO [Clustering Tasks Thread-2] o.a.n.c.c.ClusterProtocolHeartbeater Heartbeat created at 2024-10-21 08:37:05,272 and sent to mynifi:8082 at 2024-10-21 08:37:05,281; send took 8 millis
2024-10-21 08:37:07,788 INFO [Heartbeat Monitor Thread-1] o.a.n.c.c.h.AbstractHeartbeatMonitor Finished processing 1 heartbeats in 5854 nanos
2024-10-21 08:37:10,287 INFO [Process Cluster Protocol Request-8] o.a.n.c.p.impl.SocketProtocolListener Finished processing request aaf3ac7d-f036-4238-a487-b871f5ed7ce5 (type=HEARTBEAT, length=2235 bytes) from mynifi:8080 in 2 millis
2024-10-21 08:37:10,289 INFO [Clustering Tasks Thread-2] o.a.n.c.c.ClusterProtocolHeartbeater Heartbeat created at 2024-10-21 08:37:10,281 and sent to mynifi:8082 at 2024-10-21 08:37:10,289; send took 7 millis
2024-10-21 08:37:12,788 INFO [Heartbeat Monitor Thread-1] o.a.n.c.c.h.AbstractHeartbeatMonitor Finished processing 1 heartbeats in 5533 nanos
2024-10-21 08:37:14,505 INFO [pool-13-thread-1] o.a.n.c.r.WriteAheadFlowFileRepository Initiating checkpoint of FlowFile Repository
2024-10-21 08:37:14,505 INFO [pool-13-thread-1] o.a.n.c.r.WriteAheadFlowFileRepository Successfully checkpointed FlowFile Repository with 0 records in 0 milliseconds
2024-10-21 08:37:15,295 INFO [Process Cluster Protocol Request-9] o.a.n.c.p.impl.SocketProtocolListener Finished processing request 867a7367-07a9-4638-a263-0c8914cb23b0 (type=HEARTBEAT, length=2235 bytes) from mynifi:8080 in 2 millis
2024-10-21 08:37:15,298 INFO [Clustering Tasks Thread-2] o.a.n.c.c.ClusterProtocolHeartbeater Heartbeat created at 2024-10-21 08:37:15,289 and sent to mynifi:8082 at 2024-10-21 08:37:15,298; send took 8 millis
2024-10-21 08:37:17,788 INFO [Heartbeat Monitor Thread-1] o.a.n.c.c.h.AbstractHeartbeatMonitor Finished processing 1 heartbeats in 6201 nanos
2024-10-21 08:37:20,304 INFO [Process Cluster Protocol Request-10] o.a.n.c.p.impl.SocketProtocolListener Finished processing request 47502812-3541-49fa-980d-9d3b6a941b11 (type=HEARTBEAT, length=2235 bytes) from mynifi:8080 in 2 millis
2024-10-21 08:37:20,306 INFO [Clustering Tasks Thread-2] o.a.n.c.c.ClusterProtocolHeartbeater Heartbeat created at 2024-10-21 08:37:20,298 and sent to mynifi:8082 at 2024-10-21 08:37:20,306; send took 7 millis
2024-10-21 08:37:22,788 INFO [Heartbeat Monitor Thread-1] o.a.n.c.c.h.AbstractHeartbeatMonitor Finished processing 1 heartbeats in 6268 nanos
2024-10-21 08:37:25,308 INFO [Process Cluster Protocol Request-1] o.a.n.c.p.impl.SocketProtocolListener Finished processing request 043fd931-063f-4e5f-9f50-e193a2ce4aad (type=HEARTBEAT, length=2235 bytes) from mynifi:8080 in 705642 nanos
2024-10-21 08:37:25,309 INFO [Clustering Tasks Thread-2] o.a.n.c.c.ClusterProtocolHeartbeater Heartbeat created at 2024-10-21 08:37:25,307 and sent to mynifi:8082 at 2024-10-21 08:37:25,309; send took 2 millis
2024-10-21 08:37:27,788 INFO [Heartbeat Monitor Thread-1] o.a.n.c.c.h.AbstractHeartbeatMonitor Finished processing 1 heartbeats in 7073 nanos
2024-10-21 08:37:30,315 INFO [Process Cluster Protocol Request-2] o.a.n.c.p.impl.SocketProtocolListener Finished processing request 5f5e9df0-f18a-49c0-a37b-a163b21e953a (type=HEARTBEAT, length=2235 bytes) from mynifi:8080 in 2 millis
2024-10-21 08:37:30,318 INFO [Clustering Tasks Thread-2] o.a.n.c.c.ClusterProtocolHeartbeater Heartbeat created at 2024-10-21 08:37:30,309 and sent to mynifi:8082 at 2024-10-21 08:37:30,318; send took 8 millis
2024-10-21 08:37:32,789 INFO [Heartbeat Monitor Thread-1] o.a.n.c.c.h.AbstractHeartbeatMonitor Finished processing 1 heartbeats in 14286 nanos
2024-10-21 08:37:34,506 INFO [pool-13-thread-1] o.a.n.c.r.WriteAheadFlowFileRepository Initiating checkpoint of FlowFile Repository
2024-10-21 08:37:34,506 INFO [pool-13-thread-1] o.a.n.c.r.WriteAheadFlowFileRepository Successfully checkpointed FlowFile Repository with 0 records in 0 milliseconds
2024-10-21 08:37:35,324 INFO [Process Cluster Protocol Request-3] o.a.n.c.p.impl.SocketProtocolListener Finished processing request f2522051-99b8-44e1-9a7d-736a4ed59232 (type=HEARTBEAT, length=2235 bytes) from mynifi:8080 in 2 millis
2024-10-21 08:37:35,326 INFO [Clustering Tasks Thread-2] o.a.n.c.c.ClusterProtocolHeartbeater Heartbeat created at 2024-10-21 08:37:35,318 and sent to mynifi:8082 at 2024-10-21 08:37:35,326; send took 7 millis
2024-10-21 08:37:37,789 INFO [Heartbeat Monitor Thread-1] o.a.n.c.c.h.AbstractHeartbeatMonitor Finished processing 1 heartbeats in 15277 nanos
2024-10-21 08:37:40,332 INFO [Process Cluster Protocol Request-4] o.a.n.c.p.impl.SocketProtocolListener Finished processing request ad4fe4d8-2901-471c-8083-4b183403a465 (type=HEARTBEAT, length=2235 bytes) from mynifi:8080 in 2 millis
2024-10-21 08:37:40,334 INFO [Clustering Tasks Thread-2] o.a.n.c.c.ClusterProtocolHeartbeater Heartbeat created at 2024-10-21 08:37:40,326 and sent to mynifi:8082 at 2024-10-21 08:37:40,334; send took 7 millis
2024-10-21 08:37:42,314 INFO [Cleanup Archive for default] o.a.n.c.repository.FileSystemRepository Successfully deleted 0 files (0 bytes) from archive
2024-10-21 08:37:42,789 INFO [Heartbeat Monitor Thread-1] o.a.n.c.c.h.AbstractHeartbeatMonitor Finished processing 1 heartbeats in 15182 nanos
2024-10-21 08:37:45,340 INFO [Process Cluster Protocol Request-5] o.a.n.c.p.impl.SocketProtocolListener Finished processing request 8c2f5e9f-615c-465b-b697-aa618c826e92 (type=HEARTBEAT, length=2235 bytes) from mynifi:8080 in 2 millis
2024-10-21 08:37:45,343 INFO [Clustering Tasks Thread-2] o.a.n.c.c.ClusterProtocolHeartbeater Heartbeat created at 2024-10-21 08:37:45,335 and sent to mynifi:8082 at 2024-10-21 08:37:45,343; send took 7 millis
2024-10-21 08:37:47,790 INFO [Heartbeat Monitor Thread-1] o.a.n.c.c.h.AbstractHeartbeatMonitor Finished processing 1 heartbeats in 14984 nanos
2024-10-21 08:37:50,349 INFO [Process Cluster Protocol Request-6] o.a.n.c.p.impl.SocketProtocolListener Finished processing request 50f6986e-dc8f-4c39-a798-275f8d2b78f9 (type=HEARTBEAT, length=2235 bytes) from mynifi:8080 in 2 millis
2024-10-21 08:37:50,351 INFO [Clustering Tasks Thread-2] o.a.n.c.c.ClusterProtocolHeartbeater Heartbeat created at 2024-10-21 08:37:50,343 and sent to mynifi:8082 at 2024-10-21 08:37:50,351; send took 7 millis
2024-10-21 08:37:52,790 INFO [Heartbeat Monitor Thread-1] o.a.n.c.c.h.AbstractHeartbeatMonitor Finished processing 1 heartbeats in 15368 nanos
2024-10-21 08:37:54,506 INFO [pool-13-thread-1] o.a.n.c.r.WriteAheadFlowFileRepository Initiating checkpoint of FlowFile Repository
2024-10-21 08:37:54,506 INFO [pool-13-thread-1] o.a.n.c.r.WriteAheadFlowFileRepository Successfully checkpointed FlowFile Repository with 0 records in 0 milliseconds
2024-10-21 08:37:55,357 INFO [Process Cluster Protocol Request-7] o.a.n.c.p.impl.SocketProtocolListener Finished processing request 214ce5bd-fdc4-4bff-b22b-97c6f0cc4862 (type=HEARTBEAT, length=2235 bytes) from mynifi:8080 in 2 millis
2024-10-21 08:37:55,360 INFO [Clustering Tasks Thread-2] o.a.n.c.c.ClusterProtocolHeartbeater Heartbeat created at 2024-10-21 08:37:55,352 and sent to mynifi:8082 at 2024-10-21 08:37:55,360; send took 8 millis
2024-10-21 08:37:57,790 INFO [Heartbeat Monitor Thread-1] o.a.n.c.c.h.AbstractHeartbeatMonitor Finished processing 1 heartbeats in 16177 nanos
2024-10-21 08:38:00,366 INFO [Process Cluster Protocol Request-8] o.a.n.c.p.impl.SocketProtocolListener Finished processing request ac40a2d8-c308-4de5-a377-0ac7237ff65c (type=HEARTBEAT, length=2235 bytes) from mynifi:8080 in 2 millis
2024-10-21 08:38:00,368 INFO [Clustering Tasks Thread-2] o.a.n.c.c.ClusterProtocolHeartbeater Heartbeat created at 2024-10-21 08:38:00,360 and sent to mynifi:8082 at 2024-10-21 08:38:00,368; send took 8 millis
2024-10-21 08:38:02,791 INFO [Heartbeat Monitor Thread-1] o.a.n.c.c.h.AbstractHeartbeatMonitor Finished processing 1 heartbeats in 14885 nanos
2024-10-21 08:38:05,374 INFO [Process Cluster Protocol Request-9] o.a.n.c.p.impl.SocketProtocolListener Finished processing request 948fbf85-a83a-4ecb-8d49-76169053d8bb (type=HEARTBEAT, length=2235 bytes) from mynifi:8080 in 2 millis
2024-10-21 08:38:05,377 INFO [Clustering Tasks Thread-2] o.a.n.c.c.ClusterProtocolHeartbeater Heartbeat created at 2024-10-21 08:38:05,369 and sent to mynifi:8082 at 2024-10-21 08:38:05,377; send took 7 millis
2024-10-21 08:38:07,791 INFO [Heartbeat Monitor Thread-1] o.a.n.c.c.h.AbstractHeartbeatMonitor Finished processing 1 heartbeats in 14699 nanos
2024-10-21 08:38:10,383 INFO [Process Cluster Protocol Request-10] o.a.n.c.p.impl.SocketProtocolListener Finished processing request 094a31c5-f108-46c0-850f-20740517dadb (type=HEARTBEAT, length=2235 bytes) from mynifi:8080 in 2 millis
2024-10-21 08:38:10,386 INFO [Clustering Tasks Thread-2] o.a.n.c.c.ClusterProtocolHeartbeater Heartbeat created at 2024-10-21 08:38:10,377 and sent to mynifi:8082 at 2024-10-21 08:38:10,386; send took 8 millis
2024-10-21 08:38:12,792 INFO [Heartbeat Monitor Thread-1] o.a.n.c.c.h.AbstractHeartbeatMonitor Finished processing 1 heartbeats in 15774 nanos
2024-10-21 08:38:14,506 INFO [pool-13-thread-1] o.a.n.c.r.WriteAheadFlowFileRepository Initiating checkpoint of FlowFile Repository
2024-10-21 08:38:14,507 INFO [pool-13-thread-1] o.a.n.c.r.WriteAheadFlowFileRepository Successfully checkpointed FlowFile Repository with 0 records in 0 milliseconds
2024-10-21 08:38:15,392 INFO [Process Cluster Protocol Request-1] o.a.n.c.p.impl.SocketProtocolListener Finished processing request fa6ab9f2-d10b-44ab-a4b9-f1e30aa8c15a (type=HEARTBEAT, length=2235 bytes) from mynifi:8080 in 2 millis
2024-10-21 08:38:15,395 INFO [Clustering Tasks Thread-2] o.a.n.c.c.ClusterProtocolHeartbeater Heartbeat created at 2024-10-21 08:38:15,387 and sent to mynifi:8082 at 2024-10-21 08:38:15,395; send took 8 millis
2024-10-21 08:38:17,792 INFO [Heartbeat Monitor Thread-1] o.a.n.c.c.h.AbstractHeartbeatMonitor Finished processing 1 heartbeats in 15451 nanos
2024-10-21 08:38:20,401 INFO [Process Cluster Protocol Request-2] o.a.n.c.p.impl.SocketProtocolListener Finished processing request 5f01bf6f-a462-42f1-8c4a-cc950d28047b (type=HEARTBEAT, length=2235 bytes) from mynifi:8080 in 2 millis
2024-10-21 08:38:20,404 INFO [Clustering Tasks Thread-2] o.a.n.c.c.ClusterProtocolHeartbeater Heartbeat created at 2024-10-21 08:38:20,395 and sent to mynifi:8082 at 2024-10-21 08:38:20,404; send took 8 millis
2024-10-21 08:38:22,792 INFO [Heartbeat Monitor Thread-1] o.a.n.c.c.h.AbstractHeartbeatMonitor Finished processing 1 heartbeats in 14514 nanos
2024-10-21 08:38:25,410 INFO [Process Cluster Protocol Request-3] o.a.n.c.p.impl.SocketProtocolListener Finished processing request 8f3ba895-e3f8-4db3-9ee2-1c4d2ed77164 (type=HEARTBEAT, length=2235 bytes) from mynifi:8080 in 2 millis
2024-10-21 08:38:25,412 INFO [Clustering Tasks Thread-2] o.a.n.c.c.ClusterProtocolHeartbeater Heartbeat created at 2024-10-21 08:38:25,404 and sent to mynifi:8082 at 2024-10-21 08:38:25,412; send took 8 millis
2024-10-21 08:38:27,793 INFO [Heartbeat Monitor Thread-1] o.a.n.c.c.h.AbstractHeartbeatMonitor Finished processing 1 heartbeats in 5729 nanos
2024-10-21 08:38:30,418 INFO [Process Cluster Protocol Request-4] o.a.n.c.p.impl.SocketProtocolListener Finished processing request 21f584c2-ff95-4ced-9d06-74336e77ce84 (type=HEARTBEAT, length=2235 bytes) from mynifi:8080 in 2 millis
2024-10-21 08:38:30,421 INFO [Clustering Tasks Thread-2] o.a.n.c.c.ClusterProtocolHeartbeater Heartbeat created at 2024-10-21 08:38:30,413 and sent to mynifi:8082 at 2024-10-21 08:38:30,421; send took 7 millis
2024-10-21 08:38:32,793 INFO [Heartbeat Monitor Thread-1] o.a.n.c.c.h.AbstractHeartbeatMonitor Finished processing 1 heartbeats in 15163 nanos
2024-10-21 08:38:34,507 INFO [pool-13-thread-1] o.a.n.c.r.WriteAheadFlowFileRepository Initiating checkpoint of FlowFile Repository
2024-10-21 08:38:34,507 INFO [pool-13-thread-1] o.a.n.c.r.WriteAheadFlowFileRepository Successfully checkpointed FlowFile Repository with 0 records in 0 milliseconds
2024-10-21 08:38:35,427 INFO [Process Cluster Protocol Request-5] o.a.n.c.p.impl.SocketProtocolListener Finished processing request ff7bd705-5bb5-4d8b-9ee9-fe11879adb02 (type=HEARTBEAT, length=2235 bytes) from mynifi:8080 in 2 millis
2024-10-21 08:38:35,429 INFO [Clustering Tasks Thread-2] o.a.n.c.c.ClusterProtocolHeartbeater Heartbeat created at 2024-10-21 08:38:35,421 and sent to mynifi:8082 at 2024-10-21 08:38:35,429; send took 7 millis
2024-10-21 08:38:37,793 INFO [Heartbeat Monitor Thread-1] o.a.n.c.c.h.AbstractHeartbeatMonitor Finished processing 1 heartbeats in 14613 nanos
2024-10-21 08:38:40,435 INFO [Process Cluster Protocol Request-6] o.a.n.c.p.impl.SocketProtocolListener Finished processing request d4f243ad-5251-4fda-afaf-e53ad6da2791 (type=HEARTBEAT, length=2235 bytes) from mynifi:8080 in 2 millis
2024-10-21 08:38:40,437 INFO [Clustering Tasks Thread-2] o.a.n.c.c.ClusterProtocolHeartbeater Heartbeat created at 2024-10-21 08:38:40,429 and sent to mynifi:8082 at 2024-10-21 08:38:40,437; send took 8 millis
2024-10-21 08:38:40,942 INFO [Write-Ahead Local State Provider Maintenance] org.wali.MinimalLockingWriteAheadLog org.wali.MinimalLockingWriteAheadLog@5de25642 checkpointed with 3 Records and 0 Swap Files in 6 milliseconds (Stop-the-world time = 4 milliseconds, Clear Edit Logs time = 0 millis), max Transaction ID 17
2024-10-21 08:38:42,326 INFO [Cleanup Archive for default] o.a.n.c.repository.FileSystemRepository Successfully deleted 0 files (0 bytes) from archive
2024-10-21 08:38:42,794 INFO [Heartbeat Monitor Thread-1] o.a.n.c.c.h.AbstractHeartbeatMonitor Finished processing 1 heartbeats in 14075 nanos
2024-10-21 08:38:45,439 INFO [Process Cluster Protocol Request-7] o.a.n.c.p.impl.SocketProtocolListener Finished processing request fd560e78-2273-4c97-bc95-749ecbd97084 (type=HEARTBEAT, length=2235 bytes) from mynifi:8080 in 646055 nanos
2024-10-21 08:38:45,440 INFO [Clustering Tasks Thread-2] o.a.n.c.c.ClusterProtocolHeartbeater Heartbeat created at 2024-10-21 08:38:45,438 and sent to mynifi:8082 at 2024-10-21 08:38:45,440; send took 2 millis
2024-10-21 08:38:47,794 INFO [Heartbeat Monitor Thread-1] o.a.n.c.c.h.AbstractHeartbeatMonitor Finished processing 1 heartbeats in 14147 nanos
2024-10-21 08:38:50,446 INFO [Process Cluster Protocol Request-8] o.a.n.c.p.impl.SocketProtocolListener Finished processing request e09fe0c1-72d5-4a15-822d-8d99186e9a00 (type=HEARTBEAT, length=2235 bytes) from mynifi:8080 in 2 millis
2024-10-21 08:38:50,448 INFO [Clustering Tasks Thread-2] o.a.n.c.c.ClusterProtocolHeartbeater Heartbeat created at 2024-10-21 08:38:50,440 and sent to mynifi:8082 at 2024-10-21 08:38:50,448; send took 7 millis
2024-10-21 08:38:52,794 INFO [Heartbeat Monitor Thread-1] o.a.n.c.c.h.AbstractHeartbeatMonitor Finished processing 1 heartbeats in 14840 nanos
2024-10-21 08:38:54,507 INFO [pool-13-thread-1] o.a.n.c.r.WriteAheadFlowFileRepository Initiating checkpoint of FlowFile Repository
2024-10-21 08:38:54,508 INFO [pool-13-thread-1] o.a.n.c.r.WriteAheadFlowFileRepository Successfully checkpointed FlowFile Repository with 0 records in 0 milliseconds
2024-10-21 08:38:55,455 INFO [Process Cluster Protocol Request-9] o.a.n.c.p.impl.SocketProtocolListener Finished processing request 781768da-bf6c-4705-bef6-0839443bd9ed (type=HEARTBEAT, length=2235 bytes) from mynifi:8080 in 2 millis
2024-10-21 08:38:55,457 INFO [Clustering Tasks Thread-2] o.a.n.c.c.ClusterProtocolHeartbeater Heartbeat created at 2024-10-21 08:38:55,449 and sent to mynifi:8082 at 2024-10-21 08:38:55,457; send took 8 millis
2024-10-21 08:38:57,795 INFO [Heartbeat Monitor Thread-1] o.a.n.c.c.h.AbstractHeartbeatMonitor Finished processing 1 heartbeats in 15427 nanos
2024-10-21 08:39:00,463 INFO [Process Cluster Protocol Request-10] o.a.n.c.p.impl.SocketProtocolListener Finished processing request d5395344-6ec9-4318-a8fa-b272ec2d1f56 (type=HEARTBEAT, length=2235 bytes) from mynifi:8080 in 2 millis
2024-10-21 08:39:00,465 INFO [Clustering Tasks Thread-2] o.a.n.c.c.ClusterProtocolHeartbeater Heartbeat created at 2024-10-21 08:39:00,457 and sent to mynifi:8082 at 2024-10-21 08:39:00,465; send took 7 millis
2024-10-21 08:39:02,795 INFO [Heartbeat Monitor Thread-1] o.a.n.c.c.h.AbstractHeartbeatMonitor Finished processing 1 heartbeats in 14898 nanos
2024-10-21 08:39:05,472 INFO [Process Cluster Protocol Request-1] o.a.n.c.p.impl.SocketProtocolListener Finished processing request 34352860-d9d1-4b69-869d-56557812b833 (type=HEARTBEAT, length=2235 bytes) from mynifi:8080 in 2 millis
2024-10-21 08:39:05,474 INFO [Clustering Tasks Thread-2] o.a.n.c.c.ClusterProtocolHeartbeater Heartbeat created at 2024-10-21 08:39:05,466 and sent to mynifi:8082 at 2024-10-21 08:39:05,474; send took 8 millis
2024-10-21 08:39:07,795 INFO [Heartbeat Monitor Thread-1] o.a.n.c.c.h.AbstractHeartbeatMonitor Finished processing 1 heartbeats in 14776 nanos
2024-10-21 08:39:10,478 INFO [Process Cluster Protocol Request-2] o.a.n.c.p.impl.SocketProtocolListener Finished processing request 70c341df-5277-4cf0-aaa0-3f786b826b6c (type=HEARTBEAT, length=2235 bytes) from mynifi:8080 in 1 millis
2024-10-21 08:39:10,480 INFO [Clustering Tasks Thread-2] o.a.n.c.c.ClusterProtocolHeartbeater Heartbeat created at 2024-10-21 08:39:10,474 and sent to mynifi:8082 at 2024-10-21 08:39:10,480; send took 5 millis
2024-10-21 08:39:12,796 INFO [Heartbeat Monitor Thread-1] o.a.n.c.c.h.AbstractHeartbeatMonitor Finished processing 1 heartbeats in 14558 nanos
2024-10-21 08:39:14,508 INFO [pool-13-thread-1] o.a.n.c.r.WriteAheadFlowFileRepository Initiating checkpoint of FlowFile Repository
2024-10-21 08:39:14,508 INFO [pool-13-thread-1] o.a.n.c.r.WriteAheadFlowFileRepository Successfully checkpointed FlowFile Repository with 0 records in 0 milliseconds
2024-10-21 08:39:15,486 INFO [Process Cluster Protocol Request-3] o.a.n.c.p.impl.SocketProtocolListener Finished processing request ecfa96d5-9128-49eb-a772-3733f2a4b3cb (type=HEARTBEAT, length=2235 bytes) from mynifi:8080 in 2 millis
2024-10-21 08:39:15,488 INFO [Clustering Tasks Thread-2] o.a.n.c.c.ClusterProtocolHeartbeater Heartbeat created at 2024-10-21 08:39:15,480 and sent to mynifi:8082 at 2024-10-21 08:39:15,488; send took 7 millis
2024-10-21 08:39:17,796 INFO [Heartbeat Monitor Thread-1] o.a.n.c.c.h.AbstractHeartbeatMonitor Finished processing 1 heartbeats in 15507 nanos
2024-10-21 08:39:20,495 INFO [Process Cluster Protocol Request-4] o.a.n.c.p.impl.SocketProtocolListener Finished processing request 2f09de68-e79e-4319-b82c-116ce818a18e (type=HEARTBEAT, length=2235 bytes) from mynifi:8080 in 2 millis
2024-10-21 08:39:20,497 INFO [Clustering Tasks Thread-2] o.a.n.c.c.ClusterProtocolHeartbeater Heartbeat created at 2024-10-21 08:39:20,489 and sent to mynifi:8082 at 2024-10-21 08:39:20,497; send took 8 millis
2024-10-21 08:39:22,797 INFO [Heartbeat Monitor Thread-1] o.a.n.c.c.h.AbstractHeartbeatMonitor Finished processing 1 heartbeats in 14790 nanos
2024-10-21 08:39:25,503 INFO [Process Cluster Protocol Request-5] o.a.n.c.p.impl.SocketProtocolListener Finished processing request a8cca0dd-9f66-402c-9243-3bdc4f21ce0d (type=HEARTBEAT, length=2235 bytes) from mynifi:8080 in 2 millis
2024-10-21 08:39:25,505 INFO [Clustering Tasks Thread-2] o.a.n.c.c.ClusterProtocolHeartbeater Heartbeat created at 2024-10-21 08:39:25,497 and sent to mynifi:8082 at 2024-10-21 08:39:25,505; send took 7 millis
2024-10-21 08:39:27,797 INFO [Heartbeat Monitor Thread-1] o.a.n.c.c.h.AbstractHeartbeatMonitor Finished processing 1 heartbeats in 6480 nanos
2024-10-21 08:39:30,512 INFO [Process Cluster Protocol Request-6] o.a.n.c.p.impl.SocketProtocolListener Finished processing request b47a1cdc-3f17-40b7-9c39-61109d191423 (type=HEARTBEAT, length=2235 bytes) from mynifi:8080 in 2 millis
2024-10-21 08:39:30,514 INFO [Clustering Tasks Thread-2] o.a.n.c.c.ClusterProtocolHeartbeater Heartbeat created at 2024-10-21 08:39:30,506 and sent to mynifi:8082 at 2024-10-21 08:39:30,514; send took 7 millis
2024-10-21 08:39:32,797 INFO [Heartbeat Monitor Thread-1] o.a.n.c.c.h.AbstractHeartbeatMonitor Finished processing 1 heartbeats in 15660 nanos
2024-10-21 08:39:34,508 INFO [pool-13-thread-1] o.a.n.c.r.WriteAheadFlowFileRepository Initiating checkpoint of FlowFile Repository
2024-10-21 08:39:34,508 INFO [pool-13-thread-1] o.a.n.c.r.WriteAheadFlowFileRepository Successfully checkpointed FlowFile Repository with 0 records in 0 milliseconds
2024-10-21 08:39:35,520 INFO [Process Cluster Protocol Request-7] o.a.n.c.p.impl.SocketProtocolListener Finished processing request d2c8285d-830d-4e0d-bb17-4c8e86fdc604 (type=HEARTBEAT, length=2235 bytes) from mynifi:8080 in 2 millis
2024-10-21 08:39:35,522 INFO [Clustering Tasks Thread-2] o.a.n.c.c.ClusterProtocolHeartbeater Heartbeat created at 2024-10-21 08:39:35,514 and sent to mynifi:8082 at 2024-10-21 08:39:35,522; send took 7 millis
2024-10-21 08:39:37,798 INFO [Heartbeat Monitor Thread-1] o.a.n.c.c.h.AbstractHeartbeatMonitor Finished processing 1 heartbeats in 14808 nanos
2024-10-21 08:39:40,524 INFO [Process Cluster Protocol Request-8] o.a.n.c.p.impl.SocketProtocolListener Finished processing request 9c014873-5212-4c58-b024-6749ab4c9855 (type=HEARTBEAT, length=2235 bytes) from mynifi:8080 in 701601 nanos
2024-10-21 08:39:40,525 INFO [Clustering Tasks Thread-2] o.a.n.c.c.ClusterProtocolHeartbeater Heartbeat created at 2024-10-21 08:39:40,523 and sent to mynifi:8082 at 2024-10-21 08:39:40,525; send took 2 millis
2024-10-21 08:39:42,338 INFO [Cleanup Archive for default] o.a.n.c.repository.FileSystemRepository Successfully deleted 0 files (0 bytes) from archive
2024-10-21 08:39:42,798 INFO [Heartbeat Monitor Thread-1] o.a.n.c.c.h.AbstractHeartbeatMonitor Finished processing 1 heartbeats in 14900 nanos
2024-10-21 08:39:45,531 INFO [Process Cluster Protocol Request-9] o.a.n.c.p.impl.SocketProtocolListener Finished processing request d1c5b584-2e43-49f4-8bf5-3a8ac977decc (type=HEARTBEAT, length=2235 bytes) from mynifi:8080 in 2 millis
2024-10-21 08:39:45,533 INFO [Clustering Tasks Thread-2] o.a.n.c.c.ClusterProtocolHeartbeater Heartbeat created at 2024-10-21 08:39:45,525 and sent to mynifi:8082 at 2024-10-21 08:39:45,533; send took 7 millis
2024-10-21 08:39:47,798 INFO [Heartbeat Monitor Thread-1] o.a.n.c.c.h.AbstractHeartbeatMonitor Finished processing 1 heartbeats in 14819 nanos
2024-10-21 08:39:50,537 INFO [Process Cluster Protocol Request-10] o.a.n.c.p.impl.SocketProtocolListener Finished processing request a724ba53-69eb-4add-9487-8866866b4e53 (type=HEARTBEAT, length=2235 bytes) from mynifi:8080 in 1 millis
2024-10-21 08:39:50,539 INFO [Clustering Tasks Thread-2] o.a.n.c.c.ClusterProtocolHeartbeater Heartbeat created at 2024-10-21 08:39:50,534 and sent to mynifi:8082 at 2024-10-21 08:39:50,539; send took 4 millis
2024-10-21 08:39:52,799 INFO [Heartbeat Monitor Thread-1] o.a.n.c.c.h.AbstractHeartbeatMonitor Finished processing 1 heartbeats in 15192 nanos
2024-10-21 08:39:54,509 INFO [pool-13-thread-1] o.a.n.c.r.WriteAheadFlowFileRepository Initiating checkpoint of FlowFile Repository
2024-10-21 08:39:54,509 INFO [pool-13-thread-1] o.a.n.c.r.WriteAheadFlowFileRepository Successfully checkpointed FlowFile Repository with 0 records in 0 milliseconds
2024-10-21 08:39:55,545 INFO [Process Cluster Protocol Request-1] o.a.n.c.p.impl.SocketProtocolListener Finished processing request f808e70b-c551-48be-b848-ee0619d98fc1 (type=HEARTBEAT, length=2235 bytes) from mynifi:8080 in 2 millis
2024-10-21 08:39:55,547 INFO [Clustering Tasks Thread-2] o.a.n.c.c.ClusterProtocolHeartbeater Heartbeat created at 2024-10-21 08:39:55,539 and sent to mynifi:8082 at 2024-10-21 08:39:55,547; send took 7 millis
2024-10-21 08:39:57,799 INFO [Heartbeat Monitor Thread-1] o.a.n.c.c.h.AbstractHeartbeatMonitor Finished processing 1 heartbeats in 7385 nanos
2024-10-21 08:40:00,554 INFO [Process Cluster Protocol Request-2] o.a.n.c.p.impl.SocketProtocolListener Finished processing request a09459c7-6479-44a8-8222-f97017209cff (type=HEARTBEAT, length=2235 bytes) from mynifi:8080 in 2 millis
2024-10-21 08:40:00,556 INFO [Clustering Tasks Thread-2] o.a.n.c.c.ClusterProtocolHeartbeater Heartbeat created at 2024-10-21 08:40:00,547 and sent to mynifi:8082 at 2024-10-21 08:40:00,556; send took 8 millis
2024-10-21 08:40:02,799 INFO [Heartbeat Monitor Thread-1] o.a.n.c.c.h.AbstractHeartbeatMonitor Finished processing 1 heartbeats in 23707 nanos
2024-10-21 08:40:05,558 INFO [Process Cluster Protocol Request-3] o.a.n.c.p.impl.SocketProtocolListener Finished processing request 07e5a659-b27a-4acd-b3e0-260c7f166509 (type=HEARTBEAT, length=2235 bytes) from mynifi:8080 in 668466 nanos
2024-10-21 08:40:05,559 INFO [Clustering Tasks Thread-2] o.a.n.c.c.ClusterProtocolHeartbeater Heartbeat created at 2024-10-21 08:40:05,557 and sent to mynifi:8082 at 2024-10-21 08:40:05,559; send took 2 millis
2024-10-21 08:40:07,800 INFO [Heartbeat Monitor Thread-1] o.a.n.c.c.h.AbstractHeartbeatMonitor Finished processing 1 heartbeats in 15929 nanos
2024-10-21 08:40:10,565 INFO [Process Cluster Protocol Request-4] o.a.n.c.p.impl.SocketProtocolListener Finished processing request 9c7d4d86-02ee-4d9c-8726-5b372781e520 (type=HEARTBEAT, length=2235 bytes) from mynifi:8080 in 2 millis
2024-10-21 08:40:10,569 INFO [Clustering Tasks Thread-2] o.a.n.c.c.ClusterProtocolHeartbeater Heartbeat created at 2024-10-21 08:40:10,559 and sent to mynifi:8082 at 2024-10-21 08:40:10,569; send took 9 millis
2024-10-21 08:40:12,800 INFO [Heartbeat Monitor Thread-1] o.a.n.c.c.h.AbstractHeartbeatMonitor Finished processing 1 heartbeats in 6532 nanos
2024-10-21 08:40:14,509 INFO [pool-13-thread-1] o.a.n.c.r.WriteAheadFlowFileRepository Initiating checkpoint of FlowFile Repository
2024-10-21 08:40:14,509 INFO [pool-13-thread-1] o.a.n.c.r.WriteAheadFlowFileRepository Successfully checkpointed FlowFile Repository with 0 records in 0 milliseconds
2024-10-21 08:40:15,575 INFO [Process Cluster Protocol Request-5] o.a.n.c.p.impl.SocketProtocolListener Finished processing request 3e8fa489-2293-416c-b6c5-06d5003d45a4 (type=HEARTBEAT, length=2235 bytes) from mynifi:8080 in 2 millis
2024-10-21 08:40:15,578 INFO [Clustering Tasks Thread-2] o.a.n.c.c.ClusterProtocolHeartbeater Heartbeat created at 2024-10-21 08:40:15,569 and sent to mynifi:8082 at 2024-10-21 08:40:15,578; send took 8 millis
2024-10-21 08:40:17,800 INFO [Heartbeat Monitor Thread-1] o.a.n.c.c.h.AbstractHeartbeatMonitor Finished processing 1 heartbeats in 10113 nanos
2024-10-21 08:40:20,584 INFO [Process Cluster Protocol Request-6] o.a.n.c.p.impl.SocketProtocolListener Finished processing request 41e23b4f-1832-447e-814a-f2801f1bd44a (type=HEARTBEAT, length=2235 bytes) from mynifi:8080 in 2 millis
2024-10-21 08:40:20,587 INFO [Clustering Tasks Thread-2] o.a.n.c.c.ClusterProtocolHeartbeater Heartbeat created at 2024-10-21 08:40:20,578 and sent to mynifi:8082 at 2024-10-21 08:40:20,587; send took 8 millis
2024-10-21 08:40:22,801 INFO [Heartbeat Monitor Thread-1] o.a.n.c.c.h.AbstractHeartbeatMonitor Finished processing 1 heartbeats in 14676 nanos
2024-10-21 08:40:25,593 INFO [Process Cluster Protocol Request-7] o.a.n.c.p.impl.SocketProtocolListener Finished processing request 7c70c6d4-bdd9-4459-ae34-15d4f2ac72f9 (type=HEARTBEAT, length=2235 bytes) from mynifi:8080 in 2 millis
2024-10-21 08:40:25,595 INFO [Clustering Tasks Thread-2] o.a.n.c.c.ClusterProtocolHeartbeater Heartbeat created at 2024-10-21 08:40:25,587 and sent to mynifi:8082 at 2024-10-21 08:40:25,595; send took 7 millis
2024-10-21 08:40:27,801 INFO [Heartbeat Monitor Thread-1] o.a.n.c.c.h.AbstractHeartbeatMonitor Finished processing 1 heartbeats in 7267 nanos
2024-10-21 08:40:30,601 INFO [Process Cluster Protocol Request-8] o.a.n.c.p.impl.SocketProtocolListener Finished processing request 3919d11b-dbdf-4e41-afa0-64a3461bda65 (type=HEARTBEAT, length=2235 bytes) from mynifi:8080 in 2 millis
2024-10-21 08:40:30,604 INFO [Clustering Tasks Thread-2] o.a.n.c.c.ClusterProtocolHeartbeater Heartbeat created at 2024-10-21 08:40:30,595 and sent to mynifi:8082 at 2024-10-21 08:40:30,604; send took 8 millis
2024-10-21 08:40:32,801 INFO [Heartbeat Monitor Thread-1] o.a.n.c.c.h.AbstractHeartbeatMonitor Finished processing 1 heartbeats in 7169 nanos
2024-10-21 08:40:34,509 INFO [pool-13-thread-1] o.a.n.c.r.WriteAheadFlowFileRepository Initiating checkpoint of FlowFile Repository
2024-10-21 08:40:34,509 INFO [pool-13-thread-1] o.a.n.c.r.WriteAheadFlowFileRepository Successfully checkpointed FlowFile Repository with 0 records in 0 milliseconds
2024-10-21 08:40:35,610 INFO [Process Cluster Protocol Request-9] o.a.n.c.p.impl.SocketProtocolListener Finished processing request 4af60b2e-67c2-4a61-b312-5f27e3c42697 (type=HEARTBEAT, length=2235 bytes) from mynifi:8080 in 2 millis
2024-10-21 08:40:35,613 INFO [Clustering Tasks Thread-2] o.a.n.c.c.ClusterProtocolHeartbeater Heartbeat created at 2024-10-21 08:40:35,604 and sent to mynifi:8082 at 2024-10-21 08:40:35,613; send took 8 millis
2024-10-21 08:40:37,802 INFO [Heartbeat Monitor Thread-1] o.a.n.c.c.h.AbstractHeartbeatMonitor Finished processing 1 heartbeats in 15354 nanos
2024-10-21 08:40:40,619 INFO [Process Cluster Protocol Request-10] o.a.n.c.p.impl.SocketProtocolListener Finished processing request 77ed09b1-42f6-43b0-a0a7-5abdabb35928 (type=HEARTBEAT, length=2235 bytes) from mynifi:8080 in 2 millis
2024-10-21 08:40:40,621 INFO [Clustering Tasks Thread-2] o.a.n.c.c.ClusterProtocolHeartbeater Heartbeat created at 2024-10-21 08:40:40,613 and sent to mynifi:8082 at 2024-10-21 08:40:40,621; send took 7 millis
2024-10-21 08:40:40,949 INFO [Write-Ahead Local State Provider Maintenance] org.wali.MinimalLockingWriteAheadLog org.wali.MinimalLockingWriteAheadLog@5de25642 checkpointed with 3 Records and 0 Swap Files in 7 milliseconds (Stop-the-world time = 4 milliseconds, Clear Edit Logs time = 1 millis), max Transaction ID 17
2024-10-21 08:40:42,350 INFO [Cleanup Archive for default] o.a.n.c.repository.FileSystemRepository Successfully deleted 0 files (0 bytes) from archive
2024-10-21 08:40:42,802 INFO [Heartbeat Monitor Thread-1] o.a.n.c.c.h.AbstractHeartbeatMonitor Finished processing 1 heartbeats in 14347 nanos
2024-10-21 08:40:45,623 INFO [Process Cluster Protocol Request-1] o.a.n.c.p.impl.SocketProtocolListener Finished processing request 7f0a8da3-8f22-4333-8514-f0130c832cab (type=HEARTBEAT, length=2235 bytes) from mynifi:8080 in 775160 nanos
2024-10-21 08:40:45,624 INFO [Clustering Tasks Thread-2] o.a.n.c.c.ClusterProtocolHeartbeater Heartbeat created at 2024-10-21 08:40:45,621 and sent to mynifi:8082 at 2024-10-21 08:40:45,624; send took 2 millis
2024-10-21 08:40:47,802 INFO [Heartbeat Monitor Thread-1] o.a.n.c.c.h.AbstractHeartbeatMonitor Finished processing 1 heartbeats in 14919 nanos
2024-10-21 08:40:50,626 INFO [Process Cluster Protocol Request-2] o.a.n.c.p.impl.SocketProtocolListener Finished processing request a9afd6ce-ce5a-4cc8-a315-83d3d4caa06b (type=HEARTBEAT, length=2235 bytes) from mynifi:8080 in 717755 nanos
2024-10-21 08:40:50,627 INFO [Clustering Tasks Thread-2] o.a.n.c.c.ClusterProtocolHeartbeater Heartbeat created at 2024-10-21 08:40:50,624 and sent to mynifi:8082 at 2024-10-21 08:40:50,627; send took 2 millis
2024-10-21 08:40:52,803 INFO [Heartbeat Monitor Thread-1] o.a.n.c.c.h.AbstractHeartbeatMonitor Finished processing 1 heartbeats in 6139 nanos
2024-10-21 08:40:54,510 INFO [pool-13-thread-1] o.a.n.c.r.WriteAheadFlowFileRepository Initiating checkpoint of FlowFile Repository
2024-10-21 08:40:54,510 INFO [pool-13-thread-1] o.a.n.c.r.WriteAheadFlowFileRepository Successfully checkpointed FlowFile Repository with 0 records in 0 milliseconds
2024-10-21 08:40:55,633 INFO [Process Cluster Protocol Request-3] o.a.n.c.p.impl.SocketProtocolListener Finished processing request fd8a1c83-a989-4a7a-8188-ab2c78f0c140 (type=HEARTBEAT, length=2235 bytes) from mynifi:8080 in 2 millis
2024-10-21 08:40:55,635 INFO [Clustering Tasks Thread-2] o.a.n.c.c.ClusterProtocolHeartbeater Heartbeat created at 2024-10-21 08:40:55,627 and sent to mynifi:8082 at 2024-10-21 08:40:55,635; send took 8 millis
2024-10-21 08:40:57,803 INFO [Heartbeat Monitor Thread-1] o.a.n.c.c.h.AbstractHeartbeatMonitor Finished processing 1 heartbeats in 15883 nanos
2024-10-21 08:41:00,642 INFO [Process Cluster Protocol Request-4] o.a.n.c.p.impl.SocketProtocolListener Finished processing request 76c7a62d-c980-4b9e-9eb0-59d348d014ac (type=HEARTBEAT, length=2235 bytes) from mynifi:8080 in 2 millis
2024-10-21 08:41:00,644 INFO [Clustering Tasks Thread-2] o.a.n.c.c.ClusterProtocolHeartbeater Heartbeat created at 2024-10-21 08:41:00,636 and sent to mynifi:8082 at 2024-10-21 08:41:00,644; send took 8 millis
2024-10-21 08:41:02,803 INFO [Heartbeat Monitor Thread-1] o.a.n.c.c.h.AbstractHeartbeatMonitor Finished processing 1 heartbeats in 15968 nanos
2024-10-21 08:41:05,650 INFO [Process Cluster Protocol Request-5] o.a.n.c.p.impl.SocketProtocolListener Finished processing request 1c33eb73-8313-4f72-b952-f7004b827bf3 (type=HEARTBEAT, length=2235 bytes) from mynifi:8080 in 2 millis
2024-10-21 08:41:05,653 INFO [Clustering Tasks Thread-2] o.a.n.c.c.ClusterProtocolHeartbeater Heartbeat created at 2024-10-21 08:41:05,644 and sent to mynifi:8082 at 2024-10-21 08:41:05,653; send took 8 millis
2024-10-21 08:41:07,804 INFO [Heartbeat Monitor Thread-1] o.a.n.c.c.h.AbstractHeartbeatMonitor Finished processing 1 heartbeats in 16647 nanos
2024-10-21 08:41:10,659 INFO [Process Cluster Protocol Request-6] o.a.n.c.p.impl.SocketProtocolListener Finished processing request 9becd6a9-b7e4-4e8c-a3c4-a9cbe639a1d8 (type=HEARTBEAT, length=2235 bytes) from mynifi:8080 in 2 millis
2024-10-21 08:41:10,662 INFO [Clustering Tasks Thread-2] o.a.n.c.c.ClusterProtocolHeartbeater Heartbeat created at 2024-10-21 08:41:10,653 and sent to mynifi:8082 at 2024-10-21 08:41:10,662; send took 8 millis
2024-10-21 08:41:12,804 INFO [Heartbeat Monitor Thread-1] o.a.n.c.c.h.AbstractHeartbeatMonitor Finished processing 1 heartbeats in 27302 nanos
2024-10-21 08:41:14,510 INFO [pool-13-thread-1] o.a.n.c.r.WriteAheadFlowFileRepository Initiating checkpoint of FlowFile Repository
2024-10-21 08:41:14,510 INFO [pool-13-thread-1] o.a.n.c.r.WriteAheadFlowFileRepository Successfully checkpointed FlowFile Repository with 0 records in 0 milliseconds
2024-10-21 08:41:15,668 INFO [Process Cluster Protocol Request-7] o.a.n.c.p.impl.SocketProtocolListener Finished processing request af157e6e-cf27-48c7-9e05-df46a204e006 (type=HEARTBEAT, length=2235 bytes) from mynifi:8080 in 2 millis
2024-10-21 08:41:15,671 INFO [Clustering Tasks Thread-2] o.a.n.c.c.ClusterProtocolHeartbeater Heartbeat created at 2024-10-21 08:41:15,662 and sent to mynifi:8082 at 2024-10-21 08:41:15,671; send took 7 millis
2024-10-21 08:41:17,805 INFO [Heartbeat Monitor Thread-1] o.a.n.c.c.h.AbstractHeartbeatMonitor Finished processing 1 heartbeats in 8696 nanos
2024-10-21 08:41:20,677 INFO [Process Cluster Protocol Request-8] o.a.n.c.p.impl.SocketProtocolListener Finished processing request 5d4d4468-04d7-4770-9088-35af3235073e (type=HEARTBEAT, length=2235 bytes) from mynifi:8080 in 2 millis
2024-10-21 08:41:20,679 INFO [Clustering Tasks Thread-2] o.a.n.c.c.ClusterProtocolHeartbeater Heartbeat created at 2024-10-21 08:41:20,671 and sent to mynifi:8082 at 2024-10-21 08:41:20,679; send took 8 millis
2024-10-21 08:41:22,805 INFO [Heartbeat Monitor Thread-1] o.a.n.c.c.h.AbstractHeartbeatMonitor Finished processing 1 heartbeats in 16024 nanos
2024-10-21 08:41:25,686 INFO [Process Cluster Protocol Request-9] o.a.n.c.p.impl.SocketProtocolListener Finished processing request 9ae54e72-43c5-4717-9c89-12200709b35c (type=HEARTBEAT, length=2235 bytes) from mynifi:8080 in 2 millis
2024-10-21 08:41:25,688 INFO [Clustering Tasks Thread-2] o.a.n.c.c.ClusterProtocolHeartbeater Heartbeat created at 2024-10-21 08:41:25,680 and sent to mynifi:8082 at 2024-10-21 08:41:25,688; send took 8 millis
2024-10-21 08:41:27,805 INFO [Heartbeat Monitor Thread-1] o.a.n.c.c.h.AbstractHeartbeatMonitor Finished processing 1 heartbeats in 8735 nanos
2024-10-21 08:41:30,691 INFO [Process Cluster Protocol Request-10] o.a.n.c.p.impl.SocketProtocolListener Finished processing request 170b8d05-87b6-4dce-a2ab-a74019373694 (type=HEARTBEAT, length=2235 bytes) from mynifi:8080 in 990979 nanos
2024-10-21 08:41:30,692 INFO [Clustering Tasks Thread-2] o.a.n.c.c.ClusterProtocolHeartbeater Heartbeat created at 2024-10-21 08:41:30,688 and sent to mynifi:8082 at 2024-10-21 08:41:30,692; send took 3 millis
2024-10-21 08:41:32,805 INFO [Heartbeat Monitor Thread-1] o.a.n.c.c.h.AbstractHeartbeatMonitor Finished processing 1 heartbeats in 15088 nanos
2024-10-21 08:41:34,511 INFO [pool-13-thread-1] o.a.n.c.r.WriteAheadFlowFileRepository Initiating checkpoint of FlowFile Repository
2024-10-21 08:41:34,511 INFO [pool-13-thread-1] o.a.n.c.r.WriteAheadFlowFileRepository Successfully checkpointed FlowFile Repository with 0 records in 0 milliseconds
2024-10-21 08:41:35,695 INFO [Process Cluster Protocol Request-1] o.a.n.c.p.impl.SocketProtocolListener Finished processing request cee19dd2-7b57-407d-9757-8c25d0d26374 (type=HEARTBEAT, length=2235 bytes) from mynifi:8080 in 1 millis
2024-10-21 08:41:35,696 INFO [Clustering Tasks Thread-2] o.a.n.c.c.ClusterProtocolHeartbeater Heartbeat created at 2024-10-21 08:41:35,692 and sent to mynifi:8082 at 2024-10-21 08:41:35,696; send took 3 millis
2024-10-21 08:41:37,806 INFO [Heartbeat Monitor Thread-1] o.a.n.c.c.h.AbstractHeartbeatMonitor Finished processing 1 heartbeats in 16139 nanos
